item_id,clip,filename,source_audio,begin_s,end_s,begin_time_s,end_time_s,window_start_s,duration_s,expected_mat_name,mat_path,source_dataset,source_row_id,source_provider,source_dataset_raw,source_soundfile,source_class_species,source_label_ids,canonical_label_ids,canonical_species,canonical_call_type,analysis_label_ids,dclde_ecotype,dclde_annotation_level,dclde_kw,dclde_kw_certain,low_frequency_hz,high_frequency_hz,gcs_object,gcs_uri,https_url,is_background,review_status,species,species_code,call_type,call_type_std,call_type_raw,event_group,labels_json,label_ids
dclde_DFO_CRP_NorthBc__DFOCRP.KkHK0R2F-NML1.SM2M-3.20131011_000600Z.flac_251.4s_251.7s_trainstyle,dclde_DFO_CRP_NorthBc__DFOCRP.KkHK0R2F-NML1.SM2M-3.20131011_000600Z.flac,DFOCRP.KkHK0R2F-NML1.SM2M-3.20131011_000600Z.flac,DFOCRP.KkHK0R2F-NML1.SM2M-3.20131011_000600Z.flac,251.439000,251.695000,251.439000,251.695000,251.439000,0.256000,dclde_DFO_CRP_NorthBc__DFOCRP.KkHK0R2F-NML1.SM2M-3.20131011_000600Z.flac_251.4s_251.7s_trainstyle.mat,mat_files/dclde_DFO_CRP_NorthBc__DFOCRP.KkHK0R2F-NML1.SM2M-3.20131011_000600Z.flac_251.4s_251.7s_trainstyle.mat,dclde_2027_DFO_CRP_NorthBc,1,DFO_CRP,NorthBc,DFOCRP.KkHK0R2F-NML1.SM2M-3.20131011_000600Z.flac,AB,confounder:abiotic,,,,confounder:abiotic,NA,Detection,0,NA,1062.5,1187.5,dclde/2027/dclde_2027_killer_whales/dfo_crp/audio/northbc/DFOCRP.KkHK0R2F-NML1.SM2M-3.20131011_000600Z.flac,gs://noaa-passive-bioacoustic/dclde/2027/dclde_2027_killer_whales/dfo_crp/audio/northbc/DFOCRP.KkHK0R2F-NML1.SM2M-3.20131011_000600Z.flac,https://storage.googleapis.com/noaa-passive-bioacoustic/dclde/2027/dclde_2027_killer_whales/dfo_crp/audio/northbc/DFOCRP.KkHK0R2F-NML1.SM2M-3.20131011_000600Z.flac,1,reviewed_confounder,,,,,,DFO_CRP:NorthBc:DFOCRP.KkHK0R2F-NML1.SM2M-3.20131011_000600Z.flac,[],
dclde_DFO_CRP_WVanIsl__DFOCRP.H50bjRcb-WCV1.AURAL117LF.20110519_003000Z.flac_188.3s_188.6s_trainstyle,dclde_DFO_CRP_WVanIsl__DFOCRP.H50bjRcb-WCV1.AURAL117LF.20110519_003000Z.flac,DFOCRP.H50bjRcb-WCV1.AURAL117LF.20110519_003000Z.flac,DFOCRP.H50bjRcb-WCV1.AURAL117LF.20110519_003000Z.flac,188.343000,188.624000,188.343000,188.624000,188.343000,0.281000,dclde_DFO_CRP_WVanIsl__DFOCRP.H50bjRcb-WCV1.AURAL117LF.20110519_003000Z.flac_188.3s_188.6s_trainstyle.mat,mat_files/dclde_DFO_CRP_WVanIsl__DFOCRP.H50bjRcb-WCV1.AURAL117LF.20110519_003000Z.flac_188.3s_188.6s_trainstyle.mat,dclde_2027_DFO_CRP_WVanIsl,44819,DFO_CRP,WVanIsl,DFOCRP.H50bjRcb-WCV1.AURAL117LF.20110519_003000Z.flac,AB,confounder:abiotic,,,,confounder:abiotic,NA,Detection,0,NA,1856,2048,dclde/2027/dclde_2027_killer_whales/dfo_crp/audio/wvanisl/DFOCRP.H50bjRcb-WCV1.AURAL117LF.20110519_003000Z.flac,gs://noaa-passive-bioacoustic/dclde/2027/dclde_2027_killer_whales/dfo_crp/audio/wvanisl/DFOCRP.H50bjRcb-WCV1.AURAL117LF.20110519_003000Z.flac,https://storage.googleapis.com/noaa-passive-bioacoustic/dclde/2027/dclde_2027_killer_whales/dfo_crp/audio/wvanisl/DFOCRP.H50bjRcb-WCV1.AURAL117LF.20110519_003000Z.flac,1,reviewed_confounder,,,,,,DFO_CRP:WVanIsl:DFOCRP.H50bjRcb-WCV1.AURAL117LF.20110519_003000Z.flac,[],
dclde_DFO_WDLP_CarmanahPt__ST6249.220308201042.wav_50.9s_51.3s_trainstyle,dclde_DFO_WDLP_CarmanahPt__ST6249.220308201042.wav,ST6249.220308201042.wav,ST6249.220308201042.wav,50.922000,51.327000,50.922000,51.327000,50.922000,0.405000,dclde_DFO_WDLP_CarmanahPt__ST6249.220308201042.wav_50.9s_51.3s_trainstyle.mat,mat_files/dclde_DFO_WDLP_CarmanahPt__ST6249.220308201042.wav_50.9s_51.3s_trainstyle.mat,dclde_2027_DFO_WDLP_CarmanahPt,159050,DFO_WDLP,CarmanahPt,ST6249.220308201042.wav,AB,confounder:abiotic,,,,confounder:abiotic,NA,Detection,0,NA,187,257,dclde/2027/dclde_2027_killer_whales/dfo_wdlp/audio/carmanahpt/ST6249.220308201042.wav,gs://noaa-passive-bioacoustic/dclde/2027/dclde_2027_killer_whales/dfo_wdlp/audio/carmanahpt/ST6249.220308201042.wav,https://storage.googleapis.com/noaa-passive-bioacoustic/dclde/2027/dclde_2027_killer_whales/dfo_wdlp/audio/carmanahpt/ST6249.220308201042.wav,1,reviewed_confounder,,,,,,DFO_WDLP:CarmanahPt:ST6249.220308201042.wav,[],
dclde_DFO_WDLP_StrGeoN1__AMAR610.20210905T141735Z.wav_120.1s_120.6s_trainstyle,dclde_DFO_WDLP_StrGeoN1__AMAR610.20210905T141735Z.wav,AMAR610.20210905T141735Z.wav,AMAR610.20210905T141735Z.wav,120.085000,120.618000,120.085000,120.618000,120.085000,0.533000,dclde_DFO_WDLP_StrGeoN1__AMAR610.20210905T141735Z.wav_120.1s_120.6s_trainstyle.mat,mat_files/dclde_DFO_WDLP_StrGeoN1__AMAR610.20210905T141735Z.wav_120.1s_120.6s_trainstyle.mat,dclde_2027_DFO_WDLP_StrGeoN1,161178,DFO_WDLP,StrGeoN1,AMAR610.20210905T141735Z.wav,AB,confounder:abiotic,,,,confounder:abiotic,NA,Detection,0,NA,7007,7359,dclde/2027/dclde_2027_killer_whales/dfo_wdlp/audio/strgeon1/AMAR610.20210905T141735Z.wav,gs://noaa-passive-bioacoustic/dclde/2027/dclde_2027_killer_whales/dfo_wdlp/audio/strgeon1/AMAR610.20210905T141735Z.wav,https://storage.googleapis.com/noaa-passive-bioacoustic/dclde/2027/dclde_2027_killer_whales/dfo_wdlp/audio/strgeon1/AMAR610.20210905T141735Z.wav,1,reviewed_confounder,,,,,,DFO_WDLP:StrGeoN1:AMAR610.20210905T141735Z.wav,[],
dclde_DFO_WDLP_StrGeoN2__AMAR617.20211128T075245Z.wav_187.0s_187.3s_trainstyle,dclde_DFO_WDLP_StrGeoN2__AMAR617.20211128T075245Z.wav,AMAR617.20211128T075245Z.wav,AMAR617.20211128T075245Z.wav,187.006000,187.347000,187.006000,187.347000,187.006000,0.341000,dclde_DFO_WDLP_StrGeoN2__AMAR617.20211128T075245Z.wav_187.0s_187.3s_trainstyle.mat,mat_files/dclde_DFO_WDLP_StrGeoN2__AMAR617.20211128T075245Z.wav_187.0s_187.3s_trainstyle.mat,dclde_2027_DFO_WDLP_StrGeoN2,162886,DFO_WDLP,StrGeoN2,AMAR617.20211128T075245Z.wav,AB,confounder:abiotic,,,,confounder:abiotic,NA,Detection,0,NA,304,445,dclde/2027/dclde_2027_killer_whales/dfo_wdlp/audio/strgeon2/AMAR617.20211128T075245Z.wav,gs://noaa-passive-bioacoustic/dclde/2027/dclde_2027_killer_whales/dfo_wdlp/audio/strgeon2/AMAR617.20211128T075245Z.wav,https://storage.googleapis.com/noaa-passive-bioacoustic/dclde/2027/dclde_2027_killer_whales/dfo_wdlp/audio/strgeon2/AMAR617.20211128T075245Z.wav,1,reviewed_confounder,,,,,,DFO_WDLP:StrGeoN2:AMAR617.20211128T075245Z.wav,[],
dclde_DFO_WDLP_StrGeoS1__AMAR607.20211111T225218Z.wav_21.9s_22.4s_trainstyle,dclde_DFO_WDLP_StrGeoS1__AMAR607.20211111T225218Z.wav,AMAR607.20211111T225218Z.wav,AMAR607.20211111T225218Z.wav,21.866000,22.378000,21.866000,22.378000,21.866000,0.512000,dclde_DFO_WDLP_StrGeoS1__AMAR607.20211111T225218Z.wav_21.9s_22.4s_trainstyle.mat,mat_files/dclde_DFO_WDLP_StrGeoS1__AMAR607.20211111T225218Z.wav_21.9s_22.4s_trainstyle.mat,dclde_2027_DFO_WDLP_StrGeoS1,163194,DFO_WDLP,StrGeoS1,AMAR607.20211111T225218Z.wav,AB,confounder:abiotic,,,,confounder:abiotic,NA,Detection,0,NA,1007,1125,dclde/2027/dclde_2027_killer_whales/dfo_wdlp/audio/strgeos1/AMAR607.20211111T225218Z.wav,gs://noaa-passive-bioacoustic/dclde/2027/dclde_2027_killer_whales/dfo_wdlp/audio/strgeos1/AMAR607.20211111T225218Z.wav,https://storage.googleapis.com/noaa-passive-bioacoustic/dclde/2027/dclde_2027_killer_whales/dfo_wdlp/audio/strgeos1/AMAR607.20211111T225218Z.wav,1,reviewed_confounder,,,,,,DFO_WDLP:StrGeoS1:AMAR607.20211111T225218Z.wav,[],
dclde_DFO_WDLP_StrGeoS2__AMAR779.20210904T190752Z.wav_102.0s_102.4s_trainstyle,dclde_DFO_WDLP_StrGeoS2__AMAR779.20210904T190752Z.wav,AMAR779.20210904T190752Z.wav,AMAR779.20210904T190752Z.wav,102.014000,102.440000,102.014000,102.440000,102.014000,0.426000,dclde_DFO_WDLP_StrGeoS2__AMAR779.20210904T190752Z.wav_102.0s_102.4s_trainstyle.mat,mat_files/dclde_DFO_WDLP_StrGeoS2__AMAR779.20210904T190752Z.wav_102.0s_102.4s_trainstyle.mat,dclde_2027_DFO_WDLP_StrGeoS2,163566,DFO_WDLP,StrGeoS2,AMAR779.20210904T190752Z.wav,AB,confounder:abiotic,,,,confounder:abiotic,NA,Detection,0,NA,2929,3000,dclde/2027/dclde_2027_killer_whales/dfo_wdlp/audio/strgeos2/AMAR779.20210904T190752Z.wav,gs://noaa-passive-bioacoustic/dclde/2027/dclde_2027_killer_whales/dfo_wdlp/audio/strgeos2/AMAR779.20210904T190752Z.wav,https://storage.googleapis.com/noaa-passive-bioacoustic/dclde/2027/dclde_2027_killer_whales/dfo_wdlp/audio/strgeos2/AMAR779.20210904T190752Z.wav,1,reviewed_confounder,,,,,,DFO_WDLP:StrGeoS2:AMAR779.20210904T190752Z.wav,[],
dclde_DFO_WDLP_SwanChan__AMAR777.20211116T172347Z.wav_231.3s_231.7s_trainstyle,dclde_DFO_WDLP_SwanChan__AMAR777.20211116T172347Z.wav,AMAR777.20211116T172347Z.wav,AMAR777.20211116T172347Z.wav,231.337000,231.699000,231.337000,231.699000,231.337000,0.362000,dclde_DFO_WDLP_SwanChan__AMAR777.20211116T172347Z.wav_231.3s_231.7s_trainstyle.mat,mat_files/dclde_DFO_WDLP_SwanChan__AMAR777.20211116T172347Z.wav_231.3s_231.7s_trainstyle.mat,dclde_2027_DFO_WDLP_SwanChan,165714,DFO_WDLP,SwanChan,AMAR777.20211116T172347Z.wav,AB,confounder:abiotic,,,,confounder:abiotic,NA,Detection,0,NA,4945,5015,dclde/2027/dclde_2027_killer_whales/dfo_wdlp/audio/swanchan/AMAR777.20211116T172347Z.wav,gs://noaa-passive-bioacoustic/dclde/2027/dclde_2027_killer_whales/dfo_wdlp/audio/swanchan/AMAR777.20211116T172347Z.wav,https://storage.googleapis.com/noaa-passive-bioacoustic/dclde/2027/dclde_2027_killer_whales/dfo_wdlp/audio/swanchan/AMAR777.20211116T172347Z.wav,1,reviewed_confounder,,,,,,DFO_WDLP:SwanChan:AMAR777.20211116T172347Z.wav,[],
dclde_JASCO_VFPA_ONC_StraitofGeorgia__JASCOAMARHYDROPHONE2402_20150929T075616.320Z.wav_230.3s_241.0s_trainstyle,dclde_JASCO_VFPA_ONC_StraitofGeorgia__JASCOAMARHYDROPHONE2402_20150929T075616.320Z.wav,JASCOAMARHYDROPHONE2402_20150929T075616.320Z.wav,JASCOAMARHYDROPHONE2402_20150929T075616.320Z.wav,230.310000,240.975000,230.310000,240.975000,230.310000,10.665000,dclde_JASCO_VFPA_ONC_StraitofGeorgia__JASCOAMARHYDROPHONE2402_20150929T075616.320Z.wav_230.3s_241.0s_trainstyle.mat,mat_files/dclde_JASCO_VFPA_ONC_StraitofGeorgia__JASCOAMARHYDROPHONE2402_20150929T075616.320Z.wav_230.3s_241.0s_trainstyle.mat,dclde_2027_JASCO_VFPA_ONC_StraitofGeorgia,193844,JASCO_VFPA_ONC,StraitofGeorgia,JASCOAMARHYDROPHONE2402_20150929T075616.320Z.wav,AB,confounder:abiotic,,,,confounder:abiotic,NA,Call,0,NA,431.1,32000,dclde/2027/dclde_2027_killer_whales/vfpa/audio/straitofgeorgia/JASCOAMARHYDROPHONE2402_20150929T075616.320Z.wav,gs://noaa-passive-bioacoustic/dclde/2027/dclde_2027_killer_whales/vfpa/audio/straitofgeorgia/JASCOAMARHYDROPHONE2402_20150929T075616.320Z.wav,https://storage.googleapis.com/noaa-passive-bioacoustic/dclde/2027/dclde_2027_killer_whales/vfpa/audio/straitofgeorgia/JASCOAMARHYDROPHONE2402_20150929T075616.320Z.wav,1,reviewed_confounder,,,,,,JASCO_VFPA_ONC:StraitofGeorgia:JASCOAMARHYDROPHONE2402_20150929T075616.320Z.wav,[],
dclde_JASCO_VFPA_BoundaryPass__AMAR418.1.20180902T143639Z.wav_340.6s_343.0s_trainstyle,dclde_JASCO_VFPA_BoundaryPass__AMAR418.1.20180902T143639Z.wav,AMAR418.1.20180902T143639Z.wav,AMAR418.1.20180902T143639Z.wav,340.636000,342.951000,340.636000,342.951000,340.636000,2.315000,dclde_JASCO_VFPA_BoundaryPass__AMAR418.1.20180902T143639Z.wav_340.6s_343.0s_trainstyle.mat,mat_files/dclde_JASCO_VFPA_BoundaryPass__AMAR418.1.20180902T143639Z.wav_340.6s_343.0s_trainstyle.mat,dclde_2027_JASCO_VFPA_BoundaryPass,181248,JASCO_VFPA,BoundaryPass,AMAR418.1.20180902T143639Z.wav,AB,confounder:abiotic,,,,confounder:abiotic,NA,Call,0,NA,147.5,13000.8,dclde/2027/dclde_2027_killer_whales/vfpa/audio/boundarypass/AMAR418.1.20180902T143639Z.wav,gs://noaa-passive-bioacoustic/dclde/2027/dclde_2027_killer_whales/vfpa/audio/boundarypass/AMAR418.1.20180902T143639Z.wav,https://storage.googleapis.com/noaa-passive-bioacoustic/dclde/2027/dclde_2027_killer_whales/vfpa/audio/boundarypass/AMAR418.1.20180902T143639Z.wav,1,reviewed_confounder,,,,,,JASCO_VFPA:BoundaryPass:AMAR418.1.20180902T143639Z.wav,[],
dclde_JASCO_VFPA_HaroStraitNorth__AMAR418.1.20170708T073001Z.wav_834.5s_835.0s_trainstyle,dclde_JASCO_VFPA_HaroStraitNorth__AMAR418.1.20170708T073001Z.wav,AMAR418.1.20170708T073001Z.wav,AMAR418.1.20170708T073001Z.wav,834.500000,835.000000,834.500000,835.000000,834.500000,0.500000,dclde_JASCO_VFPA_HaroStraitNorth__AMAR418.1.20170708T073001Z.wav_834.5s_835.0s_trainstyle.mat,mat_files/dclde_JASCO_VFPA_HaroStraitNorth__AMAR418.1.20170708T073001Z.wav_834.5s_835.0s_trainstyle.mat,dclde_2027_JASCO_VFPA_HaroStraitNorth,183221,JASCO_VFPA,HaroStraitNorth,AMAR418.1.20170708T073001Z.wav,AB,confounder:abiotic,,,,confounder:abiotic,NA,Call,0,NA,2532.94,3185.94,dclde/2027/dclde_2027_killer_whales/vfpa/audio/harostraitnorth/AMAR418.1.20170708T073001Z.wav,gs://noaa-passive-bioacoustic/dclde/2027/dclde_2027_killer_whales/vfpa/audio/harostraitnorth/AMAR418.1.20170708T073001Z.wav,https://storage.googleapis.com/noaa-passive-bioacoustic/dclde/2027/dclde_2027_killer_whales/vfpa/audio/harostraitnorth/AMAR418.1.20170708T073001Z.wav,1,reviewed_confounder,,,,,,JASCO_VFPA:HaroStraitNorth:AMAR418.1.20170708T073001Z.wav,[],
dclde_JASCO_VFPA_HaroStraitSouth__AMAR395.1.20170708T073001Z.wav_461.7s_462.3s_trainstyle,dclde_JASCO_VFPA_HaroStraitSouth__AMAR395.1.20170708T073001Z.wav,AMAR395.1.20170708T073001Z.wav,AMAR395.1.20170708T073001Z.wav,461.740000,462.280000,461.740000,462.280000,461.740000,0.540000,dclde_JASCO_VFPA_HaroStraitSouth__AMAR395.1.20170708T073001Z.wav_461.7s_462.3s_trainstyle.mat,mat_files/dclde_JASCO_VFPA_HaroStraitSouth__AMAR395.1.20170708T073001Z.wav_461.7s_462.3s_trainstyle.mat,dclde_2027_JASCO_VFPA_HaroStraitSouth,188547,JASCO_VFPA,HaroStraitSouth,AMAR395.1.20170708T073001Z.wav,AB,confounder:abiotic,,,,confounder:abiotic,NA,Call,0,NA,613.72,2373.72,dclde/2027/dclde_2027_killer_whales/vfpa/audio/harostraitsouth/AMAR395.1.20170708T073001Z.wav,gs://noaa-passive-bioacoustic/dclde/2027/dclde_2027_killer_whales/vfpa/audio/harostraitsouth/AMAR395.1.20170708T073001Z.wav,https://storage.googleapis.com/noaa-passive-bioacoustic/dclde/2027/dclde_2027_killer_whales/vfpa/audio/harostraitsouth/AMAR395.1.20170708T073001Z.wav,1,reviewed_confounder,,,,,,JASCO_VFPA:HaroStraitSouth:AMAR395.1.20170708T073001Z.wav,[],
dclde_OrcaSound_bush_point__rpi-bush-point_2020_09_27_23_16_00.wav_0.0s_2.5s_trainstyle,dclde_OrcaSound_bush_point__rpi-bush-point_2020_09_27_23_16_00.wav,rpi-bush-point_2020_09_27_23_16_00.wav,rpi-bush-point_2020_09_27_23_16_00.wav,0.000000,2.450000,0.000000,2.450000,0.000000,2.450000,dclde_OrcaSound_bush_point__rpi-bush-point_2020_09_27_23_16_00.wav_0.0s_2.5s_trainstyle.mat,mat_files/dclde_OrcaSound_bush_point__rpi-bush-point_2020_09_27_23_16_00.wav_0.0s_2.5s_trainstyle.mat,dclde_2027_OrcaSound_bush_point,171413,OrcaSound,bush_point,rpi-bush-point_2020_09_27_23_16_00.wav,AB,confounder:abiotic,,,,confounder:abiotic,NA,File,0,NA,NA,NA,dclde/2027/dclde_2027_killer_whales/orcasound/audio/bushpoint/rpi-bush-point_2020_09_27_23_16_00.wav,gs://noaa-passive-bioacoustic/dclde/2027/dclde_2027_killer_whales/orcasound/audio/bushpoint/rpi-bush-point_2020_09_27_23_16_00.wav,https://storage.googleapis.com/noaa-passive-bioacoustic/dclde/2027/dclde_2027_killer_whales/orcasound/audio/bushpoint/rpi-bush-point_2020_09_27_23_16_00.wav,1,reviewed_confounder,,,,,,OrcaSound:bush_point:rpi-bush-point_2020_09_27_23_16_00.wav,[],
dclde_OrcaSound_orcasound_lab__1562337136_0005.wav_0.0s_1.1s_trainstyle,dclde_OrcaSound_orcasound_lab__1562337136_0005.wav,1562337136_0005.wav,1562337136_0005.wav,0.000000,1.121445,0.000000,1.121445,0.000000,1.121445,dclde_OrcaSound_orcasound_lab__1562337136_0005.wav_0.0s_1.1s_trainstyle.mat,mat_files/dclde_OrcaSound_orcasound_lab__1562337136_0005.wav_0.0s_1.1s_trainstyle.mat,dclde_2027_OrcaSound_orcasound_lab,169283,OrcaSound,orcasound_lab,1562337136_0005.wav,AB,confounder:abiotic,,,,confounder:abiotic,NA,File,0,NA,NA,NA,dclde/2027/dclde_2027_killer_whales/orcasound/audio/orcasoundlab/1562337136_0005.wav,gs://noaa-passive-bioacoustic/dclde/2027/dclde_2027_killer_whales/orcasound/audio/orcasoundlab/1562337136_0005.wav,https://storage.googleapis.com/noaa-passive-bioacoustic/dclde/2027/dclde_2027_killer_whales/orcasound/audio/orcasoundlab/1562337136_0005.wav,1,reviewed_confounder,,,,,,OrcaSound:orcasound_lab:1562337136_0005.wav,[],
dclde_OrcaSound_port_townsend__rpi-port-townsend_2020_09_29_19_12_00.wav_0.0s_2.5s_trainstyle,dclde_OrcaSound_port_townsend__rpi-port-townsend_2020_09_29_19_12_00.wav,rpi-port-townsend_2020_09_29_19_12_00.wav,rpi-port-townsend_2020_09_29_19_12_00.wav,0.000000,2.450000,0.000000,2.450000,0.000000,2.450000,dclde_OrcaSound_port_townsend__rpi-port-townsend_2020_09_29_19_12_00.wav_0.0s_2.5s_trainstyle.mat,mat_files/dclde_OrcaSound_port_townsend__rpi-port-townsend_2020_09_29_19_12_00.wav_0.0s_2.5s_trainstyle.mat,dclde_2027_OrcaSound_port_townsend,170792,OrcaSound,port_townsend,rpi-port-townsend_2020_09_29_19_12_00.wav,AB,confounder:abiotic,,,,confounder:abiotic,NA,File,0,NA,NA,NA,dclde/2027/dclde_2027_killer_whales/orcasound/audio/porttownsend/rpi-port-townsend_2020_09_29_19_12_00.wav,gs://noaa-passive-bioacoustic/dclde/2027/dclde_2027_killer_whales/orcasound/audio/porttownsend/rpi-port-townsend_2020_09_29_19_12_00.wav,https://storage.googleapis.com/noaa-passive-bioacoustic/dclde/2027/dclde_2027_killer_whales/orcasound/audio/porttownsend/rpi-port-townsend_2020_09_29_19_12_00.wav,1,reviewed_confounder,,,,,,OrcaSound:port_townsend:rpi-port-townsend_2020_09_29_19_12_00.wav,[],
dclde_SIMRES_Tekteksen__ICLISTENHF6156_20220624T164000.000Z_20220624T164459.996Z.flac_0.0s_5.0s_trainstyle,dclde_SIMRES_Tekteksen__ICLISTENHF6156_20220624T164000.000Z_20220624T164459.996Z.flac,ICLISTENHF6156_20220624T164000.000Z_20220624T164459.996Z.flac,ICLISTENHF6156_20220624T164000.000Z_20220624T164459.996Z.flac,0.000000,5.005900,0.000000,5.005900,0.000000,5.005900,dclde_SIMRES_Tekteksen__ICLISTENHF6156_20220624T164000.000Z_20220624T164459.996Z.flac_0.0s_5.0s_trainstyle.mat,mat_files/dclde_SIMRES_Tekteksen__ICLISTENHF6156_20220624T164000.000Z_20220624T164459.996Z.flac_0.0s_5.0s_trainstyle.mat,dclde_2027_SIMRES_Tekteksen,177182,SIMRES,Tekteksen,ICLISTENHF6156_20220624T164000.000Z_20220624T164459.996Z.flac,AB,confounder:abiotic,,,,confounder:abiotic,NA,Call,0,NA,0,0,dclde/2027/dclde_2027_killer_whales/simres/audio/tekteksen/ICLISTENHF6156_20220624T164000.000Z_20220624T164459.996Z.flac,gs://noaa-passive-bioacoustic/dclde/2027/dclde_2027_killer_whales/simres/audio/tekteksen/ICLISTENHF6156_20220624T164000.000Z_20220624T164459.996Z.flac,https://storage.googleapis.com/noaa-passive-bioacoustic/dclde/2027/dclde_2027_killer_whales/simres/audio/tekteksen/ICLISTENHF6156_20220624T164000.000Z_20220624T164459.996Z.flac,1,reviewed_confounder,,,,,,SIMRES:Tekteksen:ICLISTENHF6156_20220624T164000.000Z_20220624T164459.996Z.flac,[],
dclde_SIO_Cpe_Elz__OCNMS13CE_110528_023827_BCTransients.wav_166.5s_173.1s_trainstyle,dclde_SIO_Cpe_Elz__OCNMS13CE_110528_023827_BCTransients.wav,OCNMS13CE_110528_023827_BCTransients.wav,OCNMS13CE_110528_023827_BCTransients.wav,166.489805,173.073963,166.489805,173.073963,166.489805,6.584158,dclde_SIO_Cpe_Elz__OCNMS13CE_110528_023827_BCTransients.wav_166.5s_173.1s_trainstyle.mat,mat_files/dclde_SIO_Cpe_Elz__OCNMS13CE_110528_023827_BCTransients.wav_166.5s_173.1s_trainstyle.mat,dclde_2027_SIO_Cpe_Elz,174396,SIO,Cpe_Elz,OCNMS13CE_110528_023827_BCTransients.wav,AB,confounder:abiotic,,,,confounder:abiotic,NA,Call,0,NA,0,0,dclde/2027/dclde_2027_killer_whales/scripps/audio/cpeelz/OCNMS13CE_110528_023827_BCTransients.wav,gs://noaa-passive-bioacoustic/dclde/2027/dclde_2027_killer_whales/scripps/audio/cpeelz/OCNMS13CE_110528_023827_BCTransients.wav,https://storage.googleapis.com/noaa-passive-bioacoustic/dclde/2027/dclde_2027_killer_whales/scripps/audio/cpeelz/OCNMS13CE_110528_023827_BCTransients.wav,1,reviewed_confounder,,,,,,SIO:Cpe_Elz:OCNMS13CE_110528_023827_BCTransients.wav,[],
dclde_SIO_Quin_Can__OCNMS12QC_110210_114037_Offshores.wav_260.4s_268.0s_trainstyle,dclde_SIO_Quin_Can__OCNMS12QC_110210_114037_Offshores.wav,OCNMS12QC_110210_114037_Offshores.wav,OCNMS12QC_110210_114037_Offshores.wav,260.395995,268.019757,260.395995,268.019757,260.395995,7.623762,dclde_SIO_Quin_Can__OCNMS12QC_110210_114037_Offshores.wav_260.4s_268.0s_trainstyle.mat,mat_files/dclde_SIO_Quin_Can__OCNMS12QC_110210_114037_Offshores.wav_260.4s_268.0s_trainstyle.mat,dclde_2027_SIO_Quin_Can,176549,SIO,Quin_Can,OCNMS12QC_110210_114037_Offshores.wav,AB,confounder:abiotic,,,,confounder:abiotic,NA,Call,0,NA,0,0,dclde/2027/dclde_2027_killer_whales/scripps/audio/quincan/OCNMS12QC_110210_114037_Offshores.wav,gs://noaa-passive-bioacoustic/dclde/2027/dclde_2027_killer_whales/scripps/audio/quincan/OCNMS12QC_110210_114037_Offshores.wav,https://storage.googleapis.com/noaa-passive-bioacoustic/dclde/2027/dclde_2027_killer_whales/scripps/audio/quincan/OCNMS12QC_110210_114037_Offshores.wav,1,reviewed_confounder,,,,,,SIO:Quin_Can:OCNMS12QC_110210_114037_Offshores.wav,[],
dclde_SMRUConsulting_LimeKiln__LK_20161106_034800_000.wav_3.1s_3.4s_trainstyle,dclde_SMRUConsulting_LimeKiln__LK_20161106_034800_000.wav,LK_20161106_034800_000.wav,LK_20161106_034800_000.wav,3.058000,3.398000,3.058000,3.398000,3.058000,0.340000,dclde_SMRUConsulting_LimeKiln__LK_20161106_034800_000.wav_3.1s_3.4s_trainstyle.mat,mat_files/dclde_SMRUConsulting_LimeKiln__LK_20161106_034800_000.wav_3.1s_3.4s_trainstyle.mat,dclde_2027_SMRUConsulting_LimeKiln,195795,SMRUConsulting,LimeKiln,LK_20161106_034800_000.wav,AB,confounder:abiotic,,,,confounder:abiotic,NA,Call,0,NA,2041.8,9701.16,dclde/2027/dclde_2027_killer_whales/smru/audio/limekiln/LK_20161106_034800_000.wav,gs://noaa-passive-bioacoustic/dclde/2027/dclde_2027_killer_whales/smru/audio/limekiln/LK_20161106_034800_000.wav,https://storage.googleapis.com/noaa-passive-bioacoustic/dclde/2027/dclde_2027_killer_whales/smru/audio/limekiln/LK_20161106_034800_000.wav,1,reviewed_confounder,,,,,,SMRUConsulting:LimeKiln:LK_20161106_034800_000.wav,[],
dclde_DFO_CRP_NorthBc__DFOCRP.KkHK0R2F-NML1.SM2M-3.20131013_143600Z.flac_158.4s_158.7s_trainstyle,dclde_DFO_CRP_NorthBc__DFOCRP.KkHK0R2F-NML1.SM2M-3.20131013_143600Z.flac,DFOCRP.KkHK0R2F-NML1.SM2M-3.20131013_143600Z.flac,DFOCRP.KkHK0R2F-NML1.SM2M-3.20131013_143600Z.flac,158.384000,158.688000,158.384000,158.688000,158.384000,0.304000,dclde_DFO_CRP_NorthBc__DFOCRP.KkHK0R2F-NML1.SM2M-3.20131013_143600Z.flac_158.4s_158.7s_trainstyle.mat,mat_files/dclde_DFO_CRP_NorthBc__DFOCRP.KkHK0R2F-NML1.SM2M-3.20131013_143600Z.flac_158.4s_158.7s_trainstyle.mat,dclde_2027_DFO_CRP_NorthBc,1512,DFO_CRP,NorthBc,DFOCRP.KkHK0R2F-NML1.SM2M-3.20131013_143600Z.flac,UndBio,confounder:undetermined_biological,,,,confounder:undetermined_biological,NA,Detection,0,NA,2062.5,2718.75,dclde/2027/dclde_2027_killer_whales/dfo_crp/audio/northbc/DFOCRP.KkHK0R2F-NML1.SM2M-3.20131013_143600Z.flac,gs://noaa-passive-bioacoustic/dclde/2027/dclde_2027_killer_whales/dfo_crp/audio/northbc/DFOCRP.KkHK0R2F-NML1.SM2M-3.20131013_143600Z.flac,https://storage.googleapis.com/noaa-passive-bioacoustic/dclde/2027/dclde_2027_killer_whales/dfo_crp/audio/northbc/DFOCRP.KkHK0R2F-NML1.SM2M-3.20131013_143600Z.flac,1,reviewed_confounder,,,,,,DFO_CRP:NorthBc:DFOCRP.KkHK0R2F-NML1.SM2M-3.20131013_143600Z.flac,[],
dclde_DFO_CRP_WVanIsl__DFOCRP.H50bjRcb-WCV1.AURAL117LF.20110620_233000Z.flac_34.1s_34.4s_trainstyle,dclde_DFO_CRP_WVanIsl__DFOCRP.H50bjRcb-WCV1.AURAL117LF.20110620_233000Z.flac,DFOCRP.H50bjRcb-WCV1.AURAL117LF.20110620_233000Z.flac,DFOCRP.H50bjRcb-WCV1.AURAL117LF.20110620_233000Z.flac,34.108000,34.374000,34.108000,34.374000,34.108000,0.266000,dclde_DFO_CRP_WVanIsl__DFOCRP.H50bjRcb-WCV1.AURAL117LF.20110620_233000Z.flac_34.1s_34.4s_trainstyle.mat,mat_files/dclde_DFO_CRP_WVanIsl__DFOCRP.H50bjRcb-WCV1.AURAL117LF.20110620_233000Z.flac_34.1s_34.4s_trainstyle.mat,dclde_2027_DFO_CRP_WVanIsl,46467,DFO_CRP,WVanIsl,DFOCRP.H50bjRcb-WCV1.AURAL117LF.20110620_233000Z.flac,UndBio,confounder:undetermined_biological,,,,confounder:undetermined_biological,NA,Detection,0,NA,3328,3520,dclde/2027/dclde_2027_killer_whales/dfo_crp/audio/wvanisl/DFOCRP.H50bjRcb-WCV1.AURAL117LF.20110620_233000Z.flac,gs://noaa-passive-bioacoustic/dclde/2027/dclde_2027_killer_whales/dfo_crp/audio/wvanisl/DFOCRP.H50bjRcb-WCV1.AURAL117LF.20110620_233000Z.flac,https://storage.googleapis.com/noaa-passive-bioacoustic/dclde/2027/dclde_2027_killer_whales/dfo_crp/audio/wvanisl/DFOCRP.H50bjRcb-WCV1.AURAL117LF.20110620_233000Z.flac,1,reviewed_confounder,,,,,,DFO_CRP:WVanIsl:DFOCRP.H50bjRcb-WCV1.AURAL117LF.20110620_233000Z.flac,[],
dclde_DFO_WDLP_CarmanahPt__ST6249.220428094625.wav_139.3s_139.7s_trainstyle,dclde_DFO_WDLP_CarmanahPt__ST6249.220428094625.wav,ST6249.220428094625.wav,ST6249.220428094625.wav,139.264000,139.690000,139.264000,139.690000,139.264000,0.426000,dclde_DFO_WDLP_CarmanahPt__ST6249.220428094625.wav_139.3s_139.7s_trainstyle.mat,mat_files/dclde_DFO_WDLP_CarmanahPt__ST6249.220428094625.wav_139.3s_139.7s_trainstyle.mat,dclde_2027_DFO_WDLP_CarmanahPt,159666,DFO_WDLP,CarmanahPt,ST6249.220428094625.wav,UndBio,confounder:undetermined_biological,,,,confounder:undetermined_biological,NA,Detection,0,NA,10218,10476,dclde/2027/dclde_2027_killer_whales/dfo_wdlp/audio/carmanahpt/ST6249.220428094625.wav,gs://noaa-passive-bioacoustic/dclde/2027/dclde_2027_killer_whales/dfo_wdlp/audio/carmanahpt/ST6249.220428094625.wav,https://storage.googleapis.com/noaa-passive-bioacoustic/dclde/2027/dclde_2027_killer_whales/dfo_wdlp/audio/carmanahpt/ST6249.220428094625.wav,1,reviewed_confounder,,,,,,DFO_WDLP:CarmanahPt:ST6249.220428094625.wav,[],
dclde_JASCO_VFPA_ONC_StraitofGeorgia__JASCOAMARHYDROPHONE2402_20160831T091612.222Z.wav_4.4s_15.7s_trainstyle,dclde_JASCO_VFPA_ONC_StraitofGeorgia__JASCOAMARHYDROPHONE2402_20160831T091612.222Z.wav,JASCOAMARHYDROPHONE2402_20160831T091612.222Z.wav,JASCOAMARHYDROPHONE2402_20160831T091612.222Z.wav,4.374000,15.692000,4.374000,15.692000,4.374000,11.318000,dclde_JASCO_VFPA_ONC_StraitofGeorgia__JASCOAMARHYDROPHONE2402_20160831T091612.222Z.wav_4.4s_15.7s_trainstyle.mat,mat_files/dclde_JASCO_VFPA_ONC_StraitofGeorgia__JASCOAMARHYDROPHONE2402_20160831T091612.222Z.wav_4.4s_15.7s_trainstyle.mat,dclde_2027_JASCO_VFPA_ONC_StraitofGeorgia,194580,JASCO_VFPA_ONC,StraitofGeorgia,JASCOAMARHYDROPHONE2402_20160831T091612.222Z.wav,UndBio,confounder:undetermined_biological,,,,confounder:undetermined_biological,NA,Call,0,NA,88.6,670.9,dclde/2027/dclde_2027_killer_whales/vfpa/audio/straitofgeorgia/JASCOAMARHYDROPHONE2402_20160831T091612.222Z.wav,gs://noaa-passive-bioacoustic/dclde/2027/dclde_2027_killer_whales/vfpa/audio/straitofgeorgia/JASCOAMARHYDROPHONE2402_20160831T091612.222Z.wav,https://storage.googleapis.com/noaa-passive-bioacoustic/dclde/2027/dclde_2027_killer_whales/vfpa/audio/straitofgeorgia/JASCOAMARHYDROPHONE2402_20160831T091612.222Z.wav,1,reviewed_confounder,,,,,,JASCO_VFPA_ONC:StraitofGeorgia:JASCOAMARHYDROPHONE2402_20160831T091612.222Z.wav,[],
dclde_JASCO_VFPA_BoundaryPass__AMAR418.1.20190322T172409Z.wav_1268.3s_1268.4s_trainstyle,dclde_JASCO_VFPA_BoundaryPass__AMAR418.1.20190322T172409Z.wav,AMAR418.1.20190322T172409Z.wav,AMAR418.1.20190322T172409Z.wav,1268.269000,1268.358000,1268.269000,1268.358000,1268.269000,0.089000,dclde_JASCO_VFPA_BoundaryPass__AMAR418.1.20190322T172409Z.wav_1268.3s_1268.4s_trainstyle.mat,mat_files/dclde_JASCO_VFPA_BoundaryPass__AMAR418.1.20190322T172409Z.wav_1268.3s_1268.4s_trainstyle.mat,dclde_2027_JASCO_VFPA_BoundaryPass,182588,JASCO_VFPA,BoundaryPass,AMAR418.1.20190322T172409Z.wav,UndBio,confounder:undetermined_biological,,,,confounder:undetermined_biological,NA,Call,0,NA,138.4,1699.1,dclde/2027/dclde_2027_killer_whales/vfpa/audio/boundarypass/AMAR418.1.20190322T172409Z.wav,gs://noaa-passive-bioacoustic/dclde/2027/dclde_2027_killer_whales/vfpa/audio/boundarypass/AMAR418.1.20190322T172409Z.wav,https://storage.googleapis.com/noaa-passive-bioacoustic/dclde/2027/dclde_2027_killer_whales/vfpa/audio/boundarypass/AMAR418.1.20190322T172409Z.wav,1,reviewed_confounder,,,,,,JASCO_VFPA:BoundaryPass:AMAR418.1.20190322T172409Z.wav,[],
dclde_ONC_BarkleyCanyon__ICLISTENHF1251_20140101T114159.851Z.wav_277.5s_278.3s_trainstyle,dclde_ONC_BarkleyCanyon__ICLISTENHF1251_20140101T114159.851Z.wav,ICLISTENHF1251_20140101T114159.851Z.wav,ICLISTENHF1251_20140101T114159.851Z.wav,277.528520,278.307980,277.528520,278.307980,277.528520,0.779460,dclde_ONC_BarkleyCanyon__ICLISTENHF1251_20140101T114159.851Z.wav_277.5s_278.3s_trainstyle.mat,mat_files/dclde_ONC_BarkleyCanyon__ICLISTENHF1251_20140101T114159.851Z.wav_277.5s_278.3s_trainstyle.mat,dclde_2027_ONC_BarkleyCanyon,172501,ONC,BarkleyCanyon,ICLISTENHF1251_20140101T114159.851Z.wav,UndBio,confounder:undetermined_biological,,,,confounder:undetermined_biological,NA,Call,0,NA,6513.91,16831.57,dclde/2027/dclde_2027_killer_whales/onc/audio/barkleycanyon/ICLISTENHF1251_20140101T114159.851Z.wav,gs://noaa-passive-bioacoustic/dclde/2027/dclde_2027_killer_whales/onc/audio/barkleycanyon/ICLISTENHF1251_20140101T114159.851Z.wav,https://storage.googleapis.com/noaa-passive-bioacoustic/dclde/2027/dclde_2027_killer_whales/onc/audio/barkleycanyon/ICLISTENHF1251_20140101T114159.851Z.wav,1,reviewed_confounder,,,,,,ONC:BarkleyCanyon:ICLISTENHF1251_20140101T114159.851Z.wav,[],
dclde_SMRUConsulting_LimeKiln__LK_20161106_035300_001.wav_28.6s_29.0s_trainstyle,dclde_SMRUConsulting_LimeKiln__LK_20161106_035300_001.wav,LK_20161106_035300_001.wav,LK_20161106_035300_001.wav,28.556000,29.016000,28.556000,29.016000,28.556000,0.460000,dclde_SMRUConsulting_LimeKiln__LK_20161106_035300_001.wav_28.6s_29.0s_trainstyle.mat,mat_files/dclde_SMRUConsulting_LimeKiln__LK_20161106_035300_001.wav_28.6s_29.0s_trainstyle.mat,dclde_2027_SMRUConsulting_LimeKiln,195818,SMRUConsulting,LimeKiln,LK_20161106_035300_001.wav,UndBio,confounder:undetermined_biological,,,,confounder:undetermined_biological,NA,Call,0,NA,0,476.93,dclde/2027/dclde_2027_killer_whales/smru/audio/limekiln/LK_20161106_035300_001.wav,gs://noaa-passive-bioacoustic/dclde/2027/dclde_2027_killer_whales/smru/audio/limekiln/LK_20161106_035300_001.wav,https://storage.googleapis.com/noaa-passive-bioacoustic/dclde/2027/dclde_2027_killer_whales/smru/audio/limekiln/LK_20161106_035300_001.wav,1,reviewed_confounder,,,,,,SMRUConsulting:LimeKiln:LK_20161106_035300_001.wav,[],
dclde_DFO_CRP_NorthBc__DFOCRP.KkHK0R2F-NML1.SM2M-3.20131011_000600Z.flac_268.0s_268.3s_trainstyle,dclde_DFO_CRP_NorthBc__DFOCRP.KkHK0R2F-NML1.SM2M-3.20131011_000600Z.flac,DFOCRP.KkHK0R2F-NML1.SM2M-3.20131011_000600Z.flac,DFOCRP.KkHK0R2F-NML1.SM2M-3.20131011_000600Z.flac,268.000000,268.256000,268.000000,268.256000,268.000000,0.256000,dclde_DFO_CRP_NorthBc__DFOCRP.KkHK0R2F-NML1.SM2M-3.20131011_000600Z.flac_268.0s_268.3s_trainstyle.mat,mat_files/dclde_DFO_CRP_NorthBc__DFOCRP.KkHK0R2F-NML1.SM2M-3.20131011_000600Z.flac_268.0s_268.3s_trainstyle.mat,dclde_2027_DFO_CRP_NorthBc,2,DFO_CRP,NorthBc,DFOCRP.KkHK0R2F-NML1.SM2M-3.20131011_000600Z.flac,AB,confounder:abiotic,,,,confounder:abiotic,NA,Detection,0,NA,1062.5,1187.5,dclde/2027/dclde_2027_killer_whales/dfo_crp/audio/northbc/DFOCRP.KkHK0R2F-NML1.SM2M-3.20131011_000600Z.flac,gs://noaa-passive-bioacoustic/dclde/2027/dclde_2027_killer_whales/dfo_crp/audio/northbc/DFOCRP.KkHK0R2F-NML1.SM2M-3.20131011_000600Z.flac,https://storage.googleapis.com/noaa-passive-bioacoustic/dclde/2027/dclde_2027_killer_whales/dfo_crp/audio/northbc/DFOCRP.KkHK0R2F-NML1.SM2M-3.20131011_000600Z.flac,1,reviewed_confounder,,,,,,DFO_CRP:NorthBc:DFOCRP.KkHK0R2F-NML1.SM2M-3.20131011_000600Z.flac,[],
dclde_DFO_CRP_WVanIsl__DFOCRP.H50bjRcb-WCV1.AURAL117LF.20110519_011500Z.flac_190.7s_191.0s_trainstyle,dclde_DFO_CRP_WVanIsl__DFOCRP.H50bjRcb-WCV1.AURAL117LF.20110519_011500Z.flac,DFOCRP.H50bjRcb-WCV1.AURAL117LF.20110519_011500Z.flac,DFOCRP.H50bjRcb-WCV1.AURAL117LF.20110519_011500Z.flac,190.718000,190.984000,190.718000,190.984000,190.718000,0.266000,dclde_DFO_CRP_WVanIsl__DFOCRP.H50bjRcb-WCV1.AURAL117LF.20110519_011500Z.flac_190.7s_191.0s_trainstyle.mat,mat_files/dclde_DFO_CRP_WVanIsl__DFOCRP.H50bjRcb-WCV1.AURAL117LF.20110519_011500Z.flac_190.7s_191.0s_trainstyle.mat,dclde_2027_DFO_CRP_WVanIsl,44820,DFO_CRP,WVanIsl,DFOCRP.H50bjRcb-WCV1.AURAL117LF.20110519_011500Z.flac,AB,confounder:abiotic,,,,confounder:abiotic,NA,Detection,0,NA,2816,3040,dclde/2027/dclde_2027_killer_whales/dfo_crp/audio/wvanisl/DFOCRP.H50bjRcb-WCV1.AURAL117LF.20110519_011500Z.flac,gs://noaa-passive-bioacoustic/dclde/2027/dclde_2027_killer_whales/dfo_crp/audio/wvanisl/DFOCRP.H50bjRcb-WCV1.AURAL117LF.20110519_011500Z.flac,https://storage.googleapis.com/noaa-passive-bioacoustic/dclde/2027/dclde_2027_killer_whales/dfo_crp/audio/wvanisl/DFOCRP.H50bjRcb-WCV1.AURAL117LF.20110519_011500Z.flac,1,reviewed_confounder,,,,,,DFO_CRP:WVanIsl:DFOCRP.H50bjRcb-WCV1.AURAL117LF.20110519_011500Z.flac,[],
dclde_DFO_WDLP_CarmanahPt__ST6249.220617113905.wav_127.8s_128.2s_trainstyle,dclde_DFO_WDLP_CarmanahPt__ST6249.220617113905.wav,ST6249.220617113905.wav,ST6249.220617113905.wav,127.828000,128.212000,127.828000,128.212000,127.828000,0.384000,dclde_DFO_WDLP_CarmanahPt__ST6249.220617113905.wav_127.8s_128.2s_trainstyle.mat,mat_files/dclde_DFO_WDLP_CarmanahPt__ST6249.220617113905.wav_127.8s_128.2s_trainstyle.mat,dclde_2027_DFO_WDLP_CarmanahPt,159706,DFO_WDLP,CarmanahPt,ST6249.220617113905.wav,AB,confounder:abiotic,,,,confounder:abiotic,NA,Detection,0,NA,820,890,dclde/2027/dclde_2027_killer_whales/dfo_wdlp/audio/carmanahpt/ST6249.220617113905.wav,gs://noaa-passive-bioacoustic/dclde/2027/dclde_2027_killer_whales/dfo_wdlp/audio/carmanahpt/ST6249.220617113905.wav,https://storage.googleapis.com/noaa-passive-bioacoustic/dclde/2027/dclde_2027_killer_whales/dfo_wdlp/audio/carmanahpt/ST6249.220617113905.wav,1,reviewed_confounder,,,,,,DFO_WDLP:CarmanahPt:ST6249.220617113905.wav,[],
dclde_DFO_WDLP_StrGeoN1__AMAR610.20210905T142535Z.wav_145.3s_146.5s_trainstyle,dclde_DFO_WDLP_StrGeoN1__AMAR610.20210905T142535Z.wav,AMAR610.20210905T142535Z.wav,AMAR610.20210905T142535Z.wav,145.279000,146.516000,145.279000,146.516000,145.279000,1.237000,dclde_DFO_WDLP_StrGeoN1__AMAR610.20210905T142535Z.wav_145.3s_146.5s_trainstyle.mat,mat_files/dclde_DFO_WDLP_StrGeoN1__AMAR610.20210905T142535Z.wav_145.3s_146.5s_trainstyle.mat,dclde_2027_DFO_WDLP_StrGeoN1,161403,DFO_WDLP,StrGeoN1,AMAR610.20210905T142535Z.wav,AB,confounder:abiotic,,,,confounder:abiotic,NA,Detection,0,NA,6726,7054,dclde/2027/dclde_2027_killer_whales/dfo_wdlp/audio/strgeon1/AMAR610.20210905T142535Z.wav,gs://noaa-passive-bioacoustic/dclde/2027/dclde_2027_killer_whales/dfo_wdlp/audio/strgeon1/AMAR610.20210905T142535Z.wav,https://storage.googleapis.com/noaa-passive-bioacoustic/dclde/2027/dclde_2027_killer_whales/dfo_wdlp/audio/strgeon1/AMAR610.20210905T142535Z.wav,1,reviewed_confounder,,,,,,DFO_WDLP:StrGeoN1:AMAR610.20210905T142535Z.wav,[],
dclde_DFO_WDLP_StrGeoS1__AMAR607.20211113T181618Z.wav_109.7s_110.1s_trainstyle,dclde_DFO_WDLP_StrGeoS1__AMAR607.20211113T181618Z.wav,AMAR607.20211113T181618Z.wav,AMAR607.20211113T181618Z.wav,109.674000,110.079000,109.674000,110.079000,109.674000,0.405000,dclde_DFO_WDLP_StrGeoS1__AMAR607.20211113T181618Z.wav_109.7s_110.1s_trainstyle.mat,mat_files/dclde_DFO_WDLP_StrGeoS1__AMAR607.20211113T181618Z.wav_109.7s_110.1s_trainstyle.mat,dclde_2027_DFO_WDLP_StrGeoS1,163329,DFO_WDLP,StrGeoS1,AMAR607.20211113T181618Z.wav,AB,confounder:abiotic,,,,confounder:abiotic,NA,Detection,0,NA,6539,6632,dclde/2027/dclde_2027_killer_whales/dfo_wdlp/audio/strgeos1/AMAR607.20211113T181618Z.wav,gs://noaa-passive-bioacoustic/dclde/2027/dclde_2027_killer_whales/dfo_wdlp/audio/strgeos1/AMAR607.20211113T181618Z.wav,https://storage.googleapis.com/noaa-passive-bioacoustic/dclde/2027/dclde_2027_killer_whales/dfo_wdlp/audio/strgeos1/AMAR607.20211113T181618Z.wav,1,reviewed_confounder,,,,,,DFO_WDLP:StrGeoS1:AMAR607.20211113T181618Z.wav,[],
dclde_DFO_WDLP_StrGeoS2__AMAR779.20210904T190752Z.wav_104.7s_105.0s_trainstyle,dclde_DFO_WDLP_StrGeoS2__AMAR779.20210904T190752Z.wav,AMAR779.20210904T190752Z.wav,AMAR779.20210904T190752Z.wav,104.702000,105.043000,104.702000,105.043000,104.702000,0.341000,dclde_DFO_WDLP_StrGeoS2__AMAR779.20210904T190752Z.wav_104.7s_105.0s_trainstyle.mat,mat_files/dclde_DFO_WDLP_StrGeoS2__AMAR779.20210904T190752Z.wav_104.7s_105.0s_trainstyle.mat,dclde_2027_DFO_WDLP_StrGeoS2,163567,DFO_WDLP,StrGeoS2,AMAR779.20210904T190752Z.wav,AB,confounder:abiotic,,,,confounder:abiotic,NA,Detection,0,NA,2414,2460,dclde/2027/dclde_2027_killer_whales/dfo_wdlp/audio/strgeos2/AMAR779.20210904T190752Z.wav,gs://noaa-passive-bioacoustic/dclde/2027/dclde_2027_killer_whales/dfo_wdlp/audio/strgeos2/AMAR779.20210904T190752Z.wav,https://storage.googleapis.com/noaa-passive-bioacoustic/dclde/2027/dclde_2027_killer_whales/dfo_wdlp/audio/strgeos2/AMAR779.20210904T190752Z.wav,1,reviewed_confounder,,,,,,DFO_WDLP:StrGeoS2:AMAR779.20210904T190752Z.wav,[],
dclde_DFO_WDLP_SwanChan__AMAR777.20211116T172747Z.wav_9.3s_9.7s_trainstyle,dclde_DFO_WDLP_SwanChan__AMAR777.20211116T172747Z.wav,AMAR777.20211116T172747Z.wav,AMAR777.20211116T172747Z.wav,9.342000,9.747000,9.342000,9.747000,9.342000,0.405000,dclde_DFO_WDLP_SwanChan__AMAR777.20211116T172747Z.wav_9.3s_9.7s_trainstyle.mat,mat_files/dclde_DFO_WDLP_SwanChan__AMAR777.20211116T172747Z.wav_9.3s_9.7s_trainstyle.mat,dclde_2027_DFO_WDLP_SwanChan,165715,DFO_WDLP,SwanChan,AMAR777.20211116T172747Z.wav,AB,confounder:abiotic,,,,confounder:abiotic,NA,Detection,0,NA,4851,4992,dclde/2027/dclde_2027_killer_whales/dfo_wdlp/audio/swanchan/AMAR777.20211116T172747Z.wav,gs://noaa-passive-bioacoustic/dclde/2027/dclde_2027_killer_whales/dfo_wdlp/audio/swanchan/AMAR777.20211116T172747Z.wav,https://storage.googleapis.com/noaa-passive-bioacoustic/dclde/2027/dclde_2027_killer_whales/dfo_wdlp/audio/swanchan/AMAR777.20211116T172747Z.wav,1,reviewed_confounder,,,,,,DFO_WDLP:SwanChan:AMAR777.20211116T172747Z.wav,[],
dclde_JASCO_VFPA_ONC_StraitofGeorgia__JASCOAMARHYDROPHONE2402_20150929T075616.320Z.wav_245.5s_256.5s_trainstyle,dclde_JASCO_VFPA_ONC_StraitofGeorgia__JASCOAMARHYDROPHONE2402_20150929T075616.320Z.wav,JASCOAMARHYDROPHONE2402_20150929T075616.320Z.wav,JASCOAMARHYDROPHONE2402_20150929T075616.320Z.wav,245.453000,256.487000,245.453000,256.487000,245.453000,11.034000,dclde_JASCO_VFPA_ONC_StraitofGeorgia__JASCOAMARHYDROPHONE2402_20150929T075616.320Z.wav_245.5s_256.5s_trainstyle.mat,mat_files/dclde_JASCO_VFPA_ONC_StraitofGeorgia__JASCOAMARHYDROPHONE2402_20150929T075616.320Z.wav_245.5s_256.5s_trainstyle.mat,dclde_2027_JASCO_VFPA_ONC_StraitofGeorgia,193855,JASCO_VFPA_ONC,StraitofGeorgia,JASCOAMARHYDROPHONE2402_20150929T075616.320Z.wav,AB,confounder:abiotic,,,,confounder:abiotic,NA,Call,0,NA,265,32000,dclde/2027/dclde_2027_killer_whales/vfpa/audio/straitofgeorgia/JASCOAMARHYDROPHONE2402_20150929T075616.320Z.wav,gs://noaa-passive-bioacoustic/dclde/2027/dclde_2027_killer_whales/vfpa/audio/straitofgeorgia/JASCOAMARHYDROPHONE2402_20150929T075616.320Z.wav,https://storage.googleapis.com/noaa-passive-bioacoustic/dclde/2027/dclde_2027_killer_whales/vfpa/audio/straitofgeorgia/JASCOAMARHYDROPHONE2402_20150929T075616.320Z.wav,1,reviewed_confounder,,,,,,JASCO_VFPA_ONC:StraitofGeorgia:JASCOAMARHYDROPHONE2402_20150929T075616.320Z.wav,[],
dclde_JASCO_VFPA_BoundaryPass__AMAR418.1.20180902T143639Z.wav_375.0s_376.2s_trainstyle,dclde_JASCO_VFPA_BoundaryPass__AMAR418.1.20180902T143639Z.wav,AMAR418.1.20180902T143639Z.wav,AMAR418.1.20180902T143639Z.wav,374.980000,376.242000,374.980000,376.242000,374.980000,1.262000,dclde_JASCO_VFPA_BoundaryPass__AMAR418.1.20180902T143639Z.wav_375.0s_376.2s_trainstyle.mat,mat_files/dclde_JASCO_VFPA_BoundaryPass__AMAR418.1.20180902T143639Z.wav_375.0s_376.2s_trainstyle.mat,dclde_2027_JASCO_VFPA_BoundaryPass,181251,JASCO_VFPA,BoundaryPass,AMAR418.1.20180902T143639Z.wav,AB,confounder:abiotic,,,,confounder:abiotic,NA,Call,0,NA,84.3,10640.8,dclde/2027/dclde_2027_killer_whales/vfpa/audio/boundarypass/AMAR418.1.20180902T143639Z.wav,gs://noaa-passive-bioacoustic/dclde/2027/dclde_2027_killer_whales/vfpa/audio/boundarypass/AMAR418.1.20180902T143639Z.wav,https://storage.googleapis.com/noaa-passive-bioacoustic/dclde/2027/dclde_2027_killer_whales/vfpa/audio/boundarypass/AMAR418.1.20180902T143639Z.wav,1,reviewed_confounder,,,,,,JASCO_VFPA:BoundaryPass:AMAR418.1.20180902T143639Z.wav,[],
dclde_JASCO_VFPA_HaroStraitNorth__AMAR418.1.20170708T073001Z.wav_1008.5s_1009.0s_trainstyle,dclde_JASCO_VFPA_HaroStraitNorth__AMAR418.1.20170708T073001Z.wav,AMAR418.1.20170708T073001Z.wav,AMAR418.1.20170708T073001Z.wav,1008.540000,1009.000000,1008.540000,1009.000000,1008.540000,0.460000,dclde_JASCO_VFPA_HaroStraitNorth__AMAR418.1.20170708T073001Z.wav_1008.5s_1009.0s_trainstyle.mat,mat_files/dclde_JASCO_VFPA_HaroStraitNorth__AMAR418.1.20170708T073001Z.wav_1008.5s_1009.0s_trainstyle.mat,dclde_2027_JASCO_VFPA_HaroStraitNorth,183222,JASCO_VFPA,HaroStraitNorth,AMAR418.1.20170708T073001Z.wav,AB,confounder:abiotic,,,,confounder:abiotic,NA,Call,0,NA,1860.05,2977.05,dclde/2027/dclde_2027_killer_whales/vfpa/audio/harostraitnorth/AMAR418.1.20170708T073001Z.wav,gs://noaa-passive-bioacoustic/dclde/2027/dclde_2027_killer_whales/vfpa/audio/harostraitnorth/AMAR418.1.20170708T073001Z.wav,https://storage.googleapis.com/noaa-passive-bioacoustic/dclde/2027/dclde_2027_killer_whales/vfpa/audio/harostraitnorth/AMAR418.1.20170708T073001Z.wav,1,reviewed_confounder,,,,,,JASCO_VFPA:HaroStraitNorth:AMAR418.1.20170708T073001Z.wav,[],
dclde_JASCO_VFPA_HaroStraitSouth__AMAR395.1.20170708T073001Z.wav_520.9s_521.7s_trainstyle,dclde_JASCO_VFPA_HaroStraitSouth__AMAR395.1.20170708T073001Z.wav,AMAR395.1.20170708T073001Z.wav,AMAR395.1.20170708T073001Z.wav,520.900000,521.660000,520.900000,521.660000,520.900000,0.760000,dclde_JASCO_VFPA_HaroStraitSouth__AMAR395.1.20170708T073001Z.wav_520.9s_521.7s_trainstyle.mat,mat_files/dclde_JASCO_VFPA_HaroStraitSouth__AMAR395.1.20170708T073001Z.wav_520.9s_521.7s_trainstyle.mat,dclde_2027_JASCO_VFPA_HaroStraitSouth,188548,JASCO_VFPA,HaroStraitSouth,AMAR395.1.20170708T073001Z.wav,AB,confounder:abiotic,,,,confounder:abiotic,NA,Call,0,NA,492.97,2387.97,dclde/2027/dclde_2027_killer_whales/vfpa/audio/harostraitsouth/AMAR395.1.20170708T073001Z.wav,gs://noaa-passive-bioacoustic/dclde/2027/dclde_2027_killer_whales/vfpa/audio/harostraitsouth/AMAR395.1.20170708T073001Z.wav,https://storage.googleapis.com/noaa-passive-bioacoustic/dclde/2027/dclde_2027_killer_whales/vfpa/audio/harostraitsouth/AMAR395.1.20170708T073001Z.wav,1,reviewed_confounder,,,,,,JASCO_VFPA:HaroStraitSouth:AMAR395.1.20170708T073001Z.wav,[],
dclde_OrcaSound_bush_point__rpi-bush-point_2020_09_27_23_17_00.wav_0.0s_2.5s_trainstyle,dclde_OrcaSound_bush_point__rpi-bush-point_2020_09_27_23_17_00.wav,rpi-bush-point_2020_09_27_23_17_00.wav,rpi-bush-point_2020_09_27_23_17_00.wav,0.000000,2.450000,0.000000,2.450000,0.000000,2.450000,dclde_OrcaSound_bush_point__rpi-bush-point_2020_09_27_23_17_00.wav_0.0s_2.5s_trainstyle.mat,mat_files/dclde_OrcaSound_bush_point__rpi-bush-point_2020_09_27_23_17_00.wav_0.0s_2.5s_trainstyle.mat,dclde_2027_OrcaSound_bush_point,171378,OrcaSound,bush_point,rpi-bush-point_2020_09_27_23_17_00.wav,AB,confounder:abiotic,,,,confounder:abiotic,NA,File,0,NA,NA,NA,dclde/2027/dclde_2027_killer_whales/orcasound/audio/bushpoint/rpi-bush-point_2020_09_27_23_17_00.wav,gs://noaa-passive-bioacoustic/dclde/2027/dclde_2027_killer_whales/orcasound/audio/bushpoint/rpi-bush-point_2020_09_27_23_17_00.wav,https://storage.googleapis.com/noaa-passive-bioacoustic/dclde/2027/dclde_2027_killer_whales/orcasound/audio/bushpoint/rpi-bush-point_2020_09_27_23_17_00.wav,1,reviewed_confounder,,,,,,OrcaSound:bush_point:rpi-bush-point_2020_09_27_23_17_00.wav,[],
dclde_OrcaSound_orcasound_lab__1562337136_0005.wav_0.0s_1.1s_trainstyle,dclde_OrcaSound_orcasound_lab__1562337136_0005.wav,1562337136_0005.wav,1562337136_0005.wav,0.000000,1.121445,0.000000,1.121445,0.000000,1.121445,dclde_OrcaSound_orcasound_lab__1562337136_0005.wav_0.0s_1.1s_trainstyle.mat,mat_files/dclde_OrcaSound_orcasound_lab__1562337136_0005.wav_0.0s_1.1s_trainstyle.mat,dclde_2027_OrcaSound_orcasound_lab,169302,OrcaSound,orcasound_lab,1562337136_0005.wav,AB,confounder:abiotic,,,,confounder:abiotic,NA,File,0,NA,NA,NA,dclde/2027/dclde_2027_killer_whales/orcasound/audio/orcasoundlab/1562337136_0005.wav,gs://noaa-passive-bioacoustic/dclde/2027/dclde_2027_killer_whales/orcasound/audio/orcasoundlab/1562337136_0005.wav,https://storage.googleapis.com/noaa-passive-bioacoustic/dclde/2027/dclde_2027_killer_whales/orcasound/audio/orcasoundlab/1562337136_0005.wav,1,reviewed_confounder,,,,,,OrcaSound:orcasound_lab:1562337136_0005.wav,[],
dclde_OrcaSound_port_townsend__rpi-port-townsend_2020_09_29_19_15_00.wav_0.0s_2.5s_trainstyle,dclde_OrcaSound_port_townsend__rpi-port-townsend_2020_09_29_19_15_00.wav,rpi-port-townsend_2020_09_29_19_15_00.wav,rpi-port-townsend_2020_09_29_19_15_00.wav,0.000000,2.450000,0.000000,2.450000,0.000000,2.450000,dclde_OrcaSound_port_townsend__rpi-port-townsend_2020_09_29_19_15_00.wav_0.0s_2.5s_trainstyle.mat,mat_files/dclde_OrcaSound_port_townsend__rpi-port-townsend_2020_09_29_19_15_00.wav_0.0s_2.5s_trainstyle.mat,dclde_2027_OrcaSound_port_townsend,170677,OrcaSound,port_townsend,rpi-port-townsend_2020_09_29_19_15_00.wav,AB,confounder:abiotic,,,,confounder:abiotic,NA,File,0,NA,NA,NA,dclde/2027/dclde_2027_killer_whales/orcasound/audio/porttownsend/rpi-port-townsend_2020_09_29_19_15_00.wav,gs://noaa-passive-bioacoustic/dclde/2027/dclde_2027_killer_whales/orcasound/audio/porttownsend/rpi-port-townsend_2020_09_29_19_15_00.wav,https://storage.googleapis.com/noaa-passive-bioacoustic/dclde/2027/dclde_2027_killer_whales/orcasound/audio/porttownsend/rpi-port-townsend_2020_09_29_19_15_00.wav,1,reviewed_confounder,,,,,,OrcaSound:port_townsend:rpi-port-townsend_2020_09_29_19_15_00.wav,[],
dclde_SIMRES_Tekteksen__ICLISTENHF6156_20220624T164000.000Z_20220624T164459.996Z.flac_170.0s_175.0s_trainstyle,dclde_SIMRES_Tekteksen__ICLISTENHF6156_20220624T164000.000Z_20220624T164459.996Z.flac,ICLISTENHF6156_20220624T164000.000Z_20220624T164459.996Z.flac,ICLISTENHF6156_20220624T164000.000Z_20220624T164459.996Z.flac,169.999700,175.005600,169.999700,175.005600,169.999700,5.005900,dclde_SIMRES_Tekteksen__ICLISTENHF6156_20220624T164000.000Z_20220624T164459.996Z.flac_170.0s_175.0s_trainstyle.mat,mat_files/dclde_SIMRES_Tekteksen__ICLISTENHF6156_20220624T164000.000Z_20220624T164459.996Z.flac_170.0s_175.0s_trainstyle.mat,dclde_2027_SIMRES_Tekteksen,177183,SIMRES,Tekteksen,ICLISTENHF6156_20220624T164000.000Z_20220624T164459.996Z.flac,AB,confounder:abiotic,,,,confounder:abiotic,NA,Call,0,NA,0,0,dclde/2027/dclde_2027_killer_whales/simres/audio/tekteksen/ICLISTENHF6156_20220624T164000.000Z_20220624T164459.996Z.flac,gs://noaa-passive-bioacoustic/dclde/2027/dclde_2027_killer_whales/simres/audio/tekteksen/ICLISTENHF6156_20220624T164000.000Z_20220624T164459.996Z.flac,https://storage.googleapis.com/noaa-passive-bioacoustic/dclde/2027/dclde_2027_killer_whales/simres/audio/tekteksen/ICLISTENHF6156_20220624T164000.000Z_20220624T164459.996Z.flac,1,reviewed_confounder,,,,,,SIMRES:Tekteksen:ICLISTENHF6156_20220624T164000.000Z_20220624T164459.996Z.flac,[],
dclde_SIO_Cpe_Elz__OCNMS13CE_110528_033702_BCTransients.wav_26.5s_32.6s_trainstyle,dclde_SIO_Cpe_Elz__OCNMS13CE_110528_033702_BCTransients.wav,OCNMS13CE_110528_033702_BCTransients.wav,OCNMS13CE_110528_033702_BCTransients.wav,26.534305,32.573908,26.534305,32.573908,26.534305,6.039603,dclde_SIO_Cpe_Elz__OCNMS13CE_110528_033702_BCTransients.wav_26.5s_32.6s_trainstyle.mat,mat_files/dclde_SIO_Cpe_Elz__OCNMS13CE_110528_033702_BCTransients.wav_26.5s_32.6s_trainstyle.mat,dclde_2027_SIO_Cpe_Elz,174397,SIO,Cpe_Elz,OCNMS13CE_110528_033702_BCTransients.wav,AB,confounder:abiotic,,,,confounder:abiotic,NA,Call,0,NA,0,0,dclde/2027/dclde_2027_killer_whales/scripps/audio/cpeelz/OCNMS13CE_110528_033702_BCTransients.wav,gs://noaa-passive-bioacoustic/dclde/2027/dclde_2027_killer_whales/scripps/audio/cpeelz/OCNMS13CE_110528_033702_BCTransients.wav,https://storage.googleapis.com/noaa-passive-bioacoustic/dclde/2027/dclde_2027_killer_whales/scripps/audio/cpeelz/OCNMS13CE_110528_033702_BCTransients.wav,1,reviewed_confounder,,,,,,SIO:Cpe_Elz:OCNMS13CE_110528_033702_BCTransients.wav,[],
dclde_SIO_Quin_Can__OCNMS12QC_110210_114037_Offshores.wav_636.6s_643.0s_trainstyle,dclde_SIO_Quin_Can__OCNMS12QC_110210_114037_Offshores.wav,OCNMS12QC_110210_114037_Offshores.wav,OCNMS12QC_110210_114037_Offshores.wav,636.623660,642.960293,636.623660,642.960293,636.623660,6.336633,dclde_SIO_Quin_Can__OCNMS12QC_110210_114037_Offshores.wav_636.6s_643.0s_trainstyle.mat,mat_files/dclde_SIO_Quin_Can__OCNMS12QC_110210_114037_Offshores.wav_636.6s_643.0s_trainstyle.mat,dclde_2027_SIO_Quin_Can,176560,SIO,Quin_Can,OCNMS12QC_110210_114037_Offshores.wav,AB,confounder:abiotic,,,,confounder:abiotic,NA,Call,0,NA,0,0,dclde/2027/dclde_2027_killer_whales/scripps/audio/quincan/OCNMS12QC_110210_114037_Offshores.wav,gs://noaa-passive-bioacoustic/dclde/2027/dclde_2027_killer_whales/scripps/audio/quincan/OCNMS12QC_110210_114037_Offshores.wav,https://storage.googleapis.com/noaa-passive-bioacoustic/dclde/2027/dclde_2027_killer_whales/scripps/audio/quincan/OCNMS12QC_110210_114037_Offshores.wav,1,reviewed_confounder,,,,,,SIO:Quin_Can:OCNMS12QC_110210_114037_Offshores.wav,[],
dclde_SMRUConsulting_LimeKiln__LK_20161106_034800_000.wav_12.9s_14.1s_trainstyle,dclde_SMRUConsulting_LimeKiln__LK_20161106_034800_000.wav,LK_20161106_034800_000.wav,LK_20161106_034800_000.wav,12.854000,14.133000,12.854000,14.133000,12.854000,1.279000,dclde_SMRUConsulting_LimeKiln__LK_20161106_034800_000.wav_12.9s_14.1s_trainstyle.mat,mat_files/dclde_SMRUConsulting_LimeKiln__LK_20161106_034800_000.wav_12.9s_14.1s_trainstyle.mat,dclde_2027_SMRUConsulting_LimeKiln,195796,SMRUConsulting,LimeKiln,LK_20161106_034800_000.wav,AB,confounder:abiotic,,,,confounder:abiotic,NA,Call,0,NA,1232.26,1514.21,dclde/2027/dclde_2027_killer_whales/smru/audio/limekiln/LK_20161106_034800_000.wav,gs://noaa-passive-bioacoustic/dclde/2027/dclde_2027_killer_whales/smru/audio/limekiln/LK_20161106_034800_000.wav,https://storage.googleapis.com/noaa-passive-bioacoustic/dclde/2027/dclde_2027_killer_whales/smru/audio/limekiln/LK_20161106_034800_000.wav,1,reviewed_confounder,,,,,,SMRUConsulting:LimeKiln:LK_20161106_034800_000.wav,[],
dclde_DFO_CRP_NorthBc__DFOCRP.KkHK0R2F-NML1.SM2M-3.20131013_143600Z.flac_162.3s_162.8s_trainstyle,dclde_DFO_CRP_NorthBc__DFOCRP.KkHK0R2F-NML1.SM2M-3.20131013_143600Z.flac,DFOCRP.KkHK0R2F-NML1.SM2M-3.20131013_143600Z.flac,DFOCRP.KkHK0R2F-NML1.SM2M-3.20131013_143600Z.flac,162.335000,162.783000,162.335000,162.783000,162.335000,0.448000,dclde_DFO_CRP_NorthBc__DFOCRP.KkHK0R2F-NML1.SM2M-3.20131013_143600Z.flac_162.3s_162.8s_trainstyle.mat,mat_files/dclde_DFO_CRP_NorthBc__DFOCRP.KkHK0R2F-NML1.SM2M-3.20131013_143600Z.flac_162.3s_162.8s_trainstyle.mat,dclde_2027_DFO_CRP_NorthBc,1513,DFO_CRP,NorthBc,DFOCRP.KkHK0R2F-NML1.SM2M-3.20131013_143600Z.flac,UndBio,confounder:undetermined_biological,,,,confounder:undetermined_biological,NA,Detection,0,NA,1250,1781.25,dclde/2027/dclde_2027_killer_whales/dfo_crp/audio/northbc/DFOCRP.KkHK0R2F-NML1.SM2M-3.20131013_143600Z.flac,gs://noaa-passive-bioacoustic/dclde/2027/dclde_2027_killer_whales/dfo_crp/audio/northbc/DFOCRP.KkHK0R2F-NML1.SM2M-3.20131013_143600Z.flac,https://storage.googleapis.com/noaa-passive-bioacoustic/dclde/2027/dclde_2027_killer_whales/dfo_crp/audio/northbc/DFOCRP.KkHK0R2F-NML1.SM2M-3.20131013_143600Z.flac,1,reviewed_confounder,,,,,,DFO_CRP:NorthBc:DFOCRP.KkHK0R2F-NML1.SM2M-3.20131013_143600Z.flac,[],
dclde_DFO_CRP_WVanIsl__DFOCRP.H50bjRcb-WCV1.AURAL117LF.20110705_223000Z.flac_195.3s_195.5s_trainstyle,dclde_DFO_CRP_WVanIsl__DFOCRP.H50bjRcb-WCV1.AURAL117LF.20110705_223000Z.flac,DFOCRP.H50bjRcb-WCV1.AURAL117LF.20110705_223000Z.flac,DFOCRP.H50bjRcb-WCV1.AURAL117LF.20110705_223000Z.flac,195.265000,195.531000,195.265000,195.531000,195.265000,0.266000,dclde_DFO_CRP_WVanIsl__DFOCRP.H50bjRcb-WCV1.AURAL117LF.20110705_223000Z.flac_195.3s_195.5s_trainstyle.mat,mat_files/dclde_DFO_CRP_WVanIsl__DFOCRP.H50bjRcb-WCV1.AURAL117LF.20110705_223000Z.flac_195.3s_195.5s_trainstyle.mat,dclde_2027_DFO_CRP_WVanIsl,47281,DFO_CRP,WVanIsl,DFOCRP.H50bjRcb-WCV1.AURAL117LF.20110705_223000Z.flac,UndBio,confounder:undetermined_biological,,,,confounder:undetermined_biological,NA,Detection,0,NA,2400,2816,dclde/2027/dclde_2027_killer_whales/dfo_crp/audio/wvanisl/DFOCRP.H50bjRcb-WCV1.AURAL117LF.20110705_223000Z.flac,gs://noaa-passive-bioacoustic/dclde/2027/dclde_2027_killer_whales/dfo_crp/audio/wvanisl/DFOCRP.H50bjRcb-WCV1.AURAL117LF.20110705_223000Z.flac,https://storage.googleapis.com/noaa-passive-bioacoustic/dclde/2027/dclde_2027_killer_whales/dfo_crp/audio/wvanisl/DFOCRP.H50bjRcb-WCV1.AURAL117LF.20110705_223000Z.flac,1,reviewed_confounder,,,,,,DFO_CRP:WVanIsl:DFOCRP.H50bjRcb-WCV1.AURAL117LF.20110705_223000Z.flac,[],
dclde_DFO_WDLP_CarmanahPt__ST6249.220428095525.wav_143.2s_143.6s_trainstyle,dclde_DFO_WDLP_CarmanahPt__ST6249.220428095525.wav,ST6249.220428095525.wav,ST6249.220428095525.wav,143.210000,143.615000,143.210000,143.615000,143.210000,0.405000,dclde_DFO_WDLP_CarmanahPt__ST6249.220428095525.wav_143.2s_143.6s_trainstyle.mat,mat_files/dclde_DFO_WDLP_CarmanahPt__ST6249.220428095525.wav_143.2s_143.6s_trainstyle.mat,dclde_2027_DFO_WDLP_CarmanahPt,159667,DFO_WDLP,CarmanahPt,ST6249.220428095525.wav,UndBio,confounder:undetermined_biological,,,,confounder:undetermined_biological,NA,Detection,0,NA,4312,4453,dclde/2027/dclde_2027_killer_whales/dfo_wdlp/audio/carmanahpt/ST6249.220428095525.wav,gs://noaa-passive-bioacoustic/dclde/2027/dclde_2027_killer_whales/dfo_wdlp/audio/carmanahpt/ST6249.220428095525.wav,https://storage.googleapis.com/noaa-passive-bioacoustic/dclde/2027/dclde_2027_killer_whales/dfo_wdlp/audio/carmanahpt/ST6249.220428095525.wav,1,reviewed_confounder,,,,,,DFO_WDLP:CarmanahPt:ST6249.220428095525.wav,[],
dclde_JASCO_VFPA_ONC_StraitofGeorgia__JASCOAMARHYDROPHONEC000682_20180117T105208.527Z.wav_13.2s_15.5s_trainstyle,dclde_JASCO_VFPA_ONC_StraitofGeorgia__JASCOAMARHYDROPHONEC000682_20180117T105208.527Z.wav,JASCOAMARHYDROPHONEC000682_20180117T105208.527Z.wav,JASCOAMARHYDROPHONEC000682_20180117T105208.527Z.wav,13.199000,15.539000,13.199000,15.539000,13.199000,2.340000,dclde_JASCO_VFPA_ONC_StraitofGeorgia__JASCOAMARHYDROPHONEC000682_20180117T105208.527Z.wav_13.2s_15.5s_trainstyle.mat,mat_files/dclde_JASCO_VFPA_ONC_StraitofGeorgia__JASCOAMARHYDROPHONEC000682_20180117T105208.527Z.wav_13.2s_15.5s_trainstyle.mat,dclde_2027_JASCO_VFPA_ONC_StraitofGeorgia,195635,JASCO_VFPA_ONC,StraitofGeorgia,JASCOAMARHYDROPHONEC000682_20180117T105208.527Z.wav,UndBio,confounder:undetermined_biological,,,,confounder:undetermined_biological,NA,Call,0,NA,1672.9,5340.8,dclde/2027/dclde_2027_killer_whales/vfpa/audio/straitofgeorgia/JASCOAMARHYDROPHONEC000682_20180117T105208.527Z.wav,gs://noaa-passive-bioacoustic/dclde/2027/dclde_2027_killer_whales/vfpa/audio/straitofgeorgia/JASCOAMARHYDROPHONEC000682_20180117T105208.527Z.wav,https://storage.googleapis.com/noaa-passive-bioacoustic/dclde/2027/dclde_2027_killer_whales/vfpa/audio/straitofgeorgia/JASCOAMARHYDROPHONEC000682_20180117T105208.527Z.wav,1,reviewed_confounder,,,,,,JASCO_VFPA_ONC:StraitofGeorgia:JASCOAMARHYDROPHONEC000682_20180117T105208.527Z.wav,[],
dclde_JASCO_VFPA_BoundaryPass__AMAR418.1.20190326T175409Z.wav_1482.8s_1484.8s_trainstyle,dclde_JASCO_VFPA_BoundaryPass__AMAR418.1.20190326T175409Z.wav,AMAR418.1.20190326T175409Z.wav,AMAR418.1.20190326T175409Z.wav,1482.759000,1484.764000,1482.759000,1484.764000,1482.759000,2.005000,dclde_JASCO_VFPA_BoundaryPass__AMAR418.1.20190326T175409Z.wav_1482.8s_1484.8s_trainstyle.mat,mat_files/dclde_JASCO_VFPA_BoundaryPass__AMAR418.1.20190326T175409Z.wav_1482.8s_1484.8s_trainstyle.mat,dclde_2027_JASCO_VFPA_BoundaryPass,182830,JASCO_VFPA,BoundaryPass,AMAR418.1.20190326T175409Z.wav,UndBio,confounder:undetermined_biological,,,,confounder:undetermined_biological,NA,Call,0,NA,251,13826.4,dclde/2027/dclde_2027_killer_whales/vfpa/audio/boundarypass/AMAR418.1.20190326T175409Z.wav,gs://noaa-passive-bioacoustic/dclde/2027/dclde_2027_killer_whales/vfpa/audio/boundarypass/AMAR418.1.20190326T175409Z.wav,https://storage.googleapis.com/noaa-passive-bioacoustic/dclde/2027/dclde_2027_killer_whales/vfpa/audio/boundarypass/AMAR418.1.20190326T175409Z.wav,1,reviewed_confounder,,,,,,JASCO_VFPA:BoundaryPass:AMAR418.1.20190326T175409Z.wav,[],
dclde_ONC_BarkleyCanyon__ICLISTENHF1251_20140101T114159.851Z.wav_277.5s_278.3s_trainstyle,dclde_ONC_BarkleyCanyon__ICLISTENHF1251_20140101T114159.851Z.wav,ICLISTENHF1251_20140101T114159.851Z.wav,ICLISTENHF1251_20140101T114159.851Z.wav,277.528520,278.307980,277.528520,278.307980,277.528520,0.779460,dclde_ONC_BarkleyCanyon__ICLISTENHF1251_20140101T114159.851Z.wav_277.5s_278.3s_trainstyle.mat,mat_files/dclde_ONC_BarkleyCanyon__ICLISTENHF1251_20140101T114159.851Z.wav_277.5s_278.3s_trainstyle.mat,dclde_2027_ONC_BarkleyCanyon,172502,ONC,BarkleyCanyon,ICLISTENHF1251_20140101T114159.851Z.wav,UndBio,confounder:undetermined_biological,,,,confounder:undetermined_biological,NA,Call,0,NA,6513.91,16831.57,dclde/2027/dclde_2027_killer_whales/onc/audio/barkleycanyon/ICLISTENHF1251_20140101T114159.851Z.wav,gs://noaa-passive-bioacoustic/dclde/2027/dclde_2027_killer_whales/onc/audio/barkleycanyon/ICLISTENHF1251_20140101T114159.851Z.wav,https://storage.googleapis.com/noaa-passive-bioacoustic/dclde/2027/dclde_2027_killer_whales/onc/audio/barkleycanyon/ICLISTENHF1251_20140101T114159.851Z.wav,1,reviewed_confounder,,,,,,ONC:BarkleyCanyon:ICLISTENHF1251_20140101T114159.851Z.wav,[],
dclde_SMRUConsulting_LimeKiln__LK_20161106_035300_001.wav_55.1s_55.5s_trainstyle,dclde_SMRUConsulting_LimeKiln__LK_20161106_035300_001.wav,LK_20161106_035300_001.wav,LK_20161106_035300_001.wav,55.097000,55.537000,55.097000,55.537000,55.097000,0.440000,dclde_SMRUConsulting_LimeKiln__LK_20161106_035300_001.wav_55.1s_55.5s_trainstyle.mat,mat_files/dclde_SMRUConsulting_LimeKiln__LK_20161106_035300_001.wav_55.1s_55.5s_trainstyle.mat,dclde_2027_SMRUConsulting_LimeKiln,195820,SMRUConsulting,LimeKiln,LK_20161106_035300_001.wav,UndBio,confounder:undetermined_biological,,,,confounder:undetermined_biological,NA,Call,0,NA,105.98,446.64,dclde/2027/dclde_2027_killer_whales/smru/audio/limekiln/LK_20161106_035300_001.wav,gs://noaa-passive-bioacoustic/dclde/2027/dclde_2027_killer_whales/smru/audio/limekiln/LK_20161106_035300_001.wav,https://storage.googleapis.com/noaa-passive-bioacoustic/dclde/2027/dclde_2027_killer_whales/smru/audio/limekiln/LK_20161106_035300_001.wav,1,reviewed_confounder,,,,,,SMRUConsulting:LimeKiln:LK_20161106_035300_001.wav,[],
dclde_DFO_CRP_NorthBc__DFOCRP.KkHK0R2F-NML1.SM2M-3.20131011_000600Z.flac_297.6s_298.0s_trainstyle,dclde_DFO_CRP_NorthBc__DFOCRP.KkHK0R2F-NML1.SM2M-3.20131011_000600Z.flac,DFOCRP.KkHK0R2F-NML1.SM2M-3.20131011_000600Z.flac,DFOCRP.KkHK0R2F-NML1.SM2M-3.20131011_000600Z.flac,297.600000,297.952000,297.600000,297.952000,297.600000,0.352000,dclde_DFO_CRP_NorthBc__DFOCRP.KkHK0R2F-NML1.SM2M-3.20131011_000600Z.flac_297.6s_298.0s_trainstyle.mat,mat_files/dclde_DFO_CRP_NorthBc__DFOCRP.KkHK0R2F-NML1.SM2M-3.20131011_000600Z.flac_297.6s_298.0s_trainstyle.mat,dclde_2027_DFO_CRP_NorthBc,3,DFO_CRP,NorthBc,DFOCRP.KkHK0R2F-NML1.SM2M-3.20131011_000600Z.flac,AB,confounder:abiotic,,,,confounder:abiotic,NA,Detection,0,NA,1093.75,1218.75,dclde/2027/dclde_2027_killer_whales/dfo_crp/audio/northbc/DFOCRP.KkHK0R2F-NML1.SM2M-3.20131011_000600Z.flac,gs://noaa-passive-bioacoustic/dclde/2027/dclde_2027_killer_whales/dfo_crp/audio/northbc/DFOCRP.KkHK0R2F-NML1.SM2M-3.20131011_000600Z.flac,https://storage.googleapis.com/noaa-passive-bioacoustic/dclde/2027/dclde_2027_killer_whales/dfo_crp/audio/northbc/DFOCRP.KkHK0R2F-NML1.SM2M-3.20131011_000600Z.flac,1,reviewed_confounder,,,,,,DFO_CRP:NorthBc:DFOCRP.KkHK0R2F-NML1.SM2M-3.20131011_000600Z.flac,[],
dclde_DFO_CRP_WVanIsl__DFOCRP.H50bjRcb-WCV1.AURAL117LF.20110519_040000Z.flac_2.8s_3.1s_trainstyle,dclde_DFO_CRP_WVanIsl__DFOCRP.H50bjRcb-WCV1.AURAL117LF.20110519_040000Z.flac,DFOCRP.H50bjRcb-WCV1.AURAL117LF.20110519_040000Z.flac,DFOCRP.H50bjRcb-WCV1.AURAL117LF.20110519_040000Z.flac,2.781000,3.078000,2.781000,3.078000,2.781000,0.297000,dclde_DFO_CRP_WVanIsl__DFOCRP.H50bjRcb-WCV1.AURAL117LF.20110519_040000Z.flac_2.8s_3.1s_trainstyle.mat,mat_files/dclde_DFO_CRP_WVanIsl__DFOCRP.H50bjRcb-WCV1.AURAL117LF.20110519_040000Z.flac_2.8s_3.1s_trainstyle.mat,dclde_2027_DFO_CRP_WVanIsl,44821,DFO_CRP,WVanIsl,DFOCRP.H50bjRcb-WCV1.AURAL117LF.20110519_040000Z.flac,AB,confounder:abiotic,,,,confounder:abiotic,NA,Detection,0,NA,1696,1824,dclde/2027/dclde_2027_killer_whales/dfo_crp/audio/wvanisl/DFOCRP.H50bjRcb-WCV1.AURAL117LF.20110519_040000Z.flac,gs://noaa-passive-bioacoustic/dclde/2027/dclde_2027_killer_whales/dfo_crp/audio/wvanisl/DFOCRP.H50bjRcb-WCV1.AURAL117LF.20110519_040000Z.flac,https://storage.googleapis.com/noaa-passive-bioacoustic/dclde/2027/dclde_2027_killer_whales/dfo_crp/audio/wvanisl/DFOCRP.H50bjRcb-WCV1.AURAL117LF.20110519_040000Z.flac,1,reviewed_confounder,,,,,,DFO_CRP:WVanIsl:DFOCRP.H50bjRcb-WCV1.AURAL117LF.20110519_040000Z.flac,[],
dclde_DFO_WDLP_CarmanahPt__ST6249.220617125105.wav_179.2s_179.6s_trainstyle,dclde_DFO_WDLP_CarmanahPt__ST6249.220617125105.wav,ST6249.220617125105.wav,ST6249.220617125105.wav,179.199000,179.561000,179.199000,179.561000,179.199000,0.362000,dclde_DFO_WDLP_CarmanahPt__ST6249.220617125105.wav_179.2s_179.6s_trainstyle.mat,mat_files/dclde_DFO_WDLP_CarmanahPt__ST6249.220617125105.wav_179.2s_179.6s_trainstyle.mat,dclde_2027_DFO_WDLP_CarmanahPt,159835,DFO_WDLP,CarmanahPt,ST6249.220617125105.wav,AB,confounder:abiotic,,,,confounder:abiotic,NA,Detection,0,NA,6140,6210,dclde/2027/dclde_2027_killer_whales/dfo_wdlp/audio/carmanahpt/ST6249.220617125105.wav,gs://noaa-passive-bioacoustic/dclde/2027/dclde_2027_killer_whales/dfo_wdlp/audio/carmanahpt/ST6249.220617125105.wav,https://storage.googleapis.com/noaa-passive-bioacoustic/dclde/2027/dclde_2027_killer_whales/dfo_wdlp/audio/carmanahpt/ST6249.220617125105.wav,1,reviewed_confounder,,,,,,DFO_WDLP:CarmanahPt:ST6249.220617125105.wav,[],
dclde_DFO_WDLP_StrGeoN1__AMAR610.20210905T142535Z.wav_147.4s_148.2s_trainstyle,dclde_DFO_WDLP_StrGeoN1__AMAR610.20210905T142535Z.wav,AMAR610.20210905T142535Z.wav,AMAR610.20210905T142535Z.wav,147.370000,148.244000,147.370000,148.244000,147.370000,0.874000,dclde_DFO_WDLP_StrGeoN1__AMAR610.20210905T142535Z.wav_147.4s_148.2s_trainstyle.mat,mat_files/dclde_DFO_WDLP_StrGeoN1__AMAR610.20210905T142535Z.wav_147.4s_148.2s_trainstyle.mat,dclde_2027_DFO_WDLP_StrGeoN1,161404,DFO_WDLP,StrGeoN1,AMAR610.20210905T142535Z.wav,AB,confounder:abiotic,,,,confounder:abiotic,NA,Detection,0,NA,6984,7148,dclde/2027/dclde_2027_killer_whales/dfo_wdlp/audio/strgeon1/AMAR610.20210905T142535Z.wav,gs://noaa-passive-bioacoustic/dclde/2027/dclde_2027_killer_whales/dfo_wdlp/audio/strgeon1/AMAR610.20210905T142535Z.wav,https://storage.googleapis.com/noaa-passive-bioacoustic/dclde/2027/dclde_2027_killer_whales/dfo_wdlp/audio/strgeon1/AMAR610.20210905T142535Z.wav,1,reviewed_confounder,,,,,,DFO_WDLP:StrGeoN1:AMAR610.20210905T142535Z.wav,[],
dclde_DFO_WDLP_StrGeoS1__AMAR607.20211113T201618Z.wav_213.5s_213.9s_trainstyle,dclde_DFO_WDLP_StrGeoS1__AMAR607.20211113T201618Z.wav,AMAR607.20211113T201618Z.wav,AMAR607.20211113T201618Z.wav,213.545000,213.907000,213.545000,213.907000,213.545000,0.362000,dclde_DFO_WDLP_StrGeoS1__AMAR607.20211113T201618Z.wav_213.5s_213.9s_trainstyle.mat,mat_files/dclde_DFO_WDLP_StrGeoS1__AMAR607.20211113T201618Z.wav_213.5s_213.9s_trainstyle.mat,dclde_2027_DFO_WDLP_StrGeoS1,163363,DFO_WDLP,StrGeoS1,AMAR607.20211113T201618Z.wav,AB,confounder:abiotic,,,,confounder:abiotic,NA,Detection,0,NA,4007,4078,dclde/2027/dclde_2027_killer_whales/dfo_wdlp/audio/strgeos1/AMAR607.20211113T201618Z.wav,gs://noaa-passive-bioacoustic/dclde/2027/dclde_2027_killer_whales/dfo_wdlp/audio/strgeos1/AMAR607.20211113T201618Z.wav,https://storage.googleapis.com/noaa-passive-bioacoustic/dclde/2027/dclde_2027_killer_whales/dfo_wdlp/audio/strgeos1/AMAR607.20211113T201618Z.wav,1,reviewed_confounder,,,,,,DFO_WDLP:StrGeoS1:AMAR607.20211113T201618Z.wav,[],
dclde_DFO_WDLP_StrGeoS2__AMAR779.20210904T190752Z.wav_108.1s_108.5s_trainstyle,dclde_DFO_WDLP_StrGeoS2__AMAR779.20210904T190752Z.wav,AMAR779.20210904T190752Z.wav,AMAR779.20210904T190752Z.wav,108.052000,108.500000,108.052000,108.500000,108.052000,0.448000,dclde_DFO_WDLP_StrGeoS2__AMAR779.20210904T190752Z.wav_108.1s_108.5s_trainstyle.mat,mat_files/dclde_DFO_WDLP_StrGeoS2__AMAR779.20210904T190752Z.wav_108.1s_108.5s_trainstyle.mat,dclde_2027_DFO_WDLP_StrGeoS2,163568,DFO_WDLP,StrGeoS2,AMAR779.20210904T190752Z.wav,AB,confounder:abiotic,,,,confounder:abiotic,NA,Detection,0,NA,2343,2390,dclde/2027/dclde_2027_killer_whales/dfo_wdlp/audio/strgeos2/AMAR779.20210904T190752Z.wav,gs://noaa-passive-bioacoustic/dclde/2027/dclde_2027_killer_whales/dfo_wdlp/audio/strgeos2/AMAR779.20210904T190752Z.wav,https://storage.googleapis.com/noaa-passive-bioacoustic/dclde/2027/dclde_2027_killer_whales/dfo_wdlp/audio/strgeos2/AMAR779.20210904T190752Z.wav,1,reviewed_confounder,,,,,,DFO_WDLP:StrGeoS2:AMAR779.20210904T190752Z.wav,[],
dclde_DFO_WDLP_SwanChan__AMAR777.20211116T172747Z.wav_48.3s_48.6s_trainstyle,dclde_DFO_WDLP_SwanChan__AMAR777.20211116T172747Z.wav,AMAR777.20211116T172747Z.wav,AMAR777.20211116T172747Z.wav,48.254000,48.616000,48.254000,48.616000,48.254000,0.362000,dclde_DFO_WDLP_SwanChan__AMAR777.20211116T172747Z.wav_48.3s_48.6s_trainstyle.mat,mat_files/dclde_DFO_WDLP_SwanChan__AMAR777.20211116T172747Z.wav_48.3s_48.6s_trainstyle.mat,dclde_2027_DFO_WDLP_SwanChan,165716,DFO_WDLP,SwanChan,AMAR777.20211116T172747Z.wav,AB,confounder:abiotic,,,,confounder:abiotic,NA,Detection,0,NA,3351,3421,dclde/2027/dclde_2027_killer_whales/dfo_wdlp/audio/swanchan/AMAR777.20211116T172747Z.wav,gs://noaa-passive-bioacoustic/dclde/2027/dclde_2027_killer_whales/dfo_wdlp/audio/swanchan/AMAR777.20211116T172747Z.wav,https://storage.googleapis.com/noaa-passive-bioacoustic/dclde/2027/dclde_2027_killer_whales/dfo_wdlp/audio/swanchan/AMAR777.20211116T172747Z.wav,1,reviewed_confounder,,,,,,DFO_WDLP:SwanChan:AMAR777.20211116T172747Z.wav,[],
dclde_JASCO_VFPA_ONC_StraitofGeorgia__JASCOAMARHYDROPHONE2402_20150930T142116.829Z.wav_139.8s_143.2s_trainstyle,dclde_JASCO_VFPA_ONC_StraitofGeorgia__JASCOAMARHYDROPHONE2402_20150930T142116.829Z.wav,JASCOAMARHYDROPHONE2402_20150930T142116.829Z.wav,JASCOAMARHYDROPHONE2402_20150930T142116.829Z.wav,139.764000,143.163000,139.764000,143.163000,139.764000,3.399000,dclde_JASCO_VFPA_ONC_StraitofGeorgia__JASCOAMARHYDROPHONE2402_20150930T142116.829Z.wav_139.8s_143.2s_trainstyle.mat,mat_files/dclde_JASCO_VFPA_ONC_StraitofGeorgia__JASCOAMARHYDROPHONE2402_20150930T142116.829Z.wav_139.8s_143.2s_trainstyle.mat,dclde_2027_JASCO_VFPA_ONC_StraitofGeorgia,193986,JASCO_VFPA_ONC,StraitofGeorgia,JASCOAMARHYDROPHONE2402_20150930T142116.829Z.wav,AB,confounder:abiotic,,,,confounder:abiotic,NA,Call,0,NA,935.6,4095.4,dclde/2027/dclde_2027_killer_whales/vfpa/audio/straitofgeorgia/JASCOAMARHYDROPHONE2402_20150930T142116.829Z.wav,gs://noaa-passive-bioacoustic/dclde/2027/dclde_2027_killer_whales/vfpa/audio/straitofgeorgia/JASCOAMARHYDROPHONE2402_20150930T142116.829Z.wav,https://storage.googleapis.com/noaa-passive-bioacoustic/dclde/2027/dclde_2027_killer_whales/vfpa/audio/straitofgeorgia/JASCOAMARHYDROPHONE2402_20150930T142116.829Z.wav,1,reviewed_confounder,,,,,,JASCO_VFPA_ONC:StraitofGeorgia:JASCOAMARHYDROPHONE2402_20150930T142116.829Z.wav,[],
dclde_JASCO_VFPA_BoundaryPass__AMAR418.1.20180902T143639Z.wav_820.2s_822.1s_trainstyle,dclde_JASCO_VFPA_BoundaryPass__AMAR418.1.20180902T143639Z.wav,AMAR418.1.20180902T143639Z.wav,AMAR418.1.20180902T143639Z.wav,820.159000,822.074000,820.159000,822.074000,820.159000,1.915000,dclde_JASCO_VFPA_BoundaryPass__AMAR418.1.20180902T143639Z.wav_820.2s_822.1s_trainstyle.mat,mat_files/dclde_JASCO_VFPA_BoundaryPass__AMAR418.1.20180902T143639Z.wav_820.2s_822.1s_trainstyle.mat,dclde_2027_JASCO_VFPA_BoundaryPass,181277,JASCO_VFPA,BoundaryPass,AMAR418.1.20180902T143639Z.wav,AB,confounder:abiotic,,,,confounder:abiotic,NA,Call,0,NA,168.6,10156.2,dclde/2027/dclde_2027_killer_whales/vfpa/audio/boundarypass/AMAR418.1.20180902T143639Z.wav,gs://noaa-passive-bioacoustic/dclde/2027/dclde_2027_killer_whales/vfpa/audio/boundarypass/AMAR418.1.20180902T143639Z.wav,https://storage.googleapis.com/noaa-passive-bioacoustic/dclde/2027/dclde_2027_killer_whales/vfpa/audio/boundarypass/AMAR418.1.20180902T143639Z.wav,1,reviewed_confounder,,,,,,JASCO_VFPA:BoundaryPass:AMAR418.1.20180902T143639Z.wav,[],
dclde_JASCO_VFPA_HaroStraitNorth__AMAR418.1.20170708T073001Z.wav_1179.1s_1179.7s_trainstyle,dclde_JASCO_VFPA_HaroStraitNorth__AMAR418.1.20170708T073001Z.wav,AMAR418.1.20170708T073001Z.wav,AMAR418.1.20170708T073001Z.wav,1179.100000,1179.680000,1179.100000,1179.680000,1179.100000,0.580000,dclde_JASCO_VFPA_HaroStraitNorth__AMAR418.1.20170708T073001Z.wav_1179.1s_1179.7s_trainstyle.mat,mat_files/dclde_JASCO_VFPA_HaroStraitNorth__AMAR418.1.20170708T073001Z.wav_1179.1s_1179.7s_trainstyle.mat,dclde_2027_JASCO_VFPA_HaroStraitNorth,183223,JASCO_VFPA,HaroStraitNorth,AMAR418.1.20170708T073001Z.wav,AB,confounder:abiotic,,,,confounder:abiotic,NA,Call,0,NA,2539.19,2860.19,dclde/2027/dclde_2027_killer_whales/vfpa/audio/harostraitnorth/AMAR418.1.20170708T073001Z.wav,gs://noaa-passive-bioacoustic/dclde/2027/dclde_2027_killer_whales/vfpa/audio/harostraitnorth/AMAR418.1.20170708T073001Z.wav,https://storage.googleapis.com/noaa-passive-bioacoustic/dclde/2027/dclde_2027_killer_whales/vfpa/audio/harostraitnorth/AMAR418.1.20170708T073001Z.wav,1,reviewed_confounder,,,,,,JASCO_VFPA:HaroStraitNorth:AMAR418.1.20170708T073001Z.wav,[],
dclde_JASCO_VFPA_HaroStraitSouth__AMAR395.1.20170708T073001Z.wav_523.3s_524.0s_trainstyle,dclde_JASCO_VFPA_HaroStraitSouth__AMAR395.1.20170708T073001Z.wav,AMAR395.1.20170708T073001Z.wav,AMAR395.1.20170708T073001Z.wav,523.260000,524.020000,523.260000,524.020000,523.260000,0.760000,dclde_JASCO_VFPA_HaroStraitSouth__AMAR395.1.20170708T073001Z.wav_523.3s_524.0s_trainstyle.mat,mat_files/dclde_JASCO_VFPA_HaroStraitSouth__AMAR395.1.20170708T073001Z.wav_523.3s_524.0s_trainstyle.mat,dclde_2027_JASCO_VFPA_HaroStraitSouth,188549,JASCO_VFPA,HaroStraitSouth,AMAR395.1.20170708T073001Z.wav,AB,confounder:abiotic,,,,confounder:abiotic,NA,Call,0,NA,628.47,3262.47,dclde/2027/dclde_2027_killer_whales/vfpa/audio/harostraitsouth/AMAR395.1.20170708T073001Z.wav,gs://noaa-passive-bioacoustic/dclde/2027/dclde_2027_killer_whales/vfpa/audio/harostraitsouth/AMAR395.1.20170708T073001Z.wav,https://storage.googleapis.com/noaa-passive-bioacoustic/dclde/2027/dclde_2027_killer_whales/vfpa/audio/harostraitsouth/AMAR395.1.20170708T073001Z.wav,1,reviewed_confounder,,,,,,JASCO_VFPA:HaroStraitSouth:AMAR395.1.20170708T073001Z.wav,[],
dclde_OrcaSound_bush_point__rpi-bush-point_2020_09_27_23_18_00.wav_0.0s_2.5s_trainstyle,dclde_OrcaSound_bush_point__rpi-bush-point_2020_09_27_23_18_00.wav,rpi-bush-point_2020_09_27_23_18_00.wav,rpi-bush-point_2020_09_27_23_18_00.wav,0.000000,2.450000,0.000000,2.450000,0.000000,2.450000,dclde_OrcaSound_bush_point__rpi-bush-point_2020_09_27_23_18_00.wav_0.0s_2.5s_trainstyle.mat,mat_files/dclde_OrcaSound_bush_point__rpi-bush-point_2020_09_27_23_18_00.wav_0.0s_2.5s_trainstyle.mat,dclde_2027_OrcaSound_bush_point,171184,OrcaSound,bush_point,rpi-bush-point_2020_09_27_23_18_00.wav,AB,confounder:abiotic,,,,confounder:abiotic,NA,File,0,NA,NA,NA,dclde/2027/dclde_2027_killer_whales/orcasound/audio/bushpoint/rpi-bush-point_2020_09_27_23_18_00.wav,gs://noaa-passive-bioacoustic/dclde/2027/dclde_2027_killer_whales/orcasound/audio/bushpoint/rpi-bush-point_2020_09_27_23_18_00.wav,https://storage.googleapis.com/noaa-passive-bioacoustic/dclde/2027/dclde_2027_killer_whales/orcasound/audio/bushpoint/rpi-bush-point_2020_09_27_23_18_00.wav,1,reviewed_confounder,,,,,,OrcaSound:bush_point:rpi-bush-point_2020_09_27_23_18_00.wav,[],
dclde_OrcaSound_orcasound_lab__1562337136_001b.wav_0.0s_2.5s_trainstyle,dclde_OrcaSound_orcasound_lab__1562337136_001b.wav,1562337136_001b.wav,1562337136_001b.wav,0.000000,2.450000,0.000000,2.450000,0.000000,2.450000,dclde_OrcaSound_orcasound_lab__1562337136_001b.wav_0.0s_2.5s_trainstyle.mat,mat_files/dclde_OrcaSound_orcasound_lab__1562337136_001b.wav_0.0s_2.5s_trainstyle.mat,dclde_2027_OrcaSound_orcasound_lab,169339,OrcaSound,orcasound_lab,1562337136_001b.wav,AB,confounder:abiotic,,,,confounder:abiotic,NA,File,0,NA,NA,NA,dclde/2027/dclde_2027_killer_whales/orcasound/audio/orcasoundlab/1562337136_001b.wav,gs://noaa-passive-bioacoustic/dclde/2027/dclde_2027_killer_whales/orcasound/audio/orcasoundlab/1562337136_001b.wav,https://storage.googleapis.com/noaa-passive-bioacoustic/dclde/2027/dclde_2027_killer_whales/orcasound/audio/orcasoundlab/1562337136_001b.wav,1,reviewed_confounder,,,,,,OrcaSound:orcasound_lab:1562337136_001b.wav,[],
dclde_OrcaSound_port_townsend__rpi-port-townsend_2020_09_29_19_29_00.wav_0.0s_4.4s_trainstyle,dclde_OrcaSound_port_townsend__rpi-port-townsend_2020_09_29_19_29_00.wav,rpi-port-townsend_2020_09_29_19_29_00.wav,rpi-port-townsend_2020_09_29_19_29_00.wav,0.000000,4.420429,0.000000,4.420429,0.000000,4.420429,dclde_OrcaSound_port_townsend__rpi-port-townsend_2020_09_29_19_29_00.wav_0.0s_4.4s_trainstyle.mat,mat_files/dclde_OrcaSound_port_townsend__rpi-port-townsend_2020_09_29_19_29_00.wav_0.0s_4.4s_trainstyle.mat,dclde_2027_OrcaSound_port_townsend,170747,OrcaSound,port_townsend,rpi-port-townsend_2020_09_29_19_29_00.wav,AB,confounder:abiotic,,,,confounder:abiotic,NA,File,0,NA,NA,NA,dclde/2027/dclde_2027_killer_whales/orcasound/audio/porttownsend/rpi-port-townsend_2020_09_29_19_29_00.wav,gs://noaa-passive-bioacoustic/dclde/2027/dclde_2027_killer_whales/orcasound/audio/porttownsend/rpi-port-townsend_2020_09_29_19_29_00.wav,https://storage.googleapis.com/noaa-passive-bioacoustic/dclde/2027/dclde_2027_killer_whales/orcasound/audio/porttownsend/rpi-port-townsend_2020_09_29_19_29_00.wav,1,reviewed_confounder,,,,,,OrcaSound:port_townsend:rpi-port-townsend_2020_09_29_19_29_00.wav,[],
dclde_SIMRES_Tekteksen__ICLISTENHF6156_20220624T164000.000Z_20220624T164459.996Z.flac_295.0s_300.0s_trainstyle,dclde_SIMRES_Tekteksen__ICLISTENHF6156_20220624T164000.000Z_20220624T164459.996Z.flac,ICLISTENHF6156_20220624T164000.000Z_20220624T164459.996Z.flac,ICLISTENHF6156_20220624T164000.000Z_20220624T164459.996Z.flac,294.995600,300.000000,294.995600,300.000000,294.995600,5.004400,dclde_SIMRES_Tekteksen__ICLISTENHF6156_20220624T164000.000Z_20220624T164459.996Z.flac_295.0s_300.0s_trainstyle.mat,mat_files/dclde_SIMRES_Tekteksen__ICLISTENHF6156_20220624T164000.000Z_20220624T164459.996Z.flac_295.0s_300.0s_trainstyle.mat,dclde_2027_SIMRES_Tekteksen,177186,SIMRES,Tekteksen,ICLISTENHF6156_20220624T164000.000Z_20220624T164459.996Z.flac,AB,confounder:abiotic,,,,confounder:abiotic,NA,Call,0,NA,0,0,dclde/2027/dclde_2027_killer_whales/simres/audio/tekteksen/ICLISTENHF6156_20220624T164000.000Z_20220624T164459.996Z.flac,gs://noaa-passive-bioacoustic/dclde/2027/dclde_2027_killer_whales/simres/audio/tekteksen/ICLISTENHF6156_20220624T164000.000Z_20220624T164459.996Z.flac,https://storage.googleapis.com/noaa-passive-bioacoustic/dclde/2027/dclde_2027_killer_whales/simres/audio/tekteksen/ICLISTENHF6156_20220624T164000.000Z_20220624T164459.996Z.flac,1,reviewed_confounder,,,,,,SIMRES:Tekteksen:ICLISTENHF6156_20220624T164000.000Z_20220624T164459.996Z.flac,[],
dclde_SIO_Cpe_Elz__OCNMS13CE_110528_044617_BCTransients.wav_297.3s_300.0s_trainstyle,dclde_SIO_Cpe_Elz__OCNMS13CE_110528_044617_BCTransients.wav,OCNMS13CE_110528_044617_BCTransients.wav,OCNMS13CE_110528_044617_BCTransients.wav,297.286565,299.959832,297.286565,299.959832,297.286565,2.673267,dclde_SIO_Cpe_Elz__OCNMS13CE_110528_044617_BCTransients.wav_297.3s_300.0s_trainstyle.mat,mat_files/dclde_SIO_Cpe_Elz__OCNMS13CE_110528_044617_BCTransients.wav_297.3s_300.0s_trainstyle.mat,dclde_2027_SIO_Cpe_Elz,174398,SIO,Cpe_Elz,OCNMS13CE_110528_044617_BCTransients.wav,AB,confounder:abiotic,,,,confounder:abiotic,NA,Call,0,NA,0,0,dclde/2027/dclde_2027_killer_whales/scripps/audio/cpeelz/OCNMS13CE_110528_044617_BCTransients.wav,gs://noaa-passive-bioacoustic/dclde/2027/dclde_2027_killer_whales/scripps/audio/cpeelz/OCNMS13CE_110528_044617_BCTransients.wav,https://storage.googleapis.com/noaa-passive-bioacoustic/dclde/2027/dclde_2027_killer_whales/scripps/audio/cpeelz/OCNMS13CE_110528_044617_BCTransients.wav,1,reviewed_confounder,,,,,,SIO:Cpe_Elz:OCNMS13CE_110528_044617_BCTransients.wav,[],
dclde_SIO_Quin_Can__OCNMS12QC_110709_041942_Offshores.wav_1744.1s_1747.5s_trainstyle,dclde_SIO_Quin_Can__OCNMS12QC_110709_041942_Offshores.wav,OCNMS12QC_110709_041942_Offshores.wav,OCNMS12QC_110709_041942_Offshores.wav,1744.059200,1747.499794,1744.059200,1747.499794,1744.059200,3.440594,dclde_SIO_Quin_Can__OCNMS12QC_110709_041942_Offshores.wav_1744.1s_1747.5s_trainstyle.mat,mat_files/dclde_SIO_Quin_Can__OCNMS12QC_110709_041942_Offshores.wav_1744.1s_1747.5s_trainstyle.mat,dclde_2027_SIO_Quin_Can,177113,SIO,Quin_Can,OCNMS12QC_110709_041942_Offshores.wav,AB,confounder:abiotic,,,,confounder:abiotic,NA,Call,0,NA,0,0,dclde/2027/dclde_2027_killer_whales/scripps/audio/quincan/OCNMS12QC_110709_041942_Offshores.wav,gs://noaa-passive-bioacoustic/dclde/2027/dclde_2027_killer_whales/scripps/audio/quincan/OCNMS12QC_110709_041942_Offshores.wav,https://storage.googleapis.com/noaa-passive-bioacoustic/dclde/2027/dclde_2027_killer_whales/scripps/audio/quincan/OCNMS12QC_110709_041942_Offshores.wav,1,reviewed_confounder,,,,,,SIO:Quin_Can:OCNMS12QC_110709_041942_Offshores.wav,[],
dclde_SMRUConsulting_LimeKiln__LK_20161106_034800_000.wav_20.3s_28.6s_trainstyle,dclde_SMRUConsulting_LimeKiln__LK_20161106_034800_000.wav,LK_20161106_034800_000.wav,LK_20161106_034800_000.wav,20.289000,28.649000,20.289000,28.649000,20.289000,8.360000,dclde_SMRUConsulting_LimeKiln__LK_20161106_034800_000.wav_20.3s_28.6s_trainstyle.mat,mat_files/dclde_SMRUConsulting_LimeKiln__LK_20161106_034800_000.wav_20.3s_28.6s_trainstyle.mat,dclde_2027_SMRUConsulting_LimeKiln,195797,SMRUConsulting,LimeKiln,LK_20161106_034800_000.wav,AB,confounder:abiotic,,,,confounder:abiotic,NA,Call,0,NA,0,1471.86,dclde/2027/dclde_2027_killer_whales/smru/audio/limekiln/LK_20161106_034800_000.wav,gs://noaa-passive-bioacoustic/dclde/2027/dclde_2027_killer_whales/smru/audio/limekiln/LK_20161106_034800_000.wav,https://storage.googleapis.com/noaa-passive-bioacoustic/dclde/2027/dclde_2027_killer_whales/smru/audio/limekiln/LK_20161106_034800_000.wav,1,reviewed_confounder,,,,,,SMRUConsulting:LimeKiln:LK_20161106_034800_000.wav,[],
dclde_DFO_CRP_NorthBc__DFOCRP.KkHK0R2F-NML1.SM2M-3.20131014_165100Z.flac_284.3s_284.6s_trainstyle,dclde_DFO_CRP_NorthBc__DFOCRP.KkHK0R2F-NML1.SM2M-3.20131014_165100Z.flac,DFOCRP.KkHK0R2F-NML1.SM2M-3.20131014_165100Z.flac,DFOCRP.KkHK0R2F-NML1.SM2M-3.20131014_165100Z.flac,284.335000,284.623000,284.335000,284.623000,284.335000,0.288000,dclde_DFO_CRP_NorthBc__DFOCRP.KkHK0R2F-NML1.SM2M-3.20131014_165100Z.flac_284.3s_284.6s_trainstyle.mat,mat_files/dclde_DFO_CRP_NorthBc__DFOCRP.KkHK0R2F-NML1.SM2M-3.20131014_165100Z.flac_284.3s_284.6s_trainstyle.mat,dclde_2027_DFO_CRP_NorthBc,2431,DFO_CRP,NorthBc,DFOCRP.KkHK0R2F-NML1.SM2M-3.20131014_165100Z.flac,UndBio,confounder:undetermined_biological,,,,confounder:undetermined_biological,NA,Detection,0,NA,1593.75,1875,dclde/2027/dclde_2027_killer_whales/dfo_crp/audio/northbc/DFOCRP.KkHK0R2F-NML1.SM2M-3.20131014_165100Z.flac,gs://noaa-passive-bioacoustic/dclde/2027/dclde_2027_killer_whales/dfo_crp/audio/northbc/DFOCRP.KkHK0R2F-NML1.SM2M-3.20131014_165100Z.flac,https://storage.googleapis.com/noaa-passive-bioacoustic/dclde/2027/dclde_2027_killer_whales/dfo_crp/audio/northbc/DFOCRP.KkHK0R2F-NML1.SM2M-3.20131014_165100Z.flac,1,reviewed_confounder,,,,,,DFO_CRP:NorthBc:DFOCRP.KkHK0R2F-NML1.SM2M-3.20131014_165100Z.flac,[],
dclde_DFO_CRP_WVanIsl__DFOCRP.H50bjRcb-WCV1.AURAL117LF.20110706_223000Z.flac_1.7s_2.0s_trainstyle,dclde_DFO_CRP_WVanIsl__DFOCRP.H50bjRcb-WCV1.AURAL117LF.20110706_223000Z.flac,DFOCRP.H50bjRcb-WCV1.AURAL117LF.20110706_223000Z.flac,DFOCRP.H50bjRcb-WCV1.AURAL117LF.20110706_223000Z.flac,1.671000,1.968000,1.671000,1.968000,1.671000,0.297000,dclde_DFO_CRP_WVanIsl__DFOCRP.H50bjRcb-WCV1.AURAL117LF.20110706_223000Z.flac_1.7s_2.0s_trainstyle.mat,mat_files/dclde_DFO_CRP_WVanIsl__DFOCRP.H50bjRcb-WCV1.AURAL117LF.20110706_223000Z.flac_1.7s_2.0s_trainstyle.mat,dclde_2027_DFO_CRP_WVanIsl,47334,DFO_CRP,WVanIsl,DFOCRP.H50bjRcb-WCV1.AURAL117LF.20110706_223000Z.flac,UndBio,confounder:undetermined_biological,,,,confounder:undetermined_biological,NA,Detection,0,NA,7392,7552,dclde/2027/dclde_2027_killer_whales/dfo_crp/audio/wvanisl/DFOCRP.H50bjRcb-WCV1.AURAL117LF.20110706_223000Z.flac,gs://noaa-passive-bioacoustic/dclde/2027/dclde_2027_killer_whales/dfo_crp/audio/wvanisl/DFOCRP.H50bjRcb-WCV1.AURAL117LF.20110706_223000Z.flac,https://storage.googleapis.com/noaa-passive-bioacoustic/dclde/2027/dclde_2027_killer_whales/dfo_crp/audio/wvanisl/DFOCRP.H50bjRcb-WCV1.AURAL117LF.20110706_223000Z.flac,1,reviewed_confounder,,,,,,DFO_CRP:WVanIsl:DFOCRP.H50bjRcb-WCV1.AURAL117LF.20110706_223000Z.flac,[],
dclde_DFO_WDLP_CarmanahPt__ST6249.220428101325.wav_59.0s_59.4s_trainstyle,dclde_DFO_WDLP_CarmanahPt__ST6249.220428101325.wav,ST6249.220428101325.wav,ST6249.220428101325.wav,59.029000,59.391000,59.029000,59.391000,59.029000,0.362000,dclde_DFO_WDLP_CarmanahPt__ST6249.220428101325.wav_59.0s_59.4s_trainstyle.mat,mat_files/dclde_DFO_WDLP_CarmanahPt__ST6249.220428101325.wav_59.0s_59.4s_trainstyle.mat,dclde_2027_DFO_WDLP_CarmanahPt,159668,DFO_WDLP,CarmanahPt,ST6249.220428101325.wav,UndBio,confounder:undetermined_biological,,,,confounder:undetermined_biological,NA,Detection,0,NA,4171,4382,dclde/2027/dclde_2027_killer_whales/dfo_wdlp/audio/carmanahpt/ST6249.220428101325.wav,gs://noaa-passive-bioacoustic/dclde/2027/dclde_2027_killer_whales/dfo_wdlp/audio/carmanahpt/ST6249.220428101325.wav,https://storage.googleapis.com/noaa-passive-bioacoustic/dclde/2027/dclde_2027_killer_whales/dfo_wdlp/audio/carmanahpt/ST6249.220428101325.wav,1,reviewed_confounder,,,,,,DFO_WDLP:CarmanahPt:ST6249.220428101325.wav,[],
dclde_JASCO_VFPA_ONC_StraitofGeorgia__JASCOAMARHYDROPHONEC000682_20180117T105208.527Z.wav_36.0s_36.7s_trainstyle,dclde_JASCO_VFPA_ONC_StraitofGeorgia__JASCOAMARHYDROPHONEC000682_20180117T105208.527Z.wav,JASCOAMARHYDROPHONEC000682_20180117T105208.527Z.wav,JASCOAMARHYDROPHONEC000682_20180117T105208.527Z.wav,35.996000,36.735000,35.996000,36.735000,35.996000,0.739000,dclde_JASCO_VFPA_ONC_StraitofGeorgia__JASCOAMARHYDROPHONEC000682_20180117T105208.527Z.wav_36.0s_36.7s_trainstyle.mat,mat_files/dclde_JASCO_VFPA_ONC_StraitofGeorgia__JASCOAMARHYDROPHONEC000682_20180117T105208.527Z.wav_36.0s_36.7s_trainstyle.mat,dclde_2027_JASCO_VFPA_ONC_StraitofGeorgia,195636,JASCO_VFPA_ONC,StraitofGeorgia,JASCOAMARHYDROPHONEC000682_20180117T105208.527Z.wav,UndBio,confounder:undetermined_biological,,,,confounder:undetermined_biological,NA,Call,0,NA,2837.7,17174.7,dclde/2027/dclde_2027_killer_whales/vfpa/audio/straitofgeorgia/JASCOAMARHYDROPHONEC000682_20180117T105208.527Z.wav,gs://noaa-passive-bioacoustic/dclde/2027/dclde_2027_killer_whales/vfpa/audio/straitofgeorgia/JASCOAMARHYDROPHONEC000682_20180117T105208.527Z.wav,https://storage.googleapis.com/noaa-passive-bioacoustic/dclde/2027/dclde_2027_killer_whales/vfpa/audio/straitofgeorgia/JASCOAMARHYDROPHONEC000682_20180117T105208.527Z.wav,1,reviewed_confounder,,,,,,JASCO_VFPA_ONC:StraitofGeorgia:JASCOAMARHYDROPHONEC000682_20180117T105208.527Z.wav,[],
dclde_JASCO_VFPA_BoundaryPass__AMAR418.1.20190326T175409Z.wav_1485.5s_1486.2s_trainstyle,dclde_JASCO_VFPA_BoundaryPass__AMAR418.1.20190326T175409Z.wav,AMAR418.1.20190326T175409Z.wav,AMAR418.1.20190326T175409Z.wav,1485.454000,1486.214000,1485.454000,1486.214000,1485.454000,0.760000,dclde_JASCO_VFPA_BoundaryPass__AMAR418.1.20190326T175409Z.wav_1485.5s_1486.2s_trainstyle.mat,mat_files/dclde_JASCO_VFPA_BoundaryPass__AMAR418.1.20190326T175409Z.wav_1485.5s_1486.2s_trainstyle.mat,dclde_2027_JASCO_VFPA_BoundaryPass,182831,JASCO_VFPA,BoundaryPass,AMAR418.1.20190326T175409Z.wav,UndBio,confounder:undetermined_biological,,,,confounder:undetermined_biological,NA,Call,0,NA,0,9557,dclde/2027/dclde_2027_killer_whales/vfpa/audio/boundarypass/AMAR418.1.20190326T175409Z.wav,gs://noaa-passive-bioacoustic/dclde/2027/dclde_2027_killer_whales/vfpa/audio/boundarypass/AMAR418.1.20190326T175409Z.wav,https://storage.googleapis.com/noaa-passive-bioacoustic/dclde/2027/dclde_2027_killer_whales/vfpa/audio/boundarypass/AMAR418.1.20190326T175409Z.wav,1,reviewed_confounder,,,,,,JASCO_VFPA:BoundaryPass:AMAR418.1.20190326T175409Z.wav,[],
dclde_ONC_BarkleyCanyon__ICLISTENHF1251_20140101T115159.853Z.wav_163.0s_164.1s_trainstyle,dclde_ONC_BarkleyCanyon__ICLISTENHF1251_20140101T115159.853Z.wav,ICLISTENHF1251_20140101T115159.853Z.wav,ICLISTENHF1251_20140101T115159.853Z.wav,163.003800,164.087440,163.003800,164.087440,163.003800,1.083640,dclde_ONC_BarkleyCanyon__ICLISTENHF1251_20140101T115159.853Z.wav_163.0s_164.1s_trainstyle.mat,mat_files/dclde_ONC_BarkleyCanyon__ICLISTENHF1251_20140101T115159.853Z.wav_163.0s_164.1s_trainstyle.mat,dclde_2027_ONC_BarkleyCanyon,172503,ONC,BarkleyCanyon,ICLISTENHF1251_20140101T115159.853Z.wav,UndBio,confounder:undetermined_biological,,,,confounder:undetermined_biological,NA,Call,0,NA,2282.25,19161.36,dclde/2027/dclde_2027_killer_whales/onc/audio/barkleycanyon/ICLISTENHF1251_20140101T115159.853Z.wav,gs://noaa-passive-bioacoustic/dclde/2027/dclde_2027_killer_whales/onc/audio/barkleycanyon/ICLISTENHF1251_20140101T115159.853Z.wav,https://storage.googleapis.com/noaa-passive-bioacoustic/dclde/2027/dclde_2027_killer_whales/onc/audio/barkleycanyon/ICLISTENHF1251_20140101T115159.853Z.wav,1,reviewed_confounder,,,,,,ONC:BarkleyCanyon:ICLISTENHF1251_20140101T115159.853Z.wav,[],
dclde_SMRUConsulting_LimeKiln__LK_20161106_035300_001.wav_56.3s_56.7s_trainstyle,dclde_SMRUConsulting_LimeKiln__LK_20161106_035300_001.wav,LK_20161106_035300_001.wav,LK_20161106_035300_001.wav,56.316000,56.696000,56.316000,56.696000,56.316000,0.380000,dclde_SMRUConsulting_LimeKiln__LK_20161106_035300_001.wav_56.3s_56.7s_trainstyle.mat,mat_files/dclde_SMRUConsulting_LimeKiln__LK_20161106_035300_001.wav_56.3s_56.7s_trainstyle.mat,dclde_2027_SMRUConsulting_LimeKiln,195821,SMRUConsulting,LimeKiln,LK_20161106_035300_001.wav,UndBio,confounder:undetermined_biological,,,,confounder:undetermined_biological,NA,Call,0,NA,113.55,545.06,dclde/2027/dclde_2027_killer_whales/smru/audio/limekiln/LK_20161106_035300_001.wav,gs://noaa-passive-bioacoustic/dclde/2027/dclde_2027_killer_whales/smru/audio/limekiln/LK_20161106_035300_001.wav,https://storage.googleapis.com/noaa-passive-bioacoustic/dclde/2027/dclde_2027_killer_whales/smru/audio/limekiln/LK_20161106_035300_001.wav,1,reviewed_confounder,,,,,,SMRUConsulting:LimeKiln:LK_20161106_035300_001.wav,[],
dclde_DFO_CRP_NorthBc__DFOCRP.KkHK0R2F-NML1.SM2M-3.20131011_002100Z.flac_26.2s_26.6s_trainstyle,dclde_DFO_CRP_NorthBc__DFOCRP.KkHK0R2F-NML1.SM2M-3.20131011_002100Z.flac,DFOCRP.KkHK0R2F-NML1.SM2M-3.20131011_002100Z.flac,DFOCRP.KkHK0R2F-NML1.SM2M-3.20131011_002100Z.flac,26.176000,26.624000,26.176000,26.624000,26.176000,0.448000,dclde_DFO_CRP_NorthBc__DFOCRP.KkHK0R2F-NML1.SM2M-3.20131011_002100Z.flac_26.2s_26.6s_trainstyle.mat,mat_files/dclde_DFO_CRP_NorthBc__DFOCRP.KkHK0R2F-NML1.SM2M-3.20131011_002100Z.flac_26.2s_26.6s_trainstyle.mat,dclde_2027_DFO_CRP_NorthBc,4,DFO_CRP,NorthBc,DFOCRP.KkHK0R2F-NML1.SM2M-3.20131011_002100Z.flac,AB,confounder:abiotic,,,,confounder:abiotic,NA,Detection,0,NA,1000,1218.75,dclde/2027/dclde_2027_killer_whales/dfo_crp/audio/northbc/DFOCRP.KkHK0R2F-NML1.SM2M-3.20131011_002100Z.flac,gs://noaa-passive-bioacoustic/dclde/2027/dclde_2027_killer_whales/dfo_crp/audio/northbc/DFOCRP.KkHK0R2F-NML1.SM2M-3.20131011_002100Z.flac,https://storage.googleapis.com/noaa-passive-bioacoustic/dclde/2027/dclde_2027_killer_whales/dfo_crp/audio/northbc/DFOCRP.KkHK0R2F-NML1.SM2M-3.20131011_002100Z.flac,1,reviewed_confounder,,,,,,DFO_CRP:NorthBc:DFOCRP.KkHK0R2F-NML1.SM2M-3.20131011_002100Z.flac,[],
dclde_DFO_CRP_WVanIsl__DFOCRP.H50bjRcb-WCV1.AURAL117LF.20110519_040000Z.flac_193.2s_193.6s_trainstyle,dclde_DFO_CRP_WVanIsl__DFOCRP.H50bjRcb-WCV1.AURAL117LF.20110519_040000Z.flac,DFOCRP.H50bjRcb-WCV1.AURAL117LF.20110519_040000Z.flac,DFOCRP.H50bjRcb-WCV1.AURAL117LF.20110519_040000Z.flac,193.217000,193.639000,193.217000,193.639000,193.217000,0.422000,dclde_DFO_CRP_WVanIsl__DFOCRP.H50bjRcb-WCV1.AURAL117LF.20110519_040000Z.flac_193.2s_193.6s_trainstyle.mat,mat_files/dclde_DFO_CRP_WVanIsl__DFOCRP.H50bjRcb-WCV1.AURAL117LF.20110519_040000Z.flac_193.2s_193.6s_trainstyle.mat,dclde_2027_DFO_CRP_WVanIsl,44822,DFO_CRP,WVanIsl,DFOCRP.H50bjRcb-WCV1.AURAL117LF.20110519_040000Z.flac,AB,confounder:abiotic,,,,confounder:abiotic,NA,Detection,0,NA,2560,2720,dclde/2027/dclde_2027_killer_whales/dfo_crp/audio/wvanisl/DFOCRP.H50bjRcb-WCV1.AURAL117LF.20110519_040000Z.flac,gs://noaa-passive-bioacoustic/dclde/2027/dclde_2027_killer_whales/dfo_crp/audio/wvanisl/DFOCRP.H50bjRcb-WCV1.AURAL117LF.20110519_040000Z.flac,https://storage.googleapis.com/noaa-passive-bioacoustic/dclde/2027/dclde_2027_killer_whales/dfo_crp/audio/wvanisl/DFOCRP.H50bjRcb-WCV1.AURAL117LF.20110519_040000Z.flac,1,reviewed_confounder,,,,,,DFO_CRP:WVanIsl:DFOCRP.H50bjRcb-WCV1.AURAL117LF.20110519_040000Z.flac,[],
dclde_DFO_WDLP_CarmanahPt__ST6249.220617125405.wav_117.1s_117.5s_trainstyle,dclde_DFO_WDLP_CarmanahPt__ST6249.220617125405.wav,ST6249.220617125405.wav,ST6249.220617125405.wav,117.118000,117.459000,117.118000,117.459000,117.118000,0.341000,dclde_DFO_WDLP_CarmanahPt__ST6249.220617125405.wav_117.1s_117.5s_trainstyle.mat,mat_files/dclde_DFO_WDLP_CarmanahPt__ST6249.220617125405.wav_117.1s_117.5s_trainstyle.mat,dclde_2027_DFO_WDLP_CarmanahPt,159836,DFO_WDLP,CarmanahPt,ST6249.220617125405.wav,AB,confounder:abiotic,,,,confounder:abiotic,NA,Detection,0,NA,4148,4265,dclde/2027/dclde_2027_killer_whales/dfo_wdlp/audio/carmanahpt/ST6249.220617125405.wav,gs://noaa-passive-bioacoustic/dclde/2027/dclde_2027_killer_whales/dfo_wdlp/audio/carmanahpt/ST6249.220617125405.wav,https://storage.googleapis.com/noaa-passive-bioacoustic/dclde/2027/dclde_2027_killer_whales/dfo_wdlp/audio/carmanahpt/ST6249.220617125405.wav,1,reviewed_confounder,,,,,,DFO_WDLP:CarmanahPt:ST6249.220617125405.wav,[],
dclde_DFO_WDLP_StrGeoN1__AMAR610.20210905T142535Z.wav_148.2s_150.2s_trainstyle,dclde_DFO_WDLP_StrGeoN1__AMAR610.20210905T142535Z.wav,AMAR610.20210905T142535Z.wav,AMAR610.20210905T142535Z.wav,148.244000,150.249000,148.244000,150.249000,148.244000,2.005000,dclde_DFO_WDLP_StrGeoN1__AMAR610.20210905T142535Z.wav_148.2s_150.2s_trainstyle.mat,mat_files/dclde_DFO_WDLP_StrGeoN1__AMAR610.20210905T142535Z.wav_148.2s_150.2s_trainstyle.mat,dclde_2027_DFO_WDLP_StrGeoN1,161406,DFO_WDLP,StrGeoN1,AMAR610.20210905T142535Z.wav,AB,confounder:abiotic,,,,confounder:abiotic,NA,Detection,0,NA,7054,7453,dclde/2027/dclde_2027_killer_whales/dfo_wdlp/audio/strgeon1/AMAR610.20210905T142535Z.wav,gs://noaa-passive-bioacoustic/dclde/2027/dclde_2027_killer_whales/dfo_wdlp/audio/strgeon1/AMAR610.20210905T142535Z.wav,https://storage.googleapis.com/noaa-passive-bioacoustic/dclde/2027/dclde_2027_killer_whales/dfo_wdlp/audio/strgeon1/AMAR610.20210905T142535Z.wav,1,reviewed_confounder,,,,,,DFO_WDLP:StrGeoN1:AMAR610.20210905T142535Z.wav,[],
dclde_DFO_WDLP_StrGeoS2__AMAR779.20210904T191552Z.wav_74.9s_75.5s_trainstyle,dclde_DFO_WDLP_StrGeoS2__AMAR779.20210904T191552Z.wav,AMAR779.20210904T191552Z.wav,AMAR779.20210904T191552Z.wav,74.879000,75.476000,74.879000,75.476000,74.879000,0.597000,dclde_DFO_WDLP_StrGeoS2__AMAR779.20210904T191552Z.wav_74.9s_75.5s_trainstyle.mat,mat_files/dclde_DFO_WDLP_StrGeoS2__AMAR779.20210904T191552Z.wav_74.9s_75.5s_trainstyle.mat,dclde_2027_DFO_WDLP_StrGeoS2,163569,DFO_WDLP,StrGeoS2,AMAR779.20210904T191552Z.wav,AB,confounder:abiotic,,,,confounder:abiotic,NA,Detection,0,NA,2625,2742,dclde/2027/dclde_2027_killer_whales/dfo_wdlp/audio/strgeos2/AMAR779.20210904T191552Z.wav,gs://noaa-passive-bioacoustic/dclde/2027/dclde_2027_killer_whales/dfo_wdlp/audio/strgeos2/AMAR779.20210904T191552Z.wav,https://storage.googleapis.com/noaa-passive-bioacoustic/dclde/2027/dclde_2027_killer_whales/dfo_wdlp/audio/strgeos2/AMAR779.20210904T191552Z.wav,1,reviewed_confounder,,,,,,DFO_WDLP:StrGeoS2:AMAR779.20210904T191552Z.wav,[],
dclde_DFO_WDLP_SwanChan__AMAR777.20211116T172747Z.wav_57.6s_58.5s_trainstyle,dclde_DFO_WDLP_SwanChan__AMAR777.20211116T172747Z.wav,AMAR777.20211116T172747Z.wav,AMAR777.20211116T172747Z.wav,57.641000,58.451000,57.641000,58.451000,57.641000,0.810000,dclde_DFO_WDLP_SwanChan__AMAR777.20211116T172747Z.wav_57.6s_58.5s_trainstyle.mat,mat_files/dclde_DFO_WDLP_SwanChan__AMAR777.20211116T172747Z.wav_57.6s_58.5s_trainstyle.mat,dclde_2027_DFO_WDLP_SwanChan,165717,DFO_WDLP,SwanChan,AMAR777.20211116T172747Z.wav,AB,confounder:abiotic,,,,confounder:abiotic,NA,Detection,0,NA,7781,8015,dclde/2027/dclde_2027_killer_whales/dfo_wdlp/audio/swanchan/AMAR777.20211116T172747Z.wav,gs://noaa-passive-bioacoustic/dclde/2027/dclde_2027_killer_whales/dfo_wdlp/audio/swanchan/AMAR777.20211116T172747Z.wav,https://storage.googleapis.com/noaa-passive-bioacoustic/dclde/2027/dclde_2027_killer_whales/dfo_wdlp/audio/swanchan/AMAR777.20211116T172747Z.wav,1,reviewed_confounder,,,,,,DFO_WDLP:SwanChan:AMAR777.20211116T172747Z.wav,[],
dclde_JASCO_VFPA_ONC_StraitofGeorgia__JASCOAMARHYDROPHONE2402_20151016T121123.257Z.wav_129.7s_138.6s_trainstyle,dclde_JASCO_VFPA_ONC_StraitofGeorgia__JASCOAMARHYDROPHONE2402_20151016T121123.257Z.wav,JASCOAMARHYDROPHONE2402_20151016T121123.257Z.wav,JASCOAMARHYDROPHONE2402_20151016T121123.257Z.wav,129.746000,138.620000,129.746000,138.620000,129.746000,8.874000,dclde_JASCO_VFPA_ONC_StraitofGeorgia__JASCOAMARHYDROPHONE2402_20151016T121123.257Z.wav_129.7s_138.6s_trainstyle.mat,mat_files/dclde_JASCO_VFPA_ONC_StraitofGeorgia__JASCOAMARHYDROPHONE2402_20151016T121123.257Z.wav_129.7s_138.6s_trainstyle.mat,dclde_2027_JASCO_VFPA_ONC_StraitofGeorgia,193996,JASCO_VFPA_ONC,StraitofGeorgia,JASCOAMARHYDROPHONE2402_20151016T121123.257Z.wav,AB,confounder:abiotic,,,,confounder:abiotic,NA,Call,0,NA,4113.1,18235.1,dclde/2027/dclde_2027_killer_whales/vfpa/audio/straitofgeorgia/JASCOAMARHYDROPHONE2402_20151016T121123.257Z.wav,gs://noaa-passive-bioacoustic/dclde/2027/dclde_2027_killer_whales/vfpa/audio/straitofgeorgia/JASCOAMARHYDROPHONE2402_20151016T121123.257Z.wav,https://storage.googleapis.com/noaa-passive-bioacoustic/dclde/2027/dclde_2027_killer_whales/vfpa/audio/straitofgeorgia/JASCOAMARHYDROPHONE2402_20151016T121123.257Z.wav,1,reviewed_confounder,,,,,,JASCO_VFPA_ONC:StraitofGeorgia:JASCOAMARHYDROPHONE2402_20151016T121123.257Z.wav,[],
dclde_JASCO_VFPA_BoundaryPass__AMAR418.1.20180902T143639Z.wav_1503.9s_1508.9s_trainstyle,dclde_JASCO_VFPA_BoundaryPass__AMAR418.1.20180902T143639Z.wav,AMAR418.1.20180902T143639Z.wav,AMAR418.1.20180902T143639Z.wav,1503.895000,1508.889000,1503.895000,1508.889000,1503.895000,4.994000,dclde_JASCO_VFPA_BoundaryPass__AMAR418.1.20180902T143639Z.wav_1503.9s_1508.9s_trainstyle.mat,mat_files/dclde_JASCO_VFPA_BoundaryPass__AMAR418.1.20180902T143639Z.wav_1503.9s_1508.9s_trainstyle.mat,dclde_2027_JASCO_VFPA_BoundaryPass,181214,JASCO_VFPA,BoundaryPass,AMAR418.1.20180902T143639Z.wav,AB,confounder:abiotic,,,,confounder:abiotic,NA,Call,0,NA,4003.5,18424.6,dclde/2027/dclde_2027_killer_whales/vfpa/audio/boundarypass/AMAR418.1.20180902T143639Z.wav,gs://noaa-passive-bioacoustic/dclde/2027/dclde_2027_killer_whales/vfpa/audio/boundarypass/AMAR418.1.20180902T143639Z.wav,https://storage.googleapis.com/noaa-passive-bioacoustic/dclde/2027/dclde_2027_killer_whales/vfpa/audio/boundarypass/AMAR418.1.20180902T143639Z.wav,1,reviewed_confounder,,,,,,JASCO_VFPA:BoundaryPass:AMAR418.1.20180902T143639Z.wav,[],
dclde_JASCO_VFPA_HaroStraitNorth__AMAR418.1.20170708T073001Z.wav_1197.0s_1197.5s_trainstyle,dclde_JASCO_VFPA_HaroStraitNorth__AMAR418.1.20170708T073001Z.wav,AMAR418.1.20170708T073001Z.wav,AMAR418.1.20170708T073001Z.wav,1196.980000,1197.460000,1196.980000,1197.460000,1196.980000,0.480000,dclde_JASCO_VFPA_HaroStraitNorth__AMAR418.1.20170708T073001Z.wav_1197.0s_1197.5s_trainstyle.mat,mat_files/dclde_JASCO_VFPA_HaroStraitNorth__AMAR418.1.20170708T073001Z.wav_1197.0s_1197.5s_trainstyle.mat,dclde_2027_JASCO_VFPA_HaroStraitNorth,183224,JASCO_VFPA,HaroStraitNorth,AMAR418.1.20170708T073001Z.wav,AB,confounder:abiotic,,,,confounder:abiotic,NA,Call,0,NA,2534.06,3654.06,dclde/2027/dclde_2027_killer_whales/vfpa/audio/harostraitnorth/AMAR418.1.20170708T073001Z.wav,gs://noaa-passive-bioacoustic/dclde/2027/dclde_2027_killer_whales/vfpa/audio/harostraitnorth/AMAR418.1.20170708T073001Z.wav,https://storage.googleapis.com/noaa-passive-bioacoustic/dclde/2027/dclde_2027_killer_whales/vfpa/audio/harostraitnorth/AMAR418.1.20170708T073001Z.wav,1,reviewed_confounder,,,,,,JASCO_VFPA:HaroStraitNorth:AMAR418.1.20170708T073001Z.wav,[],
dclde_JASCO_VFPA_HaroStraitSouth__AMAR395.1.20170708T073001Z.wav_524.0s_524.5s_trainstyle,dclde_JASCO_VFPA_HaroStraitSouth__AMAR395.1.20170708T073001Z.wav,AMAR395.1.20170708T073001Z.wav,AMAR395.1.20170708T073001Z.wav,524.000000,524.460000,524.000000,524.460000,524.000000,0.460000,dclde_JASCO_VFPA_HaroStraitSouth__AMAR395.1.20170708T073001Z.wav_524.0s_524.5s_trainstyle.mat,mat_files/dclde_JASCO_VFPA_HaroStraitSouth__AMAR395.1.20170708T073001Z.wav_524.0s_524.5s_trainstyle.mat,dclde_2027_JASCO_VFPA_HaroStraitSouth,188550,JASCO_VFPA,HaroStraitSouth,AMAR395.1.20170708T073001Z.wav,AB,confounder:abiotic,,,,confounder:abiotic,NA,Call,0,NA,683.63,2396.63,dclde/2027/dclde_2027_killer_whales/vfpa/audio/harostraitsouth/AMAR395.1.20170708T073001Z.wav,gs://noaa-passive-bioacoustic/dclde/2027/dclde_2027_killer_whales/vfpa/audio/harostraitsouth/AMAR395.1.20170708T073001Z.wav,https://storage.googleapis.com/noaa-passive-bioacoustic/dclde/2027/dclde_2027_killer_whales/vfpa/audio/harostraitsouth/AMAR395.1.20170708T073001Z.wav,1,reviewed_confounder,,,,,,JASCO_VFPA:HaroStraitSouth:AMAR395.1.20170708T073001Z.wav,[],
dclde_OrcaSound_bush_point__rpi-bush-point_2020_09_27_23_21_00.wav_0.0s_2.5s_trainstyle,dclde_OrcaSound_bush_point__rpi-bush-point_2020_09_27_23_21_00.wav,rpi-bush-point_2020_09_27_23_21_00.wav,rpi-bush-point_2020_09_27_23_21_00.wav,0.000000,2.450000,0.000000,2.450000,0.000000,2.450000,dclde_OrcaSound_bush_point__rpi-bush-point_2020_09_27_23_21_00.wav_0.0s_2.5s_trainstyle.mat,mat_files/dclde_OrcaSound_bush_point__rpi-bush-point_2020_09_27_23_21_00.wav_0.0s_2.5s_trainstyle.mat,dclde_2027_OrcaSound_bush_point,171346,OrcaSound,bush_point,rpi-bush-point_2020_09_27_23_21_00.wav,AB,confounder:abiotic,,,,confounder:abiotic,NA,File,0,NA,NA,NA,dclde/2027/dclde_2027_killer_whales/orcasound/audio/bushpoint/rpi-bush-point_2020_09_27_23_21_00.wav,gs://noaa-passive-bioacoustic/dclde/2027/dclde_2027_killer_whales/orcasound/audio/bushpoint/rpi-bush-point_2020_09_27_23_21_00.wav,https://storage.googleapis.com/noaa-passive-bioacoustic/dclde/2027/dclde_2027_killer_whales/orcasound/audio/bushpoint/rpi-bush-point_2020_09_27_23_21_00.wav,1,reviewed_confounder,,,,,,OrcaSound:bush_point:rpi-bush-point_2020_09_27_23_21_00.wav,[],
dclde_OrcaSound_orcasound_lab__1562340736_000d.wav_0.0s_0.6s_trainstyle,dclde_OrcaSound_orcasound_lab__1562340736_000d.wav,1562340736_000d.wav,1562340736_000d.wav,0.000000,0.552951,0.000000,0.552951,0.000000,0.552951,dclde_OrcaSound_orcasound_lab__1562340736_000d.wav_0.0s_0.6s_trainstyle.mat,mat_files/dclde_OrcaSound_orcasound_lab__1562340736_000d.wav_0.0s_0.6s_trainstyle.mat,dclde_2027_OrcaSound_orcasound_lab,169490,OrcaSound,orcasound_lab,1562340736_000d.wav,AB,confounder:abiotic,,,,confounder:abiotic,NA,File,0,NA,NA,NA,dclde/2027/dclde_2027_killer_whales/orcasound/audio/orcasoundlab/1562340736_000d.wav,gs://noaa-passive-bioacoustic/dclde/2027/dclde_2027_killer_whales/orcasound/audio/orcasoundlab/1562340736_000d.wav,https://storage.googleapis.com/noaa-passive-bioacoustic/dclde/2027/dclde_2027_killer_whales/orcasound/audio/orcasoundlab/1562340736_000d.wav,1,reviewed_confounder,,,,,,OrcaSound:orcasound_lab:1562340736_000d.wav,[],
dclde_SIMRES_Tekteksen__ICLISTENHF6156_20220628T141000.000Z_20220628T141459.996Z.flac_0.0s_5.0s_trainstyle,dclde_SIMRES_Tekteksen__ICLISTENHF6156_20220628T141000.000Z_20220628T141459.996Z.flac,ICLISTENHF6156_20220628T141000.000Z_20220628T141459.996Z.flac,ICLISTENHF6156_20220628T141000.000Z_20220628T141459.996Z.flac,0.000000,5.001000,0.000000,5.001000,0.000000,5.001000,dclde_SIMRES_Tekteksen__ICLISTENHF6156_20220628T141000.000Z_20220628T141459.996Z.flac_0.0s_5.0s_trainstyle.mat,mat_files/dclde_SIMRES_Tekteksen__ICLISTENHF6156_20220628T141000.000Z_20220628T141459.996Z.flac_0.0s_5.0s_trainstyle.mat,dclde_2027_SIMRES_Tekteksen,177187,SIMRES,Tekteksen,ICLISTENHF6156_20220628T141000.000Z_20220628T141459.996Z.flac,AB,confounder:abiotic,,,,confounder:abiotic,NA,Call,0,NA,0,0,dclde/2027/dclde_2027_killer_whales/simres/audio/tekteksen/ICLISTENHF6156_20220628T141000.000Z_20220628T141459.996Z.flac,gs://noaa-passive-bioacoustic/dclde/2027/dclde_2027_killer_whales/simres/audio/tekteksen/ICLISTENHF6156_20220628T141000.000Z_20220628T141459.996Z.flac,https://storage.googleapis.com/noaa-passive-bioacoustic/dclde/2027/dclde_2027_killer_whales/simres/audio/tekteksen/ICLISTENHF6156_20220628T141000.000Z_20220628T141459.996Z.flac,1,reviewed_confounder,,,,,,SIMRES:Tekteksen:ICLISTENHF6156_20220628T141000.000Z_20220628T141459.996Z.flac,[],
dclde_SIO_Cpe_Elz__OCNMS13CE_110531_201417_SouthernResidents.wav_117.3s_123.1s_trainstyle,dclde_SIO_Cpe_Elz__OCNMS13CE_110531_201417_SouthernResidents.wav,OCNMS13CE_110531_201417_SouthernResidents.wav,OCNMS13CE_110531_201417_SouthernResidents.wav,117.316195,123.058769,117.316195,123.058769,117.316195,5.742574,dclde_SIO_Cpe_Elz__OCNMS13CE_110531_201417_SouthernResidents.wav_117.3s_123.1s_trainstyle.mat,mat_files/dclde_SIO_Cpe_Elz__OCNMS13CE_110531_201417_SouthernResidents.wav_117.3s_123.1s_trainstyle.mat,dclde_2027_SIO_Cpe_Elz,174399,SIO,Cpe_Elz,OCNMS13CE_110531_201417_SouthernResidents.wav,AB,confounder:abiotic,,,,confounder:abiotic,NA,Call,0,NA,0,0,dclde/2027/dclde_2027_killer_whales/scripps/audio/cpeelz/OCNMS13CE_110531_201417_SouthernResidents.wav,gs://noaa-passive-bioacoustic/dclde/2027/dclde_2027_killer_whales/scripps/audio/cpeelz/OCNMS13CE_110531_201417_SouthernResidents.wav,https://storage.googleapis.com/noaa-passive-bioacoustic/dclde/2027/dclde_2027_killer_whales/scripps/audio/cpeelz/OCNMS13CE_110531_201417_SouthernResidents.wav,1,reviewed_confounder,,,,,,SIO:Cpe_Elz:OCNMS13CE_110531_201417_SouthernResidents.wav,[],
dclde_SIO_Quin_Can__OCNMS12QC_110709_041942_Offshores.wav_1967.9s_1972.4s_trainstyle,dclde_SIO_Quin_Can__OCNMS12QC_110709_041942_Offshores.wav,OCNMS12QC_110709_041942_Offshores.wav,OCNMS12QC_110709_041942_Offshores.wav,1967.856295,1972.435503,1967.856295,1972.435503,1967.856295,4.579208,dclde_SIO_Quin_Can__OCNMS12QC_110709_041942_Offshores.wav_1967.9s_1972.4s_trainstyle.mat,mat_files/dclde_SIO_Quin_Can__OCNMS12QC_110709_041942_Offshores.wav_1967.9s_1972.4s_trainstyle.mat,dclde_2027_SIO_Quin_Can,177121,SIO,Quin_Can,OCNMS12QC_110709_041942_Offshores.wav,AB,confounder:abiotic,,,,confounder:abiotic,NA,Call,0,NA,0,0,dclde/2027/dclde_2027_killer_whales/scripps/audio/quincan/OCNMS12QC_110709_041942_Offshores.wav,gs://noaa-passive-bioacoustic/dclde/2027/dclde_2027_killer_whales/scripps/audio/quincan/OCNMS12QC_110709_041942_Offshores.wav,https://storage.googleapis.com/noaa-passive-bioacoustic/dclde/2027/dclde_2027_killer_whales/scripps/audio/quincan/OCNMS12QC_110709_041942_Offshores.wav,1,reviewed_confounder,,,,,,SIO:Quin_Can:OCNMS12QC_110709_041942_Offshores.wav,[],
dclde_SMRUConsulting_LimeKiln__LK_20161106_034859_999.wav_1.8s_3.5s_trainstyle,dclde_SMRUConsulting_LimeKiln__LK_20161106_034859_999.wav,LK_20161106_034859_999.wav,LK_20161106_034859_999.wav,1.790000,3.502000,1.790000,3.502000,1.790000,1.712000,dclde_SMRUConsulting_LimeKiln__LK_20161106_034859_999.wav_1.8s_3.5s_trainstyle.mat,mat_files/dclde_SMRUConsulting_LimeKiln__LK_20161106_034859_999.wav_1.8s_3.5s_trainstyle.mat,dclde_2027_SMRUConsulting_LimeKiln,195799,SMRUConsulting,LimeKiln,LK_20161106_034859_999.wav,AB,confounder:abiotic,,,,confounder:abiotic,NA,Call,0,NA,1906.04,2527.17,dclde/2027/dclde_2027_killer_whales/smru/audio/limekiln/LK_20161106_034859_999.wav,gs://noaa-passive-bioacoustic/dclde/2027/dclde_2027_killer_whales/smru/audio/limekiln/LK_20161106_034859_999.wav,https://storage.googleapis.com/noaa-passive-bioacoustic/dclde/2027/dclde_2027_killer_whales/smru/audio/limekiln/LK_20161106_034859_999.wav,1,reviewed_confounder,,,,,,SMRUConsulting:LimeKiln:LK_20161106_034859_999.wav,[],
dclde_DFO_CRP_NorthBc__DFOCRP.KkHK0R2F-NML1.SM2M-3.20131014_182100Z.flac_299.5s_299.7s_trainstyle,dclde_DFO_CRP_NorthBc__DFOCRP.KkHK0R2F-NML1.SM2M-3.20131014_182100Z.flac,DFOCRP.KkHK0R2F-NML1.SM2M-3.20131014_182100Z.flac,DFOCRP.KkHK0R2F-NML1.SM2M-3.20131014_182100Z.flac,299.472000,299.744000,299.472000,299.744000,299.472000,0.272000,dclde_DFO_CRP_NorthBc__DFOCRP.KkHK0R2F-NML1.SM2M-3.20131014_182100Z.flac_299.5s_299.7s_trainstyle.mat,mat_files/dclde_DFO_CRP_NorthBc__DFOCRP.KkHK0R2F-NML1.SM2M-3.20131014_182100Z.flac_299.5s_299.7s_trainstyle.mat,dclde_2027_DFO_CRP_NorthBc,2439,DFO_CRP,NorthBc,DFOCRP.KkHK0R2F-NML1.SM2M-3.20131014_182100Z.flac,UndBio,confounder:undetermined_biological,,,,confounder:undetermined_biological,NA,Detection,0,NA,3687.5,4093.75,dclde/2027/dclde_2027_killer_whales/dfo_crp/audio/northbc/DFOCRP.KkHK0R2F-NML1.SM2M-3.20131014_182100Z.flac,gs://noaa-passive-bioacoustic/dclde/2027/dclde_2027_killer_whales/dfo_crp/audio/northbc/DFOCRP.KkHK0R2F-NML1.SM2M-3.20131014_182100Z.flac,https://storage.googleapis.com/noaa-passive-bioacoustic/dclde/2027/dclde_2027_killer_whales/dfo_crp/audio/northbc/DFOCRP.KkHK0R2F-NML1.SM2M-3.20131014_182100Z.flac,1,reviewed_confounder,,,,,,DFO_CRP:NorthBc:DFOCRP.KkHK0R2F-NML1.SM2M-3.20131014_182100Z.flac,[],
dclde_DFO_CRP_WVanIsl__DFOCRP.H50bjRcb-WCV1.AURAL117LF.20110706_223000Z.flac_20.0s_20.3s_trainstyle,dclde_DFO_CRP_WVanIsl__DFOCRP.H50bjRcb-WCV1.AURAL117LF.20110706_223000Z.flac,DFOCRP.H50bjRcb-WCV1.AURAL117LF.20110706_223000Z.flac,DFOCRP.H50bjRcb-WCV1.AURAL117LF.20110706_223000Z.flac,20.015000,20.328000,20.015000,20.328000,20.015000,0.313000,dclde_DFO_CRP_WVanIsl__DFOCRP.H50bjRcb-WCV1.AURAL117LF.20110706_223000Z.flac_20.0s_20.3s_trainstyle.mat,mat_files/dclde_DFO_CRP_WVanIsl__DFOCRP.H50bjRcb-WCV1.AURAL117LF.20110706_223000Z.flac_20.0s_20.3s_trainstyle.mat,dclde_2027_DFO_CRP_WVanIsl,47335,DFO_CRP,WVanIsl,DFOCRP.H50bjRcb-WCV1.AURAL117LF.20110706_223000Z.flac,UndBio,confounder:undetermined_biological,,,,confounder:undetermined_biological,NA,Detection,0,NA,7456,7552,dclde/2027/dclde_2027_killer_whales/dfo_crp/audio/wvanisl/DFOCRP.H50bjRcb-WCV1.AURAL117LF.20110706_223000Z.flac,gs://noaa-passive-bioacoustic/dclde/2027/dclde_2027_killer_whales/dfo_crp/audio/wvanisl/DFOCRP.H50bjRcb-WCV1.AURAL117LF.20110706_223000Z.flac,https://storage.googleapis.com/noaa-passive-bioacoustic/dclde/2027/dclde_2027_killer_whales/dfo_crp/audio/wvanisl/DFOCRP.H50bjRcb-WCV1.AURAL117LF.20110706_223000Z.flac,1,reviewed_confounder,,,,,,DFO_CRP:WVanIsl:DFOCRP.H50bjRcb-WCV1.AURAL117LF.20110706_223000Z.flac,[],
dclde_DFO_WDLP_CarmanahPt__ST6249.220428101325.wav_105.0s_105.4s_trainstyle,dclde_DFO_WDLP_CarmanahPt__ST6249.220428101325.wav,ST6249.220428101325.wav,ST6249.220428101325.wav,104.982000,105.408000,104.982000,105.408000,104.982000,0.426000,dclde_DFO_WDLP_CarmanahPt__ST6249.220428101325.wav_105.0s_105.4s_trainstyle.mat,mat_files/dclde_DFO_WDLP_CarmanahPt__ST6249.220428101325.wav_105.0s_105.4s_trainstyle.mat,dclde_2027_DFO_WDLP_CarmanahPt,159669,DFO_WDLP,CarmanahPt,ST6249.220428101325.wav,UndBio,confounder:undetermined_biological,,,,confounder:undetermined_biological,NA,Detection,0,NA,4054,4335,dclde/2027/dclde_2027_killer_whales/dfo_wdlp/audio/carmanahpt/ST6249.220428101325.wav,gs://noaa-passive-bioacoustic/dclde/2027/dclde_2027_killer_whales/dfo_wdlp/audio/carmanahpt/ST6249.220428101325.wav,https://storage.googleapis.com/noaa-passive-bioacoustic/dclde/2027/dclde_2027_killer_whales/dfo_wdlp/audio/carmanahpt/ST6249.220428101325.wav,1,reviewed_confounder,,,,,,DFO_WDLP:CarmanahPt:ST6249.220428101325.wav,[],
dclde_JASCO_VFPA_ONC_StraitofGeorgia__JASCOAMARHYDROPHONEC000682_20180117T105208.527Z.wav_44.8s_46.3s_trainstyle,dclde_JASCO_VFPA_ONC_StraitofGeorgia__JASCOAMARHYDROPHONEC000682_20180117T105208.527Z.wav,JASCOAMARHYDROPHONEC000682_20180117T105208.527Z.wav,JASCOAMARHYDROPHONEC000682_20180117T105208.527Z.wav,44.809000,46.287000,44.809000,46.287000,44.809000,1.478000,dclde_JASCO_VFPA_ONC_StraitofGeorgia__JASCOAMARHYDROPHONEC000682_20180117T105208.527Z.wav_44.8s_46.3s_trainstyle.mat,mat_files/dclde_JASCO_VFPA_ONC_StraitofGeorgia__JASCOAMARHYDROPHONEC000682_20180117T105208.527Z.wav_44.8s_46.3s_trainstyle.mat,dclde_2027_JASCO_VFPA_ONC_StraitofGeorgia,195637,JASCO_VFPA_ONC,StraitofGeorgia,JASCOAMARHYDROPHONEC000682_20180117T105208.527Z.wav,UndBio,confounder:undetermined_biological,,,,confounder:undetermined_biological,NA,Call,0,NA,3531.6,14200.7,dclde/2027/dclde_2027_killer_whales/vfpa/audio/straitofgeorgia/JASCOAMARHYDROPHONEC000682_20180117T105208.527Z.wav,gs://noaa-passive-bioacoustic/dclde/2027/dclde_2027_killer_whales/vfpa/audio/straitofgeorgia/JASCOAMARHYDROPHONEC000682_20180117T105208.527Z.wav,https://storage.googleapis.com/noaa-passive-bioacoustic/dclde/2027/dclde_2027_killer_whales/vfpa/audio/straitofgeorgia/JASCOAMARHYDROPHONEC000682_20180117T105208.527Z.wav,1,reviewed_confounder,,,,,,JASCO_VFPA_ONC:StraitofGeorgia:JASCOAMARHYDROPHONEC000682_20180117T105208.527Z.wav,[],
dclde_ONC_BarkleyCanyon__ICLISTENHF1251_20140101T120159.855Z.wav_1.7s_2.3s_trainstyle,dclde_ONC_BarkleyCanyon__ICLISTENHF1251_20140101T120159.855Z.wav,ICLISTENHF1251_20140101T120159.855Z.wav,ICLISTENHF1251_20140101T120159.855Z.wav,1.749050,2.319380,1.749050,2.319380,1.749050,0.570330,dclde_ONC_BarkleyCanyon__ICLISTENHF1251_20140101T120159.855Z.wav_1.7s_2.3s_trainstyle.mat,mat_files/dclde_ONC_BarkleyCanyon__ICLISTENHF1251_20140101T120159.855Z.wav_1.7s_2.3s_trainstyle.mat,dclde_2027_ONC_BarkleyCanyon,172504,ONC,BarkleyCanyon,ICLISTENHF1251_20140101T120159.855Z.wav,UndBio,confounder:undetermined_biological,,,,confounder:undetermined_biological,NA,Call,0,NA,4134.38,19375.91,dclde/2027/dclde_2027_killer_whales/onc/audio/barkleycanyon/ICLISTENHF1251_20140101T120159.855Z.wav,gs://noaa-passive-bioacoustic/dclde/2027/dclde_2027_killer_whales/onc/audio/barkleycanyon/ICLISTENHF1251_20140101T120159.855Z.wav,https://storage.googleapis.com/noaa-passive-bioacoustic/dclde/2027/dclde_2027_killer_whales/onc/audio/barkleycanyon/ICLISTENHF1251_20140101T120159.855Z.wav,1,reviewed_confounder,,,,,,ONC:BarkleyCanyon:ICLISTENHF1251_20140101T120159.855Z.wav,[],
dclde_SMRUConsulting_LimeKiln__LK_20161106_035300_001.wav_57.5s_57.8s_trainstyle,dclde_SMRUConsulting_LimeKiln__LK_20161106_035300_001.wav,LK_20161106_035300_001.wav,LK_20161106_035300_001.wav,57.515000,57.815000,57.515000,57.815000,57.515000,0.300000,dclde_SMRUConsulting_LimeKiln__LK_20161106_035300_001.wav_57.5s_57.8s_trainstyle.mat,mat_files/dclde_SMRUConsulting_LimeKiln__LK_20161106_035300_001.wav_57.5s_57.8s_trainstyle.mat,dclde_2027_SMRUConsulting_LimeKiln,195822,SMRUConsulting,LimeKiln,LK_20161106_035300_001.wav,UndBio,confounder:undetermined_biological,,,,confounder:undetermined_biological,NA,Call,0,NA,45.42,522.35,dclde/2027/dclde_2027_killer_whales/smru/audio/limekiln/LK_20161106_035300_001.wav,gs://noaa-passive-bioacoustic/dclde/2027/dclde_2027_killer_whales/smru/audio/limekiln/LK_20161106_035300_001.wav,https://storage.googleapis.com/noaa-passive-bioacoustic/dclde/2027/dclde_2027_killer_whales/smru/audio/limekiln/LK_20161106_035300_001.wav,1,reviewed_confounder,,,,,,SMRUConsulting:LimeKiln:LK_20161106_035300_001.wav,[],
dclde_DFO_CRP_NorthBc__DFOCRP.KkHK0R2F-NML1.SM2M-3.20131011_002100Z.flac_40.6s_40.9s_trainstyle,dclde_DFO_CRP_NorthBc__DFOCRP.KkHK0R2F-NML1.SM2M-3.20131011_002100Z.flac,DFOCRP.KkHK0R2F-NML1.SM2M-3.20131011_002100Z.flac,DFOCRP.KkHK0R2F-NML1.SM2M-3.20131011_002100Z.flac,40.639000,40.895000,40.639000,40.895000,40.639000,0.256000,dclde_DFO_CRP_NorthBc__DFOCRP.KkHK0R2F-NML1.SM2M-3.20131011_002100Z.flac_40.6s_40.9s_trainstyle.mat,mat_files/dclde_DFO_CRP_NorthBc__DFOCRP.KkHK0R2F-NML1.SM2M-3.20131011_002100Z.flac_40.6s_40.9s_trainstyle.mat,dclde_2027_DFO_CRP_NorthBc,5,DFO_CRP,NorthBc,DFOCRP.KkHK0R2F-NML1.SM2M-3.20131011_002100Z.flac,AB,confounder:abiotic,,,,confounder:abiotic,NA,Detection,0,NA,1062.5,1250,dclde/2027/dclde_2027_killer_whales/dfo_crp/audio/northbc/DFOCRP.KkHK0R2F-NML1.SM2M-3.20131011_002100Z.flac,gs://noaa-passive-bioacoustic/dclde/2027/dclde_2027_killer_whales/dfo_crp/audio/northbc/DFOCRP.KkHK0R2F-NML1.SM2M-3.20131011_002100Z.flac,https://storage.googleapis.com/noaa-passive-bioacoustic/dclde/2027/dclde_2027_killer_whales/dfo_crp/audio/northbc/DFOCRP.KkHK0R2F-NML1.SM2M-3.20131011_002100Z.flac,1,reviewed_confounder,,,,,,DFO_CRP:NorthBc:DFOCRP.KkHK0R2F-NML1.SM2M-3.20131011_002100Z.flac,[],
dclde_DFO_CRP_WVanIsl__DFOCRP.H50bjRcb-WCV1.AURAL117LF.20110519_041500Z.flac_0.1s_0.4s_trainstyle,dclde_DFO_CRP_WVanIsl__DFOCRP.H50bjRcb-WCV1.AURAL117LF.20110519_041500Z.flac,DFOCRP.H50bjRcb-WCV1.AURAL117LF.20110519_041500Z.flac,DFOCRP.H50bjRcb-WCV1.AURAL117LF.20110519_041500Z.flac,0.062000,0.390000,0.062000,0.390000,0.062000,0.328000,dclde_DFO_CRP_WVanIsl__DFOCRP.H50bjRcb-WCV1.AURAL117LF.20110519_041500Z.flac_0.1s_0.4s_trainstyle.mat,mat_files/dclde_DFO_CRP_WVanIsl__DFOCRP.H50bjRcb-WCV1.AURAL117LF.20110519_041500Z.flac_0.1s_0.4s_trainstyle.mat,dclde_2027_DFO_CRP_WVanIsl,44823,DFO_CRP,WVanIsl,DFOCRP.H50bjRcb-WCV1.AURAL117LF.20110519_041500Z.flac,AB,confounder:abiotic,,,,confounder:abiotic,NA,Detection,0,NA,960,1056,dclde/2027/dclde_2027_killer_whales/dfo_crp/audio/wvanisl/DFOCRP.H50bjRcb-WCV1.AURAL117LF.20110519_041500Z.flac,gs://noaa-passive-bioacoustic/dclde/2027/dclde_2027_killer_whales/dfo_crp/audio/wvanisl/DFOCRP.H50bjRcb-WCV1.AURAL117LF.20110519_041500Z.flac,https://storage.googleapis.com/noaa-passive-bioacoustic/dclde/2027/dclde_2027_killer_whales/dfo_crp/audio/wvanisl/DFOCRP.H50bjRcb-WCV1.AURAL117LF.20110519_041500Z.flac,1,reviewed_confounder,,,,,,DFO_CRP:WVanIsl:DFOCRP.H50bjRcb-WCV1.AURAL117LF.20110519_041500Z.flac,[],
dclde_DFO_WDLP_CarmanahPt__ST6249.220617125405.wav_117.9s_118.3s_trainstyle,dclde_DFO_WDLP_CarmanahPt__ST6249.220617125405.wav,ST6249.220617125405.wav,ST6249.220617125405.wav,117.929000,118.270000,117.929000,118.270000,117.929000,0.341000,dclde_DFO_WDLP_CarmanahPt__ST6249.220617125405.wav_117.9s_118.3s_trainstyle.mat,mat_files/dclde_DFO_WDLP_CarmanahPt__ST6249.220617125405.wav_117.9s_118.3s_trainstyle.mat,dclde_2027_DFO_WDLP_CarmanahPt,159837,DFO_WDLP,CarmanahPt,ST6249.220617125405.wav,AB,confounder:abiotic,,,,confounder:abiotic,NA,Detection,0,NA,7664,7757,dclde/2027/dclde_2027_killer_whales/dfo_wdlp/audio/carmanahpt/ST6249.220617125405.wav,gs://noaa-passive-bioacoustic/dclde/2027/dclde_2027_killer_whales/dfo_wdlp/audio/carmanahpt/ST6249.220617125405.wav,https://storage.googleapis.com/noaa-passive-bioacoustic/dclde/2027/dclde_2027_killer_whales/dfo_wdlp/audio/carmanahpt/ST6249.220617125405.wav,1,reviewed_confounder,,,,,,DFO_WDLP:CarmanahPt:ST6249.220617125405.wav,[],
dclde_DFO_WDLP_StrGeoN1__AMAR610.20210905T142535Z.wav_150.2s_151.3s_trainstyle,dclde_DFO_WDLP_StrGeoN1__AMAR610.20210905T142535Z.wav,AMAR610.20210905T142535Z.wav,AMAR610.20210905T142535Z.wav,150.249000,151.273000,150.249000,151.273000,150.249000,1.024000,dclde_DFO_WDLP_StrGeoN1__AMAR610.20210905T142535Z.wav_150.2s_151.3s_trainstyle.mat,mat_files/dclde_DFO_WDLP_StrGeoN1__AMAR610.20210905T142535Z.wav_150.2s_151.3s_trainstyle.mat,dclde_2027_DFO_WDLP_StrGeoN1,161407,DFO_WDLP,StrGeoN1,AMAR610.20210905T142535Z.wav,AB,confounder:abiotic,,,,confounder:abiotic,NA,Detection,0,NA,7359,7593,dclde/2027/dclde_2027_killer_whales/dfo_wdlp/audio/strgeon1/AMAR610.20210905T142535Z.wav,gs://noaa-passive-bioacoustic/dclde/2027/dclde_2027_killer_whales/dfo_wdlp/audio/strgeon1/AMAR610.20210905T142535Z.wav,https://storage.googleapis.com/noaa-passive-bioacoustic/dclde/2027/dclde_2027_killer_whales/dfo_wdlp/audio/strgeon1/AMAR610.20210905T142535Z.wav,1,reviewed_confounder,,,,,,DFO_WDLP:StrGeoN1:AMAR610.20210905T142535Z.wav,[],
dclde_DFO_WDLP_StrGeoS2__AMAR779.20210904T191552Z.wav_89.3s_90.1s_trainstyle,dclde_DFO_WDLP_StrGeoS2__AMAR779.20210904T191552Z.wav,AMAR779.20210904T191552Z.wav,AMAR779.20210904T191552Z.wav,89.279000,90.068000,89.279000,90.068000,89.279000,0.789000,dclde_DFO_WDLP_StrGeoS2__AMAR779.20210904T191552Z.wav_89.3s_90.1s_trainstyle.mat,mat_files/dclde_DFO_WDLP_StrGeoS2__AMAR779.20210904T191552Z.wav_89.3s_90.1s_trainstyle.mat,dclde_2027_DFO_WDLP_StrGeoS2,163570,DFO_WDLP,StrGeoS2,AMAR779.20210904T191552Z.wav,AB,confounder:abiotic,,,,confounder:abiotic,NA,Detection,0,NA,2039,2109,dclde/2027/dclde_2027_killer_whales/dfo_wdlp/audio/strgeos2/AMAR779.20210904T191552Z.wav,gs://noaa-passive-bioacoustic/dclde/2027/dclde_2027_killer_whales/dfo_wdlp/audio/strgeos2/AMAR779.20210904T191552Z.wav,https://storage.googleapis.com/noaa-passive-bioacoustic/dclde/2027/dclde_2027_killer_whales/dfo_wdlp/audio/strgeos2/AMAR779.20210904T191552Z.wav,1,reviewed_confounder,,,,,,DFO_WDLP:StrGeoS2:AMAR779.20210904T191552Z.wav,[],
dclde_DFO_WDLP_SwanChan__AMAR777.20211116T172747Z.wav_59.0s_59.5s_trainstyle,dclde_DFO_WDLP_SwanChan__AMAR777.20211116T172747Z.wav,AMAR777.20211116T172747Z.wav,AMAR777.20211116T172747Z.wav,58.986000,59.498000,58.986000,59.498000,58.986000,0.512000,dclde_DFO_WDLP_SwanChan__AMAR777.20211116T172747Z.wav_59.0s_59.5s_trainstyle.mat,mat_files/dclde_DFO_WDLP_SwanChan__AMAR777.20211116T172747Z.wav_59.0s_59.5s_trainstyle.mat,dclde_2027_DFO_WDLP_SwanChan,165718,DFO_WDLP,SwanChan,AMAR777.20211116T172747Z.wav,AB,confounder:abiotic,,,,confounder:abiotic,NA,Detection,0,NA,7664,7921,dclde/2027/dclde_2027_killer_whales/dfo_wdlp/audio/swanchan/AMAR777.20211116T172747Z.wav,gs://noaa-passive-bioacoustic/dclde/2027/dclde_2027_killer_whales/dfo_wdlp/audio/swanchan/AMAR777.20211116T172747Z.wav,https://storage.googleapis.com/noaa-passive-bioacoustic/dclde/2027/dclde_2027_killer_whales/dfo_wdlp/audio/swanchan/AMAR777.20211116T172747Z.wav,1,reviewed_confounder,,,,,,DFO_WDLP:SwanChan:AMAR777.20211116T172747Z.wav,[],
dclde_JASCO_VFPA_ONC_StraitofGeorgia__JASCOAMARHYDROPHONE2402_20151016T131123.270Z.wav_139.2s_139.4s_trainstyle,dclde_JASCO_VFPA_ONC_StraitofGeorgia__JASCOAMARHYDROPHONE2402_20151016T131123.270Z.wav,JASCOAMARHYDROPHONE2402_20151016T131123.270Z.wav,JASCOAMARHYDROPHONE2402_20151016T131123.270Z.wav,139.232000,139.393000,139.232000,139.393000,139.232000,0.161000,dclde_JASCO_VFPA_ONC_StraitofGeorgia__JASCOAMARHYDROPHONE2402_20151016T131123.270Z.wav_139.2s_139.4s_trainstyle.mat,mat_files/dclde_JASCO_VFPA_ONC_StraitofGeorgia__JASCOAMARHYDROPHONE2402_20151016T131123.270Z.wav_139.2s_139.4s_trainstyle.mat,dclde_2027_JASCO_VFPA_ONC_StraitofGeorgia,194056,JASCO_VFPA_ONC,StraitofGeorgia,JASCOAMARHYDROPHONE2402_20151016T131123.270Z.wav,AB,confounder:abiotic,,,,confounder:abiotic,NA,Call,0,NA,108.1,30573.7,dclde/2027/dclde_2027_killer_whales/vfpa/audio/straitofgeorgia/JASCOAMARHYDROPHONE2402_20151016T131123.270Z.wav,gs://noaa-passive-bioacoustic/dclde/2027/dclde_2027_killer_whales/vfpa/audio/straitofgeorgia/JASCOAMARHYDROPHONE2402_20151016T131123.270Z.wav,https://storage.googleapis.com/noaa-passive-bioacoustic/dclde/2027/dclde_2027_killer_whales/vfpa/audio/straitofgeorgia/JASCOAMARHYDROPHONE2402_20151016T131123.270Z.wav,1,reviewed_confounder,,,,,,JASCO_VFPA_ONC:StraitofGeorgia:JASCOAMARHYDROPHONE2402_20151016T131123.270Z.wav,[],
dclde_JASCO_VFPA_BoundaryPass__AMAR418.1.20180902T143639Z.wav_1510.3s_1513.7s_trainstyle,dclde_JASCO_VFPA_BoundaryPass__AMAR418.1.20180902T143639Z.wav,AMAR418.1.20180902T143639Z.wav,AMAR418.1.20180902T143639Z.wav,1510.309000,1513.659000,1510.309000,1513.659000,1510.309000,3.350000,dclde_JASCO_VFPA_BoundaryPass__AMAR418.1.20180902T143639Z.wav_1510.3s_1513.7s_trainstyle.mat,mat_files/dclde_JASCO_VFPA_BoundaryPass__AMAR418.1.20180902T143639Z.wav_1510.3s_1513.7s_trainstyle.mat,dclde_2027_JASCO_VFPA_BoundaryPass,181215,JASCO_VFPA,BoundaryPass,AMAR418.1.20180902T143639Z.wav,AB,confounder:abiotic,,,,confounder:abiotic,NA,Call,0,NA,3624.2,18394.9,dclde/2027/dclde_2027_killer_whales/vfpa/audio/boundarypass/AMAR418.1.20180902T143639Z.wav,gs://noaa-passive-bioacoustic/dclde/2027/dclde_2027_killer_whales/vfpa/audio/boundarypass/AMAR418.1.20180902T143639Z.wav,https://storage.googleapis.com/noaa-passive-bioacoustic/dclde/2027/dclde_2027_killer_whales/vfpa/audio/boundarypass/AMAR418.1.20180902T143639Z.wav,1,reviewed_confounder,,,,,,JASCO_VFPA:BoundaryPass:AMAR418.1.20180902T143639Z.wav,[],
dclde_JASCO_VFPA_HaroStraitNorth__AMAR418.1.20170708T073001Z.wav_1554.9s_1555.5s_trainstyle,dclde_JASCO_VFPA_HaroStraitNorth__AMAR418.1.20170708T073001Z.wav,AMAR418.1.20170708T073001Z.wav,AMAR418.1.20170708T073001Z.wav,1554.940000,1555.500000,1554.940000,1555.500000,1554.940000,0.560000,dclde_JASCO_VFPA_HaroStraitNorth__AMAR418.1.20170708T073001Z.wav_1554.9s_1555.5s_trainstyle.mat,mat_files/dclde_JASCO_VFPA_HaroStraitNorth__AMAR418.1.20170708T073001Z.wav_1554.9s_1555.5s_trainstyle.mat,dclde_2027_JASCO_VFPA_HaroStraitNorth,183225,JASCO_VFPA,HaroStraitNorth,AMAR418.1.20170708T073001Z.wav,AB,confounder:abiotic,,,,confounder:abiotic,NA,Call,0,NA,2015.61,2840.61,dclde/2027/dclde_2027_killer_whales/vfpa/audio/harostraitnorth/AMAR418.1.20170708T073001Z.wav,gs://noaa-passive-bioacoustic/dclde/2027/dclde_2027_killer_whales/vfpa/audio/harostraitnorth/AMAR418.1.20170708T073001Z.wav,https://storage.googleapis.com/noaa-passive-bioacoustic/dclde/2027/dclde_2027_killer_whales/vfpa/audio/harostraitnorth/AMAR418.1.20170708T073001Z.wav,1,reviewed_confounder,,,,,,JASCO_VFPA:HaroStraitNorth:AMAR418.1.20170708T073001Z.wav,[],
dclde_JASCO_VFPA_HaroStraitSouth__AMAR395.1.20170708T073001Z.wav_648.4s_648.9s_trainstyle,dclde_JASCO_VFPA_HaroStraitSouth__AMAR395.1.20170708T073001Z.wav,AMAR395.1.20170708T073001Z.wav,AMAR395.1.20170708T073001Z.wav,648.400000,648.860000,648.400000,648.860000,648.400000,0.460000,dclde_JASCO_VFPA_HaroStraitSouth__AMAR395.1.20170708T073001Z.wav_648.4s_648.9s_trainstyle.mat,mat_files/dclde_JASCO_VFPA_HaroStraitSouth__AMAR395.1.20170708T073001Z.wav_648.4s_648.9s_trainstyle.mat,dclde_2027_JASCO_VFPA_HaroStraitSouth,188551,JASCO_VFPA,HaroStraitSouth,AMAR395.1.20170708T073001Z.wav,AB,confounder:abiotic,,,,confounder:abiotic,NA,Call,0,NA,924.14,2882.14,dclde/2027/dclde_2027_killer_whales/vfpa/audio/harostraitsouth/AMAR395.1.20170708T073001Z.wav,gs://noaa-passive-bioacoustic/dclde/2027/dclde_2027_killer_whales/vfpa/audio/harostraitsouth/AMAR395.1.20170708T073001Z.wav,https://storage.googleapis.com/noaa-passive-bioacoustic/dclde/2027/dclde_2027_killer_whales/vfpa/audio/harostraitsouth/AMAR395.1.20170708T073001Z.wav,1,reviewed_confounder,,,,,,JASCO_VFPA:HaroStraitSouth:AMAR395.1.20170708T073001Z.wav,[],
dclde_OrcaSound_bush_point__rpi-bush-point_2020_09_27_23_23_00.wav_0.0s_2.5s_trainstyle,dclde_OrcaSound_bush_point__rpi-bush-point_2020_09_27_23_23_00.wav,rpi-bush-point_2020_09_27_23_23_00.wav,rpi-bush-point_2020_09_27_23_23_00.wav,0.000000,2.450000,0.000000,2.450000,0.000000,2.450000,dclde_OrcaSound_bush_point__rpi-bush-point_2020_09_27_23_23_00.wav_0.0s_2.5s_trainstyle.mat,mat_files/dclde_OrcaSound_bush_point__rpi-bush-point_2020_09_27_23_23_00.wav_0.0s_2.5s_trainstyle.mat,dclde_2027_OrcaSound_bush_point,171280,OrcaSound,bush_point,rpi-bush-point_2020_09_27_23_23_00.wav,AB,confounder:abiotic,,,,confounder:abiotic,NA,File,0,NA,NA,NA,dclde/2027/dclde_2027_killer_whales/orcasound/audio/bushpoint/rpi-bush-point_2020_09_27_23_23_00.wav,gs://noaa-passive-bioacoustic/dclde/2027/dclde_2027_killer_whales/orcasound/audio/bushpoint/rpi-bush-point_2020_09_27_23_23_00.wav,https://storage.googleapis.com/noaa-passive-bioacoustic/dclde/2027/dclde_2027_killer_whales/orcasound/audio/bushpoint/rpi-bush-point_2020_09_27_23_23_00.wav,1,reviewed_confounder,,,,,,OrcaSound:bush_point:rpi-bush-point_2020_09_27_23_23_00.wav,[],
dclde_OrcaSound_orcasound_lab__1562340736_0012.wav_0.0s_2.5s_trainstyle,dclde_OrcaSound_orcasound_lab__1562340736_0012.wav,1562340736_0012.wav,1562340736_0012.wav,0.000000,2.450000,0.000000,2.450000,0.000000,2.450000,dclde_OrcaSound_orcasound_lab__1562340736_0012.wav_0.0s_2.5s_trainstyle.mat,mat_files/dclde_OrcaSound_orcasound_lab__1562340736_0012.wav_0.0s_2.5s_trainstyle.mat,dclde_2027_OrcaSound_orcasound_lab,169513,OrcaSound,orcasound_lab,1562340736_0012.wav,AB,confounder:abiotic,,,,confounder:abiotic,NA,File,0,NA,NA,NA,dclde/2027/dclde_2027_killer_whales/orcasound/audio/orcasoundlab/1562340736_0012.wav,gs://noaa-passive-bioacoustic/dclde/2027/dclde_2027_killer_whales/orcasound/audio/orcasoundlab/1562340736_0012.wav,https://storage.googleapis.com/noaa-passive-bioacoustic/dclde/2027/dclde_2027_killer_whales/orcasound/audio/orcasoundlab/1562340736_0012.wav,1,reviewed_confounder,,,,,,OrcaSound:orcasound_lab:1562340736_0012.wav,[],
dclde_SIMRES_Tekteksen__ICLISTENHF6156_20220628T141000.000Z_20220628T141459.996Z.flac_170.0s_175.0s_trainstyle,dclde_SIMRES_Tekteksen__ICLISTENHF6156_20220628T141000.000Z_20220628T141459.996Z.flac,ICLISTENHF6156_20220628T141000.000Z_20220628T141459.996Z.flac,ICLISTENHF6156_20220628T141000.000Z_20220628T141459.996Z.flac,169.989300,175.001300,169.989300,175.001300,169.989300,5.012000,dclde_SIMRES_Tekteksen__ICLISTENHF6156_20220628T141000.000Z_20220628T141459.996Z.flac_170.0s_175.0s_trainstyle.mat,mat_files/dclde_SIMRES_Tekteksen__ICLISTENHF6156_20220628T141000.000Z_20220628T141459.996Z.flac_170.0s_175.0s_trainstyle.mat,dclde_2027_SIMRES_Tekteksen,177189,SIMRES,Tekteksen,ICLISTENHF6156_20220628T141000.000Z_20220628T141459.996Z.flac,AB,confounder:abiotic,,,,confounder:abiotic,NA,Call,0,NA,0,0,dclde/2027/dclde_2027_killer_whales/simres/audio/tekteksen/ICLISTENHF6156_20220628T141000.000Z_20220628T141459.996Z.flac,gs://noaa-passive-bioacoustic/dclde/2027/dclde_2027_killer_whales/simres/audio/tekteksen/ICLISTENHF6156_20220628T141000.000Z_20220628T141459.996Z.flac,https://storage.googleapis.com/noaa-passive-bioacoustic/dclde/2027/dclde_2027_killer_whales/simres/audio/tekteksen/ICLISTENHF6156_20220628T141000.000Z_20220628T141459.996Z.flac,1,reviewed_confounder,,,,,,SIMRES:Tekteksen:ICLISTENHF6156_20220628T141000.000Z_20220628T141459.996Z.flac,[],
dclde_SIO_Cpe_Elz__OCNMS13CE_110609_074657_Transients.wav_3858.6s_3861.1s_trainstyle,dclde_SIO_Cpe_Elz__OCNMS13CE_110609_074657_Transients.wav,OCNMS13CE_110609_074657_Transients.wav,OCNMS13CE_110609_074657_Transients.wav,3858.550960,3861.110687,3858.550960,3861.110687,3858.550960,2.559727,dclde_SIO_Cpe_Elz__OCNMS13CE_110609_074657_Transients.wav_3858.6s_3861.1s_trainstyle.mat,mat_files/dclde_SIO_Cpe_Elz__OCNMS13CE_110609_074657_Transients.wav_3858.6s_3861.1s_trainstyle.mat,dclde_2027_SIO_Cpe_Elz,176545,SIO,Cpe_Elz,OCNMS13CE_110609_074657_Transients.wav,AB,confounder:abiotic,,,,confounder:abiotic,NA,Call,0,NA,0,0,dclde/2027/dclde_2027_killer_whales/scripps/audio/cpeelz/OCNMS13CE_110609_074657_Transients.wav,gs://noaa-passive-bioacoustic/dclde/2027/dclde_2027_killer_whales/scripps/audio/cpeelz/OCNMS13CE_110609_074657_Transients.wav,https://storage.googleapis.com/noaa-passive-bioacoustic/dclde/2027/dclde_2027_killer_whales/scripps/audio/cpeelz/OCNMS13CE_110609_074657_Transients.wav,1,reviewed_confounder,,,,,,SIO:Cpe_Elz:OCNMS13CE_110609_074657_Transients.wav,[],
dclde_SIO_Quin_Can__OCNMS12QC_110809_121712_Offshores.wav_2340.9s_2347.9s_trainstyle,dclde_SIO_Quin_Can__OCNMS12QC_110809_121712_Offshores.wav,OCNMS12QC_110809_121712_Offshores.wav,OCNMS12QC_110809_121712_Offshores.wav,2340.879830,2347.860027,2340.879830,2347.860027,2340.879830,6.980197,dclde_SIO_Quin_Can__OCNMS12QC_110809_121712_Offshores.wav_2340.9s_2347.9s_trainstyle.mat,mat_files/dclde_SIO_Quin_Can__OCNMS12QC_110809_121712_Offshores.wav_2340.9s_2347.9s_trainstyle.mat,dclde_2027_SIO_Quin_Can,177176,SIO,Quin_Can,OCNMS12QC_110809_121712_Offshores.wav,AB,confounder:abiotic,,,,confounder:abiotic,NA,Call,0,NA,0,0,dclde/2027/dclde_2027_killer_whales/scripps/audio/quincan/OCNMS12QC_110809_121712_Offshores.wav,gs://noaa-passive-bioacoustic/dclde/2027/dclde_2027_killer_whales/scripps/audio/quincan/OCNMS12QC_110809_121712_Offshores.wav,https://storage.googleapis.com/noaa-passive-bioacoustic/dclde/2027/dclde_2027_killer_whales/scripps/audio/quincan/OCNMS12QC_110809_121712_Offshores.wav,1,reviewed_confounder,,,,,,SIO:Quin_Can:OCNMS12QC_110809_121712_Offshores.wav,[],
dclde_SMRUConsulting_LimeKiln__LK_20161106_034859_999.wav_54.3s_54.8s_trainstyle,dclde_SMRUConsulting_LimeKiln__LK_20161106_034859_999.wav,LK_20161106_034859_999.wav,LK_20161106_034859_999.wav,54.308000,54.808000,54.308000,54.808000,54.308000,0.500000,dclde_SMRUConsulting_LimeKiln__LK_20161106_034859_999.wav_54.3s_54.8s_trainstyle.mat,mat_files/dclde_SMRUConsulting_LimeKiln__LK_20161106_034859_999.wav_54.3s_54.8s_trainstyle.mat,dclde_2027_SMRUConsulting_LimeKiln,195809,SMRUConsulting,LimeKiln,LK_20161106_034859_999.wav,AB,confounder:abiotic,,,,confounder:abiotic,NA,Call,0,NA,1284.47,1555.99,dclde/2027/dclde_2027_killer_whales/smru/audio/limekiln/LK_20161106_034859_999.wav,gs://noaa-passive-bioacoustic/dclde/2027/dclde_2027_killer_whales/smru/audio/limekiln/LK_20161106_034859_999.wav,https://storage.googleapis.com/noaa-passive-bioacoustic/dclde/2027/dclde_2027_killer_whales/smru/audio/limekiln/LK_20161106_034859_999.wav,1,reviewed_confounder,,,,,,SMRUConsulting:LimeKiln:LK_20161106_034859_999.wav,[],
dclde_DFO_CRP_NorthBc__DFOCRP.KkHK0R2F-NML1.SM2M-3.20131015_012100Z.flac_298.8s_299.0s_trainstyle,dclde_DFO_CRP_NorthBc__DFOCRP.KkHK0R2F-NML1.SM2M-3.20131015_012100Z.flac,DFOCRP.KkHK0R2F-NML1.SM2M-3.20131015_012100Z.flac,DFOCRP.KkHK0R2F-NML1.SM2M-3.20131015_012100Z.flac,298.767000,299.023000,298.767000,299.023000,298.767000,0.256000,dclde_DFO_CRP_NorthBc__DFOCRP.KkHK0R2F-NML1.SM2M-3.20131015_012100Z.flac_298.8s_299.0s_trainstyle.mat,mat_files/dclde_DFO_CRP_NorthBc__DFOCRP.KkHK0R2F-NML1.SM2M-3.20131015_012100Z.flac_298.8s_299.0s_trainstyle.mat,dclde_2027_DFO_CRP_NorthBc,2464,DFO_CRP,NorthBc,DFOCRP.KkHK0R2F-NML1.SM2M-3.20131015_012100Z.flac,UndBio,confounder:undetermined_biological,,,,confounder:undetermined_biological,NA,Detection,0,NA,5156.25,5593.75,dclde/2027/dclde_2027_killer_whales/dfo_crp/audio/northbc/DFOCRP.KkHK0R2F-NML1.SM2M-3.20131015_012100Z.flac,gs://noaa-passive-bioacoustic/dclde/2027/dclde_2027_killer_whales/dfo_crp/audio/northbc/DFOCRP.KkHK0R2F-NML1.SM2M-3.20131015_012100Z.flac,https://storage.googleapis.com/noaa-passive-bioacoustic/dclde/2027/dclde_2027_killer_whales/dfo_crp/audio/northbc/DFOCRP.KkHK0R2F-NML1.SM2M-3.20131015_012100Z.flac,1,reviewed_confounder,,,,,,DFO_CRP:NorthBc:DFOCRP.KkHK0R2F-NML1.SM2M-3.20131015_012100Z.flac,[],
dclde_DFO_CRP_WVanIsl__DFOCRP.H50bjRcb-WCV1.AURAL117LF.20110706_223000Z.flac_45.3s_45.9s_trainstyle,dclde_DFO_CRP_WVanIsl__DFOCRP.H50bjRcb-WCV1.AURAL117LF.20110706_223000Z.flac,DFOCRP.H50bjRcb-WCV1.AURAL117LF.20110706_223000Z.flac,DFOCRP.H50bjRcb-WCV1.AURAL117LF.20110706_223000Z.flac,45.329000,45.876000,45.329000,45.876000,45.329000,0.547000,dclde_DFO_CRP_WVanIsl__DFOCRP.H50bjRcb-WCV1.AURAL117LF.20110706_223000Z.flac_45.3s_45.9s_trainstyle.mat,mat_files/dclde_DFO_CRP_WVanIsl__DFOCRP.H50bjRcb-WCV1.AURAL117LF.20110706_223000Z.flac_45.3s_45.9s_trainstyle.mat,dclde_2027_DFO_CRP_WVanIsl,47336,DFO_CRP,WVanIsl,DFOCRP.H50bjRcb-WCV1.AURAL117LF.20110706_223000Z.flac,UndBio,confounder:undetermined_biological,,,,confounder:undetermined_biological,NA,Detection,0,NA,7424,7552,dclde/2027/dclde_2027_killer_whales/dfo_crp/audio/wvanisl/DFOCRP.H50bjRcb-WCV1.AURAL117LF.20110706_223000Z.flac,gs://noaa-passive-bioacoustic/dclde/2027/dclde_2027_killer_whales/dfo_crp/audio/wvanisl/DFOCRP.H50bjRcb-WCV1.AURAL117LF.20110706_223000Z.flac,https://storage.googleapis.com/noaa-passive-bioacoustic/dclde/2027/dclde_2027_killer_whales/dfo_crp/audio/wvanisl/DFOCRP.H50bjRcb-WCV1.AURAL117LF.20110706_223000Z.flac,1,reviewed_confounder,,,,,,DFO_CRP:WVanIsl:DFOCRP.H50bjRcb-WCV1.AURAL117LF.20110706_223000Z.flac,[],
dclde_DFO_WDLP_CarmanahPt__ST6249.220428101325.wav_113.7s_114.4s_trainstyle,dclde_DFO_WDLP_CarmanahPt__ST6249.220428101325.wav,ST6249.220428101325.wav,ST6249.220428101325.wav,113.727000,114.367000,113.727000,114.367000,113.727000,0.640000,dclde_DFO_WDLP_CarmanahPt__ST6249.220428101325.wav_113.7s_114.4s_trainstyle.mat,mat_files/dclde_DFO_WDLP_CarmanahPt__ST6249.220428101325.wav_113.7s_114.4s_trainstyle.mat,dclde_2027_DFO_WDLP_CarmanahPt,159670,DFO_WDLP,CarmanahPt,ST6249.220428101325.wav,UndBio,confounder:undetermined_biological,,,,confounder:undetermined_biological,NA,Detection,0,NA,4054,4570,dclde/2027/dclde_2027_killer_whales/dfo_wdlp/audio/carmanahpt/ST6249.220428101325.wav,gs://noaa-passive-bioacoustic/dclde/2027/dclde_2027_killer_whales/dfo_wdlp/audio/carmanahpt/ST6249.220428101325.wav,https://storage.googleapis.com/noaa-passive-bioacoustic/dclde/2027/dclde_2027_killer_whales/dfo_wdlp/audio/carmanahpt/ST6249.220428101325.wav,1,reviewed_confounder,,,,,,DFO_WDLP:CarmanahPt:ST6249.220428101325.wav,[],
dclde_JASCO_VFPA_ONC_StraitofGeorgia__JASCOAMARHYDROPHONEC000682_20180117T105208.527Z.wav_56.0s_67.5s_trainstyle,dclde_JASCO_VFPA_ONC_StraitofGeorgia__JASCOAMARHYDROPHONEC000682_20180117T105208.527Z.wav,JASCOAMARHYDROPHONEC000682_20180117T105208.527Z.wav,JASCOAMARHYDROPHONEC000682_20180117T105208.527Z.wav,55.991000,67.525000,55.991000,67.525000,55.991000,11.534000,dclde_JASCO_VFPA_ONC_StraitofGeorgia__JASCOAMARHYDROPHONEC000682_20180117T105208.527Z.wav_56.0s_67.5s_trainstyle.mat,mat_files/dclde_JASCO_VFPA_ONC_StraitofGeorgia__JASCOAMARHYDROPHONEC000682_20180117T105208.527Z.wav_56.0s_67.5s_trainstyle.mat,dclde_2027_JASCO_VFPA_ONC_StraitofGeorgia,195638,JASCO_VFPA_ONC,StraitofGeorgia,JASCOAMARHYDROPHONEC000682_20180117T105208.527Z.wav,UndBio,confounder:undetermined_biological,,,,confounder:undetermined_biological,NA,Call,0,NA,1189.6,35031,dclde/2027/dclde_2027_killer_whales/vfpa/audio/straitofgeorgia/JASCOAMARHYDROPHONEC000682_20180117T105208.527Z.wav,gs://noaa-passive-bioacoustic/dclde/2027/dclde_2027_killer_whales/vfpa/audio/straitofgeorgia/JASCOAMARHYDROPHONEC000682_20180117T105208.527Z.wav,https://storage.googleapis.com/noaa-passive-bioacoustic/dclde/2027/dclde_2027_killer_whales/vfpa/audio/straitofgeorgia/JASCOAMARHYDROPHONEC000682_20180117T105208.527Z.wav,1,reviewed_confounder,,,,,,JASCO_VFPA_ONC:StraitofGeorgia:JASCOAMARHYDROPHONEC000682_20180117T105208.527Z.wav,[],
dclde_ONC_BarkleyCanyon__ICLISTENHF1251_20140101T120159.855Z.wav_36.2s_36.9s_trainstyle,dclde_ONC_BarkleyCanyon__ICLISTENHF1251_20140101T120159.855Z.wav,ICLISTENHF1251_20140101T120159.855Z.wav,ICLISTENHF1251_20140101T120159.855Z.wav,36.172470,36.944020,36.172470,36.944020,36.172470,0.771550,dclde_ONC_BarkleyCanyon__ICLISTENHF1251_20140101T120159.855Z.wav_36.2s_36.9s_trainstyle.mat,mat_files/dclde_ONC_BarkleyCanyon__ICLISTENHF1251_20140101T120159.855Z.wav_36.2s_36.9s_trainstyle.mat,dclde_2027_ONC_BarkleyCanyon,172505,ONC,BarkleyCanyon,ICLISTENHF1251_20140101T120159.855Z.wav,UndBio,confounder:undetermined_biological,,,,confounder:undetermined_biological,NA,Call,0,NA,5436.42,20202.58,dclde/2027/dclde_2027_killer_whales/onc/audio/barkleycanyon/ICLISTENHF1251_20140101T120159.855Z.wav,gs://noaa-passive-bioacoustic/dclde/2027/dclde_2027_killer_whales/onc/audio/barkleycanyon/ICLISTENHF1251_20140101T120159.855Z.wav,https://storage.googleapis.com/noaa-passive-bioacoustic/dclde/2027/dclde_2027_killer_whales/onc/audio/barkleycanyon/ICLISTENHF1251_20140101T120159.855Z.wav,1,reviewed_confounder,,,,,,ONC:BarkleyCanyon:ICLISTENHF1251_20140101T120159.855Z.wav,[],
dclde_SMRUConsulting_LimeKiln__LK_20161106_050000_000.wav_3.1s_3.5s_trainstyle,dclde_SMRUConsulting_LimeKiln__LK_20161106_050000_000.wav,LK_20161106_050000_000.wav,LK_20161106_050000_000.wav,3.078000,3.538000,3.078000,3.538000,3.078000,0.460000,dclde_SMRUConsulting_LimeKiln__LK_20161106_050000_000.wav_3.1s_3.5s_trainstyle.mat,mat_files/dclde_SMRUConsulting_LimeKiln__LK_20161106_050000_000.wav_3.1s_3.5s_trainstyle.mat,dclde_2027_SMRUConsulting_LimeKiln,195831,SMRUConsulting,LimeKiln,LK_20161106_050000_000.wav,UndBio,confounder:undetermined_biological,,,,confounder:undetermined_biological,NA,Call,0,NA,5.81,372.02,dclde/2027/dclde_2027_killer_whales/smru/audio/limekiln/LK_20161106_050000_000.wav,gs://noaa-passive-bioacoustic/dclde/2027/dclde_2027_killer_whales/smru/audio/limekiln/LK_20161106_050000_000.wav,https://storage.googleapis.com/noaa-passive-bioacoustic/dclde/2027/dclde_2027_killer_whales/smru/audio/limekiln/LK_20161106_050000_000.wav,1,reviewed_confounder,,,,,,SMRUConsulting:LimeKiln:LK_20161106_050000_000.wav,[],
dclde_DFO_CRP_NorthBc__DFOCRP.KkHK0R2F-NML1.SM2M-3.20131011_002100Z.flac_95.7s_96.0s_trainstyle,dclde_DFO_CRP_NorthBc__DFOCRP.KkHK0R2F-NML1.SM2M-3.20131011_002100Z.flac,DFOCRP.KkHK0R2F-NML1.SM2M-3.20131011_002100Z.flac,DFOCRP.KkHK0R2F-NML1.SM2M-3.20131011_002100Z.flac,95.711000,95.967000,95.711000,95.967000,95.711000,0.256000,dclde_DFO_CRP_NorthBc__DFOCRP.KkHK0R2F-NML1.SM2M-3.20131011_002100Z.flac_95.7s_96.0s_trainstyle.mat,mat_files/dclde_DFO_CRP_NorthBc__DFOCRP.KkHK0R2F-NML1.SM2M-3.20131011_002100Z.flac_95.7s_96.0s_trainstyle.mat,dclde_2027_DFO_CRP_NorthBc,6,DFO_CRP,NorthBc,DFOCRP.KkHK0R2F-NML1.SM2M-3.20131011_002100Z.flac,AB,confounder:abiotic,,,,confounder:abiotic,NA,Detection,0,NA,1062.5,1187.5,dclde/2027/dclde_2027_killer_whales/dfo_crp/audio/northbc/DFOCRP.KkHK0R2F-NML1.SM2M-3.20131011_002100Z.flac,gs://noaa-passive-bioacoustic/dclde/2027/dclde_2027_killer_whales/dfo_crp/audio/northbc/DFOCRP.KkHK0R2F-NML1.SM2M-3.20131011_002100Z.flac,https://storage.googleapis.com/noaa-passive-bioacoustic/dclde/2027/dclde_2027_killer_whales/dfo_crp/audio/northbc/DFOCRP.KkHK0R2F-NML1.SM2M-3.20131011_002100Z.flac,1,reviewed_confounder,,,,,,DFO_CRP:NorthBc:DFOCRP.KkHK0R2F-NML1.SM2M-3.20131011_002100Z.flac,[],
dclde_DFO_CRP_WVanIsl__DFOCRP.H50bjRcb-WCV1.AURAL117LF.20110519_041500Z.flac_1.0s_1.7s_trainstyle,dclde_DFO_CRP_WVanIsl__DFOCRP.H50bjRcb-WCV1.AURAL117LF.20110519_041500Z.flac,DFOCRP.H50bjRcb-WCV1.AURAL117LF.20110519_041500Z.flac,DFOCRP.H50bjRcb-WCV1.AURAL117LF.20110519_041500Z.flac,0.999000,1.671000,0.999000,1.671000,0.999000,0.672000,dclde_DFO_CRP_WVanIsl__DFOCRP.H50bjRcb-WCV1.AURAL117LF.20110519_041500Z.flac_1.0s_1.7s_trainstyle.mat,mat_files/dclde_DFO_CRP_WVanIsl__DFOCRP.H50bjRcb-WCV1.AURAL117LF.20110519_041500Z.flac_1.0s_1.7s_trainstyle.mat,dclde_2027_DFO_CRP_WVanIsl,44824,DFO_CRP,WVanIsl,DFOCRP.H50bjRcb-WCV1.AURAL117LF.20110519_041500Z.flac,AB,confounder:abiotic,,,,confounder:abiotic,NA,Detection,0,NA,2464,2624,dclde/2027/dclde_2027_killer_whales/dfo_crp/audio/wvanisl/DFOCRP.H50bjRcb-WCV1.AURAL117LF.20110519_041500Z.flac,gs://noaa-passive-bioacoustic/dclde/2027/dclde_2027_killer_whales/dfo_crp/audio/wvanisl/DFOCRP.H50bjRcb-WCV1.AURAL117LF.20110519_041500Z.flac,https://storage.googleapis.com/noaa-passive-bioacoustic/dclde/2027/dclde_2027_killer_whales/dfo_crp/audio/wvanisl/DFOCRP.H50bjRcb-WCV1.AURAL117LF.20110519_041500Z.flac,1,reviewed_confounder,,,,,,DFO_CRP:WVanIsl:DFOCRP.H50bjRcb-WCV1.AURAL117LF.20110519_041500Z.flac,[],
dclde_DFO_WDLP_CarmanahPt__ST6249.220617125405.wav_121.2s_121.6s_trainstyle,dclde_DFO_WDLP_CarmanahPt__ST6249.220617125405.wav,ST6249.220617125405.wav,ST6249.220617125405.wav,121.236000,121.598000,121.236000,121.598000,121.236000,0.362000,dclde_DFO_WDLP_CarmanahPt__ST6249.220617125405.wav_121.2s_121.6s_trainstyle.mat,mat_files/dclde_DFO_WDLP_CarmanahPt__ST6249.220617125405.wav_121.2s_121.6s_trainstyle.mat,dclde_2027_DFO_WDLP_CarmanahPt,159838,DFO_WDLP,CarmanahPt,ST6249.220617125405.wav,AB,confounder:abiotic,,,,confounder:abiotic,NA,Detection,0,NA,7546,7664,dclde/2027/dclde_2027_killer_whales/dfo_wdlp/audio/carmanahpt/ST6249.220617125405.wav,gs://noaa-passive-bioacoustic/dclde/2027/dclde_2027_killer_whales/dfo_wdlp/audio/carmanahpt/ST6249.220617125405.wav,https://storage.googleapis.com/noaa-passive-bioacoustic/dclde/2027/dclde_2027_killer_whales/dfo_wdlp/audio/carmanahpt/ST6249.220617125405.wav,1,reviewed_confounder,,,,,,DFO_WDLP:CarmanahPt:ST6249.220617125405.wav,[],
dclde_DFO_WDLP_StrGeoN1__AMAR610.20210905T142535Z.wav_151.8s_152.7s_trainstyle,dclde_DFO_WDLP_StrGeoN1__AMAR610.20210905T142535Z.wav,AMAR610.20210905T142535Z.wav,AMAR610.20210905T142535Z.wav,151.849000,152.723000,151.849000,152.723000,151.849000,0.874000,dclde_DFO_WDLP_StrGeoN1__AMAR610.20210905T142535Z.wav_151.8s_152.7s_trainstyle.mat,mat_files/dclde_DFO_WDLP_StrGeoN1__AMAR610.20210905T142535Z.wav_151.8s_152.7s_trainstyle.mat,dclde_2027_DFO_WDLP_StrGeoN1,161408,DFO_WDLP,StrGeoN1,AMAR610.20210905T142535Z.wav,AB,confounder:abiotic,,,,confounder:abiotic,NA,Detection,0,NA,7007,7406,dclde/2027/dclde_2027_killer_whales/dfo_wdlp/audio/strgeon1/AMAR610.20210905T142535Z.wav,gs://noaa-passive-bioacoustic/dclde/2027/dclde_2027_killer_whales/dfo_wdlp/audio/strgeon1/AMAR610.20210905T142535Z.wav,https://storage.googleapis.com/noaa-passive-bioacoustic/dclde/2027/dclde_2027_killer_whales/dfo_wdlp/audio/strgeon1/AMAR610.20210905T142535Z.wav,1,reviewed_confounder,,,,,,DFO_WDLP:StrGeoN1:AMAR610.20210905T142535Z.wav,[],
dclde_DFO_WDLP_StrGeoS2__AMAR779.20210904T191552Z.wav_90.3s_91.4s_trainstyle,dclde_DFO_WDLP_StrGeoS2__AMAR779.20210904T191552Z.wav,AMAR779.20210904T191552Z.wav,AMAR779.20210904T191552Z.wav,90.345000,91.369000,90.345000,91.369000,90.345000,1.024000,dclde_DFO_WDLP_StrGeoS2__AMAR779.20210904T191552Z.wav_90.3s_91.4s_trainstyle.mat,mat_files/dclde_DFO_WDLP_StrGeoS2__AMAR779.20210904T191552Z.wav_90.3s_91.4s_trainstyle.mat,dclde_2027_DFO_WDLP_StrGeoS2,163571,DFO_WDLP,StrGeoS2,AMAR779.20210904T191552Z.wav,AB,confounder:abiotic,,,,confounder:abiotic,NA,Detection,0,NA,2648,2718,dclde/2027/dclde_2027_killer_whales/dfo_wdlp/audio/strgeos2/AMAR779.20210904T191552Z.wav,gs://noaa-passive-bioacoustic/dclde/2027/dclde_2027_killer_whales/dfo_wdlp/audio/strgeos2/AMAR779.20210904T191552Z.wav,https://storage.googleapis.com/noaa-passive-bioacoustic/dclde/2027/dclde_2027_killer_whales/dfo_wdlp/audio/strgeos2/AMAR779.20210904T191552Z.wav,1,reviewed_confounder,,,,,,DFO_WDLP:StrGeoS2:AMAR779.20210904T191552Z.wav,[],
dclde_DFO_WDLP_SwanChan__AMAR777.20211116T172747Z.wav_59.5s_59.9s_trainstyle,dclde_DFO_WDLP_SwanChan__AMAR777.20211116T172747Z.wav,AMAR777.20211116T172747Z.wav,AMAR777.20211116T172747Z.wav,59.498000,59.903000,59.498000,59.903000,59.498000,0.405000,dclde_DFO_WDLP_SwanChan__AMAR777.20211116T172747Z.wav_59.5s_59.9s_trainstyle.mat,mat_files/dclde_DFO_WDLP_SwanChan__AMAR777.20211116T172747Z.wav_59.5s_59.9s_trainstyle.mat,dclde_2027_DFO_WDLP_SwanChan,165719,DFO_WDLP,SwanChan,AMAR777.20211116T172747Z.wav,AB,confounder:abiotic,,,,confounder:abiotic,NA,Detection,0,NA,7734,7828,dclde/2027/dclde_2027_killer_whales/dfo_wdlp/audio/swanchan/AMAR777.20211116T172747Z.wav,gs://noaa-passive-bioacoustic/dclde/2027/dclde_2027_killer_whales/dfo_wdlp/audio/swanchan/AMAR777.20211116T172747Z.wav,https://storage.googleapis.com/noaa-passive-bioacoustic/dclde/2027/dclde_2027_killer_whales/dfo_wdlp/audio/swanchan/AMAR777.20211116T172747Z.wav,1,reviewed_confounder,,,,,,DFO_WDLP:SwanChan:AMAR777.20211116T172747Z.wav,[],
dclde_JASCO_VFPA_ONC_StraitofGeorgia__JASCOAMARHYDROPHONE2402_20160831T084112.222Z.wav_82.1s_88.9s_trainstyle,dclde_JASCO_VFPA_ONC_StraitofGeorgia__JASCOAMARHYDROPHONE2402_20160831T084112.222Z.wav,JASCOAMARHYDROPHONE2402_20160831T084112.222Z.wav,JASCOAMARHYDROPHONE2402_20160831T084112.222Z.wav,82.082000,88.921000,82.082000,88.921000,82.082000,6.839000,dclde_JASCO_VFPA_ONC_StraitofGeorgia__JASCOAMARHYDROPHONE2402_20160831T084112.222Z.wav_82.1s_88.9s_trainstyle.mat,mat_files/dclde_JASCO_VFPA_ONC_StraitofGeorgia__JASCOAMARHYDROPHONE2402_20160831T084112.222Z.wav_82.1s_88.9s_trainstyle.mat,dclde_2027_JASCO_VFPA_ONC_StraitofGeorgia,194516,JASCO_VFPA_ONC,StraitofGeorgia,JASCOAMARHYDROPHONE2402_20160831T084112.222Z.wav,AB,confounder:abiotic,,,,confounder:abiotic,NA,Call,0,NA,0,1056.5,dclde/2027/dclde_2027_killer_whales/vfpa/audio/straitofgeorgia/JASCOAMARHYDROPHONE2402_20160831T084112.222Z.wav,gs://noaa-passive-bioacoustic/dclde/2027/dclde_2027_killer_whales/vfpa/audio/straitofgeorgia/JASCOAMARHYDROPHONE2402_20160831T084112.222Z.wav,https://storage.googleapis.com/noaa-passive-bioacoustic/dclde/2027/dclde_2027_killer_whales/vfpa/audio/straitofgeorgia/JASCOAMARHYDROPHONE2402_20160831T084112.222Z.wav,1,reviewed_confounder,,,,,,JASCO_VFPA_ONC:StraitofGeorgia:JASCOAMARHYDROPHONE2402_20160831T084112.222Z.wav,[],
dclde_JASCO_VFPA_BoundaryPass__AMAR418.1.20180907T030639Z.wav_12.6s_13.4s_trainstyle,dclde_JASCO_VFPA_BoundaryPass__AMAR418.1.20180907T030639Z.wav,AMAR418.1.20180907T030639Z.wav,AMAR418.1.20180907T030639Z.wav,12.570000,13.430000,12.570000,13.430000,12.570000,0.860000,dclde_JASCO_VFPA_BoundaryPass__AMAR418.1.20180907T030639Z.wav_12.6s_13.4s_trainstyle.mat,mat_files/dclde_JASCO_VFPA_BoundaryPass__AMAR418.1.20180907T030639Z.wav_12.6s_13.4s_trainstyle.mat,dclde_2027_JASCO_VFPA_BoundaryPass,181307,JASCO_VFPA,BoundaryPass,AMAR418.1.20180907T030639Z.wav,AB,confounder:abiotic,,,,confounder:abiotic,NA,Call,0,NA,100,3000,dclde/2027/dclde_2027_killer_whales/vfpa/audio/boundarypass/AMAR418.1.20180907T030639Z.wav,gs://noaa-passive-bioacoustic/dclde/2027/dclde_2027_killer_whales/vfpa/audio/boundarypass/AMAR418.1.20180907T030639Z.wav,https://storage.googleapis.com/noaa-passive-bioacoustic/dclde/2027/dclde_2027_killer_whales/vfpa/audio/boundarypass/AMAR418.1.20180907T030639Z.wav,1,reviewed_confounder,,,,,,JASCO_VFPA:BoundaryPass:AMAR418.1.20180907T030639Z.wav,[],
dclde_JASCO_VFPA_HaroStraitNorth__AMAR418.1.20170708T073001Z.wav_1725.2s_1725.6s_trainstyle,dclde_JASCO_VFPA_HaroStraitNorth__AMAR418.1.20170708T073001Z.wav,AMAR418.1.20170708T073001Z.wav,AMAR418.1.20170708T073001Z.wav,1725.180000,1725.580000,1725.180000,1725.580000,1725.180000,0.400000,dclde_JASCO_VFPA_HaroStraitNorth__AMAR418.1.20170708T073001Z.wav_1725.2s_1725.6s_trainstyle.mat,mat_files/dclde_JASCO_VFPA_HaroStraitNorth__AMAR418.1.20170708T073001Z.wav_1725.2s_1725.6s_trainstyle.mat,dclde_2027_JASCO_VFPA_HaroStraitNorth,183226,JASCO_VFPA,HaroStraitNorth,AMAR418.1.20170708T073001Z.wav,AB,confounder:abiotic,,,,confounder:abiotic,NA,Call,0,NA,2138.06,2835.06,dclde/2027/dclde_2027_killer_whales/vfpa/audio/harostraitnorth/AMAR418.1.20170708T073001Z.wav,gs://noaa-passive-bioacoustic/dclde/2027/dclde_2027_killer_whales/vfpa/audio/harostraitnorth/AMAR418.1.20170708T073001Z.wav,https://storage.googleapis.com/noaa-passive-bioacoustic/dclde/2027/dclde_2027_killer_whales/vfpa/audio/harostraitnorth/AMAR418.1.20170708T073001Z.wav,1,reviewed_confounder,,,,,,JASCO_VFPA:HaroStraitNorth:AMAR418.1.20170708T073001Z.wav,[],
dclde_JASCO_VFPA_HaroStraitSouth__AMAR395.1.20170708T073001Z.wav_669.8s_670.2s_trainstyle,dclde_JASCO_VFPA_HaroStraitSouth__AMAR395.1.20170708T073001Z.wav,AMAR395.1.20170708T073001Z.wav,AMAR395.1.20170708T073001Z.wav,669.780000,670.200000,669.780000,670.200000,669.780000,0.420000,dclde_JASCO_VFPA_HaroStraitSouth__AMAR395.1.20170708T073001Z.wav_669.8s_670.2s_trainstyle.mat,mat_files/dclde_JASCO_VFPA_HaroStraitSouth__AMAR395.1.20170708T073001Z.wav_669.8s_670.2s_trainstyle.mat,dclde_2027_JASCO_VFPA_HaroStraitSouth,188552,JASCO_VFPA,HaroStraitSouth,AMAR395.1.20170708T073001Z.wav,AB,confounder:abiotic,,,,confounder:abiotic,NA,Call,0,NA,920.28,2375.28,dclde/2027/dclde_2027_killer_whales/vfpa/audio/harostraitsouth/AMAR395.1.20170708T073001Z.wav,gs://noaa-passive-bioacoustic/dclde/2027/dclde_2027_killer_whales/vfpa/audio/harostraitsouth/AMAR395.1.20170708T073001Z.wav,https://storage.googleapis.com/noaa-passive-bioacoustic/dclde/2027/dclde_2027_killer_whales/vfpa/audio/harostraitsouth/AMAR395.1.20170708T073001Z.wav,1,reviewed_confounder,,,,,,JASCO_VFPA:HaroStraitSouth:AMAR395.1.20170708T073001Z.wav,[],
dclde_OrcaSound_bush_point__rpi-bush-point_2020_09_27_23_24_00.wav_0.0s_2.8s_trainstyle,dclde_OrcaSound_bush_point__rpi-bush-point_2020_09_27_23_24_00.wav,rpi-bush-point_2020_09_27_23_24_00.wav,rpi-bush-point_2020_09_27_23_24_00.wav,0.000000,2.831794,0.000000,2.831794,0.000000,2.831794,dclde_OrcaSound_bush_point__rpi-bush-point_2020_09_27_23_24_00.wav_0.0s_2.8s_trainstyle.mat,mat_files/dclde_OrcaSound_bush_point__rpi-bush-point_2020_09_27_23_24_00.wav_0.0s_2.8s_trainstyle.mat,dclde_2027_OrcaSound_bush_point,171031,OrcaSound,bush_point,rpi-bush-point_2020_09_27_23_24_00.wav,AB,confounder:abiotic,,,,confounder:abiotic,NA,File,0,NA,NA,NA,dclde/2027/dclde_2027_killer_whales/orcasound/audio/bushpoint/rpi-bush-point_2020_09_27_23_24_00.wav,gs://noaa-passive-bioacoustic/dclde/2027/dclde_2027_killer_whales/orcasound/audio/bushpoint/rpi-bush-point_2020_09_27_23_24_00.wav,https://storage.googleapis.com/noaa-passive-bioacoustic/dclde/2027/dclde_2027_killer_whales/orcasound/audio/bushpoint/rpi-bush-point_2020_09_27_23_24_00.wav,1,reviewed_confounder,,,,,,OrcaSound:bush_point:rpi-bush-point_2020_09_27_23_24_00.wav,[],
dclde_OrcaSound_orcasound_lab__1562340736_0013.wav_0.0s_1.6s_trainstyle,dclde_OrcaSound_orcasound_lab__1562340736_0013.wav,1562340736_0013.wav,1562340736_0013.wav,0.000000,1.635629,0.000000,1.635629,0.000000,1.635629,dclde_OrcaSound_orcasound_lab__1562340736_0013.wav_0.0s_1.6s_trainstyle.mat,mat_files/dclde_OrcaSound_orcasound_lab__1562340736_0013.wav_0.0s_1.6s_trainstyle.mat,dclde_2027_OrcaSound_orcasound_lab,169529,OrcaSound,orcasound_lab,1562340736_0013.wav,AB,confounder:abiotic,,,,confounder:abiotic,NA,File,0,NA,NA,NA,dclde/2027/dclde_2027_killer_whales/orcasound/audio/orcasoundlab/1562340736_0013.wav,gs://noaa-passive-bioacoustic/dclde/2027/dclde_2027_killer_whales/orcasound/audio/orcasoundlab/1562340736_0013.wav,https://storage.googleapis.com/noaa-passive-bioacoustic/dclde/2027/dclde_2027_killer_whales/orcasound/audio/orcasoundlab/1562340736_0013.wav,1,reviewed_confounder,,,,,,OrcaSound:orcasound_lab:1562340736_0013.wav,[],
dclde_SIMRES_Tekteksen__ICLISTENHF6156_20220628T141000.000Z_20220628T141459.996Z.flac_295.0s_300.0s_trainstyle,dclde_SIMRES_Tekteksen__ICLISTENHF6156_20220628T141000.000Z_20220628T141459.996Z.flac,ICLISTENHF6156_20220628T141000.000Z_20220628T141459.996Z.flac,ICLISTENHF6156_20220628T141000.000Z_20220628T141459.996Z.flac,294.992200,300.000000,294.992200,300.000000,294.992200,5.007800,dclde_SIMRES_Tekteksen__ICLISTENHF6156_20220628T141000.000Z_20220628T141459.996Z.flac_295.0s_300.0s_trainstyle.mat,mat_files/dclde_SIMRES_Tekteksen__ICLISTENHF6156_20220628T141000.000Z_20220628T141459.996Z.flac_295.0s_300.0s_trainstyle.mat,dclde_2027_SIMRES_Tekteksen,177190,SIMRES,Tekteksen,ICLISTENHF6156_20220628T141000.000Z_20220628T141459.996Z.flac,AB,confounder:abiotic,,,,confounder:abiotic,NA,Call,0,NA,0,0,dclde/2027/dclde_2027_killer_whales/simres/audio/tekteksen/ICLISTENHF6156_20220628T141000.000Z_20220628T141459.996Z.flac,gs://noaa-passive-bioacoustic/dclde/2027/dclde_2027_killer_whales/simres/audio/tekteksen/ICLISTENHF6156_20220628T141000.000Z_20220628T141459.996Z.flac,https://storage.googleapis.com/noaa-passive-bioacoustic/dclde/2027/dclde_2027_killer_whales/simres/audio/tekteksen/ICLISTENHF6156_20220628T141000.000Z_20220628T141459.996Z.flac,1,reviewed_confounder,,,,,,SIMRES:Tekteksen:ICLISTENHF6156_20220628T141000.000Z_20220628T141459.996Z.flac,[],
dclde_SIO_Cpe_Elz__OCNMS13CE_110811_040112_Transients.wav_2401.5s_2405.4s_trainstyle,dclde_SIO_Cpe_Elz__OCNMS13CE_110811_040112_Transients.wav,OCNMS13CE_110811_040112_Transients.wav,OCNMS13CE_110811_040112_Transients.wav,2401.472310,2405.383201,2401.472310,2405.383201,2401.472310,3.910891,dclde_SIO_Cpe_Elz__OCNMS13CE_110811_040112_Transients.wav_2401.5s_2405.4s_trainstyle.mat,mat_files/dclde_SIO_Cpe_Elz__OCNMS13CE_110811_040112_Transients.wav_2401.5s_2405.4s_trainstyle.mat,dclde_2027_SIO_Cpe_Elz,174542,SIO,Cpe_Elz,OCNMS13CE_110811_040112_Transients.wav,AB,confounder:abiotic,,,,confounder:abiotic,NA,Call,0,NA,0,0,dclde/2027/dclde_2027_killer_whales/scripps/audio/cpeelz/OCNMS13CE_110811_040112_Transients.wav,gs://noaa-passive-bioacoustic/dclde/2027/dclde_2027_killer_whales/scripps/audio/cpeelz/OCNMS13CE_110811_040112_Transients.wav,https://storage.googleapis.com/noaa-passive-bioacoustic/dclde/2027/dclde_2027_killer_whales/scripps/audio/cpeelz/OCNMS13CE_110811_040112_Transients.wav,1,reviewed_confounder,,,,,,SIO:Cpe_Elz:OCNMS13CE_110811_040112_Transients.wav,[],
dclde_SIO_Quin_Can__OCNMS12QC_110809_121712_Offshores.wav_2353.1s_2355.9s_trainstyle,dclde_SIO_Quin_Can__OCNMS12QC_110809_121712_Offshores.wav,OCNMS12QC_110809_121712_Offshores.wav,OCNMS12QC_110809_121712_Offshores.wav,2353.058045,2355.879827,2353.058045,2355.879827,2353.058045,2.821782,dclde_SIO_Quin_Can__OCNMS12QC_110809_121712_Offshores.wav_2353.1s_2355.9s_trainstyle.mat,mat_files/dclde_SIO_Quin_Can__OCNMS12QC_110809_121712_Offshores.wav_2353.1s_2355.9s_trainstyle.mat,dclde_2027_SIO_Quin_Can,177177,SIO,Quin_Can,OCNMS12QC_110809_121712_Offshores.wav,AB,confounder:abiotic,,,,confounder:abiotic,NA,Call,0,NA,0,0,dclde/2027/dclde_2027_killer_whales/scripps/audio/quincan/OCNMS12QC_110809_121712_Offshores.wav,gs://noaa-passive-bioacoustic/dclde/2027/dclde_2027_killer_whales/scripps/audio/quincan/OCNMS12QC_110809_121712_Offshores.wav,https://storage.googleapis.com/noaa-passive-bioacoustic/dclde/2027/dclde_2027_killer_whales/scripps/audio/quincan/OCNMS12QC_110809_121712_Offshores.wav,1,reviewed_confounder,,,,,,SIO:Quin_Can:OCNMS12QC_110809_121712_Offshores.wav,[],
dclde_SMRUConsulting_LimeKiln__LK_20161106_035159_999.wav_6.1s_6.6s_trainstyle,dclde_SMRUConsulting_LimeKiln__LK_20161106_035159_999.wav,LK_20161106_035159_999.wav,LK_20161106_035159_999.wav,6.080000,6.599000,6.080000,6.599000,6.080000,0.519000,dclde_SMRUConsulting_LimeKiln__LK_20161106_035159_999.wav_6.1s_6.6s_trainstyle.mat,mat_files/dclde_SMRUConsulting_LimeKiln__LK_20161106_035159_999.wav_6.1s_6.6s_trainstyle.mat,dclde_2027_SMRUConsulting_LimeKiln,195810,SMRUConsulting,LimeKiln,LK_20161106_035159_999.wav,AB,confounder:abiotic,,,,confounder:abiotic,NA,Call,0,NA,73.1,25522.34,dclde/2027/dclde_2027_killer_whales/smru/audio/limekiln/LK_20161106_035159_999.wav,gs://noaa-passive-bioacoustic/dclde/2027/dclde_2027_killer_whales/smru/audio/limekiln/LK_20161106_035159_999.wav,https://storage.googleapis.com/noaa-passive-bioacoustic/dclde/2027/dclde_2027_killer_whales/smru/audio/limekiln/LK_20161106_035159_999.wav,1,reviewed_confounder,,,,,,SMRUConsulting:LimeKiln:LK_20161106_035159_999.wav,[],
dclde_DFO_CRP_NorthBc__DFOCRP.KkHK0R2F-NML1.SM2M-3.20131015_205100Z.flac_259.6s_259.9s_trainstyle,dclde_DFO_CRP_NorthBc__DFOCRP.KkHK0R2F-NML1.SM2M-3.20131015_205100Z.flac,DFOCRP.KkHK0R2F-NML1.SM2M-3.20131015_205100Z.flac,DFOCRP.KkHK0R2F-NML1.SM2M-3.20131015_205100Z.flac,259.631000,259.903000,259.631000,259.903000,259.631000,0.272000,dclde_DFO_CRP_NorthBc__DFOCRP.KkHK0R2F-NML1.SM2M-3.20131015_205100Z.flac_259.6s_259.9s_trainstyle.mat,mat_files/dclde_DFO_CRP_NorthBc__DFOCRP.KkHK0R2F-NML1.SM2M-3.20131015_205100Z.flac_259.6s_259.9s_trainstyle.mat,dclde_2027_DFO_CRP_NorthBc,2795,DFO_CRP,NorthBc,DFOCRP.KkHK0R2F-NML1.SM2M-3.20131015_205100Z.flac,UndBio,confounder:undetermined_biological,,,,confounder:undetermined_biological,NA,Detection,0,NA,781.25,1187.5,dclde/2027/dclde_2027_killer_whales/dfo_crp/audio/northbc/DFOCRP.KkHK0R2F-NML1.SM2M-3.20131015_205100Z.flac,gs://noaa-passive-bioacoustic/dclde/2027/dclde_2027_killer_whales/dfo_crp/audio/northbc/DFOCRP.KkHK0R2F-NML1.SM2M-3.20131015_205100Z.flac,https://storage.googleapis.com/noaa-passive-bioacoustic/dclde/2027/dclde_2027_killer_whales/dfo_crp/audio/northbc/DFOCRP.KkHK0R2F-NML1.SM2M-3.20131015_205100Z.flac,1,reviewed_confounder,,,,,,DFO_CRP:NorthBc:DFOCRP.KkHK0R2F-NML1.SM2M-3.20131015_205100Z.flac,[],
dclde_DFO_CRP_WVanIsl__DFOCRP.H50bjRcb-WCV1.AURAL117LF.20110706_223000Z.flac_56.8s_57.4s_trainstyle,dclde_DFO_CRP_WVanIsl__DFOCRP.H50bjRcb-WCV1.AURAL117LF.20110706_223000Z.flac,DFOCRP.H50bjRcb-WCV1.AURAL117LF.20110706_223000Z.flac,DFOCRP.H50bjRcb-WCV1.AURAL117LF.20110706_223000Z.flac,56.828000,57.359000,56.828000,57.359000,56.828000,0.531000,dclde_DFO_CRP_WVanIsl__DFOCRP.H50bjRcb-WCV1.AURAL117LF.20110706_223000Z.flac_56.8s_57.4s_trainstyle.mat,mat_files/dclde_DFO_CRP_WVanIsl__DFOCRP.H50bjRcb-WCV1.AURAL117LF.20110706_223000Z.flac_56.8s_57.4s_trainstyle.mat,dclde_2027_DFO_CRP_WVanIsl,47337,DFO_CRP,WVanIsl,DFOCRP.H50bjRcb-WCV1.AURAL117LF.20110706_223000Z.flac,UndBio,confounder:undetermined_biological,,,,confounder:undetermined_biological,NA,Detection,0,NA,7424,7552,dclde/2027/dclde_2027_killer_whales/dfo_crp/audio/wvanisl/DFOCRP.H50bjRcb-WCV1.AURAL117LF.20110706_223000Z.flac,gs://noaa-passive-bioacoustic/dclde/2027/dclde_2027_killer_whales/dfo_crp/audio/wvanisl/DFOCRP.H50bjRcb-WCV1.AURAL117LF.20110706_223000Z.flac,https://storage.googleapis.com/noaa-passive-bioacoustic/dclde/2027/dclde_2027_killer_whales/dfo_crp/audio/wvanisl/DFOCRP.H50bjRcb-WCV1.AURAL117LF.20110706_223000Z.flac,1,reviewed_confounder,,,,,,DFO_CRP:WVanIsl:DFOCRP.H50bjRcb-WCV1.AURAL117LF.20110706_223000Z.flac,[],
dclde_DFO_WDLP_CarmanahPt__ST6249.220428103425.wav_95.3s_95.7s_trainstyle,dclde_DFO_WDLP_CarmanahPt__ST6249.220428103425.wav,ST6249.220428103425.wav,ST6249.220428103425.wav,95.317000,95.679000,95.317000,95.679000,95.317000,0.362000,dclde_DFO_WDLP_CarmanahPt__ST6249.220428103425.wav_95.3s_95.7s_trainstyle.mat,mat_files/dclde_DFO_WDLP_CarmanahPt__ST6249.220428103425.wav_95.3s_95.7s_trainstyle.mat,dclde_2027_DFO_WDLP_CarmanahPt,159671,DFO_WDLP,CarmanahPt,ST6249.220428103425.wav,UndBio,confounder:undetermined_biological,,,,confounder:undetermined_biological,NA,Detection,0,NA,8343,8835,dclde/2027/dclde_2027_killer_whales/dfo_wdlp/audio/carmanahpt/ST6249.220428103425.wav,gs://noaa-passive-bioacoustic/dclde/2027/dclde_2027_killer_whales/dfo_wdlp/audio/carmanahpt/ST6249.220428103425.wav,https://storage.googleapis.com/noaa-passive-bioacoustic/dclde/2027/dclde_2027_killer_whales/dfo_wdlp/audio/carmanahpt/ST6249.220428103425.wav,1,reviewed_confounder,,,,,,DFO_WDLP:CarmanahPt:ST6249.220428103425.wav,[],
dclde_JASCO_VFPA_ONC_StraitofGeorgia__JASCOAMARHYDROPHONEC000682_20180117T105208.527Z.wav_68.2s_72.9s_trainstyle,dclde_JASCO_VFPA_ONC_StraitofGeorgia__JASCOAMARHYDROPHONEC000682_20180117T105208.527Z.wav,JASCOAMARHYDROPHONEC000682_20180117T105208.527Z.wav,JASCOAMARHYDROPHONEC000682_20180117T105208.527Z.wav,68.228000,72.920000,68.228000,72.920000,68.228000,4.692000,dclde_JASCO_VFPA_ONC_StraitofGeorgia__JASCOAMARHYDROPHONEC000682_20180117T105208.527Z.wav_68.2s_72.9s_trainstyle.mat,mat_files/dclde_JASCO_VFPA_ONC_StraitofGeorgia__JASCOAMARHYDROPHONEC000682_20180117T105208.527Z.wav_68.2s_72.9s_trainstyle.mat,dclde_2027_JASCO_VFPA_ONC_StraitofGeorgia,195639,JASCO_VFPA_ONC,StraitofGeorgia,JASCOAMARHYDROPHONEC000682_20180117T105208.527Z.wav,UndBio,confounder:undetermined_biological,,,,confounder:undetermined_biological,NA,Call,0,NA,1561.3,42589.8,dclde/2027/dclde_2027_killer_whales/vfpa/audio/straitofgeorgia/JASCOAMARHYDROPHONEC000682_20180117T105208.527Z.wav,gs://noaa-passive-bioacoustic/dclde/2027/dclde_2027_killer_whales/vfpa/audio/straitofgeorgia/JASCOAMARHYDROPHONEC000682_20180117T105208.527Z.wav,https://storage.googleapis.com/noaa-passive-bioacoustic/dclde/2027/dclde_2027_killer_whales/vfpa/audio/straitofgeorgia/JASCOAMARHYDROPHONEC000682_20180117T105208.527Z.wav,1,reviewed_confounder,,,,,,JASCO_VFPA_ONC:StraitofGeorgia:JASCOAMARHYDROPHONEC000682_20180117T105208.527Z.wav,[],
dclde_ONC_BarkleyCanyon__ICLISTENHF1251_20140101T121159.857Z.wav_82.2s_83.4s_trainstyle,dclde_ONC_BarkleyCanyon__ICLISTENHF1251_20140101T121159.857Z.wav,ICLISTENHF1251_20140101T121159.857Z.wav,ICLISTENHF1251_20140101T121159.857Z.wav,82.205320,83.365020,82.205320,83.365020,82.205320,1.159700,dclde_ONC_BarkleyCanyon__ICLISTENHF1251_20140101T121159.857Z.wav_82.2s_83.4s_trainstyle.mat,mat_files/dclde_ONC_BarkleyCanyon__ICLISTENHF1251_20140101T121159.857Z.wav_82.2s_83.4s_trainstyle.mat,dclde_2027_ONC_BarkleyCanyon,172506,ONC,BarkleyCanyon,ICLISTENHF1251_20140101T121159.857Z.wav,UndBio,confounder:undetermined_biological,,,,confounder:undetermined_biological,NA,Call,0,NA,9031.29,19655.34,dclde/2027/dclde_2027_killer_whales/onc/audio/barkleycanyon/ICLISTENHF1251_20140101T121159.857Z.wav,gs://noaa-passive-bioacoustic/dclde/2027/dclde_2027_killer_whales/onc/audio/barkleycanyon/ICLISTENHF1251_20140101T121159.857Z.wav,https://storage.googleapis.com/noaa-passive-bioacoustic/dclde/2027/dclde_2027_killer_whales/onc/audio/barkleycanyon/ICLISTENHF1251_20140101T121159.857Z.wav,1,reviewed_confounder,,,,,,ONC:BarkleyCanyon:ICLISTENHF1251_20140101T121159.857Z.wav,[],
dclde_SMRUConsulting_LimeKiln__LK_20161106_050000_000.wav_5.5s_6.1s_trainstyle,dclde_SMRUConsulting_LimeKiln__LK_20161106_050000_000.wav,LK_20161106_050000_000.wav,LK_20161106_050000_000.wav,5.496000,6.076000,5.496000,6.076000,5.496000,0.580000,dclde_SMRUConsulting_LimeKiln__LK_20161106_050000_000.wav_5.5s_6.1s_trainstyle.mat,mat_files/dclde_SMRUConsulting_LimeKiln__LK_20161106_050000_000.wav_5.5s_6.1s_trainstyle.mat,dclde_2027_SMRUConsulting_LimeKiln,195833,SMRUConsulting,LimeKiln,LK_20161106_050000_000.wav,UndBio,confounder:undetermined_biological,,,,confounder:undetermined_biological,NA,Call,0,NA,34.88,325.52,dclde/2027/dclde_2027_killer_whales/smru/audio/limekiln/LK_20161106_050000_000.wav,gs://noaa-passive-bioacoustic/dclde/2027/dclde_2027_killer_whales/smru/audio/limekiln/LK_20161106_050000_000.wav,https://storage.googleapis.com/noaa-passive-bioacoustic/dclde/2027/dclde_2027_killer_whales/smru/audio/limekiln/LK_20161106_050000_000.wav,1,reviewed_confounder,,,,,,SMRUConsulting:LimeKiln:LK_20161106_050000_000.wav,[],
dclde_DFO_CRP_NorthBc__DFOCRP.KkHK0R2F-NML1.SM2M-3.20131011_002100Z.flac_198.0s_198.2s_trainstyle,dclde_DFO_CRP_NorthBc__DFOCRP.KkHK0R2F-NML1.SM2M-3.20131011_002100Z.flac,DFOCRP.KkHK0R2F-NML1.SM2M-3.20131011_002100Z.flac,DFOCRP.KkHK0R2F-NML1.SM2M-3.20131011_002100Z.flac,197.967000,198.239000,197.967000,198.239000,197.967000,0.272000,dclde_DFO_CRP_NorthBc__DFOCRP.KkHK0R2F-NML1.SM2M-3.20131011_002100Z.flac_198.0s_198.2s_trainstyle.mat,mat_files/dclde_DFO_CRP_NorthBc__DFOCRP.KkHK0R2F-NML1.SM2M-3.20131011_002100Z.flac_198.0s_198.2s_trainstyle.mat,dclde_2027_DFO_CRP_NorthBc,7,DFO_CRP,NorthBc,DFOCRP.KkHK0R2F-NML1.SM2M-3.20131011_002100Z.flac,AB,confounder:abiotic,,,,confounder:abiotic,NA,Detection,0,NA,1062.5,1156.25,dclde/2027/dclde_2027_killer_whales/dfo_crp/audio/northbc/DFOCRP.KkHK0R2F-NML1.SM2M-3.20131011_002100Z.flac,gs://noaa-passive-bioacoustic/dclde/2027/dclde_2027_killer_whales/dfo_crp/audio/northbc/DFOCRP.KkHK0R2F-NML1.SM2M-3.20131011_002100Z.flac,https://storage.googleapis.com/noaa-passive-bioacoustic/dclde/2027/dclde_2027_killer_whales/dfo_crp/audio/northbc/DFOCRP.KkHK0R2F-NML1.SM2M-3.20131011_002100Z.flac,1,reviewed_confounder,,,,,,DFO_CRP:NorthBc:DFOCRP.KkHK0R2F-NML1.SM2M-3.20131011_002100Z.flac,[],
dclde_DFO_CRP_WVanIsl__DFOCRP.H50bjRcb-WCV1.AURAL117LF.20110519_041500Z.flac_194.4s_194.7s_trainstyle,dclde_DFO_CRP_WVanIsl__DFOCRP.H50bjRcb-WCV1.AURAL117LF.20110519_041500Z.flac,DFOCRP.H50bjRcb-WCV1.AURAL117LF.20110519_041500Z.flac,DFOCRP.H50bjRcb-WCV1.AURAL117LF.20110519_041500Z.flac,194.375000,194.688000,194.375000,194.688000,194.375000,0.313000,dclde_DFO_CRP_WVanIsl__DFOCRP.H50bjRcb-WCV1.AURAL117LF.20110519_041500Z.flac_194.4s_194.7s_trainstyle.mat,mat_files/dclde_DFO_CRP_WVanIsl__DFOCRP.H50bjRcb-WCV1.AURAL117LF.20110519_041500Z.flac_194.4s_194.7s_trainstyle.mat,dclde_2027_DFO_CRP_WVanIsl,44825,DFO_CRP,WVanIsl,DFOCRP.H50bjRcb-WCV1.AURAL117LF.20110519_041500Z.flac,AB,confounder:abiotic,,,,confounder:abiotic,NA,Detection,0,NA,1408,1600,dclde/2027/dclde_2027_killer_whales/dfo_crp/audio/wvanisl/DFOCRP.H50bjRcb-WCV1.AURAL117LF.20110519_041500Z.flac,gs://noaa-passive-bioacoustic/dclde/2027/dclde_2027_killer_whales/dfo_crp/audio/wvanisl/DFOCRP.H50bjRcb-WCV1.AURAL117LF.20110519_041500Z.flac,https://storage.googleapis.com/noaa-passive-bioacoustic/dclde/2027/dclde_2027_killer_whales/dfo_crp/audio/wvanisl/DFOCRP.H50bjRcb-WCV1.AURAL117LF.20110519_041500Z.flac,1,reviewed_confounder,,,,,,DFO_CRP:WVanIsl:DFOCRP.H50bjRcb-WCV1.AURAL117LF.20110519_041500Z.flac,[],
dclde_DFO_WDLP_CarmanahPt__ST6249.220617125405.wav_124.7s_125.1s_trainstyle,dclde_DFO_WDLP_CarmanahPt__ST6249.220617125405.wav,ST6249.220617125405.wav,ST6249.220617125405.wav,124.713000,125.118000,124.713000,125.118000,124.713000,0.405000,dclde_DFO_WDLP_CarmanahPt__ST6249.220617125405.wav_124.7s_125.1s_trainstyle.mat,mat_files/dclde_DFO_WDLP_CarmanahPt__ST6249.220617125405.wav_124.7s_125.1s_trainstyle.mat,dclde_2027_DFO_WDLP_CarmanahPt,159839,DFO_WDLP,CarmanahPt,ST6249.220617125405.wav,AB,confounder:abiotic,,,,confounder:abiotic,NA,Detection,0,NA,7523,7617,dclde/2027/dclde_2027_killer_whales/dfo_wdlp/audio/carmanahpt/ST6249.220617125405.wav,gs://noaa-passive-bioacoustic/dclde/2027/dclde_2027_killer_whales/dfo_wdlp/audio/carmanahpt/ST6249.220617125405.wav,https://storage.googleapis.com/noaa-passive-bioacoustic/dclde/2027/dclde_2027_killer_whales/dfo_wdlp/audio/carmanahpt/ST6249.220617125405.wav,1,reviewed_confounder,,,,,,DFO_WDLP:CarmanahPt:ST6249.220617125405.wav,[],
dclde_DFO_WDLP_StrGeoN1__AMAR610.20210905T142535Z.wav_154.1s_154.7s_trainstyle,dclde_DFO_WDLP_StrGeoN1__AMAR610.20210905T142535Z.wav,AMAR610.20210905T142535Z.wav,AMAR610.20210905T142535Z.wav,154.110000,154.664000,154.110000,154.664000,154.110000,0.554000,dclde_DFO_WDLP_StrGeoN1__AMAR610.20210905T142535Z.wav_154.1s_154.7s_trainstyle.mat,mat_files/dclde_DFO_WDLP_StrGeoN1__AMAR610.20210905T142535Z.wav_154.1s_154.7s_trainstyle.mat,dclde_2027_DFO_WDLP_StrGeoN1,161409,DFO_WDLP,StrGeoN1,AMAR610.20210905T142535Z.wav,AB,confounder:abiotic,,,,confounder:abiotic,NA,Detection,0,NA,7148,7265,dclde/2027/dclde_2027_killer_whales/dfo_wdlp/audio/strgeon1/AMAR610.20210905T142535Z.wav,gs://noaa-passive-bioacoustic/dclde/2027/dclde_2027_killer_whales/dfo_wdlp/audio/strgeon1/AMAR610.20210905T142535Z.wav,https://storage.googleapis.com/noaa-passive-bioacoustic/dclde/2027/dclde_2027_killer_whales/dfo_wdlp/audio/strgeon1/AMAR610.20210905T142535Z.wav,1,reviewed_confounder,,,,,,DFO_WDLP:StrGeoN1:AMAR610.20210905T142535Z.wav,[],
dclde_DFO_WDLP_StrGeoS2__AMAR779.20210904T191552Z.wav_96.3s_96.7s_trainstyle,dclde_DFO_WDLP_StrGeoS2__AMAR779.20210904T191552Z.wav,AMAR779.20210904T191552Z.wav,AMAR779.20210904T191552Z.wav,96.277000,96.661000,96.277000,96.661000,96.277000,0.384000,dclde_DFO_WDLP_StrGeoS2__AMAR779.20210904T191552Z.wav_96.3s_96.7s_trainstyle.mat,mat_files/dclde_DFO_WDLP_StrGeoS2__AMAR779.20210904T191552Z.wav_96.3s_96.7s_trainstyle.mat,dclde_2027_DFO_WDLP_StrGeoS2,163572,DFO_WDLP,StrGeoS2,AMAR779.20210904T191552Z.wav,AB,confounder:abiotic,,,,confounder:abiotic,NA,Detection,0,NA,5484,5554,dclde/2027/dclde_2027_killer_whales/dfo_wdlp/audio/strgeos2/AMAR779.20210904T191552Z.wav,gs://noaa-passive-bioacoustic/dclde/2027/dclde_2027_killer_whales/dfo_wdlp/audio/strgeos2/AMAR779.20210904T191552Z.wav,https://storage.googleapis.com/noaa-passive-bioacoustic/dclde/2027/dclde_2027_killer_whales/dfo_wdlp/audio/strgeos2/AMAR779.20210904T191552Z.wav,1,reviewed_confounder,,,,,,DFO_WDLP:StrGeoS2:AMAR779.20210904T191552Z.wav,[],
dclde_DFO_WDLP_SwanChan__AMAR777.20211116T172747Z.wav_60.1s_60.5s_trainstyle,dclde_DFO_WDLP_SwanChan__AMAR777.20211116T172747Z.wav,AMAR777.20211116T172747Z.wav,AMAR777.20211116T172747Z.wav,60.137000,60.478000,60.137000,60.478000,60.137000,0.341000,dclde_DFO_WDLP_SwanChan__AMAR777.20211116T172747Z.wav_60.1s_60.5s_trainstyle.mat,mat_files/dclde_DFO_WDLP_SwanChan__AMAR777.20211116T172747Z.wav_60.1s_60.5s_trainstyle.mat,dclde_2027_DFO_WDLP_SwanChan,165720,DFO_WDLP,SwanChan,AMAR777.20211116T172747Z.wav,AB,confounder:abiotic,,,,confounder:abiotic,NA,Detection,0,NA,14812,14976,dclde/2027/dclde_2027_killer_whales/dfo_wdlp/audio/swanchan/AMAR777.20211116T172747Z.wav,gs://noaa-passive-bioacoustic/dclde/2027/dclde_2027_killer_whales/dfo_wdlp/audio/swanchan/AMAR777.20211116T172747Z.wav,https://storage.googleapis.com/noaa-passive-bioacoustic/dclde/2027/dclde_2027_killer_whales/dfo_wdlp/audio/swanchan/AMAR777.20211116T172747Z.wav,1,reviewed_confounder,,,,,,DFO_WDLP:SwanChan:AMAR777.20211116T172747Z.wav,[],
dclde_JASCO_VFPA_ONC_StraitofGeorgia__JASCOAMARHYDROPHONE2402_20160922T125757.087Z.wav_275.4s_276.4s_trainstyle,dclde_JASCO_VFPA_ONC_StraitofGeorgia__JASCOAMARHYDROPHONE2402_20160922T125757.087Z.wav,JASCOAMARHYDROPHONE2402_20160922T125757.087Z.wav,JASCOAMARHYDROPHONE2402_20160922T125757.087Z.wav,275.434000,276.442000,275.434000,276.442000,275.434000,1.008000,dclde_JASCO_VFPA_ONC_StraitofGeorgia__JASCOAMARHYDROPHONE2402_20160922T125757.087Z.wav_275.4s_276.4s_trainstyle.mat,mat_files/dclde_JASCO_VFPA_ONC_StraitofGeorgia__JASCOAMARHYDROPHONE2402_20160922T125757.087Z.wav_275.4s_276.4s_trainstyle.mat,dclde_2027_JASCO_VFPA_ONC_StraitofGeorgia,194847,JASCO_VFPA_ONC,StraitofGeorgia,JASCOAMARHYDROPHONE2402_20160922T125757.087Z.wav,AB,confounder:abiotic,,,,confounder:abiotic,NA,Call,0,NA,1822.6,3988.3,dclde/2027/dclde_2027_killer_whales/vfpa/audio/straitofgeorgia/JASCOAMARHYDROPHONE2402_20160922T125757.087Z.wav,gs://noaa-passive-bioacoustic/dclde/2027/dclde_2027_killer_whales/vfpa/audio/straitofgeorgia/JASCOAMARHYDROPHONE2402_20160922T125757.087Z.wav,https://storage.googleapis.com/noaa-passive-bioacoustic/dclde/2027/dclde_2027_killer_whales/vfpa/audio/straitofgeorgia/JASCOAMARHYDROPHONE2402_20160922T125757.087Z.wav,1,reviewed_confounder,,,,,,JASCO_VFPA_ONC:StraitofGeorgia:JASCOAMARHYDROPHONE2402_20160922T125757.087Z.wav,[],
dclde_JASCO_VFPA_BoundaryPass__AMAR418.1.20180907T030639Z.wav_393.4s_401.6s_trainstyle,dclde_JASCO_VFPA_BoundaryPass__AMAR418.1.20180907T030639Z.wav,AMAR418.1.20180907T030639Z.wav,AMAR418.1.20180907T030639Z.wav,393.415000,401.584000,393.415000,401.584000,393.415000,8.169000,dclde_JASCO_VFPA_BoundaryPass__AMAR418.1.20180907T030639Z.wav_393.4s_401.6s_trainstyle.mat,mat_files/dclde_JASCO_VFPA_BoundaryPass__AMAR418.1.20180907T030639Z.wav_393.4s_401.6s_trainstyle.mat,dclde_2027_JASCO_VFPA_BoundaryPass,181479,JASCO_VFPA,BoundaryPass,AMAR418.1.20180907T030639Z.wav,AB,confounder:abiotic,,,,confounder:abiotic,NA,Call,0,NA,970.6,9989,dclde/2027/dclde_2027_killer_whales/vfpa/audio/boundarypass/AMAR418.1.20180907T030639Z.wav,gs://noaa-passive-bioacoustic/dclde/2027/dclde_2027_killer_whales/vfpa/audio/boundarypass/AMAR418.1.20180907T030639Z.wav,https://storage.googleapis.com/noaa-passive-bioacoustic/dclde/2027/dclde_2027_killer_whales/vfpa/audio/boundarypass/AMAR418.1.20180907T030639Z.wav,1,reviewed_confounder,,,,,,JASCO_VFPA:BoundaryPass:AMAR418.1.20180907T030639Z.wav,[],
dclde_JASCO_VFPA_HaroStraitNorth__AMAR418.1.20170711T110001Z.wav_223.0s_223.8s_trainstyle,dclde_JASCO_VFPA_HaroStraitNorth__AMAR418.1.20170711T110001Z.wav,AMAR418.1.20170711T110001Z.wav,AMAR418.1.20170711T110001Z.wav,223.020000,223.760000,223.020000,223.760000,223.020000,0.740000,dclde_JASCO_VFPA_HaroStraitNorth__AMAR418.1.20170711T110001Z.wav_223.0s_223.8s_trainstyle.mat,mat_files/dclde_JASCO_VFPA_HaroStraitNorth__AMAR418.1.20170711T110001Z.wav_223.0s_223.8s_trainstyle.mat,dclde_2027_JASCO_VFPA_HaroStraitNorth,183227,JASCO_VFPA,HaroStraitNorth,AMAR418.1.20170711T110001Z.wav,AB,confounder:abiotic,,,,confounder:abiotic,NA,Call,0,NA,1270.98,3439.98,dclde/2027/dclde_2027_killer_whales/vfpa/audio/harostraitnorth/AMAR418.1.20170711T110001Z.wav,gs://noaa-passive-bioacoustic/dclde/2027/dclde_2027_killer_whales/vfpa/audio/harostraitnorth/AMAR418.1.20170711T110001Z.wav,https://storage.googleapis.com/noaa-passive-bioacoustic/dclde/2027/dclde_2027_killer_whales/vfpa/audio/harostraitnorth/AMAR418.1.20170711T110001Z.wav,1,reviewed_confounder,,,,,,JASCO_VFPA:HaroStraitNorth:AMAR418.1.20170711T110001Z.wav,[],
dclde_JASCO_VFPA_HaroStraitSouth__AMAR395.1.20170708T073001Z.wav_680.2s_680.7s_trainstyle,dclde_JASCO_VFPA_HaroStraitSouth__AMAR395.1.20170708T073001Z.wav,AMAR395.1.20170708T073001Z.wav,AMAR395.1.20170708T073001Z.wav,680.160000,680.700000,680.160000,680.700000,680.160000,0.540000,dclde_JASCO_VFPA_HaroStraitSouth__AMAR395.1.20170708T073001Z.wav_680.2s_680.7s_trainstyle.mat,mat_files/dclde_JASCO_VFPA_HaroStraitSouth__AMAR395.1.20170708T073001Z.wav_680.2s_680.7s_trainstyle.mat,dclde_2027_JASCO_VFPA_HaroStraitSouth,188553,JASCO_VFPA,HaroStraitSouth,AMAR395.1.20170708T073001Z.wav,AB,confounder:abiotic,,,,confounder:abiotic,NA,Call,0,NA,1308.8,2750.8,dclde/2027/dclde_2027_killer_whales/vfpa/audio/harostraitsouth/AMAR395.1.20170708T073001Z.wav,gs://noaa-passive-bioacoustic/dclde/2027/dclde_2027_killer_whales/vfpa/audio/harostraitsouth/AMAR395.1.20170708T073001Z.wav,https://storage.googleapis.com/noaa-passive-bioacoustic/dclde/2027/dclde_2027_killer_whales/vfpa/audio/harostraitsouth/AMAR395.1.20170708T073001Z.wav,1,reviewed_confounder,,,,,,JASCO_VFPA:HaroStraitSouth:AMAR395.1.20170708T073001Z.wav,[],
dclde_OrcaSound_bush_point__rpi-bush-point_2020_09_27_23_27_00.wav_0.0s_1.5s_trainstyle,dclde_OrcaSound_bush_point__rpi-bush-point_2020_09_27_23_27_00.wav,rpi-bush-point_2020_09_27_23_27_00.wav,rpi-bush-point_2020_09_27_23_27_00.wav,0.000000,1.500000,0.000000,1.500000,0.000000,1.500000,dclde_OrcaSound_bush_point__rpi-bush-point_2020_09_27_23_27_00.wav_0.0s_1.5s_trainstyle.mat,mat_files/dclde_OrcaSound_bush_point__rpi-bush-point_2020_09_27_23_27_00.wav_0.0s_1.5s_trainstyle.mat,dclde_2027_OrcaSound_bush_point,171148,OrcaSound,bush_point,rpi-bush-point_2020_09_27_23_27_00.wav,AB,confounder:abiotic,,,,confounder:abiotic,NA,File,0,NA,NA,NA,dclde/2027/dclde_2027_killer_whales/orcasound/audio/bushpoint/rpi-bush-point_2020_09_27_23_27_00.wav,gs://noaa-passive-bioacoustic/dclde/2027/dclde_2027_killer_whales/orcasound/audio/bushpoint/rpi-bush-point_2020_09_27_23_27_00.wav,https://storage.googleapis.com/noaa-passive-bioacoustic/dclde/2027/dclde_2027_killer_whales/orcasound/audio/bushpoint/rpi-bush-point_2020_09_27_23_27_00.wav,1,reviewed_confounder,,,,,,OrcaSound:bush_point:rpi-bush-point_2020_09_27_23_27_00.wav,[],
dclde_OrcaSound_orcasound_lab__1562340736_0019.wav_0.0s_1.4s_trainstyle,dclde_OrcaSound_orcasound_lab__1562340736_0019.wav,1562340736_0019.wav,1562340736_0019.wav,0.000000,1.435547,0.000000,1.435547,0.000000,1.435547,dclde_OrcaSound_orcasound_lab__1562340736_0019.wav_0.0s_1.4s_trainstyle.mat,mat_files/dclde_OrcaSound_orcasound_lab__1562340736_0019.wav_0.0s_1.4s_trainstyle.mat,dclde_2027_OrcaSound_orcasound_lab,169592,OrcaSound,orcasound_lab,1562340736_0019.wav,AB,confounder:abiotic,,,,confounder:abiotic,NA,File,0,NA,NA,NA,dclde/2027/dclde_2027_killer_whales/orcasound/audio/orcasoundlab/1562340736_0019.wav,gs://noaa-passive-bioacoustic/dclde/2027/dclde_2027_killer_whales/orcasound/audio/orcasoundlab/1562340736_0019.wav,https://storage.googleapis.com/noaa-passive-bioacoustic/dclde/2027/dclde_2027_killer_whales/orcasound/audio/orcasoundlab/1562340736_0019.wav,1,reviewed_confounder,,,,,,OrcaSound:orcasound_lab:1562340736_0019.wav,[],
dclde_SIMRES_Tekteksen__ICLISTENHF6156_20220628T141500.000Z_20220628T141959.996Z.flac_0.0s_5.0s_trainstyle,dclde_SIMRES_Tekteksen__ICLISTENHF6156_20220628T141500.000Z_20220628T141959.996Z.flac,ICLISTENHF6156_20220628T141500.000Z_20220628T141959.996Z.flac,ICLISTENHF6156_20220628T141500.000Z_20220628T141959.996Z.flac,0.000000,5.016500,0.000000,5.016500,0.000000,5.016500,dclde_SIMRES_Tekteksen__ICLISTENHF6156_20220628T141500.000Z_20220628T141959.996Z.flac_0.0s_5.0s_trainstyle.mat,mat_files/dclde_SIMRES_Tekteksen__ICLISTENHF6156_20220628T141500.000Z_20220628T141959.996Z.flac_0.0s_5.0s_trainstyle.mat,dclde_2027_SIMRES_Tekteksen,177191,SIMRES,Tekteksen,ICLISTENHF6156_20220628T141500.000Z_20220628T141959.996Z.flac,AB,confounder:abiotic,,,,confounder:abiotic,NA,Call,0,NA,0,0,dclde/2027/dclde_2027_killer_whales/simres/audio/tekteksen/ICLISTENHF6156_20220628T141500.000Z_20220628T141959.996Z.flac,gs://noaa-passive-bioacoustic/dclde/2027/dclde_2027_killer_whales/simres/audio/tekteksen/ICLISTENHF6156_20220628T141500.000Z_20220628T141959.996Z.flac,https://storage.googleapis.com/noaa-passive-bioacoustic/dclde/2027/dclde_2027_killer_whales/simres/audio/tekteksen/ICLISTENHF6156_20220628T141500.000Z_20220628T141959.996Z.flac,1,reviewed_confounder,,,,,,SIMRES:Tekteksen:ICLISTENHF6156_20220628T141500.000Z_20220628T141959.996Z.flac,[],
dclde_SIO_Cpe_Elz__OCNMS14CE_111210_092137_BCtransients.wav_767.2s_770.3s_trainstyle,dclde_SIO_Cpe_Elz__OCNMS14CE_111210_092137_BCtransients.wav,OCNMS14CE_111210_092137_BCtransients.wav,OCNMS14CE_111210_092137_BCtransients.wav,767.160985,770.329302,767.160985,770.329302,767.160985,3.168317,dclde_SIO_Cpe_Elz__OCNMS14CE_111210_092137_BCtransients.wav_767.2s_770.3s_trainstyle.mat,mat_files/dclde_SIO_Cpe_Elz__OCNMS14CE_111210_092137_BCtransients.wav_767.2s_770.3s_trainstyle.mat,dclde_2027_SIO_Cpe_Elz,174400,SIO,Cpe_Elz,OCNMS14CE_111210_092137_BCtransients.wav,AB,confounder:abiotic,,,,confounder:abiotic,NA,Call,0,NA,0,0,dclde/2027/dclde_2027_killer_whales/scripps/audio/cpeelz/OCNMS14CE_111210_092137_BCtransients.wav,gs://noaa-passive-bioacoustic/dclde/2027/dclde_2027_killer_whales/scripps/audio/cpeelz/OCNMS14CE_111210_092137_BCtransients.wav,https://storage.googleapis.com/noaa-passive-bioacoustic/dclde/2027/dclde_2027_killer_whales/scripps/audio/cpeelz/OCNMS14CE_111210_092137_BCtransients.wav,1,reviewed_confounder,,,,,,SIO:Cpe_Elz:OCNMS14CE_111210_092137_BCtransients.wav,[],
dclde_SIO_Quin_Can__OCNMS12QC_110809_121712_Offshores.wav_2566.5s_2572.8s_trainstyle,dclde_SIO_Quin_Can__OCNMS12QC_110809_121712_Offshores.wav,OCNMS12QC_110809_121712_Offshores.wav,OCNMS12QC_110809_121712_Offshores.wav,2566.533240,2572.770863,2566.533240,2572.770863,2566.533240,6.237623,dclde_SIO_Quin_Can__OCNMS12QC_110809_121712_Offshores.wav_2566.5s_2572.8s_trainstyle.mat,mat_files/dclde_SIO_Quin_Can__OCNMS12QC_110809_121712_Offshores.wav_2566.5s_2572.8s_trainstyle.mat,dclde_2027_SIO_Quin_Can,177178,SIO,Quin_Can,OCNMS12QC_110809_121712_Offshores.wav,AB,confounder:abiotic,,,,confounder:abiotic,NA,Call,0,NA,0,0,dclde/2027/dclde_2027_killer_whales/scripps/audio/quincan/OCNMS12QC_110809_121712_Offshores.wav,gs://noaa-passive-bioacoustic/dclde/2027/dclde_2027_killer_whales/scripps/audio/quincan/OCNMS12QC_110809_121712_Offshores.wav,https://storage.googleapis.com/noaa-passive-bioacoustic/dclde/2027/dclde_2027_killer_whales/scripps/audio/quincan/OCNMS12QC_110809_121712_Offshores.wav,1,reviewed_confounder,,,,,,SIO:Quin_Can:OCNMS12QC_110809_121712_Offshores.wav,[],
dclde_SMRUConsulting_LimeKiln__LK_20161106_050800_000.wav_10.3s_10.8s_trainstyle,dclde_SMRUConsulting_LimeKiln__LK_20161106_050800_000.wav,LK_20161106_050800_000.wav,LK_20161106_050800_000.wav,10.294000,10.773000,10.294000,10.773000,10.294000,0.479000,dclde_SMRUConsulting_LimeKiln__LK_20161106_050800_000.wav_10.3s_10.8s_trainstyle.mat,mat_files/dclde_SMRUConsulting_LimeKiln__LK_20161106_050800_000.wav_10.3s_10.8s_trainstyle.mat,dclde_2027_SMRUConsulting_LimeKiln,195966,SMRUConsulting,LimeKiln,LK_20161106_050800_000.wav,AB,confounder:abiotic,,,,confounder:abiotic,NA,Call,0,NA,489.37,10480.69,dclde/2027/dclde_2027_killer_whales/smru/audio/limekiln/LK_20161106_050800_000.wav,gs://noaa-passive-bioacoustic/dclde/2027/dclde_2027_killer_whales/smru/audio/limekiln/LK_20161106_050800_000.wav,https://storage.googleapis.com/noaa-passive-bioacoustic/dclde/2027/dclde_2027_killer_whales/smru/audio/limekiln/LK_20161106_050800_000.wav,1,reviewed_confounder,,,,,,SMRUConsulting:LimeKiln:LK_20161106_050800_000.wav,[],
dclde_DFO_CRP_NorthBc__DFOCRP.KkHK0R2F-NML1.SM2M-3.20131017_133600Z.flac_221.4s_221.8s_trainstyle,dclde_DFO_CRP_NorthBc__DFOCRP.KkHK0R2F-NML1.SM2M-3.20131017_133600Z.flac,DFOCRP.KkHK0R2F-NML1.SM2M-3.20131017_133600Z.flac,DFOCRP.KkHK0R2F-NML1.SM2M-3.20131017_133600Z.flac,221.392000,221.760000,221.392000,221.760000,221.392000,0.368000,dclde_DFO_CRP_NorthBc__DFOCRP.KkHK0R2F-NML1.SM2M-3.20131017_133600Z.flac_221.4s_221.8s_trainstyle.mat,mat_files/dclde_DFO_CRP_NorthBc__DFOCRP.KkHK0R2F-NML1.SM2M-3.20131017_133600Z.flac_221.4s_221.8s_trainstyle.mat,dclde_2027_DFO_CRP_NorthBc,3287,DFO_CRP,NorthBc,DFOCRP.KkHK0R2F-NML1.SM2M-3.20131017_133600Z.flac,UndBio,confounder:undetermined_biological,,,,confounder:undetermined_biological,NA,Detection,0,NA,781.25,1093.75,dclde/2027/dclde_2027_killer_whales/dfo_crp/audio/northbc/DFOCRP.KkHK0R2F-NML1.SM2M-3.20131017_133600Z.flac,gs://noaa-passive-bioacoustic/dclde/2027/dclde_2027_killer_whales/dfo_crp/audio/northbc/DFOCRP.KkHK0R2F-NML1.SM2M-3.20131017_133600Z.flac,https://storage.googleapis.com/noaa-passive-bioacoustic/dclde/2027/dclde_2027_killer_whales/dfo_crp/audio/northbc/DFOCRP.KkHK0R2F-NML1.SM2M-3.20131017_133600Z.flac,1,reviewed_confounder,,,,,,DFO_CRP:NorthBc:DFOCRP.KkHK0R2F-NML1.SM2M-3.20131017_133600Z.flac,[],
dclde_DFO_CRP_WVanIsl__DFOCRP.H50bjRcb-WCV1.AURAL117LF.20110716_054500Z.flac_154.3s_154.7s_trainstyle,dclde_DFO_CRP_WVanIsl__DFOCRP.H50bjRcb-WCV1.AURAL117LF.20110716_054500Z.flac,DFOCRP.H50bjRcb-WCV1.AURAL117LF.20110716_054500Z.flac,DFOCRP.H50bjRcb-WCV1.AURAL117LF.20110716_054500Z.flac,154.344000,154.749000,154.344000,154.749000,154.344000,0.405000,dclde_DFO_CRP_WVanIsl__DFOCRP.H50bjRcb-WCV1.AURAL117LF.20110716_054500Z.flac_154.3s_154.7s_trainstyle.mat,mat_files/dclde_DFO_CRP_WVanIsl__DFOCRP.H50bjRcb-WCV1.AURAL117LF.20110716_054500Z.flac_154.3s_154.7s_trainstyle.mat,dclde_2027_DFO_CRP_WVanIsl,47422,DFO_CRP,WVanIsl,DFOCRP.H50bjRcb-WCV1.AURAL117LF.20110716_054500Z.flac,UndBio,confounder:undetermined_biological,,,,confounder:undetermined_biological,NA,Detection,0,NA,5152,5536,dclde/2027/dclde_2027_killer_whales/dfo_crp/audio/wvanisl/DFOCRP.H50bjRcb-WCV1.AURAL117LF.20110716_054500Z.flac,gs://noaa-passive-bioacoustic/dclde/2027/dclde_2027_killer_whales/dfo_crp/audio/wvanisl/DFOCRP.H50bjRcb-WCV1.AURAL117LF.20110716_054500Z.flac,https://storage.googleapis.com/noaa-passive-bioacoustic/dclde/2027/dclde_2027_killer_whales/dfo_crp/audio/wvanisl/DFOCRP.H50bjRcb-WCV1.AURAL117LF.20110716_054500Z.flac,1,reviewed_confounder,,,,,,DFO_CRP:WVanIsl:DFOCRP.H50bjRcb-WCV1.AURAL117LF.20110716_054500Z.flac,[],
dclde_DFO_WDLP_CarmanahPt__ST6249.220428103425.wav_118.7s_119.0s_trainstyle,dclde_DFO_WDLP_CarmanahPt__ST6249.220428103425.wav,ST6249.220428103425.wav,ST6249.220428103425.wav,118.655000,118.996000,118.655000,118.996000,118.655000,0.341000,dclde_DFO_WDLP_CarmanahPt__ST6249.220428103425.wav_118.7s_119.0s_trainstyle.mat,mat_files/dclde_DFO_WDLP_CarmanahPt__ST6249.220428103425.wav_118.7s_119.0s_trainstyle.mat,dclde_2027_DFO_WDLP_CarmanahPt,159672,DFO_WDLP,CarmanahPt,ST6249.220428103425.wav,UndBio,confounder:undetermined_biological,,,,confounder:undetermined_biological,NA,Detection,0,NA,7078,7265,dclde/2027/dclde_2027_killer_whales/dfo_wdlp/audio/carmanahpt/ST6249.220428103425.wav,gs://noaa-passive-bioacoustic/dclde/2027/dclde_2027_killer_whales/dfo_wdlp/audio/carmanahpt/ST6249.220428103425.wav,https://storage.googleapis.com/noaa-passive-bioacoustic/dclde/2027/dclde_2027_killer_whales/dfo_wdlp/audio/carmanahpt/ST6249.220428103425.wav,1,reviewed_confounder,,,,,,DFO_WDLP:CarmanahPt:ST6249.220428103425.wav,[],
dclde_JASCO_VFPA_ONC_StraitofGeorgia__JASCOAMARHYDROPHONEC000682_20180117T105208.527Z.wav_74.1s_92.3s_trainstyle,dclde_JASCO_VFPA_ONC_StraitofGeorgia__JASCOAMARHYDROPHONEC000682_20180117T105208.527Z.wav,JASCOAMARHYDROPHONEC000682_20180117T105208.527Z.wav,JASCOAMARHYDROPHONEC000682_20180117T105208.527Z.wav,74.114000,92.262000,74.114000,92.262000,74.114000,18.148000,dclde_JASCO_VFPA_ONC_StraitofGeorgia__JASCOAMARHYDROPHONEC000682_20180117T105208.527Z.wav_74.1s_92.3s_trainstyle.mat,mat_files/dclde_JASCO_VFPA_ONC_StraitofGeorgia__JASCOAMARHYDROPHONEC000682_20180117T105208.527Z.wav_74.1s_92.3s_trainstyle.mat,dclde_2027_JASCO_VFPA_ONC_StraitofGeorgia,195640,JASCO_VFPA_ONC,StraitofGeorgia,JASCOAMARHYDROPHONEC000682_20180117T105208.527Z.wav,UndBio,confounder:undetermined_biological,,,,confounder:undetermined_biological,NA,Call,0,NA,1189.6,61682.8,dclde/2027/dclde_2027_killer_whales/vfpa/audio/straitofgeorgia/JASCOAMARHYDROPHONEC000682_20180117T105208.527Z.wav,gs://noaa-passive-bioacoustic/dclde/2027/dclde_2027_killer_whales/vfpa/audio/straitofgeorgia/JASCOAMARHYDROPHONEC000682_20180117T105208.527Z.wav,https://storage.googleapis.com/noaa-passive-bioacoustic/dclde/2027/dclde_2027_killer_whales/vfpa/audio/straitofgeorgia/JASCOAMARHYDROPHONEC000682_20180117T105208.527Z.wav,1,reviewed_confounder,,,,,,JASCO_VFPA_ONC:StraitofGeorgia:JASCOAMARHYDROPHONEC000682_20180117T105208.527Z.wav,[],
dclde_ONC_BarkleyCanyon__ICLISTENHF1251_20140101T121159.857Z.wav_101.9s_102.5s_trainstyle,dclde_ONC_BarkleyCanyon__ICLISTENHF1251_20140101T121159.857Z.wav,ICLISTENHF1251_20140101T121159.857Z.wav,ICLISTENHF1251_20140101T121159.857Z.wav,101.868380,102.526460,101.868380,102.526460,101.868380,0.658080,dclde_ONC_BarkleyCanyon__ICLISTENHF1251_20140101T121159.857Z.wav_101.9s_102.5s_trainstyle.mat,mat_files/dclde_ONC_BarkleyCanyon__ICLISTENHF1251_20140101T121159.857Z.wav_101.9s_102.5s_trainstyle.mat,dclde_2027_ONC_BarkleyCanyon,172508,ONC,BarkleyCanyon,ICLISTENHF1251_20140101T121159.857Z.wav,UndBio,confounder:undetermined_biological,,,,confounder:undetermined_biological,NA,Call,0,NA,6195.85,28402.34,dclde/2027/dclde_2027_killer_whales/onc/audio/barkleycanyon/ICLISTENHF1251_20140101T121159.857Z.wav,gs://noaa-passive-bioacoustic/dclde/2027/dclde_2027_killer_whales/onc/audio/barkleycanyon/ICLISTENHF1251_20140101T121159.857Z.wav,https://storage.googleapis.com/noaa-passive-bioacoustic/dclde/2027/dclde_2027_killer_whales/onc/audio/barkleycanyon/ICLISTENHF1251_20140101T121159.857Z.wav,1,reviewed_confounder,,,,,,ONC:BarkleyCanyon:ICLISTENHF1251_20140101T121159.857Z.wav,[],
dclde_SMRUConsulting_LimeKiln__LK_20161106_050000_000.wav_6.8s_8.6s_trainstyle,dclde_SMRUConsulting_LimeKiln__LK_20161106_050000_000.wav,LK_20161106_050000_000.wav,LK_20161106_050000_000.wav,6.836000,8.595000,6.836000,8.595000,6.836000,1.759000,dclde_SMRUConsulting_LimeKiln__LK_20161106_050000_000.wav_6.8s_8.6s_trainstyle.mat,mat_files/dclde_SMRUConsulting_LimeKiln__LK_20161106_050000_000.wav_6.8s_8.6s_trainstyle.mat,dclde_2027_SMRUConsulting_LimeKiln,195835,SMRUConsulting,LimeKiln,LK_20161106_050000_000.wav,UndBio,confounder:undetermined_biological,,,,confounder:undetermined_biological,NA,Call,0,NA,23.25,406.9,dclde/2027/dclde_2027_killer_whales/smru/audio/limekiln/LK_20161106_050000_000.wav,gs://noaa-passive-bioacoustic/dclde/2027/dclde_2027_killer_whales/smru/audio/limekiln/LK_20161106_050000_000.wav,https://storage.googleapis.com/noaa-passive-bioacoustic/dclde/2027/dclde_2027_killer_whales/smru/audio/limekiln/LK_20161106_050000_000.wav,1,reviewed_confounder,,,,,,SMRUConsulting:LimeKiln:LK_20161106_050000_000.wav,[],
dclde_DFO_CRP_NorthBc__DFOCRP.KkHK0R2F-NML1.SM2M-3.20131011_003600Z.flac_1.3s_1.6s_trainstyle,dclde_DFO_CRP_NorthBc__DFOCRP.KkHK0R2F-NML1.SM2M-3.20131011_003600Z.flac,DFOCRP.KkHK0R2F-NML1.SM2M-3.20131011_003600Z.flac,DFOCRP.KkHK0R2F-NML1.SM2M-3.20131011_003600Z.flac,1.327000,1.599000,1.327000,1.599000,1.327000,0.272000,dclde_DFO_CRP_NorthBc__DFOCRP.KkHK0R2F-NML1.SM2M-3.20131011_003600Z.flac_1.3s_1.6s_trainstyle.mat,mat_files/dclde_DFO_CRP_NorthBc__DFOCRP.KkHK0R2F-NML1.SM2M-3.20131011_003600Z.flac_1.3s_1.6s_trainstyle.mat,dclde_2027_DFO_CRP_NorthBc,8,DFO_CRP,NorthBc,DFOCRP.KkHK0R2F-NML1.SM2M-3.20131011_003600Z.flac,AB,confounder:abiotic,,,,confounder:abiotic,NA,Detection,0,NA,5906.25,6125,dclde/2027/dclde_2027_killer_whales/dfo_crp/audio/northbc/DFOCRP.KkHK0R2F-NML1.SM2M-3.20131011_003600Z.flac,gs://noaa-passive-bioacoustic/dclde/2027/dclde_2027_killer_whales/dfo_crp/audio/northbc/DFOCRP.KkHK0R2F-NML1.SM2M-3.20131011_003600Z.flac,https://storage.googleapis.com/noaa-passive-bioacoustic/dclde/2027/dclde_2027_killer_whales/dfo_crp/audio/northbc/DFOCRP.KkHK0R2F-NML1.SM2M-3.20131011_003600Z.flac,1,reviewed_confounder,,,,,,DFO_CRP:NorthBc:DFOCRP.KkHK0R2F-NML1.SM2M-3.20131011_003600Z.flac,[],
dclde_DFO_CRP_WVanIsl__DFOCRP.H50bjRcb-WCV1.AURAL117LF.20110519_043000Z.flac_0.1s_0.4s_trainstyle,dclde_DFO_CRP_WVanIsl__DFOCRP.H50bjRcb-WCV1.AURAL117LF.20110519_043000Z.flac,DFOCRP.H50bjRcb-WCV1.AURAL117LF.20110519_043000Z.flac,DFOCRP.H50bjRcb-WCV1.AURAL117LF.20110519_043000Z.flac,0.141000,0.422000,0.141000,0.422000,0.141000,0.281000,dclde_DFO_CRP_WVanIsl__DFOCRP.H50bjRcb-WCV1.AURAL117LF.20110519_043000Z.flac_0.1s_0.4s_trainstyle.mat,mat_files/dclde_DFO_CRP_WVanIsl__DFOCRP.H50bjRcb-WCV1.AURAL117LF.20110519_043000Z.flac_0.1s_0.4s_trainstyle.mat,dclde_2027_DFO_CRP_WVanIsl,44826,DFO_CRP,WVanIsl,DFOCRP.H50bjRcb-WCV1.AURAL117LF.20110519_043000Z.flac,AB,confounder:abiotic,,,,confounder:abiotic,NA,Detection,0,NA,800,1088,dclde/2027/dclde_2027_killer_whales/dfo_crp/audio/wvanisl/DFOCRP.H50bjRcb-WCV1.AURAL117LF.20110519_043000Z.flac,gs://noaa-passive-bioacoustic/dclde/2027/dclde_2027_killer_whales/dfo_crp/audio/wvanisl/DFOCRP.H50bjRcb-WCV1.AURAL117LF.20110519_043000Z.flac,https://storage.googleapis.com/noaa-passive-bioacoustic/dclde/2027/dclde_2027_killer_whales/dfo_crp/audio/wvanisl/DFOCRP.H50bjRcb-WCV1.AURAL117LF.20110519_043000Z.flac,1,reviewed_confounder,,,,,,DFO_CRP:WVanIsl:DFOCRP.H50bjRcb-WCV1.AURAL117LF.20110519_043000Z.flac,[],
dclde_DFO_WDLP_CarmanahPt__ST6249.220617125705.wav_25.6s_26.0s_trainstyle,dclde_DFO_WDLP_CarmanahPt__ST6249.220617125705.wav,ST6249.220617125705.wav,ST6249.220617125705.wav,25.620000,26.025000,25.620000,26.025000,25.620000,0.405000,dclde_DFO_WDLP_CarmanahPt__ST6249.220617125705.wav_25.6s_26.0s_trainstyle.mat,mat_files/dclde_DFO_WDLP_CarmanahPt__ST6249.220617125705.wav_25.6s_26.0s_trainstyle.mat,dclde_2027_DFO_WDLP_CarmanahPt,159840,DFO_WDLP,CarmanahPt,ST6249.220617125705.wav,AB,confounder:abiotic,,,,confounder:abiotic,NA,Detection,0,NA,4195,4242,dclde/2027/dclde_2027_killer_whales/dfo_wdlp/audio/carmanahpt/ST6249.220617125705.wav,gs://noaa-passive-bioacoustic/dclde/2027/dclde_2027_killer_whales/dfo_wdlp/audio/carmanahpt/ST6249.220617125705.wav,https://storage.googleapis.com/noaa-passive-bioacoustic/dclde/2027/dclde_2027_killer_whales/dfo_wdlp/audio/carmanahpt/ST6249.220617125705.wav,1,reviewed_confounder,,,,,,DFO_WDLP:CarmanahPt:ST6249.220617125705.wav,[],
dclde_DFO_WDLP_StrGeoN1__AMAR610.20210905T143735Z.wav_130.8s_131.7s_trainstyle,dclde_DFO_WDLP_StrGeoN1__AMAR610.20210905T143735Z.wav,AMAR610.20210905T143735Z.wav,AMAR610.20210905T143735Z.wav,130.750000,131.688000,130.750000,131.688000,130.750000,0.938000,dclde_DFO_WDLP_StrGeoN1__AMAR610.20210905T143735Z.wav_130.8s_131.7s_trainstyle.mat,mat_files/dclde_DFO_WDLP_StrGeoN1__AMAR610.20210905T143735Z.wav_130.8s_131.7s_trainstyle.mat,dclde_2027_DFO_WDLP_StrGeoN1,161497,DFO_WDLP,StrGeoN1,AMAR610.20210905T143735Z.wav,AB,confounder:abiotic,,,,confounder:abiotic,NA,Detection,0,NA,3445,3632,dclde/2027/dclde_2027_killer_whales/dfo_wdlp/audio/strgeon1/AMAR610.20210905T143735Z.wav,gs://noaa-passive-bioacoustic/dclde/2027/dclde_2027_killer_whales/dfo_wdlp/audio/strgeon1/AMAR610.20210905T143735Z.wav,https://storage.googleapis.com/noaa-passive-bioacoustic/dclde/2027/dclde_2027_killer_whales/dfo_wdlp/audio/strgeon1/AMAR610.20210905T143735Z.wav,1,reviewed_confounder,,,,,,DFO_WDLP:StrGeoN1:AMAR610.20210905T143735Z.wav,[],
dclde_DFO_WDLP_StrGeoS2__AMAR779.20210904T191552Z.wav_100.0s_100.5s_trainstyle,dclde_DFO_WDLP_StrGeoS2__AMAR779.20210904T191552Z.wav,AMAR779.20210904T191552Z.wav,AMAR779.20210904T191552Z.wav,99.989000,100.458000,99.989000,100.458000,99.989000,0.469000,dclde_DFO_WDLP_StrGeoS2__AMAR779.20210904T191552Z.wav_100.0s_100.5s_trainstyle.mat,mat_files/dclde_DFO_WDLP_StrGeoS2__AMAR779.20210904T191552Z.wav_100.0s_100.5s_trainstyle.mat,dclde_2027_DFO_WDLP_StrGeoS2,163573,DFO_WDLP,StrGeoS2,AMAR779.20210904T191552Z.wav,AB,confounder:abiotic,,,,confounder:abiotic,NA,Detection,0,NA,2812,2859,dclde/2027/dclde_2027_killer_whales/dfo_wdlp/audio/strgeos2/AMAR779.20210904T191552Z.wav,gs://noaa-passive-bioacoustic/dclde/2027/dclde_2027_killer_whales/dfo_wdlp/audio/strgeos2/AMAR779.20210904T191552Z.wav,https://storage.googleapis.com/noaa-passive-bioacoustic/dclde/2027/dclde_2027_killer_whales/dfo_wdlp/audio/strgeos2/AMAR779.20210904T191552Z.wav,1,reviewed_confounder,,,,,,DFO_WDLP:StrGeoS2:AMAR779.20210904T191552Z.wav,[],
dclde_DFO_WDLP_SwanChan__AMAR777.20211116T172747Z.wav_60.8s_61.5s_trainstyle,dclde_DFO_WDLP_SwanChan__AMAR777.20211116T172747Z.wav,AMAR777.20211116T172747Z.wav,AMAR777.20211116T172747Z.wav,60.756000,61.481000,60.756000,61.481000,60.756000,0.725000,dclde_DFO_WDLP_SwanChan__AMAR777.20211116T172747Z.wav_60.8s_61.5s_trainstyle.mat,mat_files/dclde_DFO_WDLP_SwanChan__AMAR777.20211116T172747Z.wav_60.8s_61.5s_trainstyle.mat,dclde_2027_DFO_WDLP_SwanChan,165721,DFO_WDLP,SwanChan,AMAR777.20211116T172747Z.wav,AB,confounder:abiotic,,,,confounder:abiotic,NA,Detection,0,NA,7687,7898,dclde/2027/dclde_2027_killer_whales/dfo_wdlp/audio/swanchan/AMAR777.20211116T172747Z.wav,gs://noaa-passive-bioacoustic/dclde/2027/dclde_2027_killer_whales/dfo_wdlp/audio/swanchan/AMAR777.20211116T172747Z.wav,https://storage.googleapis.com/noaa-passive-bioacoustic/dclde/2027/dclde_2027_killer_whales/dfo_wdlp/audio/swanchan/AMAR777.20211116T172747Z.wav,1,reviewed_confounder,,,,,,DFO_WDLP:SwanChan:AMAR777.20211116T172747Z.wav,[],
dclde_JASCO_VFPA_ONC_StraitofGeorgia__JASCOAMARHYDROPHONEC000682_20171103T150328.359Z.wav_52.9s_54.5s_trainstyle,dclde_JASCO_VFPA_ONC_StraitofGeorgia__JASCOAMARHYDROPHONEC000682_20171103T150328.359Z.wav,JASCOAMARHYDROPHONEC000682_20171103T150328.359Z.wav,JASCOAMARHYDROPHONEC000682_20171103T150328.359Z.wav,52.888000,54.538000,52.888000,54.538000,52.888000,1.650000,dclde_JASCO_VFPA_ONC_StraitofGeorgia__JASCOAMARHYDROPHONEC000682_20171103T150328.359Z.wav_52.9s_54.5s_trainstyle.mat,mat_files/dclde_JASCO_VFPA_ONC_StraitofGeorgia__JASCOAMARHYDROPHONEC000682_20171103T150328.359Z.wav_52.9s_54.5s_trainstyle.mat,dclde_2027_JASCO_VFPA_ONC_StraitofGeorgia,195118,JASCO_VFPA_ONC,StraitofGeorgia,JASCOAMARHYDROPHONEC000682_20171103T150328.359Z.wav,AB,confounder:abiotic,,,,confounder:abiotic,NA,Call,0,NA,1588.4,2322.5,dclde/2027/dclde_2027_killer_whales/vfpa/audio/straitofgeorgia/JASCOAMARHYDROPHONEC000682_20171103T150328.359Z.wav,gs://noaa-passive-bioacoustic/dclde/2027/dclde_2027_killer_whales/vfpa/audio/straitofgeorgia/JASCOAMARHYDROPHONEC000682_20171103T150328.359Z.wav,https://storage.googleapis.com/noaa-passive-bioacoustic/dclde/2027/dclde_2027_killer_whales/vfpa/audio/straitofgeorgia/JASCOAMARHYDROPHONEC000682_20171103T150328.359Z.wav,1,reviewed_confounder,,,,,,JASCO_VFPA_ONC:StraitofGeorgia:JASCOAMARHYDROPHONEC000682_20171103T150328.359Z.wav,[],
dclde_JASCO_VFPA_BoundaryPass__AMAR418.1.20180907T030639Z.wav_459.0s_482.6s_trainstyle,dclde_JASCO_VFPA_BoundaryPass__AMAR418.1.20180907T030639Z.wav,AMAR418.1.20180907T030639Z.wav,AMAR418.1.20180907T030639Z.wav,459.044000,482.564000,459.044000,482.564000,459.044000,23.520000,dclde_JASCO_VFPA_BoundaryPass__AMAR418.1.20180907T030639Z.wav_459.0s_482.6s_trainstyle.mat,mat_files/dclde_JASCO_VFPA_BoundaryPass__AMAR418.1.20180907T030639Z.wav_459.0s_482.6s_trainstyle.mat,dclde_2027_JASCO_VFPA_BoundaryPass,181483,JASCO_VFPA,BoundaryPass,AMAR418.1.20180907T030639Z.wav,AB,confounder:abiotic,,,,confounder:abiotic,NA,Call,0,NA,707.7,10575.4,dclde/2027/dclde_2027_killer_whales/vfpa/audio/boundarypass/AMAR418.1.20180907T030639Z.wav,gs://noaa-passive-bioacoustic/dclde/2027/dclde_2027_killer_whales/vfpa/audio/boundarypass/AMAR418.1.20180907T030639Z.wav,https://storage.googleapis.com/noaa-passive-bioacoustic/dclde/2027/dclde_2027_killer_whales/vfpa/audio/boundarypass/AMAR418.1.20180907T030639Z.wav,1,reviewed_confounder,,,,,,JASCO_VFPA:BoundaryPass:AMAR418.1.20180907T030639Z.wav,[],
dclde_JASCO_VFPA_HaroStraitNorth__AMAR418.1.20170711T110001Z.wav_333.4s_334.4s_trainstyle,dclde_JASCO_VFPA_HaroStraitNorth__AMAR418.1.20170711T110001Z.wav,AMAR418.1.20170711T110001Z.wav,AMAR418.1.20170711T110001Z.wav,333.440000,334.420000,333.440000,334.420000,333.440000,0.980000,dclde_JASCO_VFPA_HaroStraitNorth__AMAR418.1.20170711T110001Z.wav_333.4s_334.4s_trainstyle.mat,mat_files/dclde_JASCO_VFPA_HaroStraitNorth__AMAR418.1.20170711T110001Z.wav_333.4s_334.4s_trainstyle.mat,dclde_2027_JASCO_VFPA_HaroStraitNorth,183228,JASCO_VFPA,HaroStraitNorth,AMAR418.1.20170711T110001Z.wav,AB,confounder:abiotic,,,,confounder:abiotic,NA,Call,0,NA,2030.33,2954.33,dclde/2027/dclde_2027_killer_whales/vfpa/audio/harostraitnorth/AMAR418.1.20170711T110001Z.wav,gs://noaa-passive-bioacoustic/dclde/2027/dclde_2027_killer_whales/vfpa/audio/harostraitnorth/AMAR418.1.20170711T110001Z.wav,https://storage.googleapis.com/noaa-passive-bioacoustic/dclde/2027/dclde_2027_killer_whales/vfpa/audio/harostraitnorth/AMAR418.1.20170711T110001Z.wav,1,reviewed_confounder,,,,,,JASCO_VFPA:HaroStraitNorth:AMAR418.1.20170711T110001Z.wav,[],
dclde_JASCO_VFPA_HaroStraitSouth__AMAR395.1.20170708T073001Z.wav_737.6s_738.4s_trainstyle,dclde_JASCO_VFPA_HaroStraitSouth__AMAR395.1.20170708T073001Z.wav,AMAR395.1.20170708T073001Z.wav,AMAR395.1.20170708T073001Z.wav,737.640000,738.380000,737.640000,738.380000,737.640000,0.740000,dclde_JASCO_VFPA_HaroStraitSouth__AMAR395.1.20170708T073001Z.wav_737.6s_738.4s_trainstyle.mat,mat_files/dclde_JASCO_VFPA_HaroStraitSouth__AMAR395.1.20170708T073001Z.wav_737.6s_738.4s_trainstyle.mat,dclde_2027_JASCO_VFPA_HaroStraitSouth,188554,JASCO_VFPA,HaroStraitSouth,AMAR395.1.20170708T073001Z.wav,AB,confounder:abiotic,,,,confounder:abiotic,NA,Call,0,NA,922.19,2487.19,dclde/2027/dclde_2027_killer_whales/vfpa/audio/harostraitsouth/AMAR395.1.20170708T073001Z.wav,gs://noaa-passive-bioacoustic/dclde/2027/dclde_2027_killer_whales/vfpa/audio/harostraitsouth/AMAR395.1.20170708T073001Z.wav,https://storage.googleapis.com/noaa-passive-bioacoustic/dclde/2027/dclde_2027_killer_whales/vfpa/audio/harostraitsouth/AMAR395.1.20170708T073001Z.wav,1,reviewed_confounder,,,,,,JASCO_VFPA:HaroStraitSouth:AMAR395.1.20170708T073001Z.wav,[],
dclde_OrcaSound_bush_point__rpi-bush-point_2020_09_27_23_29_00.wav_0.0s_2.5s_trainstyle,dclde_OrcaSound_bush_point__rpi-bush-point_2020_09_27_23_29_00.wav,rpi-bush-point_2020_09_27_23_29_00.wav,rpi-bush-point_2020_09_27_23_29_00.wav,0.000000,2.450000,0.000000,2.450000,0.000000,2.450000,dclde_OrcaSound_bush_point__rpi-bush-point_2020_09_27_23_29_00.wav_0.0s_2.5s_trainstyle.mat,mat_files/dclde_OrcaSound_bush_point__rpi-bush-point_2020_09_27_23_29_00.wav_0.0s_2.5s_trainstyle.mat,dclde_2027_OrcaSound_bush_point,171448,OrcaSound,bush_point,rpi-bush-point_2020_09_27_23_29_00.wav,AB,confounder:abiotic,,,,confounder:abiotic,NA,File,0,NA,NA,NA,dclde/2027/dclde_2027_killer_whales/orcasound/audio/bushpoint/rpi-bush-point_2020_09_27_23_29_00.wav,gs://noaa-passive-bioacoustic/dclde/2027/dclde_2027_killer_whales/orcasound/audio/bushpoint/rpi-bush-point_2020_09_27_23_29_00.wav,https://storage.googleapis.com/noaa-passive-bioacoustic/dclde/2027/dclde_2027_killer_whales/orcasound/audio/bushpoint/rpi-bush-point_2020_09_27_23_29_00.wav,1,reviewed_confounder,,,,,,OrcaSound:bush_point:rpi-bush-point_2020_09_27_23_29_00.wav,[],
dclde_OrcaSound_orcasound_lab__1562340736_001c.wav_0.0s_0.6s_trainstyle,dclde_OrcaSound_orcasound_lab__1562340736_001c.wav,1562340736_001c.wav,1562340736_001c.wav,0.000000,0.606120,0.000000,0.606120,0.000000,0.606120,dclde_OrcaSound_orcasound_lab__1562340736_001c.wav_0.0s_0.6s_trainstyle.mat,mat_files/dclde_OrcaSound_orcasound_lab__1562340736_001c.wav_0.0s_0.6s_trainstyle.mat,dclde_2027_OrcaSound_orcasound_lab,169619,OrcaSound,orcasound_lab,1562340736_001c.wav,AB,confounder:abiotic,,,,confounder:abiotic,NA,File,0,NA,NA,NA,dclde/2027/dclde_2027_killer_whales/orcasound/audio/orcasoundlab/1562340736_001c.wav,gs://noaa-passive-bioacoustic/dclde/2027/dclde_2027_killer_whales/orcasound/audio/orcasoundlab/1562340736_001c.wav,https://storage.googleapis.com/noaa-passive-bioacoustic/dclde/2027/dclde_2027_killer_whales/orcasound/audio/orcasoundlab/1562340736_001c.wav,1,reviewed_confounder,,,,,,OrcaSound:orcasound_lab:1562340736_001c.wav,[],
dclde_SIMRES_Tekteksen__ICLISTENHF6156_20220628T141500.000Z_20220628T141959.996Z.flac_170.0s_175.0s_trainstyle,dclde_SIMRES_Tekteksen__ICLISTENHF6156_20220628T141500.000Z_20220628T141959.996Z.flac,ICLISTENHF6156_20220628T141500.000Z_20220628T141959.996Z.flac,ICLISTENHF6156_20220628T141500.000Z_20220628T141959.996Z.flac,169.999100,175.008800,169.999100,175.008800,169.999100,5.009700,dclde_SIMRES_Tekteksen__ICLISTENHF6156_20220628T141500.000Z_20220628T141959.996Z.flac_170.0s_175.0s_trainstyle.mat,mat_files/dclde_SIMRES_Tekteksen__ICLISTENHF6156_20220628T141500.000Z_20220628T141959.996Z.flac_170.0s_175.0s_trainstyle.mat,dclde_2027_SIMRES_Tekteksen,177210,SIMRES,Tekteksen,ICLISTENHF6156_20220628T141500.000Z_20220628T141959.996Z.flac,AB,confounder:abiotic,,,,confounder:abiotic,NA,Call,0,NA,0,0,dclde/2027/dclde_2027_killer_whales/simres/audio/tekteksen/ICLISTENHF6156_20220628T141500.000Z_20220628T141959.996Z.flac,gs://noaa-passive-bioacoustic/dclde/2027/dclde_2027_killer_whales/simres/audio/tekteksen/ICLISTENHF6156_20220628T141500.000Z_20220628T141959.996Z.flac,https://storage.googleapis.com/noaa-passive-bioacoustic/dclde/2027/dclde_2027_killer_whales/simres/audio/tekteksen/ICLISTENHF6156_20220628T141500.000Z_20220628T141959.996Z.flac,1,reviewed_confounder,,,,,,SIMRES:Tekteksen:ICLISTENHF6156_20220628T141500.000Z_20220628T141959.996Z.flac,[],
dclde_SIO_Cpe_Elz__OCNMS14CE_111210_092137_BCtransients.wav_782.1s_784.3s_trainstyle,dclde_SIO_Cpe_Elz__OCNMS14CE_111210_092137_BCtransients.wav,OCNMS14CE_111210_092137_BCtransients.wav,OCNMS14CE_111210_092137_BCtransients.wav,782.061970,784.289693,782.061970,784.289693,782.061970,2.227723,dclde_SIO_Cpe_Elz__OCNMS14CE_111210_092137_BCtransients.wav_782.1s_784.3s_trainstyle.mat,mat_files/dclde_SIO_Cpe_Elz__OCNMS14CE_111210_092137_BCtransients.wav_782.1s_784.3s_trainstyle.mat,dclde_2027_SIO_Cpe_Elz,174401,SIO,Cpe_Elz,OCNMS14CE_111210_092137_BCtransients.wav,AB,confounder:abiotic,,,,confounder:abiotic,NA,Call,0,NA,0,0,dclde/2027/dclde_2027_killer_whales/scripps/audio/cpeelz/OCNMS14CE_111210_092137_BCtransients.wav,gs://noaa-passive-bioacoustic/dclde/2027/dclde_2027_killer_whales/scripps/audio/cpeelz/OCNMS14CE_111210_092137_BCtransients.wav,https://storage.googleapis.com/noaa-passive-bioacoustic/dclde/2027/dclde_2027_killer_whales/scripps/audio/cpeelz/OCNMS14CE_111210_092137_BCtransients.wav,1,reviewed_confounder,,,,,,SIO:Cpe_Elz:OCNMS14CE_111210_092137_BCtransients.wav,[],
dclde_SIO_Quin_Can__OCNMS12QC_110809_121712_Offshores.wav_2792.5s_2797.7s_trainstyle,dclde_SIO_Quin_Can__OCNMS12QC_110809_121712_Offshores.wav,OCNMS12QC_110809_121712_Offshores.wav,OCNMS12QC_110809_121712_Offshores.wav,2792.483690,2797.681709,2792.483690,2797.681709,2792.483690,5.198019,dclde_SIO_Quin_Can__OCNMS12QC_110809_121712_Offshores.wav_2792.5s_2797.7s_trainstyle.mat,mat_files/dclde_SIO_Quin_Can__OCNMS12QC_110809_121712_Offshores.wav_2792.5s_2797.7s_trainstyle.mat,dclde_2027_SIO_Quin_Can,177179,SIO,Quin_Can,OCNMS12QC_110809_121712_Offshores.wav,AB,confounder:abiotic,,,,confounder:abiotic,NA,Call,0,NA,0,0,dclde/2027/dclde_2027_killer_whales/scripps/audio/quincan/OCNMS12QC_110809_121712_Offshores.wav,gs://noaa-passive-bioacoustic/dclde/2027/dclde_2027_killer_whales/scripps/audio/quincan/OCNMS12QC_110809_121712_Offshores.wav,https://storage.googleapis.com/noaa-passive-bioacoustic/dclde/2027/dclde_2027_killer_whales/scripps/audio/quincan/OCNMS12QC_110809_121712_Offshores.wav,1,reviewed_confounder,,,,,,SIO:Quin_Can:OCNMS12QC_110809_121712_Offshores.wav,[],
dclde_SMRUConsulting_LimeKiln__LK_20161106_050800_000.wav_38.1s_38.4s_trainstyle,dclde_SMRUConsulting_LimeKiln__LK_20161106_050800_000.wav,LK_20161106_050800_000.wav,LK_20161106_050800_000.wav,38.054000,38.393000,38.054000,38.393000,38.054000,0.339000,dclde_SMRUConsulting_LimeKiln__LK_20161106_050800_000.wav_38.1s_38.4s_trainstyle.mat,mat_files/dclde_SMRUConsulting_LimeKiln__LK_20161106_050800_000.wav_38.1s_38.4s_trainstyle.mat,dclde_2027_SMRUConsulting_LimeKiln,195978,SMRUConsulting,LimeKiln,LK_20161106_050800_000.wav,AB,confounder:abiotic,,,,confounder:abiotic,NA,Call,0,NA,103.52,2258.65,dclde/2027/dclde_2027_killer_whales/smru/audio/limekiln/LK_20161106_050800_000.wav,gs://noaa-passive-bioacoustic/dclde/2027/dclde_2027_killer_whales/smru/audio/limekiln/LK_20161106_050800_000.wav,https://storage.googleapis.com/noaa-passive-bioacoustic/dclde/2027/dclde_2027_killer_whales/smru/audio/limekiln/LK_20161106_050800_000.wav,1,reviewed_confounder,,,,,,SMRUConsulting:LimeKiln:LK_20161106_050800_000.wav,[],
dclde_DFO_CRP_NorthBc__DFOCRP.KkHK0R2F-NML1.SM2M-3.20131017_135100Z.flac_177.5s_177.8s_trainstyle,dclde_DFO_CRP_NorthBc__DFOCRP.KkHK0R2F-NML1.SM2M-3.20131017_135100Z.flac,DFOCRP.KkHK0R2F-NML1.SM2M-3.20131017_135100Z.flac,DFOCRP.KkHK0R2F-NML1.SM2M-3.20131017_135100Z.flac,177.519000,177.775000,177.519000,177.775000,177.519000,0.256000,dclde_DFO_CRP_NorthBc__DFOCRP.KkHK0R2F-NML1.SM2M-3.20131017_135100Z.flac_177.5s_177.8s_trainstyle.mat,mat_files/dclde_DFO_CRP_NorthBc__DFOCRP.KkHK0R2F-NML1.SM2M-3.20131017_135100Z.flac_177.5s_177.8s_trainstyle.mat,dclde_2027_DFO_CRP_NorthBc,3290,DFO_CRP,NorthBc,DFOCRP.KkHK0R2F-NML1.SM2M-3.20131017_135100Z.flac,UndBio,confounder:undetermined_biological,,,,confounder:undetermined_biological,NA,Detection,0,NA,1250,1562.5,dclde/2027/dclde_2027_killer_whales/dfo_crp/audio/northbc/DFOCRP.KkHK0R2F-NML1.SM2M-3.20131017_135100Z.flac,gs://noaa-passive-bioacoustic/dclde/2027/dclde_2027_killer_whales/dfo_crp/audio/northbc/DFOCRP.KkHK0R2F-NML1.SM2M-3.20131017_135100Z.flac,https://storage.googleapis.com/noaa-passive-bioacoustic/dclde/2027/dclde_2027_killer_whales/dfo_crp/audio/northbc/DFOCRP.KkHK0R2F-NML1.SM2M-3.20131017_135100Z.flac,1,reviewed_confounder,,,,,,DFO_CRP:NorthBc:DFOCRP.KkHK0R2F-NML1.SM2M-3.20131017_135100Z.flac,[],
dclde_DFO_CRP_WVanIsl__DFOCRP.H50bjRcb-WCV1.AURAL117LF.20110716_150000Z.flac_149.1s_149.4s_trainstyle,dclde_DFO_CRP_WVanIsl__DFOCRP.H50bjRcb-WCV1.AURAL117LF.20110716_150000Z.flac,DFOCRP.H50bjRcb-WCV1.AURAL117LF.20110716_150000Z.flac,DFOCRP.H50bjRcb-WCV1.AURAL117LF.20110716_150000Z.flac,149.062000,149.437000,149.062000,149.437000,149.062000,0.375000,dclde_DFO_CRP_WVanIsl__DFOCRP.H50bjRcb-WCV1.AURAL117LF.20110716_150000Z.flac_149.1s_149.4s_trainstyle.mat,mat_files/dclde_DFO_CRP_WVanIsl__DFOCRP.H50bjRcb-WCV1.AURAL117LF.20110716_150000Z.flac_149.1s_149.4s_trainstyle.mat,dclde_2027_DFO_CRP_WVanIsl,47438,DFO_CRP,WVanIsl,DFOCRP.H50bjRcb-WCV1.AURAL117LF.20110716_150000Z.flac,UndBio,confounder:undetermined_biological,,,,confounder:undetermined_biological,NA,Detection,0,NA,2400,2560,dclde/2027/dclde_2027_killer_whales/dfo_crp/audio/wvanisl/DFOCRP.H50bjRcb-WCV1.AURAL117LF.20110716_150000Z.flac,gs://noaa-passive-bioacoustic/dclde/2027/dclde_2027_killer_whales/dfo_crp/audio/wvanisl/DFOCRP.H50bjRcb-WCV1.AURAL117LF.20110716_150000Z.flac,https://storage.googleapis.com/noaa-passive-bioacoustic/dclde/2027/dclde_2027_killer_whales/dfo_crp/audio/wvanisl/DFOCRP.H50bjRcb-WCV1.AURAL117LF.20110716_150000Z.flac,1,reviewed_confounder,,,,,,DFO_CRP:WVanIsl:DFOCRP.H50bjRcb-WCV1.AURAL117LF.20110716_150000Z.flac,[],
dclde_DFO_WDLP_CarmanahPt__ST6249.220428103425.wav_154.4s_154.9s_trainstyle,dclde_DFO_WDLP_CarmanahPt__ST6249.220428103425.wav,ST6249.220428103425.wav,ST6249.220428103425.wav,154.431000,154.879000,154.431000,154.879000,154.431000,0.448000,dclde_DFO_WDLP_CarmanahPt__ST6249.220428103425.wav_154.4s_154.9s_trainstyle.mat,mat_files/dclde_DFO_WDLP_CarmanahPt__ST6249.220428103425.wav_154.4s_154.9s_trainstyle.mat,dclde_2027_DFO_WDLP_CarmanahPt,159673,DFO_WDLP,CarmanahPt,ST6249.220428103425.wav,UndBio,confounder:undetermined_biological,,,,confounder:undetermined_biological,NA,Detection,0,NA,6351,6468,dclde/2027/dclde_2027_killer_whales/dfo_wdlp/audio/carmanahpt/ST6249.220428103425.wav,gs://noaa-passive-bioacoustic/dclde/2027/dclde_2027_killer_whales/dfo_wdlp/audio/carmanahpt/ST6249.220428103425.wav,https://storage.googleapis.com/noaa-passive-bioacoustic/dclde/2027/dclde_2027_killer_whales/dfo_wdlp/audio/carmanahpt/ST6249.220428103425.wav,1,reviewed_confounder,,,,,,DFO_WDLP:CarmanahPt:ST6249.220428103425.wav,[],
dclde_JASCO_VFPA_ONC_StraitofGeorgia__JASCOAMARHYDROPHONEC000682_20180117T105208.527Z.wav_92.7s_105.8s_trainstyle,dclde_JASCO_VFPA_ONC_StraitofGeorgia__JASCOAMARHYDROPHONEC000682_20180117T105208.527Z.wav,JASCOAMARHYDROPHONEC000682_20180117T105208.527Z.wav,JASCOAMARHYDROPHONEC000682_20180117T105208.527Z.wav,92.693000,105.755000,92.693000,105.755000,92.693000,13.062000,dclde_JASCO_VFPA_ONC_StraitofGeorgia__JASCOAMARHYDROPHONEC000682_20180117T105208.527Z.wav_92.7s_105.8s_trainstyle.mat,mat_files/dclde_JASCO_VFPA_ONC_StraitofGeorgia__JASCOAMARHYDROPHONEC000682_20180117T105208.527Z.wav_92.7s_105.8s_trainstyle.mat,dclde_2027_JASCO_VFPA_ONC_StraitofGeorgia,195641,JASCO_VFPA_ONC,StraitofGeorgia,JASCOAMARHYDROPHONEC000682_20180117T105208.527Z.wav,UndBio,confounder:undetermined_biological,,,,confounder:undetermined_biological,NA,Call,0,NA,1251.5,60803,dclde/2027/dclde_2027_killer_whales/vfpa/audio/straitofgeorgia/JASCOAMARHYDROPHONEC000682_20180117T105208.527Z.wav,gs://noaa-passive-bioacoustic/dclde/2027/dclde_2027_killer_whales/vfpa/audio/straitofgeorgia/JASCOAMARHYDROPHONEC000682_20180117T105208.527Z.wav,https://storage.googleapis.com/noaa-passive-bioacoustic/dclde/2027/dclde_2027_killer_whales/vfpa/audio/straitofgeorgia/JASCOAMARHYDROPHONEC000682_20180117T105208.527Z.wav,1,reviewed_confounder,,,,,,JASCO_VFPA_ONC:StraitofGeorgia:JASCOAMARHYDROPHONEC000682_20180117T105208.527Z.wav,[],
dclde_ONC_BarkleyCanyon__ICLISTENHF1251_20140101T121159.857Z.wav_248.1s_248.6s_trainstyle,dclde_ONC_BarkleyCanyon__ICLISTENHF1251_20140101T121159.857Z.wav,ICLISTENHF1251_20140101T121159.857Z.wav,ICLISTENHF1251_20140101T121159.857Z.wav,248.101360,248.600610,248.101360,248.600610,248.101360,0.499250,dclde_ONC_BarkleyCanyon__ICLISTENHF1251_20140101T121159.857Z.wav_248.1s_248.6s_trainstyle.mat,mat_files/dclde_ONC_BarkleyCanyon__ICLISTENHF1251_20140101T121159.857Z.wav_248.1s_248.6s_trainstyle.mat,dclde_2027_ONC_BarkleyCanyon,172509,ONC,BarkleyCanyon,ICLISTENHF1251_20140101T121159.857Z.wav,UndBio,confounder:undetermined_biological,,,,confounder:undetermined_biological,NA,Call,0,NA,6440.19,28688.57,dclde/2027/dclde_2027_killer_whales/onc/audio/barkleycanyon/ICLISTENHF1251_20140101T121159.857Z.wav,gs://noaa-passive-bioacoustic/dclde/2027/dclde_2027_killer_whales/onc/audio/barkleycanyon/ICLISTENHF1251_20140101T121159.857Z.wav,https://storage.googleapis.com/noaa-passive-bioacoustic/dclde/2027/dclde_2027_killer_whales/onc/audio/barkleycanyon/ICLISTENHF1251_20140101T121159.857Z.wav,1,reviewed_confounder,,,,,,ONC:BarkleyCanyon:ICLISTENHF1251_20140101T121159.857Z.wav,[],
dclde_SMRUConsulting_LimeKiln__LK_20161106_050000_000.wav_9.0s_10.6s_trainstyle,dclde_SMRUConsulting_LimeKiln__LK_20161106_050000_000.wav,LK_20161106_050000_000.wav,LK_20161106_050000_000.wav,9.034000,10.593000,9.034000,10.593000,9.034000,1.559000,dclde_SMRUConsulting_LimeKiln__LK_20161106_050000_000.wav_9.0s_10.6s_trainstyle.mat,mat_files/dclde_SMRUConsulting_LimeKiln__LK_20161106_050000_000.wav_9.0s_10.6s_trainstyle.mat,dclde_2027_SMRUConsulting_LimeKiln,195836,SMRUConsulting,LimeKiln,LK_20161106_050000_000.wav,UndBio,confounder:undetermined_biological,,,,confounder:undetermined_biological,NA,Call,0,NA,11.63,494.09,dclde/2027/dclde_2027_killer_whales/smru/audio/limekiln/LK_20161106_050000_000.wav,gs://noaa-passive-bioacoustic/dclde/2027/dclde_2027_killer_whales/smru/audio/limekiln/LK_20161106_050000_000.wav,https://storage.googleapis.com/noaa-passive-bioacoustic/dclde/2027/dclde_2027_killer_whales/smru/audio/limekiln/LK_20161106_050000_000.wav,1,reviewed_confounder,,,,,,SMRUConsulting:LimeKiln:LK_20161106_050000_000.wav,[],
dclde_DFO_CRP_NorthBc__DFOCRP.KkHK0R2F-NML1.SM2M-3.20131011_022100Z.flac_136.2s_136.4s_trainstyle,dclde_DFO_CRP_NorthBc__DFOCRP.KkHK0R2F-NML1.SM2M-3.20131011_022100Z.flac,DFOCRP.KkHK0R2F-NML1.SM2M-3.20131011_022100Z.flac,DFOCRP.KkHK0R2F-NML1.SM2M-3.20131011_022100Z.flac,136.192000,136.448000,136.192000,136.448000,136.192000,0.256000,dclde_DFO_CRP_NorthBc__DFOCRP.KkHK0R2F-NML1.SM2M-3.20131011_022100Z.flac_136.2s_136.4s_trainstyle.mat,mat_files/dclde_DFO_CRP_NorthBc__DFOCRP.KkHK0R2F-NML1.SM2M-3.20131011_022100Z.flac_136.2s_136.4s_trainstyle.mat,dclde_2027_DFO_CRP_NorthBc,10,DFO_CRP,NorthBc,DFOCRP.KkHK0R2F-NML1.SM2M-3.20131011_022100Z.flac,AB,confounder:abiotic,,,,confounder:abiotic,NA,Detection,0,NA,1218.75,1437.5,dclde/2027/dclde_2027_killer_whales/dfo_crp/audio/northbc/DFOCRP.KkHK0R2F-NML1.SM2M-3.20131011_022100Z.flac,gs://noaa-passive-bioacoustic/dclde/2027/dclde_2027_killer_whales/dfo_crp/audio/northbc/DFOCRP.KkHK0R2F-NML1.SM2M-3.20131011_022100Z.flac,https://storage.googleapis.com/noaa-passive-bioacoustic/dclde/2027/dclde_2027_killer_whales/dfo_crp/audio/northbc/DFOCRP.KkHK0R2F-NML1.SM2M-3.20131011_022100Z.flac,1,reviewed_confounder,,,,,,DFO_CRP:NorthBc:DFOCRP.KkHK0R2F-NML1.SM2M-3.20131011_022100Z.flac,[],
dclde_DFO_CRP_WVanIsl__DFOCRP.H50bjRcb-WCV1.AURAL117LF.20110519_070000Z.flac_13.2s_13.5s_trainstyle,dclde_DFO_CRP_WVanIsl__DFOCRP.H50bjRcb-WCV1.AURAL117LF.20110519_070000Z.flac,DFOCRP.H50bjRcb-WCV1.AURAL117LF.20110519_070000Z.flac,DFOCRP.H50bjRcb-WCV1.AURAL117LF.20110519_070000Z.flac,13.187000,13.468000,13.187000,13.468000,13.187000,0.281000,dclde_DFO_CRP_WVanIsl__DFOCRP.H50bjRcb-WCV1.AURAL117LF.20110519_070000Z.flac_13.2s_13.5s_trainstyle.mat,mat_files/dclde_DFO_CRP_WVanIsl__DFOCRP.H50bjRcb-WCV1.AURAL117LF.20110519_070000Z.flac_13.2s_13.5s_trainstyle.mat,dclde_2027_DFO_CRP_WVanIsl,45424,DFO_CRP,WVanIsl,DFOCRP.H50bjRcb-WCV1.AURAL117LF.20110519_070000Z.flac,AB,confounder:abiotic,,,,confounder:abiotic,NA,Detection,0,NA,1408,1568,dclde/2027/dclde_2027_killer_whales/dfo_crp/audio/wvanisl/DFOCRP.H50bjRcb-WCV1.AURAL117LF.20110519_070000Z.flac,gs://noaa-passive-bioacoustic/dclde/2027/dclde_2027_killer_whales/dfo_crp/audio/wvanisl/DFOCRP.H50bjRcb-WCV1.AURAL117LF.20110519_070000Z.flac,https://storage.googleapis.com/noaa-passive-bioacoustic/dclde/2027/dclde_2027_killer_whales/dfo_crp/audio/wvanisl/DFOCRP.H50bjRcb-WCV1.AURAL117LF.20110519_070000Z.flac,1,reviewed_confounder,,,,,,DFO_CRP:WVanIsl:DFOCRP.H50bjRcb-WCV1.AURAL117LF.20110519_070000Z.flac,[],
dclde_DFO_WDLP_CarmanahPt__ST6249.220617125705.wav_90.1s_90.5s_trainstyle,dclde_DFO_WDLP_CarmanahPt__ST6249.220617125705.wav,ST6249.220617125705.wav,ST6249.220617125705.wav,90.090000,90.495000,90.090000,90.495000,90.090000,0.405000,dclde_DFO_WDLP_CarmanahPt__ST6249.220617125705.wav_90.1s_90.5s_trainstyle.mat,mat_files/dclde_DFO_WDLP_CarmanahPt__ST6249.220617125705.wav_90.1s_90.5s_trainstyle.mat,dclde_2027_DFO_WDLP_CarmanahPt,159841,DFO_WDLP,CarmanahPt,ST6249.220617125705.wav,AB,confounder:abiotic,,,,confounder:abiotic,NA,Detection,0,NA,4171,4265,dclde/2027/dclde_2027_killer_whales/dfo_wdlp/audio/carmanahpt/ST6249.220617125705.wav,gs://noaa-passive-bioacoustic/dclde/2027/dclde_2027_killer_whales/dfo_wdlp/audio/carmanahpt/ST6249.220617125705.wav,https://storage.googleapis.com/noaa-passive-bioacoustic/dclde/2027/dclde_2027_killer_whales/dfo_wdlp/audio/carmanahpt/ST6249.220617125705.wav,1,reviewed_confounder,,,,,,DFO_WDLP:CarmanahPt:ST6249.220617125705.wav,[],
dclde_DFO_WDLP_StrGeoN1__AMAR610.20210905T143735Z.wav_153.3s_154.1s_trainstyle,dclde_DFO_WDLP_StrGeoN1__AMAR610.20210905T143735Z.wav,AMAR610.20210905T143735Z.wav,AMAR610.20210905T143735Z.wav,153.300000,154.068000,153.300000,154.068000,153.300000,0.768000,dclde_DFO_WDLP_StrGeoN1__AMAR610.20210905T143735Z.wav_153.3s_154.1s_trainstyle.mat,mat_files/dclde_DFO_WDLP_StrGeoN1__AMAR610.20210905T143735Z.wav_153.3s_154.1s_trainstyle.mat,dclde_2027_DFO_WDLP_StrGeoN1,161498,DFO_WDLP,StrGeoN1,AMAR610.20210905T143735Z.wav,AB,confounder:abiotic,,,,confounder:abiotic,NA,Detection,0,NA,3351,3421,dclde/2027/dclde_2027_killer_whales/dfo_wdlp/audio/strgeon1/AMAR610.20210905T143735Z.wav,gs://noaa-passive-bioacoustic/dclde/2027/dclde_2027_killer_whales/dfo_wdlp/audio/strgeon1/AMAR610.20210905T143735Z.wav,https://storage.googleapis.com/noaa-passive-bioacoustic/dclde/2027/dclde_2027_killer_whales/dfo_wdlp/audio/strgeon1/AMAR610.20210905T143735Z.wav,1,reviewed_confounder,,,,,,DFO_WDLP:StrGeoN1:AMAR610.20210905T143735Z.wav,[],
dclde_DFO_WDLP_StrGeoS2__AMAR779.20210904T193552Z.wav_79.1s_79.7s_trainstyle,dclde_DFO_WDLP_StrGeoS2__AMAR779.20210904T193552Z.wav,AMAR779.20210904T193552Z.wav,AMAR779.20210904T193552Z.wav,79.082000,79.700000,79.082000,79.700000,79.082000,0.618000,dclde_DFO_WDLP_StrGeoS2__AMAR779.20210904T193552Z.wav_79.1s_79.7s_trainstyle.mat,mat_files/dclde_DFO_WDLP_StrGeoS2__AMAR779.20210904T193552Z.wav_79.1s_79.7s_trainstyle.mat,dclde_2027_DFO_WDLP_StrGeoS2,163576,DFO_WDLP,StrGeoS2,AMAR779.20210904T193552Z.wav,AB,confounder:abiotic,,,,confounder:abiotic,NA,Detection,0,NA,5132,5390,dclde/2027/dclde_2027_killer_whales/dfo_wdlp/audio/strgeos2/AMAR779.20210904T193552Z.wav,gs://noaa-passive-bioacoustic/dclde/2027/dclde_2027_killer_whales/dfo_wdlp/audio/strgeos2/AMAR779.20210904T193552Z.wav,https://storage.googleapis.com/noaa-passive-bioacoustic/dclde/2027/dclde_2027_killer_whales/dfo_wdlp/audio/strgeos2/AMAR779.20210904T193552Z.wav,1,reviewed_confounder,,,,,,DFO_WDLP:StrGeoS2:AMAR779.20210904T193552Z.wav,[],
dclde_DFO_WDLP_SwanChan__AMAR777.20211116T172747Z.wav_68.6s_68.9s_trainstyle,dclde_DFO_WDLP_SwanChan__AMAR777.20211116T172747Z.wav,AMAR777.20211116T172747Z.wav,AMAR777.20211116T172747Z.wav,68.606000,68.947000,68.606000,68.947000,68.606000,0.341000,dclde_DFO_WDLP_SwanChan__AMAR777.20211116T172747Z.wav_68.6s_68.9s_trainstyle.mat,mat_files/dclde_DFO_WDLP_SwanChan__AMAR777.20211116T172747Z.wav_68.6s_68.9s_trainstyle.mat,dclde_2027_DFO_WDLP_SwanChan,165722,DFO_WDLP,SwanChan,AMAR777.20211116T172747Z.wav,AB,confounder:abiotic,,,,confounder:abiotic,NA,Detection,0,NA,7710,7804,dclde/2027/dclde_2027_killer_whales/dfo_wdlp/audio/swanchan/AMAR777.20211116T172747Z.wav,gs://noaa-passive-bioacoustic/dclde/2027/dclde_2027_killer_whales/dfo_wdlp/audio/swanchan/AMAR777.20211116T172747Z.wav,https://storage.googleapis.com/noaa-passive-bioacoustic/dclde/2027/dclde_2027_killer_whales/dfo_wdlp/audio/swanchan/AMAR777.20211116T172747Z.wav,1,reviewed_confounder,,,,,,DFO_WDLP:SwanChan:AMAR777.20211116T172747Z.wav,[],
dclde_JASCO_VFPA_ONC_StraitofGeorgia__JASCOAMARHYDROPHONEC000682_20171103T150328.359Z.wav_78.6s_79.5s_trainstyle,dclde_JASCO_VFPA_ONC_StraitofGeorgia__JASCOAMARHYDROPHONEC000682_20171103T150328.359Z.wav,JASCOAMARHYDROPHONEC000682_20171103T150328.359Z.wav,JASCOAMARHYDROPHONEC000682_20171103T150328.359Z.wav,78.613000,79.450000,78.613000,79.450000,78.613000,0.837000,dclde_JASCO_VFPA_ONC_StraitofGeorgia__JASCOAMARHYDROPHONEC000682_20171103T150328.359Z.wav_78.6s_79.5s_trainstyle.mat,mat_files/dclde_JASCO_VFPA_ONC_StraitofGeorgia__JASCOAMARHYDROPHONEC000682_20171103T150328.359Z.wav_78.6s_79.5s_trainstyle.mat,dclde_2027_JASCO_VFPA_ONC_StraitofGeorgia,195119,JASCO_VFPA_ONC,StraitofGeorgia,JASCOAMARHYDROPHONEC000682_20171103T150328.359Z.wav,AB,confounder:abiotic,,,,confounder:abiotic,NA,Call,0,NA,1444,2960.3,dclde/2027/dclde_2027_killer_whales/vfpa/audio/straitofgeorgia/JASCOAMARHYDROPHONEC000682_20171103T150328.359Z.wav,gs://noaa-passive-bioacoustic/dclde/2027/dclde_2027_killer_whales/vfpa/audio/straitofgeorgia/JASCOAMARHYDROPHONEC000682_20171103T150328.359Z.wav,https://storage.googleapis.com/noaa-passive-bioacoustic/dclde/2027/dclde_2027_killer_whales/vfpa/audio/straitofgeorgia/JASCOAMARHYDROPHONEC000682_20171103T150328.359Z.wav,1,reviewed_confounder,,,,,,JASCO_VFPA_ONC:StraitofGeorgia:JASCOAMARHYDROPHONEC000682_20171103T150328.359Z.wav,[],
dclde_JASCO_VFPA_BoundaryPass__AMAR418.1.20180907T030639Z.wav_573.6s_574.0s_trainstyle,dclde_JASCO_VFPA_BoundaryPass__AMAR418.1.20180907T030639Z.wav,AMAR418.1.20180907T030639Z.wav,AMAR418.1.20180907T030639Z.wav,573.610000,573.968000,573.610000,573.968000,573.610000,0.358000,dclde_JASCO_VFPA_BoundaryPass__AMAR418.1.20180907T030639Z.wav_573.6s_574.0s_trainstyle.mat,mat_files/dclde_JASCO_VFPA_BoundaryPass__AMAR418.1.20180907T030639Z.wav_573.6s_574.0s_trainstyle.mat,dclde_2027_JASCO_VFPA_BoundaryPass,181371,JASCO_VFPA,BoundaryPass,AMAR418.1.20180907T030639Z.wav,AB,confounder:abiotic,,,,confounder:abiotic,NA,Call,0,NA,100,10324,dclde/2027/dclde_2027_killer_whales/vfpa/audio/boundarypass/AMAR418.1.20180907T030639Z.wav,gs://noaa-passive-bioacoustic/dclde/2027/dclde_2027_killer_whales/vfpa/audio/boundarypass/AMAR418.1.20180907T030639Z.wav,https://storage.googleapis.com/noaa-passive-bioacoustic/dclde/2027/dclde_2027_killer_whales/vfpa/audio/boundarypass/AMAR418.1.20180907T030639Z.wav,1,reviewed_confounder,,,,,,JASCO_VFPA:BoundaryPass:AMAR418.1.20180907T030639Z.wav,[],
dclde_JASCO_VFPA_HaroStraitNorth__AMAR418.1.20170711T110001Z.wav_458.3s_459.2s_trainstyle,dclde_JASCO_VFPA_HaroStraitNorth__AMAR418.1.20170711T110001Z.wav,AMAR418.1.20170711T110001Z.wav,AMAR418.1.20170711T110001Z.wav,458.260000,459.200000,458.260000,459.200000,458.260000,0.940000,dclde_JASCO_VFPA_HaroStraitNorth__AMAR418.1.20170711T110001Z.wav_458.3s_459.2s_trainstyle.mat,mat_files/dclde_JASCO_VFPA_HaroStraitNorth__AMAR418.1.20170711T110001Z.wav_458.3s_459.2s_trainstyle.mat,dclde_2027_JASCO_VFPA_HaroStraitNorth,183229,JASCO_VFPA,HaroStraitNorth,AMAR418.1.20170711T110001Z.wav,AB,confounder:abiotic,,,,confounder:abiotic,NA,Call,0,NA,1690.17,2855.17,dclde/2027/dclde_2027_killer_whales/vfpa/audio/harostraitnorth/AMAR418.1.20170711T110001Z.wav,gs://noaa-passive-bioacoustic/dclde/2027/dclde_2027_killer_whales/vfpa/audio/harostraitnorth/AMAR418.1.20170711T110001Z.wav,https://storage.googleapis.com/noaa-passive-bioacoustic/dclde/2027/dclde_2027_killer_whales/vfpa/audio/harostraitnorth/AMAR418.1.20170711T110001Z.wav,1,reviewed_confounder,,,,,,JASCO_VFPA:HaroStraitNorth:AMAR418.1.20170711T110001Z.wav,[],
dclde_JASCO_VFPA_HaroStraitSouth__AMAR395.1.20170708T073001Z.wav_1424.8s_1425.5s_trainstyle,dclde_JASCO_VFPA_HaroStraitSouth__AMAR395.1.20170708T073001Z.wav,AMAR395.1.20170708T073001Z.wav,AMAR395.1.20170708T073001Z.wav,1424.800000,1425.540000,1424.800000,1425.540000,1424.800000,0.740000,dclde_JASCO_VFPA_HaroStraitSouth__AMAR395.1.20170708T073001Z.wav_1424.8s_1425.5s_trainstyle.mat,mat_files/dclde_JASCO_VFPA_HaroStraitSouth__AMAR395.1.20170708T073001Z.wav_1424.8s_1425.5s_trainstyle.mat,dclde_2027_JASCO_VFPA_HaroStraitSouth,188555,JASCO_VFPA,HaroStraitSouth,AMAR395.1.20170708T073001Z.wav,AB,confounder:abiotic,,,,confounder:abiotic,NA,Call,0,NA,1071.33,2132.33,dclde/2027/dclde_2027_killer_whales/vfpa/audio/harostraitsouth/AMAR395.1.20170708T073001Z.wav,gs://noaa-passive-bioacoustic/dclde/2027/dclde_2027_killer_whales/vfpa/audio/harostraitsouth/AMAR395.1.20170708T073001Z.wav,https://storage.googleapis.com/noaa-passive-bioacoustic/dclde/2027/dclde_2027_killer_whales/vfpa/audio/harostraitsouth/AMAR395.1.20170708T073001Z.wav,1,reviewed_confounder,,,,,,JASCO_VFPA:HaroStraitSouth:AMAR395.1.20170708T073001Z.wav,[],
dclde_OrcaSound_bush_point__rpi-bush-point_2020_09_27_23_39_00.wav_0.0s_1.9s_trainstyle,dclde_OrcaSound_bush_point__rpi-bush-point_2020_09_27_23_39_00.wav,rpi-bush-point_2020_09_27_23_39_00.wav,rpi-bush-point_2020_09_27_23_39_00.wav,0.000000,1.947857,0.000000,1.947857,0.000000,1.947857,dclde_OrcaSound_bush_point__rpi-bush-point_2020_09_27_23_39_00.wav_0.0s_1.9s_trainstyle.mat,mat_files/dclde_OrcaSound_bush_point__rpi-bush-point_2020_09_27_23_39_00.wav_0.0s_1.9s_trainstyle.mat,dclde_2027_OrcaSound_bush_point,171471,OrcaSound,bush_point,rpi-bush-point_2020_09_27_23_39_00.wav,AB,confounder:abiotic,,,,confounder:abiotic,NA,File,0,NA,NA,NA,dclde/2027/dclde_2027_killer_whales/orcasound/audio/bushpoint/rpi-bush-point_2020_09_27_23_39_00.wav,gs://noaa-passive-bioacoustic/dclde/2027/dclde_2027_killer_whales/orcasound/audio/bushpoint/rpi-bush-point_2020_09_27_23_39_00.wav,https://storage.googleapis.com/noaa-passive-bioacoustic/dclde/2027/dclde_2027_killer_whales/orcasound/audio/bushpoint/rpi-bush-point_2020_09_27_23_39_00.wav,1,reviewed_confounder,,,,,,OrcaSound:bush_point:rpi-bush-point_2020_09_27_23_39_00.wav,[],
dclde_OrcaSound_orcasound_lab__1562344334_000b.wav_0.0s_1.8s_trainstyle,dclde_OrcaSound_orcasound_lab__1562344334_000b.wav,1562344334_000b.wav,1562344334_000b.wav,0.000000,1.848668,0.000000,1.848668,0.000000,1.848668,dclde_OrcaSound_orcasound_lab__1562344334_000b.wav_0.0s_1.8s_trainstyle.mat,mat_files/dclde_OrcaSound_orcasound_lab__1562344334_000b.wav_0.0s_1.8s_trainstyle.mat,dclde_2027_OrcaSound_orcasound_lab,169694,OrcaSound,orcasound_lab,1562344334_000b.wav,AB,confounder:abiotic,,,,confounder:abiotic,NA,File,0,NA,NA,NA,dclde/2027/dclde_2027_killer_whales/orcasound/audio/orcasoundlab/1562344334_000b.wav,gs://noaa-passive-bioacoustic/dclde/2027/dclde_2027_killer_whales/orcasound/audio/orcasoundlab/1562344334_000b.wav,https://storage.googleapis.com/noaa-passive-bioacoustic/dclde/2027/dclde_2027_killer_whales/orcasound/audio/orcasoundlab/1562344334_000b.wav,1,reviewed_confounder,,,,,,OrcaSound:orcasound_lab:1562344334_000b.wav,[],
dclde_SIMRES_Tekteksen__ICLISTENHF6156_20220628T141500.000Z_20220628T141959.996Z.flac_290.0s_295.0s_trainstyle,dclde_SIMRES_Tekteksen__ICLISTENHF6156_20220628T141500.000Z_20220628T141959.996Z.flac,ICLISTENHF6156_20220628T141500.000Z_20220628T141959.996Z.flac,ICLISTENHF6156_20220628T141500.000Z_20220628T141959.996Z.flac,290.002900,295.007000,290.002900,295.007000,290.002900,5.004100,dclde_SIMRES_Tekteksen__ICLISTENHF6156_20220628T141500.000Z_20220628T141959.996Z.flac_290.0s_295.0s_trainstyle.mat,mat_files/dclde_SIMRES_Tekteksen__ICLISTENHF6156_20220628T141500.000Z_20220628T141959.996Z.flac_290.0s_295.0s_trainstyle.mat,dclde_2027_SIMRES_Tekteksen,177218,SIMRES,Tekteksen,ICLISTENHF6156_20220628T141500.000Z_20220628T141959.996Z.flac,AB,confounder:abiotic,,,,confounder:abiotic,NA,Call,0,NA,0,0,dclde/2027/dclde_2027_killer_whales/simres/audio/tekteksen/ICLISTENHF6156_20220628T141500.000Z_20220628T141959.996Z.flac,gs://noaa-passive-bioacoustic/dclde/2027/dclde_2027_killer_whales/simres/audio/tekteksen/ICLISTENHF6156_20220628T141500.000Z_20220628T141959.996Z.flac,https://storage.googleapis.com/noaa-passive-bioacoustic/dclde/2027/dclde_2027_killer_whales/simres/audio/tekteksen/ICLISTENHF6156_20220628T141500.000Z_20220628T141959.996Z.flac,1,reviewed_confounder,,,,,,SIMRES:Tekteksen:ICLISTENHF6156_20220628T141500.000Z_20220628T141959.996Z.flac,[],
dclde_SIO_Cpe_Elz__OCNMS14CE_111210_092137_BCtransients.wav_796.8s_800.1s_trainstyle,dclde_SIO_Cpe_Elz__OCNMS14CE_111210_092137_BCtransients.wav,OCNMS14CE_111210_092137_BCtransients.wav,OCNMS14CE_111210_092137_BCtransients.wav,796.764940,800.081771,796.764940,800.081771,796.764940,3.316831,dclde_SIO_Cpe_Elz__OCNMS14CE_111210_092137_BCtransients.wav_796.8s_800.1s_trainstyle.mat,mat_files/dclde_SIO_Cpe_Elz__OCNMS14CE_111210_092137_BCtransients.wav_796.8s_800.1s_trainstyle.mat,dclde_2027_SIO_Cpe_Elz,174402,SIO,Cpe_Elz,OCNMS14CE_111210_092137_BCtransients.wav,AB,confounder:abiotic,,,,confounder:abiotic,NA,Call,0,NA,0,0,dclde/2027/dclde_2027_killer_whales/scripps/audio/cpeelz/OCNMS14CE_111210_092137_BCtransients.wav,gs://noaa-passive-bioacoustic/dclde/2027/dclde_2027_killer_whales/scripps/audio/cpeelz/OCNMS14CE_111210_092137_BCtransients.wav,https://storage.googleapis.com/noaa-passive-bioacoustic/dclde/2027/dclde_2027_killer_whales/scripps/audio/cpeelz/OCNMS14CE_111210_092137_BCtransients.wav,1,reviewed_confounder,,,,,,SIO:Cpe_Elz:OCNMS14CE_111210_092137_BCtransients.wav,[],
