clip,source_provider,source_dataset_raw,source_audio,gcs_object,gcs_uri,https_url
dclde_DFO_CRP_NorthBc__DFOCRP.KkHK0R2F-NML1.SM2M-3.20131011_000600Z.flac,DFO_CRP,NorthBc,DFOCRP.KkHK0R2F-NML1.SM2M-3.20131011_000600Z.flac,dclde/2027/dclde_2027_killer_whales/dfo_crp/audio/northbc/DFOCRP.KkHK0R2F-NML1.SM2M-3.20131011_000600Z.flac,gs://noaa-passive-bioacoustic/dclde/2027/dclde_2027_killer_whales/dfo_crp/audio/northbc/DFOCRP.KkHK0R2F-NML1.SM2M-3.20131011_000600Z.flac,https://storage.googleapis.com/noaa-passive-bioacoustic/dclde/2027/dclde_2027_killer_whales/dfo_crp/audio/northbc/DFOCRP.KkHK0R2F-NML1.SM2M-3.20131011_000600Z.flac
dclde_DFO_CRP_NorthBc__DFOCRP.KkHK0R2F-NML1.SM2M-3.20131011_000600Z.flac,DFO_CRP,NorthBc,DFOCRP.KkHK0R2F-NML1.SM2M-3.20131011_000600Z.flac,dclde/2027/dclde_2027_killer_whales/dfo_crp/audio/northbc/DFOCRP.KkHK0R2F-NML1.SM2M-3.20131011_000600Z.flac,gs://noaa-passive-bioacoustic/dclde/2027/dclde_2027_killer_whales/dfo_crp/audio/northbc/DFOCRP.KkHK0R2F-NML1.SM2M-3.20131011_000600Z.flac,https://storage.googleapis.com/noaa-passive-bioacoustic/dclde/2027/dclde_2027_killer_whales/dfo_crp/audio/northbc/DFOCRP.KkHK0R2F-NML1.SM2M-3.20131011_000600Z.flac
dclde_DFO_CRP_NorthBc__DFOCRP.KkHK0R2F-NML1.SM2M-3.20131011_000600Z.flac,DFO_CRP,NorthBc,DFOCRP.KkHK0R2F-NML1.SM2M-3.20131011_000600Z.flac,dclde/2027/dclde_2027_killer_whales/dfo_crp/audio/northbc/DFOCRP.KkHK0R2F-NML1.SM2M-3.20131011_000600Z.flac,gs://noaa-passive-bioacoustic/dclde/2027/dclde_2027_killer_whales/dfo_crp/audio/northbc/DFOCRP.KkHK0R2F-NML1.SM2M-3.20131011_000600Z.flac,https://storage.googleapis.com/noaa-passive-bioacoustic/dclde/2027/dclde_2027_killer_whales/dfo_crp/audio/northbc/DFOCRP.KkHK0R2F-NML1.SM2M-3.20131011_000600Z.flac
dclde_DFO_CRP_NorthBc__DFOCRP.KkHK0R2F-NML1.SM2M-3.20131011_002100Z.flac,DFO_CRP,NorthBc,DFOCRP.KkHK0R2F-NML1.SM2M-3.20131011_002100Z.flac,dclde/2027/dclde_2027_killer_whales/dfo_crp/audio/northbc/DFOCRP.KkHK0R2F-NML1.SM2M-3.20131011_002100Z.flac,gs://noaa-passive-bioacoustic/dclde/2027/dclde_2027_killer_whales/dfo_crp/audio/northbc/DFOCRP.KkHK0R2F-NML1.SM2M-3.20131011_002100Z.flac,https://storage.googleapis.com/noaa-passive-bioacoustic/dclde/2027/dclde_2027_killer_whales/dfo_crp/audio/northbc/DFOCRP.KkHK0R2F-NML1.SM2M-3.20131011_002100Z.flac
dclde_DFO_CRP_NorthBc__DFOCRP.KkHK0R2F-NML1.SM2M-3.20131011_002100Z.flac,DFO_CRP,NorthBc,DFOCRP.KkHK0R2F-NML1.SM2M-3.20131011_002100Z.flac,dclde/2027/dclde_2027_killer_whales/dfo_crp/audio/northbc/DFOCRP.KkHK0R2F-NML1.SM2M-3.20131011_002100Z.flac,gs://noaa-passive-bioacoustic/dclde/2027/dclde_2027_killer_whales/dfo_crp/audio/northbc/DFOCRP.KkHK0R2F-NML1.SM2M-3.20131011_002100Z.flac,https://storage.googleapis.com/noaa-passive-bioacoustic/dclde/2027/dclde_2027_killer_whales/dfo_crp/audio/northbc/DFOCRP.KkHK0R2F-NML1.SM2M-3.20131011_002100Z.flac
dclde_DFO_CRP_NorthBc__DFOCRP.KkHK0R2F-NML1.SM2M-3.20131011_002100Z.flac,DFO_CRP,NorthBc,DFOCRP.KkHK0R2F-NML1.SM2M-3.20131011_002100Z.flac,dclde/2027/dclde_2027_killer_whales/dfo_crp/audio/northbc/DFOCRP.KkHK0R2F-NML1.SM2M-3.20131011_002100Z.flac,gs://noaa-passive-bioacoustic/dclde/2027/dclde_2027_killer_whales/dfo_crp/audio/northbc/DFOCRP.KkHK0R2F-NML1.SM2M-3.20131011_002100Z.flac,https://storage.googleapis.com/noaa-passive-bioacoustic/dclde/2027/dclde_2027_killer_whales/dfo_crp/audio/northbc/DFOCRP.KkHK0R2F-NML1.SM2M-3.20131011_002100Z.flac
dclde_DFO_CRP_NorthBc__DFOCRP.KkHK0R2F-NML1.SM2M-3.20131011_002100Z.flac,DFO_CRP,NorthBc,DFOCRP.KkHK0R2F-NML1.SM2M-3.20131011_002100Z.flac,dclde/2027/dclde_2027_killer_whales/dfo_crp/audio/northbc/DFOCRP.KkHK0R2F-NML1.SM2M-3.20131011_002100Z.flac,gs://noaa-passive-bioacoustic/dclde/2027/dclde_2027_killer_whales/dfo_crp/audio/northbc/DFOCRP.KkHK0R2F-NML1.SM2M-3.20131011_002100Z.flac,https://storage.googleapis.com/noaa-passive-bioacoustic/dclde/2027/dclde_2027_killer_whales/dfo_crp/audio/northbc/DFOCRP.KkHK0R2F-NML1.SM2M-3.20131011_002100Z.flac
dclde_DFO_CRP_NorthBc__DFOCRP.KkHK0R2F-NML1.SM2M-3.20131011_003600Z.flac,DFO_CRP,NorthBc,DFOCRP.KkHK0R2F-NML1.SM2M-3.20131011_003600Z.flac,dclde/2027/dclde_2027_killer_whales/dfo_crp/audio/northbc/DFOCRP.KkHK0R2F-NML1.SM2M-3.20131011_003600Z.flac,gs://noaa-passive-bioacoustic/dclde/2027/dclde_2027_killer_whales/dfo_crp/audio/northbc/DFOCRP.KkHK0R2F-NML1.SM2M-3.20131011_003600Z.flac,https://storage.googleapis.com/noaa-passive-bioacoustic/dclde/2027/dclde_2027_killer_whales/dfo_crp/audio/northbc/DFOCRP.KkHK0R2F-NML1.SM2M-3.20131011_003600Z.flac
dclde_DFO_CRP_NorthBc__DFOCRP.KkHK0R2F-NML1.SM2M-3.20131011_020600Z.flac,DFO_CRP,NorthBc,DFOCRP.KkHK0R2F-NML1.SM2M-3.20131011_020600Z.flac,dclde/2027/dclde_2027_killer_whales/dfo_crp/audio/northbc/DFOCRP.KkHK0R2F-NML1.SM2M-3.20131011_020600Z.flac,gs://noaa-passive-bioacoustic/dclde/2027/dclde_2027_killer_whales/dfo_crp/audio/northbc/DFOCRP.KkHK0R2F-NML1.SM2M-3.20131011_020600Z.flac,https://storage.googleapis.com/noaa-passive-bioacoustic/dclde/2027/dclde_2027_killer_whales/dfo_crp/audio/northbc/DFOCRP.KkHK0R2F-NML1.SM2M-3.20131011_020600Z.flac
dclde_DFO_CRP_NorthBc__DFOCRP.KkHK0R2F-NML1.SM2M-3.20131011_022100Z.flac,DFO_CRP,NorthBc,DFOCRP.KkHK0R2F-NML1.SM2M-3.20131011_022100Z.flac,dclde/2027/dclde_2027_killer_whales/dfo_crp/audio/northbc/DFOCRP.KkHK0R2F-NML1.SM2M-3.20131011_022100Z.flac,gs://noaa-passive-bioacoustic/dclde/2027/dclde_2027_killer_whales/dfo_crp/audio/northbc/DFOCRP.KkHK0R2F-NML1.SM2M-3.20131011_022100Z.flac,https://storage.googleapis.com/noaa-passive-bioacoustic/dclde/2027/dclde_2027_killer_whales/dfo_crp/audio/northbc/DFOCRP.KkHK0R2F-NML1.SM2M-3.20131011_022100Z.flac
dclde_DFO_CRP_NorthBc__DFOCRP.KkHK0R2F-NML1.SM2M-3.20131011_023600Z.flac,DFO_CRP,NorthBc,DFOCRP.KkHK0R2F-NML1.SM2M-3.20131011_023600Z.flac,dclde/2027/dclde_2027_killer_whales/dfo_crp/audio/northbc/DFOCRP.KkHK0R2F-NML1.SM2M-3.20131011_023600Z.flac,gs://noaa-passive-bioacoustic/dclde/2027/dclde_2027_killer_whales/dfo_crp/audio/northbc/DFOCRP.KkHK0R2F-NML1.SM2M-3.20131011_023600Z.flac,https://storage.googleapis.com/noaa-passive-bioacoustic/dclde/2027/dclde_2027_killer_whales/dfo_crp/audio/northbc/DFOCRP.KkHK0R2F-NML1.SM2M-3.20131011_023600Z.flac
dclde_DFO_CRP_NorthBc__DFOCRP.KkHK0R2F-NML1.SM2M-3.20131011_023600Z.flac,DFO_CRP,NorthBc,DFOCRP.KkHK0R2F-NML1.SM2M-3.20131011_023600Z.flac,dclde/2027/dclde_2027_killer_whales/dfo_crp/audio/northbc/DFOCRP.KkHK0R2F-NML1.SM2M-3.20131011_023600Z.flac,gs://noaa-passive-bioacoustic/dclde/2027/dclde_2027_killer_whales/dfo_crp/audio/northbc/DFOCRP.KkHK0R2F-NML1.SM2M-3.20131011_023600Z.flac,https://storage.googleapis.com/noaa-passive-bioacoustic/dclde/2027/dclde_2027_killer_whales/dfo_crp/audio/northbc/DFOCRP.KkHK0R2F-NML1.SM2M-3.20131011_023600Z.flac
dclde_DFO_CRP_NorthBc__DFOCRP.KkHK0R2F-NML1.SM2M-3.20131011_023600Z.flac,DFO_CRP,NorthBc,DFOCRP.KkHK0R2F-NML1.SM2M-3.20131011_023600Z.flac,dclde/2027/dclde_2027_killer_whales/dfo_crp/audio/northbc/DFOCRP.KkHK0R2F-NML1.SM2M-3.20131011_023600Z.flac,gs://noaa-passive-bioacoustic/dclde/2027/dclde_2027_killer_whales/dfo_crp/audio/northbc/DFOCRP.KkHK0R2F-NML1.SM2M-3.20131011_023600Z.flac,https://storage.googleapis.com/noaa-passive-bioacoustic/dclde/2027/dclde_2027_killer_whales/dfo_crp/audio/northbc/DFOCRP.KkHK0R2F-NML1.SM2M-3.20131011_023600Z.flac
dclde_DFO_CRP_NorthBc__DFOCRP.KkHK0R2F-NML1.SM2M-3.20131011_023600Z.flac,DFO_CRP,NorthBc,DFOCRP.KkHK0R2F-NML1.SM2M-3.20131011_023600Z.flac,dclde/2027/dclde_2027_killer_whales/dfo_crp/audio/northbc/DFOCRP.KkHK0R2F-NML1.SM2M-3.20131011_023600Z.flac,gs://noaa-passive-bioacoustic/dclde/2027/dclde_2027_killer_whales/dfo_crp/audio/northbc/DFOCRP.KkHK0R2F-NML1.SM2M-3.20131011_023600Z.flac,https://storage.googleapis.com/noaa-passive-bioacoustic/dclde/2027/dclde_2027_killer_whales/dfo_crp/audio/northbc/DFOCRP.KkHK0R2F-NML1.SM2M-3.20131011_023600Z.flac
dclde_DFO_CRP_NorthBc__DFOCRP.KkHK0R2F-NML1.SM2M-3.20131011_023600Z.flac,DFO_CRP,NorthBc,DFOCRP.KkHK0R2F-NML1.SM2M-3.20131011_023600Z.flac,dclde/2027/dclde_2027_killer_whales/dfo_crp/audio/northbc/DFOCRP.KkHK0R2F-NML1.SM2M-3.20131011_023600Z.flac,gs://noaa-passive-bioacoustic/dclde/2027/dclde_2027_killer_whales/dfo_crp/audio/northbc/DFOCRP.KkHK0R2F-NML1.SM2M-3.20131011_023600Z.flac,https://storage.googleapis.com/noaa-passive-bioacoustic/dclde/2027/dclde_2027_killer_whales/dfo_crp/audio/northbc/DFOCRP.KkHK0R2F-NML1.SM2M-3.20131011_023600Z.flac
dclde_DFO_CRP_NorthBc__DFOCRP.KkHK0R2F-NML1.SM2M-3.20131011_023600Z.flac,DFO_CRP,NorthBc,DFOCRP.KkHK0R2F-NML1.SM2M-3.20131011_023600Z.flac,dclde/2027/dclde_2027_killer_whales/dfo_crp/audio/northbc/DFOCRP.KkHK0R2F-NML1.SM2M-3.20131011_023600Z.flac,gs://noaa-passive-bioacoustic/dclde/2027/dclde_2027_killer_whales/dfo_crp/audio/northbc/DFOCRP.KkHK0R2F-NML1.SM2M-3.20131011_023600Z.flac,https://storage.googleapis.com/noaa-passive-bioacoustic/dclde/2027/dclde_2027_killer_whales/dfo_crp/audio/northbc/DFOCRP.KkHK0R2F-NML1.SM2M-3.20131011_023600Z.flac
dclde_DFO_CRP_NorthBc__DFOCRP.KkHK0R2F-NML1.SM2M-3.20131011_023600Z.flac,DFO_CRP,NorthBc,DFOCRP.KkHK0R2F-NML1.SM2M-3.20131011_023600Z.flac,dclde/2027/dclde_2027_killer_whales/dfo_crp/audio/northbc/DFOCRP.KkHK0R2F-NML1.SM2M-3.20131011_023600Z.flac,gs://noaa-passive-bioacoustic/dclde/2027/dclde_2027_killer_whales/dfo_crp/audio/northbc/DFOCRP.KkHK0R2F-NML1.SM2M-3.20131011_023600Z.flac,https://storage.googleapis.com/noaa-passive-bioacoustic/dclde/2027/dclde_2027_killer_whales/dfo_crp/audio/northbc/DFOCRP.KkHK0R2F-NML1.SM2M-3.20131011_023600Z.flac
dclde_DFO_CRP_NorthBc__DFOCRP.KkHK0R2F-NML1.SM2M-3.20131011_023600Z.flac,DFO_CRP,NorthBc,DFOCRP.KkHK0R2F-NML1.SM2M-3.20131011_023600Z.flac,dclde/2027/dclde_2027_killer_whales/dfo_crp/audio/northbc/DFOCRP.KkHK0R2F-NML1.SM2M-3.20131011_023600Z.flac,gs://noaa-passive-bioacoustic/dclde/2027/dclde_2027_killer_whales/dfo_crp/audio/northbc/DFOCRP.KkHK0R2F-NML1.SM2M-3.20131011_023600Z.flac,https://storage.googleapis.com/noaa-passive-bioacoustic/dclde/2027/dclde_2027_killer_whales/dfo_crp/audio/northbc/DFOCRP.KkHK0R2F-NML1.SM2M-3.20131011_023600Z.flac
dclde_DFO_CRP_NorthBc__DFOCRP.KkHK0R2F-NML1.SM2M-3.20131011_023600Z.flac,DFO_CRP,NorthBc,DFOCRP.KkHK0R2F-NML1.SM2M-3.20131011_023600Z.flac,dclde/2027/dclde_2027_killer_whales/dfo_crp/audio/northbc/DFOCRP.KkHK0R2F-NML1.SM2M-3.20131011_023600Z.flac,gs://noaa-passive-bioacoustic/dclde/2027/dclde_2027_killer_whales/dfo_crp/audio/northbc/DFOCRP.KkHK0R2F-NML1.SM2M-3.20131011_023600Z.flac,https://storage.googleapis.com/noaa-passive-bioacoustic/dclde/2027/dclde_2027_killer_whales/dfo_crp/audio/northbc/DFOCRP.KkHK0R2F-NML1.SM2M-3.20131011_023600Z.flac
dclde_DFO_CRP_NorthBc__DFOCRP.KkHK0R2F-NML1.SM2M-3.20131011_023600Z.flac,DFO_CRP,NorthBc,DFOCRP.KkHK0R2F-NML1.SM2M-3.20131011_023600Z.flac,dclde/2027/dclde_2027_killer_whales/dfo_crp/audio/northbc/DFOCRP.KkHK0R2F-NML1.SM2M-3.20131011_023600Z.flac,gs://noaa-passive-bioacoustic/dclde/2027/dclde_2027_killer_whales/dfo_crp/audio/northbc/DFOCRP.KkHK0R2F-NML1.SM2M-3.20131011_023600Z.flac,https://storage.googleapis.com/noaa-passive-bioacoustic/dclde/2027/dclde_2027_killer_whales/dfo_crp/audio/northbc/DFOCRP.KkHK0R2F-NML1.SM2M-3.20131011_023600Z.flac
dclde_DFO_CRP_NorthBc__DFOCRP.KkHK0R2F-NML1.SM2M-3.20131011_023600Z.flac,DFO_CRP,NorthBc,DFOCRP.KkHK0R2F-NML1.SM2M-3.20131011_023600Z.flac,dclde/2027/dclde_2027_killer_whales/dfo_crp/audio/northbc/DFOCRP.KkHK0R2F-NML1.SM2M-3.20131011_023600Z.flac,gs://noaa-passive-bioacoustic/dclde/2027/dclde_2027_killer_whales/dfo_crp/audio/northbc/DFOCRP.KkHK0R2F-NML1.SM2M-3.20131011_023600Z.flac,https://storage.googleapis.com/noaa-passive-bioacoustic/dclde/2027/dclde_2027_killer_whales/dfo_crp/audio/northbc/DFOCRP.KkHK0R2F-NML1.SM2M-3.20131011_023600Z.flac
dclde_DFO_CRP_NorthBc__DFOCRP.KkHK0R2F-NML1.SM2M-3.20131011_023600Z.flac,DFO_CRP,NorthBc,DFOCRP.KkHK0R2F-NML1.SM2M-3.20131011_023600Z.flac,dclde/2027/dclde_2027_killer_whales/dfo_crp/audio/northbc/DFOCRP.KkHK0R2F-NML1.SM2M-3.20131011_023600Z.flac,gs://noaa-passive-bioacoustic/dclde/2027/dclde_2027_killer_whales/dfo_crp/audio/northbc/DFOCRP.KkHK0R2F-NML1.SM2M-3.20131011_023600Z.flac,https://storage.googleapis.com/noaa-passive-bioacoustic/dclde/2027/dclde_2027_killer_whales/dfo_crp/audio/northbc/DFOCRP.KkHK0R2F-NML1.SM2M-3.20131011_023600Z.flac
dclde_DFO_CRP_NorthBc__DFOCRP.KkHK0R2F-NML1.SM2M-3.20131011_023600Z.flac,DFO_CRP,NorthBc,DFOCRP.KkHK0R2F-NML1.SM2M-3.20131011_023600Z.flac,dclde/2027/dclde_2027_killer_whales/dfo_crp/audio/northbc/DFOCRP.KkHK0R2F-NML1.SM2M-3.20131011_023600Z.flac,gs://noaa-passive-bioacoustic/dclde/2027/dclde_2027_killer_whales/dfo_crp/audio/northbc/DFOCRP.KkHK0R2F-NML1.SM2M-3.20131011_023600Z.flac,https://storage.googleapis.com/noaa-passive-bioacoustic/dclde/2027/dclde_2027_killer_whales/dfo_crp/audio/northbc/DFOCRP.KkHK0R2F-NML1.SM2M-3.20131011_023600Z.flac
dclde_DFO_CRP_NorthBc__DFOCRP.KkHK0R2F-NML1.SM2M-3.20131011_023600Z.flac,DFO_CRP,NorthBc,DFOCRP.KkHK0R2F-NML1.SM2M-3.20131011_023600Z.flac,dclde/2027/dclde_2027_killer_whales/dfo_crp/audio/northbc/DFOCRP.KkHK0R2F-NML1.SM2M-3.20131011_023600Z.flac,gs://noaa-passive-bioacoustic/dclde/2027/dclde_2027_killer_whales/dfo_crp/audio/northbc/DFOCRP.KkHK0R2F-NML1.SM2M-3.20131011_023600Z.flac,https://storage.googleapis.com/noaa-passive-bioacoustic/dclde/2027/dclde_2027_killer_whales/dfo_crp/audio/northbc/DFOCRP.KkHK0R2F-NML1.SM2M-3.20131011_023600Z.flac
dclde_DFO_CRP_NorthBc__DFOCRP.KkHK0R2F-NML1.SM2M-3.20131011_023600Z.flac,DFO_CRP,NorthBc,DFOCRP.KkHK0R2F-NML1.SM2M-3.20131011_023600Z.flac,dclde/2027/dclde_2027_killer_whales/dfo_crp/audio/northbc/DFOCRP.KkHK0R2F-NML1.SM2M-3.20131011_023600Z.flac,gs://noaa-passive-bioacoustic/dclde/2027/dclde_2027_killer_whales/dfo_crp/audio/northbc/DFOCRP.KkHK0R2F-NML1.SM2M-3.20131011_023600Z.flac,https://storage.googleapis.com/noaa-passive-bioacoustic/dclde/2027/dclde_2027_killer_whales/dfo_crp/audio/northbc/DFOCRP.KkHK0R2F-NML1.SM2M-3.20131011_023600Z.flac
dclde_DFO_CRP_NorthBc__DFOCRP.KkHK0R2F-NML1.SM2M-3.20131011_023600Z.flac,DFO_CRP,NorthBc,DFOCRP.KkHK0R2F-NML1.SM2M-3.20131011_023600Z.flac,dclde/2027/dclde_2027_killer_whales/dfo_crp/audio/northbc/DFOCRP.KkHK0R2F-NML1.SM2M-3.20131011_023600Z.flac,gs://noaa-passive-bioacoustic/dclde/2027/dclde_2027_killer_whales/dfo_crp/audio/northbc/DFOCRP.KkHK0R2F-NML1.SM2M-3.20131011_023600Z.flac,https://storage.googleapis.com/noaa-passive-bioacoustic/dclde/2027/dclde_2027_killer_whales/dfo_crp/audio/northbc/DFOCRP.KkHK0R2F-NML1.SM2M-3.20131011_023600Z.flac
dclde_DFO_CRP_NorthBc__DFOCRP.KkHK0R2F-NML1.SM2M-3.20131011_023600Z.flac,DFO_CRP,NorthBc,DFOCRP.KkHK0R2F-NML1.SM2M-3.20131011_023600Z.flac,dclde/2027/dclde_2027_killer_whales/dfo_crp/audio/northbc/DFOCRP.KkHK0R2F-NML1.SM2M-3.20131011_023600Z.flac,gs://noaa-passive-bioacoustic/dclde/2027/dclde_2027_killer_whales/dfo_crp/audio/northbc/DFOCRP.KkHK0R2F-NML1.SM2M-3.20131011_023600Z.flac,https://storage.googleapis.com/noaa-passive-bioacoustic/dclde/2027/dclde_2027_killer_whales/dfo_crp/audio/northbc/DFOCRP.KkHK0R2F-NML1.SM2M-3.20131011_023600Z.flac
dclde_DFO_CRP_NorthBc__DFOCRP.KkHK0R2F-NML1.SM2M-3.20131011_025100Z.flac,DFO_CRP,NorthBc,DFOCRP.KkHK0R2F-NML1.SM2M-3.20131011_025100Z.flac,dclde/2027/dclde_2027_killer_whales/dfo_crp/audio/northbc/DFOCRP.KkHK0R2F-NML1.SM2M-3.20131011_025100Z.flac,gs://noaa-passive-bioacoustic/dclde/2027/dclde_2027_killer_whales/dfo_crp/audio/northbc/DFOCRP.KkHK0R2F-NML1.SM2M-3.20131011_025100Z.flac,https://storage.googleapis.com/noaa-passive-bioacoustic/dclde/2027/dclde_2027_killer_whales/dfo_crp/audio/northbc/DFOCRP.KkHK0R2F-NML1.SM2M-3.20131011_025100Z.flac
dclde_DFO_CRP_NorthBc__DFOCRP.KkHK0R2F-NML1.SM2M-3.20131011_025100Z.flac,DFO_CRP,NorthBc,DFOCRP.KkHK0R2F-NML1.SM2M-3.20131011_025100Z.flac,dclde/2027/dclde_2027_killer_whales/dfo_crp/audio/northbc/DFOCRP.KkHK0R2F-NML1.SM2M-3.20131011_025100Z.flac,gs://noaa-passive-bioacoustic/dclde/2027/dclde_2027_killer_whales/dfo_crp/audio/northbc/DFOCRP.KkHK0R2F-NML1.SM2M-3.20131011_025100Z.flac,https://storage.googleapis.com/noaa-passive-bioacoustic/dclde/2027/dclde_2027_killer_whales/dfo_crp/audio/northbc/DFOCRP.KkHK0R2F-NML1.SM2M-3.20131011_025100Z.flac
dclde_DFO_CRP_NorthBc__DFOCRP.KkHK0R2F-NML1.SM2M-3.20131011_025100Z.flac,DFO_CRP,NorthBc,DFOCRP.KkHK0R2F-NML1.SM2M-3.20131011_025100Z.flac,dclde/2027/dclde_2027_killer_whales/dfo_crp/audio/northbc/DFOCRP.KkHK0R2F-NML1.SM2M-3.20131011_025100Z.flac,gs://noaa-passive-bioacoustic/dclde/2027/dclde_2027_killer_whales/dfo_crp/audio/northbc/DFOCRP.KkHK0R2F-NML1.SM2M-3.20131011_025100Z.flac,https://storage.googleapis.com/noaa-passive-bioacoustic/dclde/2027/dclde_2027_killer_whales/dfo_crp/audio/northbc/DFOCRP.KkHK0R2F-NML1.SM2M-3.20131011_025100Z.flac
dclde_DFO_CRP_NorthBc__DFOCRP.KkHK0R2F-NML1.SM2M-3.20131011_025100Z.flac,DFO_CRP,NorthBc,DFOCRP.KkHK0R2F-NML1.SM2M-3.20131011_025100Z.flac,dclde/2027/dclde_2027_killer_whales/dfo_crp/audio/northbc/DFOCRP.KkHK0R2F-NML1.SM2M-3.20131011_025100Z.flac,gs://noaa-passive-bioacoustic/dclde/2027/dclde_2027_killer_whales/dfo_crp/audio/northbc/DFOCRP.KkHK0R2F-NML1.SM2M-3.20131011_025100Z.flac,https://storage.googleapis.com/noaa-passive-bioacoustic/dclde/2027/dclde_2027_killer_whales/dfo_crp/audio/northbc/DFOCRP.KkHK0R2F-NML1.SM2M-3.20131011_025100Z.flac
dclde_DFO_CRP_NorthBc__DFOCRP.KkHK0R2F-NML1.SM2M-3.20131011_025100Z.flac,DFO_CRP,NorthBc,DFOCRP.KkHK0R2F-NML1.SM2M-3.20131011_025100Z.flac,dclde/2027/dclde_2027_killer_whales/dfo_crp/audio/northbc/DFOCRP.KkHK0R2F-NML1.SM2M-3.20131011_025100Z.flac,gs://noaa-passive-bioacoustic/dclde/2027/dclde_2027_killer_whales/dfo_crp/audio/northbc/DFOCRP.KkHK0R2F-NML1.SM2M-3.20131011_025100Z.flac,https://storage.googleapis.com/noaa-passive-bioacoustic/dclde/2027/dclde_2027_killer_whales/dfo_crp/audio/northbc/DFOCRP.KkHK0R2F-NML1.SM2M-3.20131011_025100Z.flac
dclde_DFO_CRP_NorthBc__DFOCRP.KkHK0R2F-NML1.SM2M-3.20131011_025100Z.flac,DFO_CRP,NorthBc,DFOCRP.KkHK0R2F-NML1.SM2M-3.20131011_025100Z.flac,dclde/2027/dclde_2027_killer_whales/dfo_crp/audio/northbc/DFOCRP.KkHK0R2F-NML1.SM2M-3.20131011_025100Z.flac,gs://noaa-passive-bioacoustic/dclde/2027/dclde_2027_killer_whales/dfo_crp/audio/northbc/DFOCRP.KkHK0R2F-NML1.SM2M-3.20131011_025100Z.flac,https://storage.googleapis.com/noaa-passive-bioacoustic/dclde/2027/dclde_2027_killer_whales/dfo_crp/audio/northbc/DFOCRP.KkHK0R2F-NML1.SM2M-3.20131011_025100Z.flac
dclde_DFO_CRP_NorthBc__DFOCRP.KkHK0R2F-NML1.SM2M-3.20131011_025100Z.flac,DFO_CRP,NorthBc,DFOCRP.KkHK0R2F-NML1.SM2M-3.20131011_025100Z.flac,dclde/2027/dclde_2027_killer_whales/dfo_crp/audio/northbc/DFOCRP.KkHK0R2F-NML1.SM2M-3.20131011_025100Z.flac,gs://noaa-passive-bioacoustic/dclde/2027/dclde_2027_killer_whales/dfo_crp/audio/northbc/DFOCRP.KkHK0R2F-NML1.SM2M-3.20131011_025100Z.flac,https://storage.googleapis.com/noaa-passive-bioacoustic/dclde/2027/dclde_2027_killer_whales/dfo_crp/audio/northbc/DFOCRP.KkHK0R2F-NML1.SM2M-3.20131011_025100Z.flac
dclde_DFO_CRP_NorthBc__DFOCRP.KkHK0R2F-NML1.SM2M-3.20131011_025100Z.flac,DFO_CRP,NorthBc,DFOCRP.KkHK0R2F-NML1.SM2M-3.20131011_025100Z.flac,dclde/2027/dclde_2027_killer_whales/dfo_crp/audio/northbc/DFOCRP.KkHK0R2F-NML1.SM2M-3.20131011_025100Z.flac,gs://noaa-passive-bioacoustic/dclde/2027/dclde_2027_killer_whales/dfo_crp/audio/northbc/DFOCRP.KkHK0R2F-NML1.SM2M-3.20131011_025100Z.flac,https://storage.googleapis.com/noaa-passive-bioacoustic/dclde/2027/dclde_2027_killer_whales/dfo_crp/audio/northbc/DFOCRP.KkHK0R2F-NML1.SM2M-3.20131011_025100Z.flac
dclde_DFO_CRP_NorthBc__DFOCRP.KkHK0R2F-NML1.SM2M-3.20131011_025100Z.flac,DFO_CRP,NorthBc,DFOCRP.KkHK0R2F-NML1.SM2M-3.20131011_025100Z.flac,dclde/2027/dclde_2027_killer_whales/dfo_crp/audio/northbc/DFOCRP.KkHK0R2F-NML1.SM2M-3.20131011_025100Z.flac,gs://noaa-passive-bioacoustic/dclde/2027/dclde_2027_killer_whales/dfo_crp/audio/northbc/DFOCRP.KkHK0R2F-NML1.SM2M-3.20131011_025100Z.flac,https://storage.googleapis.com/noaa-passive-bioacoustic/dclde/2027/dclde_2027_killer_whales/dfo_crp/audio/northbc/DFOCRP.KkHK0R2F-NML1.SM2M-3.20131011_025100Z.flac
dclde_DFO_CRP_NorthBc__DFOCRP.KkHK0R2F-NML1.SM2M-3.20131011_025100Z.flac,DFO_CRP,NorthBc,DFOCRP.KkHK0R2F-NML1.SM2M-3.20131011_025100Z.flac,dclde/2027/dclde_2027_killer_whales/dfo_crp/audio/northbc/DFOCRP.KkHK0R2F-NML1.SM2M-3.20131011_025100Z.flac,gs://noaa-passive-bioacoustic/dclde/2027/dclde_2027_killer_whales/dfo_crp/audio/northbc/DFOCRP.KkHK0R2F-NML1.SM2M-3.20131011_025100Z.flac,https://storage.googleapis.com/noaa-passive-bioacoustic/dclde/2027/dclde_2027_killer_whales/dfo_crp/audio/northbc/DFOCRP.KkHK0R2F-NML1.SM2M-3.20131011_025100Z.flac
dclde_DFO_CRP_NorthBc__DFOCRP.KkHK0R2F-NML1.SM2M-3.20131011_025100Z.flac,DFO_CRP,NorthBc,DFOCRP.KkHK0R2F-NML1.SM2M-3.20131011_025100Z.flac,dclde/2027/dclde_2027_killer_whales/dfo_crp/audio/northbc/DFOCRP.KkHK0R2F-NML1.SM2M-3.20131011_025100Z.flac,gs://noaa-passive-bioacoustic/dclde/2027/dclde_2027_killer_whales/dfo_crp/audio/northbc/DFOCRP.KkHK0R2F-NML1.SM2M-3.20131011_025100Z.flac,https://storage.googleapis.com/noaa-passive-bioacoustic/dclde/2027/dclde_2027_killer_whales/dfo_crp/audio/northbc/DFOCRP.KkHK0R2F-NML1.SM2M-3.20131011_025100Z.flac
dclde_DFO_CRP_NorthBc__DFOCRP.KkHK0R2F-NML1.SM2M-3.20131011_025100Z.flac,DFO_CRP,NorthBc,DFOCRP.KkHK0R2F-NML1.SM2M-3.20131011_025100Z.flac,dclde/2027/dclde_2027_killer_whales/dfo_crp/audio/northbc/DFOCRP.KkHK0R2F-NML1.SM2M-3.20131011_025100Z.flac,gs://noaa-passive-bioacoustic/dclde/2027/dclde_2027_killer_whales/dfo_crp/audio/northbc/DFOCRP.KkHK0R2F-NML1.SM2M-3.20131011_025100Z.flac,https://storage.googleapis.com/noaa-passive-bioacoustic/dclde/2027/dclde_2027_killer_whales/dfo_crp/audio/northbc/DFOCRP.KkHK0R2F-NML1.SM2M-3.20131011_025100Z.flac
dclde_DFO_CRP_NorthBc__DFOCRP.KkHK0R2F-NML1.SM2M-3.20131011_025100Z.flac,DFO_CRP,NorthBc,DFOCRP.KkHK0R2F-NML1.SM2M-3.20131011_025100Z.flac,dclde/2027/dclde_2027_killer_whales/dfo_crp/audio/northbc/DFOCRP.KkHK0R2F-NML1.SM2M-3.20131011_025100Z.flac,gs://noaa-passive-bioacoustic/dclde/2027/dclde_2027_killer_whales/dfo_crp/audio/northbc/DFOCRP.KkHK0R2F-NML1.SM2M-3.20131011_025100Z.flac,https://storage.googleapis.com/noaa-passive-bioacoustic/dclde/2027/dclde_2027_killer_whales/dfo_crp/audio/northbc/DFOCRP.KkHK0R2F-NML1.SM2M-3.20131011_025100Z.flac
dclde_DFO_CRP_NorthBc__DFOCRP.KkHK0R2F-NML1.SM2M-3.20131011_025100Z.flac,DFO_CRP,NorthBc,DFOCRP.KkHK0R2F-NML1.SM2M-3.20131011_025100Z.flac,dclde/2027/dclde_2027_killer_whales/dfo_crp/audio/northbc/DFOCRP.KkHK0R2F-NML1.SM2M-3.20131011_025100Z.flac,gs://noaa-passive-bioacoustic/dclde/2027/dclde_2027_killer_whales/dfo_crp/audio/northbc/DFOCRP.KkHK0R2F-NML1.SM2M-3.20131011_025100Z.flac,https://storage.googleapis.com/noaa-passive-bioacoustic/dclde/2027/dclde_2027_killer_whales/dfo_crp/audio/northbc/DFOCRP.KkHK0R2F-NML1.SM2M-3.20131011_025100Z.flac
dclde_DFO_CRP_NorthBc__DFOCRP.KkHK0R2F-NML1.SM2M-3.20131011_025100Z.flac,DFO_CRP,NorthBc,DFOCRP.KkHK0R2F-NML1.SM2M-3.20131011_025100Z.flac,dclde/2027/dclde_2027_killer_whales/dfo_crp/audio/northbc/DFOCRP.KkHK0R2F-NML1.SM2M-3.20131011_025100Z.flac,gs://noaa-passive-bioacoustic/dclde/2027/dclde_2027_killer_whales/dfo_crp/audio/northbc/DFOCRP.KkHK0R2F-NML1.SM2M-3.20131011_025100Z.flac,https://storage.googleapis.com/noaa-passive-bioacoustic/dclde/2027/dclde_2027_killer_whales/dfo_crp/audio/northbc/DFOCRP.KkHK0R2F-NML1.SM2M-3.20131011_025100Z.flac
dclde_DFO_CRP_NorthBc__DFOCRP.KkHK0R2F-NML1.SM2M-3.20131011_025100Z.flac,DFO_CRP,NorthBc,DFOCRP.KkHK0R2F-NML1.SM2M-3.20131011_025100Z.flac,dclde/2027/dclde_2027_killer_whales/dfo_crp/audio/northbc/DFOCRP.KkHK0R2F-NML1.SM2M-3.20131011_025100Z.flac,gs://noaa-passive-bioacoustic/dclde/2027/dclde_2027_killer_whales/dfo_crp/audio/northbc/DFOCRP.KkHK0R2F-NML1.SM2M-3.20131011_025100Z.flac,https://storage.googleapis.com/noaa-passive-bioacoustic/dclde/2027/dclde_2027_killer_whales/dfo_crp/audio/northbc/DFOCRP.KkHK0R2F-NML1.SM2M-3.20131011_025100Z.flac
dclde_DFO_CRP_NorthBc__DFOCRP.KkHK0R2F-NML1.SM2M-3.20131011_030600Z.flac,DFO_CRP,NorthBc,DFOCRP.KkHK0R2F-NML1.SM2M-3.20131011_030600Z.flac,dclde/2027/dclde_2027_killer_whales/dfo_crp/audio/northbc/DFOCRP.KkHK0R2F-NML1.SM2M-3.20131011_030600Z.flac,gs://noaa-passive-bioacoustic/dclde/2027/dclde_2027_killer_whales/dfo_crp/audio/northbc/DFOCRP.KkHK0R2F-NML1.SM2M-3.20131011_030600Z.flac,https://storage.googleapis.com/noaa-passive-bioacoustic/dclde/2027/dclde_2027_killer_whales/dfo_crp/audio/northbc/DFOCRP.KkHK0R2F-NML1.SM2M-3.20131011_030600Z.flac
dclde_DFO_CRP_NorthBc__DFOCRP.KkHK0R2F-NML1.SM2M-3.20131011_032100Z.flac,DFO_CRP,NorthBc,DFOCRP.KkHK0R2F-NML1.SM2M-3.20131011_032100Z.flac,dclde/2027/dclde_2027_killer_whales/dfo_crp/audio/northbc/DFOCRP.KkHK0R2F-NML1.SM2M-3.20131011_032100Z.flac,gs://noaa-passive-bioacoustic/dclde/2027/dclde_2027_killer_whales/dfo_crp/audio/northbc/DFOCRP.KkHK0R2F-NML1.SM2M-3.20131011_032100Z.flac,https://storage.googleapis.com/noaa-passive-bioacoustic/dclde/2027/dclde_2027_killer_whales/dfo_crp/audio/northbc/DFOCRP.KkHK0R2F-NML1.SM2M-3.20131011_032100Z.flac
dclde_DFO_CRP_NorthBc__DFOCRP.KkHK0R2F-NML1.SM2M-3.20131011_032100Z.flac,DFO_CRP,NorthBc,DFOCRP.KkHK0R2F-NML1.SM2M-3.20131011_032100Z.flac,dclde/2027/dclde_2027_killer_whales/dfo_crp/audio/northbc/DFOCRP.KkHK0R2F-NML1.SM2M-3.20131011_032100Z.flac,gs://noaa-passive-bioacoustic/dclde/2027/dclde_2027_killer_whales/dfo_crp/audio/northbc/DFOCRP.KkHK0R2F-NML1.SM2M-3.20131011_032100Z.flac,https://storage.googleapis.com/noaa-passive-bioacoustic/dclde/2027/dclde_2027_killer_whales/dfo_crp/audio/northbc/DFOCRP.KkHK0R2F-NML1.SM2M-3.20131011_032100Z.flac
dclde_DFO_CRP_NorthBc__DFOCRP.KkHK0R2F-NML1.SM2M-3.20131011_032100Z.flac,DFO_CRP,NorthBc,DFOCRP.KkHK0R2F-NML1.SM2M-3.20131011_032100Z.flac,dclde/2027/dclde_2027_killer_whales/dfo_crp/audio/northbc/DFOCRP.KkHK0R2F-NML1.SM2M-3.20131011_032100Z.flac,gs://noaa-passive-bioacoustic/dclde/2027/dclde_2027_killer_whales/dfo_crp/audio/northbc/DFOCRP.KkHK0R2F-NML1.SM2M-3.20131011_032100Z.flac,https://storage.googleapis.com/noaa-passive-bioacoustic/dclde/2027/dclde_2027_killer_whales/dfo_crp/audio/northbc/DFOCRP.KkHK0R2F-NML1.SM2M-3.20131011_032100Z.flac
dclde_DFO_CRP_NorthBc__DFOCRP.KkHK0R2F-NML1.SM2M-3.20131011_032100Z.flac,DFO_CRP,NorthBc,DFOCRP.KkHK0R2F-NML1.SM2M-3.20131011_032100Z.flac,dclde/2027/dclde_2027_killer_whales/dfo_crp/audio/northbc/DFOCRP.KkHK0R2F-NML1.SM2M-3.20131011_032100Z.flac,gs://noaa-passive-bioacoustic/dclde/2027/dclde_2027_killer_whales/dfo_crp/audio/northbc/DFOCRP.KkHK0R2F-NML1.SM2M-3.20131011_032100Z.flac,https://storage.googleapis.com/noaa-passive-bioacoustic/dclde/2027/dclde_2027_killer_whales/dfo_crp/audio/northbc/DFOCRP.KkHK0R2F-NML1.SM2M-3.20131011_032100Z.flac
dclde_DFO_CRP_NorthBc__DFOCRP.KkHK0R2F-NML1.SM2M-3.20131011_032100Z.flac,DFO_CRP,NorthBc,DFOCRP.KkHK0R2F-NML1.SM2M-3.20131011_032100Z.flac,dclde/2027/dclde_2027_killer_whales/dfo_crp/audio/northbc/DFOCRP.KkHK0R2F-NML1.SM2M-3.20131011_032100Z.flac,gs://noaa-passive-bioacoustic/dclde/2027/dclde_2027_killer_whales/dfo_crp/audio/northbc/DFOCRP.KkHK0R2F-NML1.SM2M-3.20131011_032100Z.flac,https://storage.googleapis.com/noaa-passive-bioacoustic/dclde/2027/dclde_2027_killer_whales/dfo_crp/audio/northbc/DFOCRP.KkHK0R2F-NML1.SM2M-3.20131011_032100Z.flac
dclde_DFO_CRP_NorthBc__DFOCRP.KkHK0R2F-NML1.SM2M-3.20131011_032100Z.flac,DFO_CRP,NorthBc,DFOCRP.KkHK0R2F-NML1.SM2M-3.20131011_032100Z.flac,dclde/2027/dclde_2027_killer_whales/dfo_crp/audio/northbc/DFOCRP.KkHK0R2F-NML1.SM2M-3.20131011_032100Z.flac,gs://noaa-passive-bioacoustic/dclde/2027/dclde_2027_killer_whales/dfo_crp/audio/northbc/DFOCRP.KkHK0R2F-NML1.SM2M-3.20131011_032100Z.flac,https://storage.googleapis.com/noaa-passive-bioacoustic/dclde/2027/dclde_2027_killer_whales/dfo_crp/audio/northbc/DFOCRP.KkHK0R2F-NML1.SM2M-3.20131011_032100Z.flac
dclde_DFO_CRP_NorthBc__DFOCRP.KkHK0R2F-NML1.SM2M-3.20131011_032100Z.flac,DFO_CRP,NorthBc,DFOCRP.KkHK0R2F-NML1.SM2M-3.20131011_032100Z.flac,dclde/2027/dclde_2027_killer_whales/dfo_crp/audio/northbc/DFOCRP.KkHK0R2F-NML1.SM2M-3.20131011_032100Z.flac,gs://noaa-passive-bioacoustic/dclde/2027/dclde_2027_killer_whales/dfo_crp/audio/northbc/DFOCRP.KkHK0R2F-NML1.SM2M-3.20131011_032100Z.flac,https://storage.googleapis.com/noaa-passive-bioacoustic/dclde/2027/dclde_2027_killer_whales/dfo_crp/audio/northbc/DFOCRP.KkHK0R2F-NML1.SM2M-3.20131011_032100Z.flac
dclde_DFO_CRP_NorthBc__DFOCRP.KkHK0R2F-NML1.SM2M-3.20131011_032100Z.flac,DFO_CRP,NorthBc,DFOCRP.KkHK0R2F-NML1.SM2M-3.20131011_032100Z.flac,dclde/2027/dclde_2027_killer_whales/dfo_crp/audio/northbc/DFOCRP.KkHK0R2F-NML1.SM2M-3.20131011_032100Z.flac,gs://noaa-passive-bioacoustic/dclde/2027/dclde_2027_killer_whales/dfo_crp/audio/northbc/DFOCRP.KkHK0R2F-NML1.SM2M-3.20131011_032100Z.flac,https://storage.googleapis.com/noaa-passive-bioacoustic/dclde/2027/dclde_2027_killer_whales/dfo_crp/audio/northbc/DFOCRP.KkHK0R2F-NML1.SM2M-3.20131011_032100Z.flac
dclde_DFO_CRP_NorthBc__DFOCRP.KkHK0R2F-NML1.SM2M-3.20131011_032100Z.flac,DFO_CRP,NorthBc,DFOCRP.KkHK0R2F-NML1.SM2M-3.20131011_032100Z.flac,dclde/2027/dclde_2027_killer_whales/dfo_crp/audio/northbc/DFOCRP.KkHK0R2F-NML1.SM2M-3.20131011_032100Z.flac,gs://noaa-passive-bioacoustic/dclde/2027/dclde_2027_killer_whales/dfo_crp/audio/northbc/DFOCRP.KkHK0R2F-NML1.SM2M-3.20131011_032100Z.flac,https://storage.googleapis.com/noaa-passive-bioacoustic/dclde/2027/dclde_2027_killer_whales/dfo_crp/audio/northbc/DFOCRP.KkHK0R2F-NML1.SM2M-3.20131011_032100Z.flac
dclde_DFO_CRP_NorthBc__DFOCRP.KkHK0R2F-NML1.SM2M-3.20131011_032100Z.flac,DFO_CRP,NorthBc,DFOCRP.KkHK0R2F-NML1.SM2M-3.20131011_032100Z.flac,dclde/2027/dclde_2027_killer_whales/dfo_crp/audio/northbc/DFOCRP.KkHK0R2F-NML1.SM2M-3.20131011_032100Z.flac,gs://noaa-passive-bioacoustic/dclde/2027/dclde_2027_killer_whales/dfo_crp/audio/northbc/DFOCRP.KkHK0R2F-NML1.SM2M-3.20131011_032100Z.flac,https://storage.googleapis.com/noaa-passive-bioacoustic/dclde/2027/dclde_2027_killer_whales/dfo_crp/audio/northbc/DFOCRP.KkHK0R2F-NML1.SM2M-3.20131011_032100Z.flac
dclde_DFO_CRP_NorthBc__DFOCRP.KkHK0R2F-NML1.SM2M-3.20131011_032100Z.flac,DFO_CRP,NorthBc,DFOCRP.KkHK0R2F-NML1.SM2M-3.20131011_032100Z.flac,dclde/2027/dclde_2027_killer_whales/dfo_crp/audio/northbc/DFOCRP.KkHK0R2F-NML1.SM2M-3.20131011_032100Z.flac,gs://noaa-passive-bioacoustic/dclde/2027/dclde_2027_killer_whales/dfo_crp/audio/northbc/DFOCRP.KkHK0R2F-NML1.SM2M-3.20131011_032100Z.flac,https://storage.googleapis.com/noaa-passive-bioacoustic/dclde/2027/dclde_2027_killer_whales/dfo_crp/audio/northbc/DFOCRP.KkHK0R2F-NML1.SM2M-3.20131011_032100Z.flac
dclde_DFO_CRP_NorthBc__DFOCRP.KkHK0R2F-NML1.SM2M-3.20131011_032100Z.flac,DFO_CRP,NorthBc,DFOCRP.KkHK0R2F-NML1.SM2M-3.20131011_032100Z.flac,dclde/2027/dclde_2027_killer_whales/dfo_crp/audio/northbc/DFOCRP.KkHK0R2F-NML1.SM2M-3.20131011_032100Z.flac,gs://noaa-passive-bioacoustic/dclde/2027/dclde_2027_killer_whales/dfo_crp/audio/northbc/DFOCRP.KkHK0R2F-NML1.SM2M-3.20131011_032100Z.flac,https://storage.googleapis.com/noaa-passive-bioacoustic/dclde/2027/dclde_2027_killer_whales/dfo_crp/audio/northbc/DFOCRP.KkHK0R2F-NML1.SM2M-3.20131011_032100Z.flac
dclde_DFO_CRP_NorthBc__DFOCRP.KkHK0R2F-NML1.SM2M-3.20131011_032100Z.flac,DFO_CRP,NorthBc,DFOCRP.KkHK0R2F-NML1.SM2M-3.20131011_032100Z.flac,dclde/2027/dclde_2027_killer_whales/dfo_crp/audio/northbc/DFOCRP.KkHK0R2F-NML1.SM2M-3.20131011_032100Z.flac,gs://noaa-passive-bioacoustic/dclde/2027/dclde_2027_killer_whales/dfo_crp/audio/northbc/DFOCRP.KkHK0R2F-NML1.SM2M-3.20131011_032100Z.flac,https://storage.googleapis.com/noaa-passive-bioacoustic/dclde/2027/dclde_2027_killer_whales/dfo_crp/audio/northbc/DFOCRP.KkHK0R2F-NML1.SM2M-3.20131011_032100Z.flac
dclde_DFO_CRP_NorthBc__DFOCRP.KkHK0R2F-NML1.SM2M-3.20131011_032100Z.flac,DFO_CRP,NorthBc,DFOCRP.KkHK0R2F-NML1.SM2M-3.20131011_032100Z.flac,dclde/2027/dclde_2027_killer_whales/dfo_crp/audio/northbc/DFOCRP.KkHK0R2F-NML1.SM2M-3.20131011_032100Z.flac,gs://noaa-passive-bioacoustic/dclde/2027/dclde_2027_killer_whales/dfo_crp/audio/northbc/DFOCRP.KkHK0R2F-NML1.SM2M-3.20131011_032100Z.flac,https://storage.googleapis.com/noaa-passive-bioacoustic/dclde/2027/dclde_2027_killer_whales/dfo_crp/audio/northbc/DFOCRP.KkHK0R2F-NML1.SM2M-3.20131011_032100Z.flac
dclde_DFO_CRP_NorthBc__DFOCRP.KkHK0R2F-NML1.SM2M-3.20131011_032100Z.flac,DFO_CRP,NorthBc,DFOCRP.KkHK0R2F-NML1.SM2M-3.20131011_032100Z.flac,dclde/2027/dclde_2027_killer_whales/dfo_crp/audio/northbc/DFOCRP.KkHK0R2F-NML1.SM2M-3.20131011_032100Z.flac,gs://noaa-passive-bioacoustic/dclde/2027/dclde_2027_killer_whales/dfo_crp/audio/northbc/DFOCRP.KkHK0R2F-NML1.SM2M-3.20131011_032100Z.flac,https://storage.googleapis.com/noaa-passive-bioacoustic/dclde/2027/dclde_2027_killer_whales/dfo_crp/audio/northbc/DFOCRP.KkHK0R2F-NML1.SM2M-3.20131011_032100Z.flac
dclde_DFO_CRP_NorthBc__DFOCRP.KkHK0R2F-NML1.SM2M-3.20131011_032100Z.flac,DFO_CRP,NorthBc,DFOCRP.KkHK0R2F-NML1.SM2M-3.20131011_032100Z.flac,dclde/2027/dclde_2027_killer_whales/dfo_crp/audio/northbc/DFOCRP.KkHK0R2F-NML1.SM2M-3.20131011_032100Z.flac,gs://noaa-passive-bioacoustic/dclde/2027/dclde_2027_killer_whales/dfo_crp/audio/northbc/DFOCRP.KkHK0R2F-NML1.SM2M-3.20131011_032100Z.flac,https://storage.googleapis.com/noaa-passive-bioacoustic/dclde/2027/dclde_2027_killer_whales/dfo_crp/audio/northbc/DFOCRP.KkHK0R2F-NML1.SM2M-3.20131011_032100Z.flac
dclde_DFO_CRP_NorthBc__DFOCRP.KkHK0R2F-NML1.SM2M-3.20131011_032100Z.flac,DFO_CRP,NorthBc,DFOCRP.KkHK0R2F-NML1.SM2M-3.20131011_032100Z.flac,dclde/2027/dclde_2027_killer_whales/dfo_crp/audio/northbc/DFOCRP.KkHK0R2F-NML1.SM2M-3.20131011_032100Z.flac,gs://noaa-passive-bioacoustic/dclde/2027/dclde_2027_killer_whales/dfo_crp/audio/northbc/DFOCRP.KkHK0R2F-NML1.SM2M-3.20131011_032100Z.flac,https://storage.googleapis.com/noaa-passive-bioacoustic/dclde/2027/dclde_2027_killer_whales/dfo_crp/audio/northbc/DFOCRP.KkHK0R2F-NML1.SM2M-3.20131011_032100Z.flac
dclde_DFO_CRP_NorthBc__DFOCRP.KkHK0R2F-NML1.SM2M-3.20131011_032100Z.flac,DFO_CRP,NorthBc,DFOCRP.KkHK0R2F-NML1.SM2M-3.20131011_032100Z.flac,dclde/2027/dclde_2027_killer_whales/dfo_crp/audio/northbc/DFOCRP.KkHK0R2F-NML1.SM2M-3.20131011_032100Z.flac,gs://noaa-passive-bioacoustic/dclde/2027/dclde_2027_killer_whales/dfo_crp/audio/northbc/DFOCRP.KkHK0R2F-NML1.SM2M-3.20131011_032100Z.flac,https://storage.googleapis.com/noaa-passive-bioacoustic/dclde/2027/dclde_2027_killer_whales/dfo_crp/audio/northbc/DFOCRP.KkHK0R2F-NML1.SM2M-3.20131011_032100Z.flac
dclde_DFO_CRP_NorthBc__DFOCRP.KkHK0R2F-NML1.SM2M-3.20131011_053600Z.flac,DFO_CRP,NorthBc,DFOCRP.KkHK0R2F-NML1.SM2M-3.20131011_053600Z.flac,dclde/2027/dclde_2027_killer_whales/dfo_crp/audio/northbc/DFOCRP.KkHK0R2F-NML1.SM2M-3.20131011_053600Z.flac,gs://noaa-passive-bioacoustic/dclde/2027/dclde_2027_killer_whales/dfo_crp/audio/northbc/DFOCRP.KkHK0R2F-NML1.SM2M-3.20131011_053600Z.flac,https://storage.googleapis.com/noaa-passive-bioacoustic/dclde/2027/dclde_2027_killer_whales/dfo_crp/audio/northbc/DFOCRP.KkHK0R2F-NML1.SM2M-3.20131011_053600Z.flac
dclde_DFO_CRP_NorthBc__DFOCRP.KkHK0R2F-NML1.SM2M-3.20131011_060600Z.flac,DFO_CRP,NorthBc,DFOCRP.KkHK0R2F-NML1.SM2M-3.20131011_060600Z.flac,dclde/2027/dclde_2027_killer_whales/dfo_crp/audio/northbc/DFOCRP.KkHK0R2F-NML1.SM2M-3.20131011_060600Z.flac,gs://noaa-passive-bioacoustic/dclde/2027/dclde_2027_killer_whales/dfo_crp/audio/northbc/DFOCRP.KkHK0R2F-NML1.SM2M-3.20131011_060600Z.flac,https://storage.googleapis.com/noaa-passive-bioacoustic/dclde/2027/dclde_2027_killer_whales/dfo_crp/audio/northbc/DFOCRP.KkHK0R2F-NML1.SM2M-3.20131011_060600Z.flac
dclde_DFO_CRP_NorthBc__DFOCRP.KkHK0R2F-NML1.SM2M-3.20131011_060600Z.flac,DFO_CRP,NorthBc,DFOCRP.KkHK0R2F-NML1.SM2M-3.20131011_060600Z.flac,dclde/2027/dclde_2027_killer_whales/dfo_crp/audio/northbc/DFOCRP.KkHK0R2F-NML1.SM2M-3.20131011_060600Z.flac,gs://noaa-passive-bioacoustic/dclde/2027/dclde_2027_killer_whales/dfo_crp/audio/northbc/DFOCRP.KkHK0R2F-NML1.SM2M-3.20131011_060600Z.flac,https://storage.googleapis.com/noaa-passive-bioacoustic/dclde/2027/dclde_2027_killer_whales/dfo_crp/audio/northbc/DFOCRP.KkHK0R2F-NML1.SM2M-3.20131011_060600Z.flac
dclde_DFO_CRP_NorthBc__DFOCRP.KkHK0R2F-NML1.SM2M-3.20131011_060600Z.flac,DFO_CRP,NorthBc,DFOCRP.KkHK0R2F-NML1.SM2M-3.20131011_060600Z.flac,dclde/2027/dclde_2027_killer_whales/dfo_crp/audio/northbc/DFOCRP.KkHK0R2F-NML1.SM2M-3.20131011_060600Z.flac,gs://noaa-passive-bioacoustic/dclde/2027/dclde_2027_killer_whales/dfo_crp/audio/northbc/DFOCRP.KkHK0R2F-NML1.SM2M-3.20131011_060600Z.flac,https://storage.googleapis.com/noaa-passive-bioacoustic/dclde/2027/dclde_2027_killer_whales/dfo_crp/audio/northbc/DFOCRP.KkHK0R2F-NML1.SM2M-3.20131011_060600Z.flac
dclde_DFO_CRP_NorthBc__DFOCRP.KkHK0R2F-NML1.SM2M-3.20131011_060600Z.flac,DFO_CRP,NorthBc,DFOCRP.KkHK0R2F-NML1.SM2M-3.20131011_060600Z.flac,dclde/2027/dclde_2027_killer_whales/dfo_crp/audio/northbc/DFOCRP.KkHK0R2F-NML1.SM2M-3.20131011_060600Z.flac,gs://noaa-passive-bioacoustic/dclde/2027/dclde_2027_killer_whales/dfo_crp/audio/northbc/DFOCRP.KkHK0R2F-NML1.SM2M-3.20131011_060600Z.flac,https://storage.googleapis.com/noaa-passive-bioacoustic/dclde/2027/dclde_2027_killer_whales/dfo_crp/audio/northbc/DFOCRP.KkHK0R2F-NML1.SM2M-3.20131011_060600Z.flac
dclde_DFO_CRP_NorthBc__DFOCRP.KkHK0R2F-NML1.SM2M-3.20131011_060600Z.flac,DFO_CRP,NorthBc,DFOCRP.KkHK0R2F-NML1.SM2M-3.20131011_060600Z.flac,dclde/2027/dclde_2027_killer_whales/dfo_crp/audio/northbc/DFOCRP.KkHK0R2F-NML1.SM2M-3.20131011_060600Z.flac,gs://noaa-passive-bioacoustic/dclde/2027/dclde_2027_killer_whales/dfo_crp/audio/northbc/DFOCRP.KkHK0R2F-NML1.SM2M-3.20131011_060600Z.flac,https://storage.googleapis.com/noaa-passive-bioacoustic/dclde/2027/dclde_2027_killer_whales/dfo_crp/audio/northbc/DFOCRP.KkHK0R2F-NML1.SM2M-3.20131011_060600Z.flac
dclde_DFO_CRP_NorthBc__DFOCRP.KkHK0R2F-NML1.SM2M-3.20131011_060600Z.flac,DFO_CRP,NorthBc,DFOCRP.KkHK0R2F-NML1.SM2M-3.20131011_060600Z.flac,dclde/2027/dclde_2027_killer_whales/dfo_crp/audio/northbc/DFOCRP.KkHK0R2F-NML1.SM2M-3.20131011_060600Z.flac,gs://noaa-passive-bioacoustic/dclde/2027/dclde_2027_killer_whales/dfo_crp/audio/northbc/DFOCRP.KkHK0R2F-NML1.SM2M-3.20131011_060600Z.flac,https://storage.googleapis.com/noaa-passive-bioacoustic/dclde/2027/dclde_2027_killer_whales/dfo_crp/audio/northbc/DFOCRP.KkHK0R2F-NML1.SM2M-3.20131011_060600Z.flac
dclde_DFO_CRP_NorthBc__DFOCRP.KkHK0R2F-NML1.SM2M-3.20131011_060600Z.flac,DFO_CRP,NorthBc,DFOCRP.KkHK0R2F-NML1.SM2M-3.20131011_060600Z.flac,dclde/2027/dclde_2027_killer_whales/dfo_crp/audio/northbc/DFOCRP.KkHK0R2F-NML1.SM2M-3.20131011_060600Z.flac,gs://noaa-passive-bioacoustic/dclde/2027/dclde_2027_killer_whales/dfo_crp/audio/northbc/DFOCRP.KkHK0R2F-NML1.SM2M-3.20131011_060600Z.flac,https://storage.googleapis.com/noaa-passive-bioacoustic/dclde/2027/dclde_2027_killer_whales/dfo_crp/audio/northbc/DFOCRP.KkHK0R2F-NML1.SM2M-3.20131011_060600Z.flac
dclde_DFO_CRP_NorthBc__DFOCRP.KkHK0R2F-NML1.SM2M-3.20131011_060600Z.flac,DFO_CRP,NorthBc,DFOCRP.KkHK0R2F-NML1.SM2M-3.20131011_060600Z.flac,dclde/2027/dclde_2027_killer_whales/dfo_crp/audio/northbc/DFOCRP.KkHK0R2F-NML1.SM2M-3.20131011_060600Z.flac,gs://noaa-passive-bioacoustic/dclde/2027/dclde_2027_killer_whales/dfo_crp/audio/northbc/DFOCRP.KkHK0R2F-NML1.SM2M-3.20131011_060600Z.flac,https://storage.googleapis.com/noaa-passive-bioacoustic/dclde/2027/dclde_2027_killer_whales/dfo_crp/audio/northbc/DFOCRP.KkHK0R2F-NML1.SM2M-3.20131011_060600Z.flac
dclde_DFO_CRP_NorthBc__DFOCRP.KkHK0R2F-NML1.SM2M-3.20131011_060600Z.flac,DFO_CRP,NorthBc,DFOCRP.KkHK0R2F-NML1.SM2M-3.20131011_060600Z.flac,dclde/2027/dclde_2027_killer_whales/dfo_crp/audio/northbc/DFOCRP.KkHK0R2F-NML1.SM2M-3.20131011_060600Z.flac,gs://noaa-passive-bioacoustic/dclde/2027/dclde_2027_killer_whales/dfo_crp/audio/northbc/DFOCRP.KkHK0R2F-NML1.SM2M-3.20131011_060600Z.flac,https://storage.googleapis.com/noaa-passive-bioacoustic/dclde/2027/dclde_2027_killer_whales/dfo_crp/audio/northbc/DFOCRP.KkHK0R2F-NML1.SM2M-3.20131011_060600Z.flac
dclde_DFO_CRP_NorthBc__DFOCRP.KkHK0R2F-NML1.SM2M-3.20131011_060600Z.flac,DFO_CRP,NorthBc,DFOCRP.KkHK0R2F-NML1.SM2M-3.20131011_060600Z.flac,dclde/2027/dclde_2027_killer_whales/dfo_crp/audio/northbc/DFOCRP.KkHK0R2F-NML1.SM2M-3.20131011_060600Z.flac,gs://noaa-passive-bioacoustic/dclde/2027/dclde_2027_killer_whales/dfo_crp/audio/northbc/DFOCRP.KkHK0R2F-NML1.SM2M-3.20131011_060600Z.flac,https://storage.googleapis.com/noaa-passive-bioacoustic/dclde/2027/dclde_2027_killer_whales/dfo_crp/audio/northbc/DFOCRP.KkHK0R2F-NML1.SM2M-3.20131011_060600Z.flac
dclde_DFO_CRP_NorthBc__DFOCRP.KkHK0R2F-NML1.SM2M-3.20131011_062100Z.flac,DFO_CRP,NorthBc,DFOCRP.KkHK0R2F-NML1.SM2M-3.20131011_062100Z.flac,dclde/2027/dclde_2027_killer_whales/dfo_crp/audio/northbc/DFOCRP.KkHK0R2F-NML1.SM2M-3.20131011_062100Z.flac,gs://noaa-passive-bioacoustic/dclde/2027/dclde_2027_killer_whales/dfo_crp/audio/northbc/DFOCRP.KkHK0R2F-NML1.SM2M-3.20131011_062100Z.flac,https://storage.googleapis.com/noaa-passive-bioacoustic/dclde/2027/dclde_2027_killer_whales/dfo_crp/audio/northbc/DFOCRP.KkHK0R2F-NML1.SM2M-3.20131011_062100Z.flac
dclde_DFO_CRP_NorthBc__DFOCRP.KkHK0R2F-NML1.SM2M-3.20131011_062100Z.flac,DFO_CRP,NorthBc,DFOCRP.KkHK0R2F-NML1.SM2M-3.20131011_062100Z.flac,dclde/2027/dclde_2027_killer_whales/dfo_crp/audio/northbc/DFOCRP.KkHK0R2F-NML1.SM2M-3.20131011_062100Z.flac,gs://noaa-passive-bioacoustic/dclde/2027/dclde_2027_killer_whales/dfo_crp/audio/northbc/DFOCRP.KkHK0R2F-NML1.SM2M-3.20131011_062100Z.flac,https://storage.googleapis.com/noaa-passive-bioacoustic/dclde/2027/dclde_2027_killer_whales/dfo_crp/audio/northbc/DFOCRP.KkHK0R2F-NML1.SM2M-3.20131011_062100Z.flac
dclde_DFO_CRP_NorthBc__DFOCRP.KkHK0R2F-NML1.SM2M-3.20131011_063600Z.flac,DFO_CRP,NorthBc,DFOCRP.KkHK0R2F-NML1.SM2M-3.20131011_063600Z.flac,dclde/2027/dclde_2027_killer_whales/dfo_crp/audio/northbc/DFOCRP.KkHK0R2F-NML1.SM2M-3.20131011_063600Z.flac,gs://noaa-passive-bioacoustic/dclde/2027/dclde_2027_killer_whales/dfo_crp/audio/northbc/DFOCRP.KkHK0R2F-NML1.SM2M-3.20131011_063600Z.flac,https://storage.googleapis.com/noaa-passive-bioacoustic/dclde/2027/dclde_2027_killer_whales/dfo_crp/audio/northbc/DFOCRP.KkHK0R2F-NML1.SM2M-3.20131011_063600Z.flac
dclde_DFO_CRP_NorthBc__DFOCRP.KkHK0R2F-NML1.SM2M-3.20131011_063600Z.flac,DFO_CRP,NorthBc,DFOCRP.KkHK0R2F-NML1.SM2M-3.20131011_063600Z.flac,dclde/2027/dclde_2027_killer_whales/dfo_crp/audio/northbc/DFOCRP.KkHK0R2F-NML1.SM2M-3.20131011_063600Z.flac,gs://noaa-passive-bioacoustic/dclde/2027/dclde_2027_killer_whales/dfo_crp/audio/northbc/DFOCRP.KkHK0R2F-NML1.SM2M-3.20131011_063600Z.flac,https://storage.googleapis.com/noaa-passive-bioacoustic/dclde/2027/dclde_2027_killer_whales/dfo_crp/audio/northbc/DFOCRP.KkHK0R2F-NML1.SM2M-3.20131011_063600Z.flac
dclde_DFO_CRP_NorthBc__DFOCRP.KkHK0R2F-NML1.SM2M-3.20131011_063600Z.flac,DFO_CRP,NorthBc,DFOCRP.KkHK0R2F-NML1.SM2M-3.20131011_063600Z.flac,dclde/2027/dclde_2027_killer_whales/dfo_crp/audio/northbc/DFOCRP.KkHK0R2F-NML1.SM2M-3.20131011_063600Z.flac,gs://noaa-passive-bioacoustic/dclde/2027/dclde_2027_killer_whales/dfo_crp/audio/northbc/DFOCRP.KkHK0R2F-NML1.SM2M-3.20131011_063600Z.flac,https://storage.googleapis.com/noaa-passive-bioacoustic/dclde/2027/dclde_2027_killer_whales/dfo_crp/audio/northbc/DFOCRP.KkHK0R2F-NML1.SM2M-3.20131011_063600Z.flac
dclde_DFO_CRP_NorthBc__DFOCRP.KkHK0R2F-NML1.SM2M-3.20131011_063600Z.flac,DFO_CRP,NorthBc,DFOCRP.KkHK0R2F-NML1.SM2M-3.20131011_063600Z.flac,dclde/2027/dclde_2027_killer_whales/dfo_crp/audio/northbc/DFOCRP.KkHK0R2F-NML1.SM2M-3.20131011_063600Z.flac,gs://noaa-passive-bioacoustic/dclde/2027/dclde_2027_killer_whales/dfo_crp/audio/northbc/DFOCRP.KkHK0R2F-NML1.SM2M-3.20131011_063600Z.flac,https://storage.googleapis.com/noaa-passive-bioacoustic/dclde/2027/dclde_2027_killer_whales/dfo_crp/audio/northbc/DFOCRP.KkHK0R2F-NML1.SM2M-3.20131011_063600Z.flac
dclde_DFO_CRP_NorthBc__DFOCRP.KkHK0R2F-NML1.SM2M-3.20131011_063600Z.flac,DFO_CRP,NorthBc,DFOCRP.KkHK0R2F-NML1.SM2M-3.20131011_063600Z.flac,dclde/2027/dclde_2027_killer_whales/dfo_crp/audio/northbc/DFOCRP.KkHK0R2F-NML1.SM2M-3.20131011_063600Z.flac,gs://noaa-passive-bioacoustic/dclde/2027/dclde_2027_killer_whales/dfo_crp/audio/northbc/DFOCRP.KkHK0R2F-NML1.SM2M-3.20131011_063600Z.flac,https://storage.googleapis.com/noaa-passive-bioacoustic/dclde/2027/dclde_2027_killer_whales/dfo_crp/audio/northbc/DFOCRP.KkHK0R2F-NML1.SM2M-3.20131011_063600Z.flac
dclde_DFO_CRP_NorthBc__DFOCRP.KkHK0R2F-NML1.SM2M-3.20131011_063600Z.flac,DFO_CRP,NorthBc,DFOCRP.KkHK0R2F-NML1.SM2M-3.20131011_063600Z.flac,dclde/2027/dclde_2027_killer_whales/dfo_crp/audio/northbc/DFOCRP.KkHK0R2F-NML1.SM2M-3.20131011_063600Z.flac,gs://noaa-passive-bioacoustic/dclde/2027/dclde_2027_killer_whales/dfo_crp/audio/northbc/DFOCRP.KkHK0R2F-NML1.SM2M-3.20131011_063600Z.flac,https://storage.googleapis.com/noaa-passive-bioacoustic/dclde/2027/dclde_2027_killer_whales/dfo_crp/audio/northbc/DFOCRP.KkHK0R2F-NML1.SM2M-3.20131011_063600Z.flac
dclde_DFO_CRP_NorthBc__DFOCRP.KkHK0R2F-NML1.SM2M-3.20131011_063600Z.flac,DFO_CRP,NorthBc,DFOCRP.KkHK0R2F-NML1.SM2M-3.20131011_063600Z.flac,dclde/2027/dclde_2027_killer_whales/dfo_crp/audio/northbc/DFOCRP.KkHK0R2F-NML1.SM2M-3.20131011_063600Z.flac,gs://noaa-passive-bioacoustic/dclde/2027/dclde_2027_killer_whales/dfo_crp/audio/northbc/DFOCRP.KkHK0R2F-NML1.SM2M-3.20131011_063600Z.flac,https://storage.googleapis.com/noaa-passive-bioacoustic/dclde/2027/dclde_2027_killer_whales/dfo_crp/audio/northbc/DFOCRP.KkHK0R2F-NML1.SM2M-3.20131011_063600Z.flac
dclde_DFO_CRP_NorthBc__DFOCRP.KkHK0R2F-NML1.SM2M-3.20131011_070600Z.flac,DFO_CRP,NorthBc,DFOCRP.KkHK0R2F-NML1.SM2M-3.20131011_070600Z.flac,dclde/2027/dclde_2027_killer_whales/dfo_crp/audio/northbc/DFOCRP.KkHK0R2F-NML1.SM2M-3.20131011_070600Z.flac,gs://noaa-passive-bioacoustic/dclde/2027/dclde_2027_killer_whales/dfo_crp/audio/northbc/DFOCRP.KkHK0R2F-NML1.SM2M-3.20131011_070600Z.flac,https://storage.googleapis.com/noaa-passive-bioacoustic/dclde/2027/dclde_2027_killer_whales/dfo_crp/audio/northbc/DFOCRP.KkHK0R2F-NML1.SM2M-3.20131011_070600Z.flac
dclde_DFO_CRP_NorthBc__DFOCRP.KkHK0R2F-NML1.SM2M-3.20131011_070600Z.flac,DFO_CRP,NorthBc,DFOCRP.KkHK0R2F-NML1.SM2M-3.20131011_070600Z.flac,dclde/2027/dclde_2027_killer_whales/dfo_crp/audio/northbc/DFOCRP.KkHK0R2F-NML1.SM2M-3.20131011_070600Z.flac,gs://noaa-passive-bioacoustic/dclde/2027/dclde_2027_killer_whales/dfo_crp/audio/northbc/DFOCRP.KkHK0R2F-NML1.SM2M-3.20131011_070600Z.flac,https://storage.googleapis.com/noaa-passive-bioacoustic/dclde/2027/dclde_2027_killer_whales/dfo_crp/audio/northbc/DFOCRP.KkHK0R2F-NML1.SM2M-3.20131011_070600Z.flac
dclde_DFO_CRP_NorthBc__DFOCRP.KkHK0R2F-NML1.SM2M-3.20131011_070600Z.flac,DFO_CRP,NorthBc,DFOCRP.KkHK0R2F-NML1.SM2M-3.20131011_070600Z.flac,dclde/2027/dclde_2027_killer_whales/dfo_crp/audio/northbc/DFOCRP.KkHK0R2F-NML1.SM2M-3.20131011_070600Z.flac,gs://noaa-passive-bioacoustic/dclde/2027/dclde_2027_killer_whales/dfo_crp/audio/northbc/DFOCRP.KkHK0R2F-NML1.SM2M-3.20131011_070600Z.flac,https://storage.googleapis.com/noaa-passive-bioacoustic/dclde/2027/dclde_2027_killer_whales/dfo_crp/audio/northbc/DFOCRP.KkHK0R2F-NML1.SM2M-3.20131011_070600Z.flac
dclde_DFO_CRP_NorthBc__DFOCRP.KkHK0R2F-NML1.SM2M-3.20131011_072100Z.flac,DFO_CRP,NorthBc,DFOCRP.KkHK0R2F-NML1.SM2M-3.20131011_072100Z.flac,dclde/2027/dclde_2027_killer_whales/dfo_crp/audio/northbc/DFOCRP.KkHK0R2F-NML1.SM2M-3.20131011_072100Z.flac,gs://noaa-passive-bioacoustic/dclde/2027/dclde_2027_killer_whales/dfo_crp/audio/northbc/DFOCRP.KkHK0R2F-NML1.SM2M-3.20131011_072100Z.flac,https://storage.googleapis.com/noaa-passive-bioacoustic/dclde/2027/dclde_2027_killer_whales/dfo_crp/audio/northbc/DFOCRP.KkHK0R2F-NML1.SM2M-3.20131011_072100Z.flac
dclde_DFO_CRP_NorthBc__DFOCRP.KkHK0R2F-NML1.SM2M-3.20131011_072100Z.flac,DFO_CRP,NorthBc,DFOCRP.KkHK0R2F-NML1.SM2M-3.20131011_072100Z.flac,dclde/2027/dclde_2027_killer_whales/dfo_crp/audio/northbc/DFOCRP.KkHK0R2F-NML1.SM2M-3.20131011_072100Z.flac,gs://noaa-passive-bioacoustic/dclde/2027/dclde_2027_killer_whales/dfo_crp/audio/northbc/DFOCRP.KkHK0R2F-NML1.SM2M-3.20131011_072100Z.flac,https://storage.googleapis.com/noaa-passive-bioacoustic/dclde/2027/dclde_2027_killer_whales/dfo_crp/audio/northbc/DFOCRP.KkHK0R2F-NML1.SM2M-3.20131011_072100Z.flac
dclde_DFO_CRP_NorthBc__DFOCRP.KkHK0R2F-NML1.SM2M-3.20131011_072100Z.flac,DFO_CRP,NorthBc,DFOCRP.KkHK0R2F-NML1.SM2M-3.20131011_072100Z.flac,dclde/2027/dclde_2027_killer_whales/dfo_crp/audio/northbc/DFOCRP.KkHK0R2F-NML1.SM2M-3.20131011_072100Z.flac,gs://noaa-passive-bioacoustic/dclde/2027/dclde_2027_killer_whales/dfo_crp/audio/northbc/DFOCRP.KkHK0R2F-NML1.SM2M-3.20131011_072100Z.flac,https://storage.googleapis.com/noaa-passive-bioacoustic/dclde/2027/dclde_2027_killer_whales/dfo_crp/audio/northbc/DFOCRP.KkHK0R2F-NML1.SM2M-3.20131011_072100Z.flac
dclde_DFO_CRP_NorthBc__DFOCRP.KkHK0R2F-NML1.SM2M-3.20131011_080600Z.flac,DFO_CRP,NorthBc,DFOCRP.KkHK0R2F-NML1.SM2M-3.20131011_080600Z.flac,dclde/2027/dclde_2027_killer_whales/dfo_crp/audio/northbc/DFOCRP.KkHK0R2F-NML1.SM2M-3.20131011_080600Z.flac,gs://noaa-passive-bioacoustic/dclde/2027/dclde_2027_killer_whales/dfo_crp/audio/northbc/DFOCRP.KkHK0R2F-NML1.SM2M-3.20131011_080600Z.flac,https://storage.googleapis.com/noaa-passive-bioacoustic/dclde/2027/dclde_2027_killer_whales/dfo_crp/audio/northbc/DFOCRP.KkHK0R2F-NML1.SM2M-3.20131011_080600Z.flac
dclde_DFO_CRP_NorthBc__DFOCRP.KkHK0R2F-NML1.SM2M-3.20131011_080600Z.flac,DFO_CRP,NorthBc,DFOCRP.KkHK0R2F-NML1.SM2M-3.20131011_080600Z.flac,dclde/2027/dclde_2027_killer_whales/dfo_crp/audio/northbc/DFOCRP.KkHK0R2F-NML1.SM2M-3.20131011_080600Z.flac,gs://noaa-passive-bioacoustic/dclde/2027/dclde_2027_killer_whales/dfo_crp/audio/northbc/DFOCRP.KkHK0R2F-NML1.SM2M-3.20131011_080600Z.flac,https://storage.googleapis.com/noaa-passive-bioacoustic/dclde/2027/dclde_2027_killer_whales/dfo_crp/audio/northbc/DFOCRP.KkHK0R2F-NML1.SM2M-3.20131011_080600Z.flac
dclde_DFO_CRP_NorthBc__DFOCRP.KkHK0R2F-NML1.SM2M-3.20131011_082100Z.flac,DFO_CRP,NorthBc,DFOCRP.KkHK0R2F-NML1.SM2M-3.20131011_082100Z.flac,dclde/2027/dclde_2027_killer_whales/dfo_crp/audio/northbc/DFOCRP.KkHK0R2F-NML1.SM2M-3.20131011_082100Z.flac,gs://noaa-passive-bioacoustic/dclde/2027/dclde_2027_killer_whales/dfo_crp/audio/northbc/DFOCRP.KkHK0R2F-NML1.SM2M-3.20131011_082100Z.flac,https://storage.googleapis.com/noaa-passive-bioacoustic/dclde/2027/dclde_2027_killer_whales/dfo_crp/audio/northbc/DFOCRP.KkHK0R2F-NML1.SM2M-3.20131011_082100Z.flac
dclde_DFO_CRP_NorthBc__DFOCRP.KkHK0R2F-NML1.SM2M-3.20131011_082100Z.flac,DFO_CRP,NorthBc,DFOCRP.KkHK0R2F-NML1.SM2M-3.20131011_082100Z.flac,dclde/2027/dclde_2027_killer_whales/dfo_crp/audio/northbc/DFOCRP.KkHK0R2F-NML1.SM2M-3.20131011_082100Z.flac,gs://noaa-passive-bioacoustic/dclde/2027/dclde_2027_killer_whales/dfo_crp/audio/northbc/DFOCRP.KkHK0R2F-NML1.SM2M-3.20131011_082100Z.flac,https://storage.googleapis.com/noaa-passive-bioacoustic/dclde/2027/dclde_2027_killer_whales/dfo_crp/audio/northbc/DFOCRP.KkHK0R2F-NML1.SM2M-3.20131011_082100Z.flac
dclde_DFO_CRP_NorthBc__DFOCRP.KkHK0R2F-NML1.SM2M-3.20131011_082100Z.flac,DFO_CRP,NorthBc,DFOCRP.KkHK0R2F-NML1.SM2M-3.20131011_082100Z.flac,dclde/2027/dclde_2027_killer_whales/dfo_crp/audio/northbc/DFOCRP.KkHK0R2F-NML1.SM2M-3.20131011_082100Z.flac,gs://noaa-passive-bioacoustic/dclde/2027/dclde_2027_killer_whales/dfo_crp/audio/northbc/DFOCRP.KkHK0R2F-NML1.SM2M-3.20131011_082100Z.flac,https://storage.googleapis.com/noaa-passive-bioacoustic/dclde/2027/dclde_2027_killer_whales/dfo_crp/audio/northbc/DFOCRP.KkHK0R2F-NML1.SM2M-3.20131011_082100Z.flac
dclde_DFO_CRP_NorthBc__DFOCRP.KkHK0R2F-NML1.SM2M-3.20131011_082100Z.flac,DFO_CRP,NorthBc,DFOCRP.KkHK0R2F-NML1.SM2M-3.20131011_082100Z.flac,dclde/2027/dclde_2027_killer_whales/dfo_crp/audio/northbc/DFOCRP.KkHK0R2F-NML1.SM2M-3.20131011_082100Z.flac,gs://noaa-passive-bioacoustic/dclde/2027/dclde_2027_killer_whales/dfo_crp/audio/northbc/DFOCRP.KkHK0R2F-NML1.SM2M-3.20131011_082100Z.flac,https://storage.googleapis.com/noaa-passive-bioacoustic/dclde/2027/dclde_2027_killer_whales/dfo_crp/audio/northbc/DFOCRP.KkHK0R2F-NML1.SM2M-3.20131011_082100Z.flac
dclde_DFO_CRP_NorthBc__DFOCRP.KkHK0R2F-NML1.SM2M-3.20131011_082100Z.flac,DFO_CRP,NorthBc,DFOCRP.KkHK0R2F-NML1.SM2M-3.20131011_082100Z.flac,dclde/2027/dclde_2027_killer_whales/dfo_crp/audio/northbc/DFOCRP.KkHK0R2F-NML1.SM2M-3.20131011_082100Z.flac,gs://noaa-passive-bioacoustic/dclde/2027/dclde_2027_killer_whales/dfo_crp/audio/northbc/DFOCRP.KkHK0R2F-NML1.SM2M-3.20131011_082100Z.flac,https://storage.googleapis.com/noaa-passive-bioacoustic/dclde/2027/dclde_2027_killer_whales/dfo_crp/audio/northbc/DFOCRP.KkHK0R2F-NML1.SM2M-3.20131011_082100Z.flac
dclde_DFO_CRP_NorthBc__DFOCRP.KkHK0R2F-NML1.SM2M-3.20131011_082100Z.flac,DFO_CRP,NorthBc,DFOCRP.KkHK0R2F-NML1.SM2M-3.20131011_082100Z.flac,dclde/2027/dclde_2027_killer_whales/dfo_crp/audio/northbc/DFOCRP.KkHK0R2F-NML1.SM2M-3.20131011_082100Z.flac,gs://noaa-passive-bioacoustic/dclde/2027/dclde_2027_killer_whales/dfo_crp/audio/northbc/DFOCRP.KkHK0R2F-NML1.SM2M-3.20131011_082100Z.flac,https://storage.googleapis.com/noaa-passive-bioacoustic/dclde/2027/dclde_2027_killer_whales/dfo_crp/audio/northbc/DFOCRP.KkHK0R2F-NML1.SM2M-3.20131011_082100Z.flac
dclde_DFO_CRP_NorthBc__DFOCRP.KkHK0R2F-NML1.SM2M-3.20131011_082100Z.flac,DFO_CRP,NorthBc,DFOCRP.KkHK0R2F-NML1.SM2M-3.20131011_082100Z.flac,dclde/2027/dclde_2027_killer_whales/dfo_crp/audio/northbc/DFOCRP.KkHK0R2F-NML1.SM2M-3.20131011_082100Z.flac,gs://noaa-passive-bioacoustic/dclde/2027/dclde_2027_killer_whales/dfo_crp/audio/northbc/DFOCRP.KkHK0R2F-NML1.SM2M-3.20131011_082100Z.flac,https://storage.googleapis.com/noaa-passive-bioacoustic/dclde/2027/dclde_2027_killer_whales/dfo_crp/audio/northbc/DFOCRP.KkHK0R2F-NML1.SM2M-3.20131011_082100Z.flac
dclde_DFO_CRP_NorthBc__DFOCRP.KkHK0R2F-NML1.SM2M-3.20131011_082100Z.flac,DFO_CRP,NorthBc,DFOCRP.KkHK0R2F-NML1.SM2M-3.20131011_082100Z.flac,dclde/2027/dclde_2027_killer_whales/dfo_crp/audio/northbc/DFOCRP.KkHK0R2F-NML1.SM2M-3.20131011_082100Z.flac,gs://noaa-passive-bioacoustic/dclde/2027/dclde_2027_killer_whales/dfo_crp/audio/northbc/DFOCRP.KkHK0R2F-NML1.SM2M-3.20131011_082100Z.flac,https://storage.googleapis.com/noaa-passive-bioacoustic/dclde/2027/dclde_2027_killer_whales/dfo_crp/audio/northbc/DFOCRP.KkHK0R2F-NML1.SM2M-3.20131011_082100Z.flac
dclde_DFO_CRP_NorthBc__DFOCRP.KkHK0R2F-NML1.SM2M-3.20131011_082100Z.flac,DFO_CRP,NorthBc,DFOCRP.KkHK0R2F-NML1.SM2M-3.20131011_082100Z.flac,dclde/2027/dclde_2027_killer_whales/dfo_crp/audio/northbc/DFOCRP.KkHK0R2F-NML1.SM2M-3.20131011_082100Z.flac,gs://noaa-passive-bioacoustic/dclde/2027/dclde_2027_killer_whales/dfo_crp/audio/northbc/DFOCRP.KkHK0R2F-NML1.SM2M-3.20131011_082100Z.flac,https://storage.googleapis.com/noaa-passive-bioacoustic/dclde/2027/dclde_2027_killer_whales/dfo_crp/audio/northbc/DFOCRP.KkHK0R2F-NML1.SM2M-3.20131011_082100Z.flac
dclde_DFO_CRP_NorthBc__DFOCRP.KkHK0R2F-NML1.SM2M-3.20131011_085100Z.flac,DFO_CRP,NorthBc,DFOCRP.KkHK0R2F-NML1.SM2M-3.20131011_085100Z.flac,dclde/2027/dclde_2027_killer_whales/dfo_crp/audio/northbc/DFOCRP.KkHK0R2F-NML1.SM2M-3.20131011_085100Z.flac,gs://noaa-passive-bioacoustic/dclde/2027/dclde_2027_killer_whales/dfo_crp/audio/northbc/DFOCRP.KkHK0R2F-NML1.SM2M-3.20131011_085100Z.flac,https://storage.googleapis.com/noaa-passive-bioacoustic/dclde/2027/dclde_2027_killer_whales/dfo_crp/audio/northbc/DFOCRP.KkHK0R2F-NML1.SM2M-3.20131011_085100Z.flac
dclde_DFO_CRP_NorthBc__DFOCRP.KkHK0R2F-NML1.SM2M-3.20131011_085100Z.flac,DFO_CRP,NorthBc,DFOCRP.KkHK0R2F-NML1.SM2M-3.20131011_085100Z.flac,dclde/2027/dclde_2027_killer_whales/dfo_crp/audio/northbc/DFOCRP.KkHK0R2F-NML1.SM2M-3.20131011_085100Z.flac,gs://noaa-passive-bioacoustic/dclde/2027/dclde_2027_killer_whales/dfo_crp/audio/northbc/DFOCRP.KkHK0R2F-NML1.SM2M-3.20131011_085100Z.flac,https://storage.googleapis.com/noaa-passive-bioacoustic/dclde/2027/dclde_2027_killer_whales/dfo_crp/audio/northbc/DFOCRP.KkHK0R2F-NML1.SM2M-3.20131011_085100Z.flac
dclde_DFO_CRP_NorthBc__DFOCRP.KkHK0R2F-NML1.SM2M-3.20131011_085100Z.flac,DFO_CRP,NorthBc,DFOCRP.KkHK0R2F-NML1.SM2M-3.20131011_085100Z.flac,dclde/2027/dclde_2027_killer_whales/dfo_crp/audio/northbc/DFOCRP.KkHK0R2F-NML1.SM2M-3.20131011_085100Z.flac,gs://noaa-passive-bioacoustic/dclde/2027/dclde_2027_killer_whales/dfo_crp/audio/northbc/DFOCRP.KkHK0R2F-NML1.SM2M-3.20131011_085100Z.flac,https://storage.googleapis.com/noaa-passive-bioacoustic/dclde/2027/dclde_2027_killer_whales/dfo_crp/audio/northbc/DFOCRP.KkHK0R2F-NML1.SM2M-3.20131011_085100Z.flac
dclde_DFO_CRP_NorthBc__DFOCRP.KkHK0R2F-NML1.SM2M-3.20131011_085100Z.flac,DFO_CRP,NorthBc,DFOCRP.KkHK0R2F-NML1.SM2M-3.20131011_085100Z.flac,dclde/2027/dclde_2027_killer_whales/dfo_crp/audio/northbc/DFOCRP.KkHK0R2F-NML1.SM2M-3.20131011_085100Z.flac,gs://noaa-passive-bioacoustic/dclde/2027/dclde_2027_killer_whales/dfo_crp/audio/northbc/DFOCRP.KkHK0R2F-NML1.SM2M-3.20131011_085100Z.flac,https://storage.googleapis.com/noaa-passive-bioacoustic/dclde/2027/dclde_2027_killer_whales/dfo_crp/audio/northbc/DFOCRP.KkHK0R2F-NML1.SM2M-3.20131011_085100Z.flac
dclde_DFO_CRP_NorthBc__DFOCRP.KkHK0R2F-NML1.SM2M-3.20131011_090600Z.flac,DFO_CRP,NorthBc,DFOCRP.KkHK0R2F-NML1.SM2M-3.20131011_090600Z.flac,dclde/2027/dclde_2027_killer_whales/dfo_crp/audio/northbc/DFOCRP.KkHK0R2F-NML1.SM2M-3.20131011_090600Z.flac,gs://noaa-passive-bioacoustic/dclde/2027/dclde_2027_killer_whales/dfo_crp/audio/northbc/DFOCRP.KkHK0R2F-NML1.SM2M-3.20131011_090600Z.flac,https://storage.googleapis.com/noaa-passive-bioacoustic/dclde/2027/dclde_2027_killer_whales/dfo_crp/audio/northbc/DFOCRP.KkHK0R2F-NML1.SM2M-3.20131011_090600Z.flac
dclde_DFO_CRP_NorthBc__DFOCRP.KkHK0R2F-NML1.SM2M-3.20131011_090600Z.flac,DFO_CRP,NorthBc,DFOCRP.KkHK0R2F-NML1.SM2M-3.20131011_090600Z.flac,dclde/2027/dclde_2027_killer_whales/dfo_crp/audio/northbc/DFOCRP.KkHK0R2F-NML1.SM2M-3.20131011_090600Z.flac,gs://noaa-passive-bioacoustic/dclde/2027/dclde_2027_killer_whales/dfo_crp/audio/northbc/DFOCRP.KkHK0R2F-NML1.SM2M-3.20131011_090600Z.flac,https://storage.googleapis.com/noaa-passive-bioacoustic/dclde/2027/dclde_2027_killer_whales/dfo_crp/audio/northbc/DFOCRP.KkHK0R2F-NML1.SM2M-3.20131011_090600Z.flac
dclde_DFO_CRP_NorthBc__DFOCRP.KkHK0R2F-NML1.SM2M-3.20131011_090600Z.flac,DFO_CRP,NorthBc,DFOCRP.KkHK0R2F-NML1.SM2M-3.20131011_090600Z.flac,dclde/2027/dclde_2027_killer_whales/dfo_crp/audio/northbc/DFOCRP.KkHK0R2F-NML1.SM2M-3.20131011_090600Z.flac,gs://noaa-passive-bioacoustic/dclde/2027/dclde_2027_killer_whales/dfo_crp/audio/northbc/DFOCRP.KkHK0R2F-NML1.SM2M-3.20131011_090600Z.flac,https://storage.googleapis.com/noaa-passive-bioacoustic/dclde/2027/dclde_2027_killer_whales/dfo_crp/audio/northbc/DFOCRP.KkHK0R2F-NML1.SM2M-3.20131011_090600Z.flac
dclde_DFO_CRP_NorthBc__DFOCRP.KkHK0R2F-NML1.SM2M-3.20131011_090600Z.flac,DFO_CRP,NorthBc,DFOCRP.KkHK0R2F-NML1.SM2M-3.20131011_090600Z.flac,dclde/2027/dclde_2027_killer_whales/dfo_crp/audio/northbc/DFOCRP.KkHK0R2F-NML1.SM2M-3.20131011_090600Z.flac,gs://noaa-passive-bioacoustic/dclde/2027/dclde_2027_killer_whales/dfo_crp/audio/northbc/DFOCRP.KkHK0R2F-NML1.SM2M-3.20131011_090600Z.flac,https://storage.googleapis.com/noaa-passive-bioacoustic/dclde/2027/dclde_2027_killer_whales/dfo_crp/audio/northbc/DFOCRP.KkHK0R2F-NML1.SM2M-3.20131011_090600Z.flac
dclde_DFO_CRP_NorthBc__DFOCRP.KkHK0R2F-NML1.SM2M-3.20131011_090600Z.flac,DFO_CRP,NorthBc,DFOCRP.KkHK0R2F-NML1.SM2M-3.20131011_090600Z.flac,dclde/2027/dclde_2027_killer_whales/dfo_crp/audio/northbc/DFOCRP.KkHK0R2F-NML1.SM2M-3.20131011_090600Z.flac,gs://noaa-passive-bioacoustic/dclde/2027/dclde_2027_killer_whales/dfo_crp/audio/northbc/DFOCRP.KkHK0R2F-NML1.SM2M-3.20131011_090600Z.flac,https://storage.googleapis.com/noaa-passive-bioacoustic/dclde/2027/dclde_2027_killer_whales/dfo_crp/audio/northbc/DFOCRP.KkHK0R2F-NML1.SM2M-3.20131011_090600Z.flac
dclde_DFO_CRP_NorthBc__DFOCRP.KkHK0R2F-NML1.SM2M-3.20131011_090600Z.flac,DFO_CRP,NorthBc,DFOCRP.KkHK0R2F-NML1.SM2M-3.20131011_090600Z.flac,dclde/2027/dclde_2027_killer_whales/dfo_crp/audio/northbc/DFOCRP.KkHK0R2F-NML1.SM2M-3.20131011_090600Z.flac,gs://noaa-passive-bioacoustic/dclde/2027/dclde_2027_killer_whales/dfo_crp/audio/northbc/DFOCRP.KkHK0R2F-NML1.SM2M-3.20131011_090600Z.flac,https://storage.googleapis.com/noaa-passive-bioacoustic/dclde/2027/dclde_2027_killer_whales/dfo_crp/audio/northbc/DFOCRP.KkHK0R2F-NML1.SM2M-3.20131011_090600Z.flac
dclde_DFO_CRP_NorthBc__DFOCRP.KkHK0R2F-NML1.SM2M-3.20131011_090600Z.flac,DFO_CRP,NorthBc,DFOCRP.KkHK0R2F-NML1.SM2M-3.20131011_090600Z.flac,dclde/2027/dclde_2027_killer_whales/dfo_crp/audio/northbc/DFOCRP.KkHK0R2F-NML1.SM2M-3.20131011_090600Z.flac,gs://noaa-passive-bioacoustic/dclde/2027/dclde_2027_killer_whales/dfo_crp/audio/northbc/DFOCRP.KkHK0R2F-NML1.SM2M-3.20131011_090600Z.flac,https://storage.googleapis.com/noaa-passive-bioacoustic/dclde/2027/dclde_2027_killer_whales/dfo_crp/audio/northbc/DFOCRP.KkHK0R2F-NML1.SM2M-3.20131011_090600Z.flac
dclde_DFO_CRP_NorthBc__DFOCRP.KkHK0R2F-NML1.SM2M-3.20131011_092100Z.flac,DFO_CRP,NorthBc,DFOCRP.KkHK0R2F-NML1.SM2M-3.20131011_092100Z.flac,dclde/2027/dclde_2027_killer_whales/dfo_crp/audio/northbc/DFOCRP.KkHK0R2F-NML1.SM2M-3.20131011_092100Z.flac,gs://noaa-passive-bioacoustic/dclde/2027/dclde_2027_killer_whales/dfo_crp/audio/northbc/DFOCRP.KkHK0R2F-NML1.SM2M-3.20131011_092100Z.flac,https://storage.googleapis.com/noaa-passive-bioacoustic/dclde/2027/dclde_2027_killer_whales/dfo_crp/audio/northbc/DFOCRP.KkHK0R2F-NML1.SM2M-3.20131011_092100Z.flac
dclde_DFO_CRP_NorthBc__DFOCRP.KkHK0R2F-NML1.SM2M-3.20131011_092100Z.flac,DFO_CRP,NorthBc,DFOCRP.KkHK0R2F-NML1.SM2M-3.20131011_092100Z.flac,dclde/2027/dclde_2027_killer_whales/dfo_crp/audio/northbc/DFOCRP.KkHK0R2F-NML1.SM2M-3.20131011_092100Z.flac,gs://noaa-passive-bioacoustic/dclde/2027/dclde_2027_killer_whales/dfo_crp/audio/northbc/DFOCRP.KkHK0R2F-NML1.SM2M-3.20131011_092100Z.flac,https://storage.googleapis.com/noaa-passive-bioacoustic/dclde/2027/dclde_2027_killer_whales/dfo_crp/audio/northbc/DFOCRP.KkHK0R2F-NML1.SM2M-3.20131011_092100Z.flac
dclde_DFO_CRP_NorthBc__DFOCRP.KkHK0R2F-NML1.SM2M-3.20131011_092100Z.flac,DFO_CRP,NorthBc,DFOCRP.KkHK0R2F-NML1.SM2M-3.20131011_092100Z.flac,dclde/2027/dclde_2027_killer_whales/dfo_crp/audio/northbc/DFOCRP.KkHK0R2F-NML1.SM2M-3.20131011_092100Z.flac,gs://noaa-passive-bioacoustic/dclde/2027/dclde_2027_killer_whales/dfo_crp/audio/northbc/DFOCRP.KkHK0R2F-NML1.SM2M-3.20131011_092100Z.flac,https://storage.googleapis.com/noaa-passive-bioacoustic/dclde/2027/dclde_2027_killer_whales/dfo_crp/audio/northbc/DFOCRP.KkHK0R2F-NML1.SM2M-3.20131011_092100Z.flac
dclde_DFO_CRP_NorthBc__DFOCRP.KkHK0R2F-NML1.SM2M-3.20131011_092100Z.flac,DFO_CRP,NorthBc,DFOCRP.KkHK0R2F-NML1.SM2M-3.20131011_092100Z.flac,dclde/2027/dclde_2027_killer_whales/dfo_crp/audio/northbc/DFOCRP.KkHK0R2F-NML1.SM2M-3.20131011_092100Z.flac,gs://noaa-passive-bioacoustic/dclde/2027/dclde_2027_killer_whales/dfo_crp/audio/northbc/DFOCRP.KkHK0R2F-NML1.SM2M-3.20131011_092100Z.flac,https://storage.googleapis.com/noaa-passive-bioacoustic/dclde/2027/dclde_2027_killer_whales/dfo_crp/audio/northbc/DFOCRP.KkHK0R2F-NML1.SM2M-3.20131011_092100Z.flac
dclde_DFO_CRP_NorthBc__DFOCRP.KkHK0R2F-NML1.SM2M-3.20131011_092100Z.flac,DFO_CRP,NorthBc,DFOCRP.KkHK0R2F-NML1.SM2M-3.20131011_092100Z.flac,dclde/2027/dclde_2027_killer_whales/dfo_crp/audio/northbc/DFOCRP.KkHK0R2F-NML1.SM2M-3.20131011_092100Z.flac,gs://noaa-passive-bioacoustic/dclde/2027/dclde_2027_killer_whales/dfo_crp/audio/northbc/DFOCRP.KkHK0R2F-NML1.SM2M-3.20131011_092100Z.flac,https://storage.googleapis.com/noaa-passive-bioacoustic/dclde/2027/dclde_2027_killer_whales/dfo_crp/audio/northbc/DFOCRP.KkHK0R2F-NML1.SM2M-3.20131011_092100Z.flac
dclde_DFO_CRP_NorthBc__DFOCRP.KkHK0R2F-NML1.SM2M-3.20131011_092100Z.flac,DFO_CRP,NorthBc,DFOCRP.KkHK0R2F-NML1.SM2M-3.20131011_092100Z.flac,dclde/2027/dclde_2027_killer_whales/dfo_crp/audio/northbc/DFOCRP.KkHK0R2F-NML1.SM2M-3.20131011_092100Z.flac,gs://noaa-passive-bioacoustic/dclde/2027/dclde_2027_killer_whales/dfo_crp/audio/northbc/DFOCRP.KkHK0R2F-NML1.SM2M-3.20131011_092100Z.flac,https://storage.googleapis.com/noaa-passive-bioacoustic/dclde/2027/dclde_2027_killer_whales/dfo_crp/audio/northbc/DFOCRP.KkHK0R2F-NML1.SM2M-3.20131011_092100Z.flac
dclde_DFO_CRP_NorthBc__DFOCRP.KkHK0R2F-NML1.SM2M-3.20131011_092100Z.flac,DFO_CRP,NorthBc,DFOCRP.KkHK0R2F-NML1.SM2M-3.20131011_092100Z.flac,dclde/2027/dclde_2027_killer_whales/dfo_crp/audio/northbc/DFOCRP.KkHK0R2F-NML1.SM2M-3.20131011_092100Z.flac,gs://noaa-passive-bioacoustic/dclde/2027/dclde_2027_killer_whales/dfo_crp/audio/northbc/DFOCRP.KkHK0R2F-NML1.SM2M-3.20131011_092100Z.flac,https://storage.googleapis.com/noaa-passive-bioacoustic/dclde/2027/dclde_2027_killer_whales/dfo_crp/audio/northbc/DFOCRP.KkHK0R2F-NML1.SM2M-3.20131011_092100Z.flac
dclde_DFO_CRP_NorthBc__DFOCRP.KkHK0R2F-NML1.SM2M-3.20131011_093600Z.flac,DFO_CRP,NorthBc,DFOCRP.KkHK0R2F-NML1.SM2M-3.20131011_093600Z.flac,dclde/2027/dclde_2027_killer_whales/dfo_crp/audio/northbc/DFOCRP.KkHK0R2F-NML1.SM2M-3.20131011_093600Z.flac,gs://noaa-passive-bioacoustic/dclde/2027/dclde_2027_killer_whales/dfo_crp/audio/northbc/DFOCRP.KkHK0R2F-NML1.SM2M-3.20131011_093600Z.flac,https://storage.googleapis.com/noaa-passive-bioacoustic/dclde/2027/dclde_2027_killer_whales/dfo_crp/audio/northbc/DFOCRP.KkHK0R2F-NML1.SM2M-3.20131011_093600Z.flac
dclde_DFO_CRP_NorthBc__DFOCRP.KkHK0R2F-NML1.SM2M-3.20131011_093600Z.flac,DFO_CRP,NorthBc,DFOCRP.KkHK0R2F-NML1.SM2M-3.20131011_093600Z.flac,dclde/2027/dclde_2027_killer_whales/dfo_crp/audio/northbc/DFOCRP.KkHK0R2F-NML1.SM2M-3.20131011_093600Z.flac,gs://noaa-passive-bioacoustic/dclde/2027/dclde_2027_killer_whales/dfo_crp/audio/northbc/DFOCRP.KkHK0R2F-NML1.SM2M-3.20131011_093600Z.flac,https://storage.googleapis.com/noaa-passive-bioacoustic/dclde/2027/dclde_2027_killer_whales/dfo_crp/audio/northbc/DFOCRP.KkHK0R2F-NML1.SM2M-3.20131011_093600Z.flac
dclde_DFO_CRP_NorthBc__DFOCRP.KkHK0R2F-NML1.SM2M-3.20131011_093600Z.flac,DFO_CRP,NorthBc,DFOCRP.KkHK0R2F-NML1.SM2M-3.20131011_093600Z.flac,dclde/2027/dclde_2027_killer_whales/dfo_crp/audio/northbc/DFOCRP.KkHK0R2F-NML1.SM2M-3.20131011_093600Z.flac,gs://noaa-passive-bioacoustic/dclde/2027/dclde_2027_killer_whales/dfo_crp/audio/northbc/DFOCRP.KkHK0R2F-NML1.SM2M-3.20131011_093600Z.flac,https://storage.googleapis.com/noaa-passive-bioacoustic/dclde/2027/dclde_2027_killer_whales/dfo_crp/audio/northbc/DFOCRP.KkHK0R2F-NML1.SM2M-3.20131011_093600Z.flac
dclde_DFO_CRP_NorthBc__DFOCRP.KkHK0R2F-NML1.SM2M-3.20131011_095100Z.flac,DFO_CRP,NorthBc,DFOCRP.KkHK0R2F-NML1.SM2M-3.20131011_095100Z.flac,dclde/2027/dclde_2027_killer_whales/dfo_crp/audio/northbc/DFOCRP.KkHK0R2F-NML1.SM2M-3.20131011_095100Z.flac,gs://noaa-passive-bioacoustic/dclde/2027/dclde_2027_killer_whales/dfo_crp/audio/northbc/DFOCRP.KkHK0R2F-NML1.SM2M-3.20131011_095100Z.flac,https://storage.googleapis.com/noaa-passive-bioacoustic/dclde/2027/dclde_2027_killer_whales/dfo_crp/audio/northbc/DFOCRP.KkHK0R2F-NML1.SM2M-3.20131011_095100Z.flac
dclde_DFO_CRP_NorthBc__DFOCRP.KkHK0R2F-NML1.SM2M-3.20131011_100600Z.flac,DFO_CRP,NorthBc,DFOCRP.KkHK0R2F-NML1.SM2M-3.20131011_100600Z.flac,dclde/2027/dclde_2027_killer_whales/dfo_crp/audio/northbc/DFOCRP.KkHK0R2F-NML1.SM2M-3.20131011_100600Z.flac,gs://noaa-passive-bioacoustic/dclde/2027/dclde_2027_killer_whales/dfo_crp/audio/northbc/DFOCRP.KkHK0R2F-NML1.SM2M-3.20131011_100600Z.flac,https://storage.googleapis.com/noaa-passive-bioacoustic/dclde/2027/dclde_2027_killer_whales/dfo_crp/audio/northbc/DFOCRP.KkHK0R2F-NML1.SM2M-3.20131011_100600Z.flac
dclde_DFO_CRP_NorthBc__DFOCRP.KkHK0R2F-NML1.SM2M-3.20131011_100600Z.flac,DFO_CRP,NorthBc,DFOCRP.KkHK0R2F-NML1.SM2M-3.20131011_100600Z.flac,dclde/2027/dclde_2027_killer_whales/dfo_crp/audio/northbc/DFOCRP.KkHK0R2F-NML1.SM2M-3.20131011_100600Z.flac,gs://noaa-passive-bioacoustic/dclde/2027/dclde_2027_killer_whales/dfo_crp/audio/northbc/DFOCRP.KkHK0R2F-NML1.SM2M-3.20131011_100600Z.flac,https://storage.googleapis.com/noaa-passive-bioacoustic/dclde/2027/dclde_2027_killer_whales/dfo_crp/audio/northbc/DFOCRP.KkHK0R2F-NML1.SM2M-3.20131011_100600Z.flac
dclde_DFO_CRP_NorthBc__DFOCRP.KkHK0R2F-NML1.SM2M-3.20131011_100600Z.flac,DFO_CRP,NorthBc,DFOCRP.KkHK0R2F-NML1.SM2M-3.20131011_100600Z.flac,dclde/2027/dclde_2027_killer_whales/dfo_crp/audio/northbc/DFOCRP.KkHK0R2F-NML1.SM2M-3.20131011_100600Z.flac,gs://noaa-passive-bioacoustic/dclde/2027/dclde_2027_killer_whales/dfo_crp/audio/northbc/DFOCRP.KkHK0R2F-NML1.SM2M-3.20131011_100600Z.flac,https://storage.googleapis.com/noaa-passive-bioacoustic/dclde/2027/dclde_2027_killer_whales/dfo_crp/audio/northbc/DFOCRP.KkHK0R2F-NML1.SM2M-3.20131011_100600Z.flac
dclde_DFO_CRP_NorthBc__DFOCRP.KkHK0R2F-NML1.SM2M-3.20131011_102100Z.flac,DFO_CRP,NorthBc,DFOCRP.KkHK0R2F-NML1.SM2M-3.20131011_102100Z.flac,dclde/2027/dclde_2027_killer_whales/dfo_crp/audio/northbc/DFOCRP.KkHK0R2F-NML1.SM2M-3.20131011_102100Z.flac,gs://noaa-passive-bioacoustic/dclde/2027/dclde_2027_killer_whales/dfo_crp/audio/northbc/DFOCRP.KkHK0R2F-NML1.SM2M-3.20131011_102100Z.flac,https://storage.googleapis.com/noaa-passive-bioacoustic/dclde/2027/dclde_2027_killer_whales/dfo_crp/audio/northbc/DFOCRP.KkHK0R2F-NML1.SM2M-3.20131011_102100Z.flac
dclde_DFO_CRP_NorthBc__DFOCRP.KkHK0R2F-NML1.SM2M-3.20131011_102100Z.flac,DFO_CRP,NorthBc,DFOCRP.KkHK0R2F-NML1.SM2M-3.20131011_102100Z.flac,dclde/2027/dclde_2027_killer_whales/dfo_crp/audio/northbc/DFOCRP.KkHK0R2F-NML1.SM2M-3.20131011_102100Z.flac,gs://noaa-passive-bioacoustic/dclde/2027/dclde_2027_killer_whales/dfo_crp/audio/northbc/DFOCRP.KkHK0R2F-NML1.SM2M-3.20131011_102100Z.flac,https://storage.googleapis.com/noaa-passive-bioacoustic/dclde/2027/dclde_2027_killer_whales/dfo_crp/audio/northbc/DFOCRP.KkHK0R2F-NML1.SM2M-3.20131011_102100Z.flac
dclde_DFO_CRP_NorthBc__DFOCRP.KkHK0R2F-NML1.SM2M-3.20131011_102100Z.flac,DFO_CRP,NorthBc,DFOCRP.KkHK0R2F-NML1.SM2M-3.20131011_102100Z.flac,dclde/2027/dclde_2027_killer_whales/dfo_crp/audio/northbc/DFOCRP.KkHK0R2F-NML1.SM2M-3.20131011_102100Z.flac,gs://noaa-passive-bioacoustic/dclde/2027/dclde_2027_killer_whales/dfo_crp/audio/northbc/DFOCRP.KkHK0R2F-NML1.SM2M-3.20131011_102100Z.flac,https://storage.googleapis.com/noaa-passive-bioacoustic/dclde/2027/dclde_2027_killer_whales/dfo_crp/audio/northbc/DFOCRP.KkHK0R2F-NML1.SM2M-3.20131011_102100Z.flac
dclde_DFO_CRP_NorthBc__DFOCRP.KkHK0R2F-NML1.SM2M-3.20131011_102100Z.flac,DFO_CRP,NorthBc,DFOCRP.KkHK0R2F-NML1.SM2M-3.20131011_102100Z.flac,dclde/2027/dclde_2027_killer_whales/dfo_crp/audio/northbc/DFOCRP.KkHK0R2F-NML1.SM2M-3.20131011_102100Z.flac,gs://noaa-passive-bioacoustic/dclde/2027/dclde_2027_killer_whales/dfo_crp/audio/northbc/DFOCRP.KkHK0R2F-NML1.SM2M-3.20131011_102100Z.flac,https://storage.googleapis.com/noaa-passive-bioacoustic/dclde/2027/dclde_2027_killer_whales/dfo_crp/audio/northbc/DFOCRP.KkHK0R2F-NML1.SM2M-3.20131011_102100Z.flac
dclde_DFO_CRP_NorthBc__DFOCRP.KkHK0R2F-NML1.SM2M-3.20131011_102100Z.flac,DFO_CRP,NorthBc,DFOCRP.KkHK0R2F-NML1.SM2M-3.20131011_102100Z.flac,dclde/2027/dclde_2027_killer_whales/dfo_crp/audio/northbc/DFOCRP.KkHK0R2F-NML1.SM2M-3.20131011_102100Z.flac,gs://noaa-passive-bioacoustic/dclde/2027/dclde_2027_killer_whales/dfo_crp/audio/northbc/DFOCRP.KkHK0R2F-NML1.SM2M-3.20131011_102100Z.flac,https://storage.googleapis.com/noaa-passive-bioacoustic/dclde/2027/dclde_2027_killer_whales/dfo_crp/audio/northbc/DFOCRP.KkHK0R2F-NML1.SM2M-3.20131011_102100Z.flac
dclde_DFO_CRP_NorthBc__DFOCRP.KkHK0R2F-NML1.SM2M-3.20131011_102100Z.flac,DFO_CRP,NorthBc,DFOCRP.KkHK0R2F-NML1.SM2M-3.20131011_102100Z.flac,dclde/2027/dclde_2027_killer_whales/dfo_crp/audio/northbc/DFOCRP.KkHK0R2F-NML1.SM2M-3.20131011_102100Z.flac,gs://noaa-passive-bioacoustic/dclde/2027/dclde_2027_killer_whales/dfo_crp/audio/northbc/DFOCRP.KkHK0R2F-NML1.SM2M-3.20131011_102100Z.flac,https://storage.googleapis.com/noaa-passive-bioacoustic/dclde/2027/dclde_2027_killer_whales/dfo_crp/audio/northbc/DFOCRP.KkHK0R2F-NML1.SM2M-3.20131011_102100Z.flac
dclde_DFO_CRP_NorthBc__DFOCRP.KkHK0R2F-NML1.SM2M-3.20131011_102100Z.flac,DFO_CRP,NorthBc,DFOCRP.KkHK0R2F-NML1.SM2M-3.20131011_102100Z.flac,dclde/2027/dclde_2027_killer_whales/dfo_crp/audio/northbc/DFOCRP.KkHK0R2F-NML1.SM2M-3.20131011_102100Z.flac,gs://noaa-passive-bioacoustic/dclde/2027/dclde_2027_killer_whales/dfo_crp/audio/northbc/DFOCRP.KkHK0R2F-NML1.SM2M-3.20131011_102100Z.flac,https://storage.googleapis.com/noaa-passive-bioacoustic/dclde/2027/dclde_2027_killer_whales/dfo_crp/audio/northbc/DFOCRP.KkHK0R2F-NML1.SM2M-3.20131011_102100Z.flac
dclde_DFO_CRP_NorthBc__DFOCRP.KkHK0R2F-NML1.SM2M-3.20131011_102100Z.flac,DFO_CRP,NorthBc,DFOCRP.KkHK0R2F-NML1.SM2M-3.20131011_102100Z.flac,dclde/2027/dclde_2027_killer_whales/dfo_crp/audio/northbc/DFOCRP.KkHK0R2F-NML1.SM2M-3.20131011_102100Z.flac,gs://noaa-passive-bioacoustic/dclde/2027/dclde_2027_killer_whales/dfo_crp/audio/northbc/DFOCRP.KkHK0R2F-NML1.SM2M-3.20131011_102100Z.flac,https://storage.googleapis.com/noaa-passive-bioacoustic/dclde/2027/dclde_2027_killer_whales/dfo_crp/audio/northbc/DFOCRP.KkHK0R2F-NML1.SM2M-3.20131011_102100Z.flac
dclde_DFO_CRP_NorthBc__DFOCRP.KkHK0R2F-NML1.SM2M-3.20131011_102100Z.flac,DFO_CRP,NorthBc,DFOCRP.KkHK0R2F-NML1.SM2M-3.20131011_102100Z.flac,dclde/2027/dclde_2027_killer_whales/dfo_crp/audio/northbc/DFOCRP.KkHK0R2F-NML1.SM2M-3.20131011_102100Z.flac,gs://noaa-passive-bioacoustic/dclde/2027/dclde_2027_killer_whales/dfo_crp/audio/northbc/DFOCRP.KkHK0R2F-NML1.SM2M-3.20131011_102100Z.flac,https://storage.googleapis.com/noaa-passive-bioacoustic/dclde/2027/dclde_2027_killer_whales/dfo_crp/audio/northbc/DFOCRP.KkHK0R2F-NML1.SM2M-3.20131011_102100Z.flac
dclde_DFO_CRP_NorthBc__DFOCRP.KkHK0R2F-NML1.SM2M-3.20131011_102100Z.flac,DFO_CRP,NorthBc,DFOCRP.KkHK0R2F-NML1.SM2M-3.20131011_102100Z.flac,dclde/2027/dclde_2027_killer_whales/dfo_crp/audio/northbc/DFOCRP.KkHK0R2F-NML1.SM2M-3.20131011_102100Z.flac,gs://noaa-passive-bioacoustic/dclde/2027/dclde_2027_killer_whales/dfo_crp/audio/northbc/DFOCRP.KkHK0R2F-NML1.SM2M-3.20131011_102100Z.flac,https://storage.googleapis.com/noaa-passive-bioacoustic/dclde/2027/dclde_2027_killer_whales/dfo_crp/audio/northbc/DFOCRP.KkHK0R2F-NML1.SM2M-3.20131011_102100Z.flac
dclde_DFO_CRP_NorthBc__DFOCRP.KkHK0R2F-NML1.SM2M-3.20131011_102100Z.flac,DFO_CRP,NorthBc,DFOCRP.KkHK0R2F-NML1.SM2M-3.20131011_102100Z.flac,dclde/2027/dclde_2027_killer_whales/dfo_crp/audio/northbc/DFOCRP.KkHK0R2F-NML1.SM2M-3.20131011_102100Z.flac,gs://noaa-passive-bioacoustic/dclde/2027/dclde_2027_killer_whales/dfo_crp/audio/northbc/DFOCRP.KkHK0R2F-NML1.SM2M-3.20131011_102100Z.flac,https://storage.googleapis.com/noaa-passive-bioacoustic/dclde/2027/dclde_2027_killer_whales/dfo_crp/audio/northbc/DFOCRP.KkHK0R2F-NML1.SM2M-3.20131011_102100Z.flac
dclde_DFO_CRP_NorthBc__DFOCRP.KkHK0R2F-NML1.SM2M-3.20131011_102100Z.flac,DFO_CRP,NorthBc,DFOCRP.KkHK0R2F-NML1.SM2M-3.20131011_102100Z.flac,dclde/2027/dclde_2027_killer_whales/dfo_crp/audio/northbc/DFOCRP.KkHK0R2F-NML1.SM2M-3.20131011_102100Z.flac,gs://noaa-passive-bioacoustic/dclde/2027/dclde_2027_killer_whales/dfo_crp/audio/northbc/DFOCRP.KkHK0R2F-NML1.SM2M-3.20131011_102100Z.flac,https://storage.googleapis.com/noaa-passive-bioacoustic/dclde/2027/dclde_2027_killer_whales/dfo_crp/audio/northbc/DFOCRP.KkHK0R2F-NML1.SM2M-3.20131011_102100Z.flac
dclde_DFO_CRP_NorthBc__DFOCRP.KkHK0R2F-NML1.SM2M-3.20131011_102100Z.flac,DFO_CRP,NorthBc,DFOCRP.KkHK0R2F-NML1.SM2M-3.20131011_102100Z.flac,dclde/2027/dclde_2027_killer_whales/dfo_crp/audio/northbc/DFOCRP.KkHK0R2F-NML1.SM2M-3.20131011_102100Z.flac,gs://noaa-passive-bioacoustic/dclde/2027/dclde_2027_killer_whales/dfo_crp/audio/northbc/DFOCRP.KkHK0R2F-NML1.SM2M-3.20131011_102100Z.flac,https://storage.googleapis.com/noaa-passive-bioacoustic/dclde/2027/dclde_2027_killer_whales/dfo_crp/audio/northbc/DFOCRP.KkHK0R2F-NML1.SM2M-3.20131011_102100Z.flac
dclde_DFO_CRP_NorthBc__DFOCRP.KkHK0R2F-NML1.SM2M-3.20131011_102100Z.flac,DFO_CRP,NorthBc,DFOCRP.KkHK0R2F-NML1.SM2M-3.20131011_102100Z.flac,dclde/2027/dclde_2027_killer_whales/dfo_crp/audio/northbc/DFOCRP.KkHK0R2F-NML1.SM2M-3.20131011_102100Z.flac,gs://noaa-passive-bioacoustic/dclde/2027/dclde_2027_killer_whales/dfo_crp/audio/northbc/DFOCRP.KkHK0R2F-NML1.SM2M-3.20131011_102100Z.flac,https://storage.googleapis.com/noaa-passive-bioacoustic/dclde/2027/dclde_2027_killer_whales/dfo_crp/audio/northbc/DFOCRP.KkHK0R2F-NML1.SM2M-3.20131011_102100Z.flac
dclde_DFO_CRP_NorthBc__DFOCRP.KkHK0R2F-NML1.SM2M-3.20131011_102100Z.flac,DFO_CRP,NorthBc,DFOCRP.KkHK0R2F-NML1.SM2M-3.20131011_102100Z.flac,dclde/2027/dclde_2027_killer_whales/dfo_crp/audio/northbc/DFOCRP.KkHK0R2F-NML1.SM2M-3.20131011_102100Z.flac,gs://noaa-passive-bioacoustic/dclde/2027/dclde_2027_killer_whales/dfo_crp/audio/northbc/DFOCRP.KkHK0R2F-NML1.SM2M-3.20131011_102100Z.flac,https://storage.googleapis.com/noaa-passive-bioacoustic/dclde/2027/dclde_2027_killer_whales/dfo_crp/audio/northbc/DFOCRP.KkHK0R2F-NML1.SM2M-3.20131011_102100Z.flac
dclde_DFO_CRP_NorthBc__DFOCRP.KkHK0R2F-NML1.SM2M-3.20131011_102100Z.flac,DFO_CRP,NorthBc,DFOCRP.KkHK0R2F-NML1.SM2M-3.20131011_102100Z.flac,dclde/2027/dclde_2027_killer_whales/dfo_crp/audio/northbc/DFOCRP.KkHK0R2F-NML1.SM2M-3.20131011_102100Z.flac,gs://noaa-passive-bioacoustic/dclde/2027/dclde_2027_killer_whales/dfo_crp/audio/northbc/DFOCRP.KkHK0R2F-NML1.SM2M-3.20131011_102100Z.flac,https://storage.googleapis.com/noaa-passive-bioacoustic/dclde/2027/dclde_2027_killer_whales/dfo_crp/audio/northbc/DFOCRP.KkHK0R2F-NML1.SM2M-3.20131011_102100Z.flac
dclde_DFO_CRP_NorthBc__DFOCRP.KkHK0R2F-NML1.SM2M-3.20131011_102100Z.flac,DFO_CRP,NorthBc,DFOCRP.KkHK0R2F-NML1.SM2M-3.20131011_102100Z.flac,dclde/2027/dclde_2027_killer_whales/dfo_crp/audio/northbc/DFOCRP.KkHK0R2F-NML1.SM2M-3.20131011_102100Z.flac,gs://noaa-passive-bioacoustic/dclde/2027/dclde_2027_killer_whales/dfo_crp/audio/northbc/DFOCRP.KkHK0R2F-NML1.SM2M-3.20131011_102100Z.flac,https://storage.googleapis.com/noaa-passive-bioacoustic/dclde/2027/dclde_2027_killer_whales/dfo_crp/audio/northbc/DFOCRP.KkHK0R2F-NML1.SM2M-3.20131011_102100Z.flac
dclde_DFO_CRP_NorthBc__DFOCRP.KkHK0R2F-NML1.SM2M-3.20131011_102100Z.flac,DFO_CRP,NorthBc,DFOCRP.KkHK0R2F-NML1.SM2M-3.20131011_102100Z.flac,dclde/2027/dclde_2027_killer_whales/dfo_crp/audio/northbc/DFOCRP.KkHK0R2F-NML1.SM2M-3.20131011_102100Z.flac,gs://noaa-passive-bioacoustic/dclde/2027/dclde_2027_killer_whales/dfo_crp/audio/northbc/DFOCRP.KkHK0R2F-NML1.SM2M-3.20131011_102100Z.flac,https://storage.googleapis.com/noaa-passive-bioacoustic/dclde/2027/dclde_2027_killer_whales/dfo_crp/audio/northbc/DFOCRP.KkHK0R2F-NML1.SM2M-3.20131011_102100Z.flac
dclde_DFO_CRP_NorthBc__DFOCRP.KkHK0R2F-NML1.SM2M-3.20131011_102100Z.flac,DFO_CRP,NorthBc,DFOCRP.KkHK0R2F-NML1.SM2M-3.20131011_102100Z.flac,dclde/2027/dclde_2027_killer_whales/dfo_crp/audio/northbc/DFOCRP.KkHK0R2F-NML1.SM2M-3.20131011_102100Z.flac,gs://noaa-passive-bioacoustic/dclde/2027/dclde_2027_killer_whales/dfo_crp/audio/northbc/DFOCRP.KkHK0R2F-NML1.SM2M-3.20131011_102100Z.flac,https://storage.googleapis.com/noaa-passive-bioacoustic/dclde/2027/dclde_2027_killer_whales/dfo_crp/audio/northbc/DFOCRP.KkHK0R2F-NML1.SM2M-3.20131011_102100Z.flac
dclde_DFO_CRP_NorthBc__DFOCRP.KkHK0R2F-NML1.SM2M-3.20131011_102100Z.flac,DFO_CRP,NorthBc,DFOCRP.KkHK0R2F-NML1.SM2M-3.20131011_102100Z.flac,dclde/2027/dclde_2027_killer_whales/dfo_crp/audio/northbc/DFOCRP.KkHK0R2F-NML1.SM2M-3.20131011_102100Z.flac,gs://noaa-passive-bioacoustic/dclde/2027/dclde_2027_killer_whales/dfo_crp/audio/northbc/DFOCRP.KkHK0R2F-NML1.SM2M-3.20131011_102100Z.flac,https://storage.googleapis.com/noaa-passive-bioacoustic/dclde/2027/dclde_2027_killer_whales/dfo_crp/audio/northbc/DFOCRP.KkHK0R2F-NML1.SM2M-3.20131011_102100Z.flac
dclde_DFO_CRP_NorthBc__DFOCRP.KkHK0R2F-NML1.SM2M-3.20131011_103600Z.flac,DFO_CRP,NorthBc,DFOCRP.KkHK0R2F-NML1.SM2M-3.20131011_103600Z.flac,dclde/2027/dclde_2027_killer_whales/dfo_crp/audio/northbc/DFOCRP.KkHK0R2F-NML1.SM2M-3.20131011_103600Z.flac,gs://noaa-passive-bioacoustic/dclde/2027/dclde_2027_killer_whales/dfo_crp/audio/northbc/DFOCRP.KkHK0R2F-NML1.SM2M-3.20131011_103600Z.flac,https://storage.googleapis.com/noaa-passive-bioacoustic/dclde/2027/dclde_2027_killer_whales/dfo_crp/audio/northbc/DFOCRP.KkHK0R2F-NML1.SM2M-3.20131011_103600Z.flac
dclde_DFO_CRP_NorthBc__DFOCRP.KkHK0R2F-NML1.SM2M-3.20131011_103600Z.flac,DFO_CRP,NorthBc,DFOCRP.KkHK0R2F-NML1.SM2M-3.20131011_103600Z.flac,dclde/2027/dclde_2027_killer_whales/dfo_crp/audio/northbc/DFOCRP.KkHK0R2F-NML1.SM2M-3.20131011_103600Z.flac,gs://noaa-passive-bioacoustic/dclde/2027/dclde_2027_killer_whales/dfo_crp/audio/northbc/DFOCRP.KkHK0R2F-NML1.SM2M-3.20131011_103600Z.flac,https://storage.googleapis.com/noaa-passive-bioacoustic/dclde/2027/dclde_2027_killer_whales/dfo_crp/audio/northbc/DFOCRP.KkHK0R2F-NML1.SM2M-3.20131011_103600Z.flac
dclde_DFO_CRP_NorthBc__DFOCRP.KkHK0R2F-NML1.SM2M-3.20131011_103600Z.flac,DFO_CRP,NorthBc,DFOCRP.KkHK0R2F-NML1.SM2M-3.20131011_103600Z.flac,dclde/2027/dclde_2027_killer_whales/dfo_crp/audio/northbc/DFOCRP.KkHK0R2F-NML1.SM2M-3.20131011_103600Z.flac,gs://noaa-passive-bioacoustic/dclde/2027/dclde_2027_killer_whales/dfo_crp/audio/northbc/DFOCRP.KkHK0R2F-NML1.SM2M-3.20131011_103600Z.flac,https://storage.googleapis.com/noaa-passive-bioacoustic/dclde/2027/dclde_2027_killer_whales/dfo_crp/audio/northbc/DFOCRP.KkHK0R2F-NML1.SM2M-3.20131011_103600Z.flac
dclde_DFO_CRP_NorthBc__DFOCRP.KkHK0R2F-NML1.SM2M-3.20131011_103600Z.flac,DFO_CRP,NorthBc,DFOCRP.KkHK0R2F-NML1.SM2M-3.20131011_103600Z.flac,dclde/2027/dclde_2027_killer_whales/dfo_crp/audio/northbc/DFOCRP.KkHK0R2F-NML1.SM2M-3.20131011_103600Z.flac,gs://noaa-passive-bioacoustic/dclde/2027/dclde_2027_killer_whales/dfo_crp/audio/northbc/DFOCRP.KkHK0R2F-NML1.SM2M-3.20131011_103600Z.flac,https://storage.googleapis.com/noaa-passive-bioacoustic/dclde/2027/dclde_2027_killer_whales/dfo_crp/audio/northbc/DFOCRP.KkHK0R2F-NML1.SM2M-3.20131011_103600Z.flac
dclde_DFO_CRP_NorthBc__DFOCRP.KkHK0R2F-NML1.SM2M-3.20131011_103600Z.flac,DFO_CRP,NorthBc,DFOCRP.KkHK0R2F-NML1.SM2M-3.20131011_103600Z.flac,dclde/2027/dclde_2027_killer_whales/dfo_crp/audio/northbc/DFOCRP.KkHK0R2F-NML1.SM2M-3.20131011_103600Z.flac,gs://noaa-passive-bioacoustic/dclde/2027/dclde_2027_killer_whales/dfo_crp/audio/northbc/DFOCRP.KkHK0R2F-NML1.SM2M-3.20131011_103600Z.flac,https://storage.googleapis.com/noaa-passive-bioacoustic/dclde/2027/dclde_2027_killer_whales/dfo_crp/audio/northbc/DFOCRP.KkHK0R2F-NML1.SM2M-3.20131011_103600Z.flac
dclde_DFO_CRP_NorthBc__DFOCRP.KkHK0R2F-NML1.SM2M-3.20131011_103600Z.flac,DFO_CRP,NorthBc,DFOCRP.KkHK0R2F-NML1.SM2M-3.20131011_103600Z.flac,dclde/2027/dclde_2027_killer_whales/dfo_crp/audio/northbc/DFOCRP.KkHK0R2F-NML1.SM2M-3.20131011_103600Z.flac,gs://noaa-passive-bioacoustic/dclde/2027/dclde_2027_killer_whales/dfo_crp/audio/northbc/DFOCRP.KkHK0R2F-NML1.SM2M-3.20131011_103600Z.flac,https://storage.googleapis.com/noaa-passive-bioacoustic/dclde/2027/dclde_2027_killer_whales/dfo_crp/audio/northbc/DFOCRP.KkHK0R2F-NML1.SM2M-3.20131011_103600Z.flac
dclde_DFO_CRP_NorthBc__DFOCRP.KkHK0R2F-NML1.SM2M-3.20131011_103600Z.flac,DFO_CRP,NorthBc,DFOCRP.KkHK0R2F-NML1.SM2M-3.20131011_103600Z.flac,dclde/2027/dclde_2027_killer_whales/dfo_crp/audio/northbc/DFOCRP.KkHK0R2F-NML1.SM2M-3.20131011_103600Z.flac,gs://noaa-passive-bioacoustic/dclde/2027/dclde_2027_killer_whales/dfo_crp/audio/northbc/DFOCRP.KkHK0R2F-NML1.SM2M-3.20131011_103600Z.flac,https://storage.googleapis.com/noaa-passive-bioacoustic/dclde/2027/dclde_2027_killer_whales/dfo_crp/audio/northbc/DFOCRP.KkHK0R2F-NML1.SM2M-3.20131011_103600Z.flac
dclde_DFO_CRP_NorthBc__DFOCRP.KkHK0R2F-NML1.SM2M-3.20131011_103600Z.flac,DFO_CRP,NorthBc,DFOCRP.KkHK0R2F-NML1.SM2M-3.20131011_103600Z.flac,dclde/2027/dclde_2027_killer_whales/dfo_crp/audio/northbc/DFOCRP.KkHK0R2F-NML1.SM2M-3.20131011_103600Z.flac,gs://noaa-passive-bioacoustic/dclde/2027/dclde_2027_killer_whales/dfo_crp/audio/northbc/DFOCRP.KkHK0R2F-NML1.SM2M-3.20131011_103600Z.flac,https://storage.googleapis.com/noaa-passive-bioacoustic/dclde/2027/dclde_2027_killer_whales/dfo_crp/audio/northbc/DFOCRP.KkHK0R2F-NML1.SM2M-3.20131011_103600Z.flac
dclde_DFO_CRP_NorthBc__DFOCRP.KkHK0R2F-NML1.SM2M-3.20131011_103600Z.flac,DFO_CRP,NorthBc,DFOCRP.KkHK0R2F-NML1.SM2M-3.20131011_103600Z.flac,dclde/2027/dclde_2027_killer_whales/dfo_crp/audio/northbc/DFOCRP.KkHK0R2F-NML1.SM2M-3.20131011_103600Z.flac,gs://noaa-passive-bioacoustic/dclde/2027/dclde_2027_killer_whales/dfo_crp/audio/northbc/DFOCRP.KkHK0R2F-NML1.SM2M-3.20131011_103600Z.flac,https://storage.googleapis.com/noaa-passive-bioacoustic/dclde/2027/dclde_2027_killer_whales/dfo_crp/audio/northbc/DFOCRP.KkHK0R2F-NML1.SM2M-3.20131011_103600Z.flac
dclde_DFO_CRP_NorthBc__DFOCRP.KkHK0R2F-NML1.SM2M-3.20131011_103600Z.flac,DFO_CRP,NorthBc,DFOCRP.KkHK0R2F-NML1.SM2M-3.20131011_103600Z.flac,dclde/2027/dclde_2027_killer_whales/dfo_crp/audio/northbc/DFOCRP.KkHK0R2F-NML1.SM2M-3.20131011_103600Z.flac,gs://noaa-passive-bioacoustic/dclde/2027/dclde_2027_killer_whales/dfo_crp/audio/northbc/DFOCRP.KkHK0R2F-NML1.SM2M-3.20131011_103600Z.flac,https://storage.googleapis.com/noaa-passive-bioacoustic/dclde/2027/dclde_2027_killer_whales/dfo_crp/audio/northbc/DFOCRP.KkHK0R2F-NML1.SM2M-3.20131011_103600Z.flac
dclde_DFO_CRP_NorthBc__DFOCRP.KkHK0R2F-NML1.SM2M-3.20131011_103600Z.flac,DFO_CRP,NorthBc,DFOCRP.KkHK0R2F-NML1.SM2M-3.20131011_103600Z.flac,dclde/2027/dclde_2027_killer_whales/dfo_crp/audio/northbc/DFOCRP.KkHK0R2F-NML1.SM2M-3.20131011_103600Z.flac,gs://noaa-passive-bioacoustic/dclde/2027/dclde_2027_killer_whales/dfo_crp/audio/northbc/DFOCRP.KkHK0R2F-NML1.SM2M-3.20131011_103600Z.flac,https://storage.googleapis.com/noaa-passive-bioacoustic/dclde/2027/dclde_2027_killer_whales/dfo_crp/audio/northbc/DFOCRP.KkHK0R2F-NML1.SM2M-3.20131011_103600Z.flac
dclde_DFO_CRP_NorthBc__DFOCRP.KkHK0R2F-NML1.SM2M-3.20131011_103600Z.flac,DFO_CRP,NorthBc,DFOCRP.KkHK0R2F-NML1.SM2M-3.20131011_103600Z.flac,dclde/2027/dclde_2027_killer_whales/dfo_crp/audio/northbc/DFOCRP.KkHK0R2F-NML1.SM2M-3.20131011_103600Z.flac,gs://noaa-passive-bioacoustic/dclde/2027/dclde_2027_killer_whales/dfo_crp/audio/northbc/DFOCRP.KkHK0R2F-NML1.SM2M-3.20131011_103600Z.flac,https://storage.googleapis.com/noaa-passive-bioacoustic/dclde/2027/dclde_2027_killer_whales/dfo_crp/audio/northbc/DFOCRP.KkHK0R2F-NML1.SM2M-3.20131011_103600Z.flac
dclde_DFO_CRP_NorthBc__DFOCRP.KkHK0R2F-NML1.SM2M-3.20131011_103600Z.flac,DFO_CRP,NorthBc,DFOCRP.KkHK0R2F-NML1.SM2M-3.20131011_103600Z.flac,dclde/2027/dclde_2027_killer_whales/dfo_crp/audio/northbc/DFOCRP.KkHK0R2F-NML1.SM2M-3.20131011_103600Z.flac,gs://noaa-passive-bioacoustic/dclde/2027/dclde_2027_killer_whales/dfo_crp/audio/northbc/DFOCRP.KkHK0R2F-NML1.SM2M-3.20131011_103600Z.flac,https://storage.googleapis.com/noaa-passive-bioacoustic/dclde/2027/dclde_2027_killer_whales/dfo_crp/audio/northbc/DFOCRP.KkHK0R2F-NML1.SM2M-3.20131011_103600Z.flac
dclde_DFO_CRP_NorthBc__DFOCRP.KkHK0R2F-NML1.SM2M-3.20131011_103600Z.flac,DFO_CRP,NorthBc,DFOCRP.KkHK0R2F-NML1.SM2M-3.20131011_103600Z.flac,dclde/2027/dclde_2027_killer_whales/dfo_crp/audio/northbc/DFOCRP.KkHK0R2F-NML1.SM2M-3.20131011_103600Z.flac,gs://noaa-passive-bioacoustic/dclde/2027/dclde_2027_killer_whales/dfo_crp/audio/northbc/DFOCRP.KkHK0R2F-NML1.SM2M-3.20131011_103600Z.flac,https://storage.googleapis.com/noaa-passive-bioacoustic/dclde/2027/dclde_2027_killer_whales/dfo_crp/audio/northbc/DFOCRP.KkHK0R2F-NML1.SM2M-3.20131011_103600Z.flac
dclde_DFO_CRP_NorthBc__DFOCRP.KkHK0R2F-NML1.SM2M-3.20131011_103600Z.flac,DFO_CRP,NorthBc,DFOCRP.KkHK0R2F-NML1.SM2M-3.20131011_103600Z.flac,dclde/2027/dclde_2027_killer_whales/dfo_crp/audio/northbc/DFOCRP.KkHK0R2F-NML1.SM2M-3.20131011_103600Z.flac,gs://noaa-passive-bioacoustic/dclde/2027/dclde_2027_killer_whales/dfo_crp/audio/northbc/DFOCRP.KkHK0R2F-NML1.SM2M-3.20131011_103600Z.flac,https://storage.googleapis.com/noaa-passive-bioacoustic/dclde/2027/dclde_2027_killer_whales/dfo_crp/audio/northbc/DFOCRP.KkHK0R2F-NML1.SM2M-3.20131011_103600Z.flac
dclde_DFO_CRP_NorthBc__DFOCRP.KkHK0R2F-NML1.SM2M-3.20131011_103600Z.flac,DFO_CRP,NorthBc,DFOCRP.KkHK0R2F-NML1.SM2M-3.20131011_103600Z.flac,dclde/2027/dclde_2027_killer_whales/dfo_crp/audio/northbc/DFOCRP.KkHK0R2F-NML1.SM2M-3.20131011_103600Z.flac,gs://noaa-passive-bioacoustic/dclde/2027/dclde_2027_killer_whales/dfo_crp/audio/northbc/DFOCRP.KkHK0R2F-NML1.SM2M-3.20131011_103600Z.flac,https://storage.googleapis.com/noaa-passive-bioacoustic/dclde/2027/dclde_2027_killer_whales/dfo_crp/audio/northbc/DFOCRP.KkHK0R2F-NML1.SM2M-3.20131011_103600Z.flac
dclde_DFO_CRP_NorthBc__DFOCRP.KkHK0R2F-NML1.SM2M-3.20131011_103600Z.flac,DFO_CRP,NorthBc,DFOCRP.KkHK0R2F-NML1.SM2M-3.20131011_103600Z.flac,dclde/2027/dclde_2027_killer_whales/dfo_crp/audio/northbc/DFOCRP.KkHK0R2F-NML1.SM2M-3.20131011_103600Z.flac,gs://noaa-passive-bioacoustic/dclde/2027/dclde_2027_killer_whales/dfo_crp/audio/northbc/DFOCRP.KkHK0R2F-NML1.SM2M-3.20131011_103600Z.flac,https://storage.googleapis.com/noaa-passive-bioacoustic/dclde/2027/dclde_2027_killer_whales/dfo_crp/audio/northbc/DFOCRP.KkHK0R2F-NML1.SM2M-3.20131011_103600Z.flac
dclde_DFO_CRP_NorthBc__DFOCRP.KkHK0R2F-NML1.SM2M-3.20131011_103600Z.flac,DFO_CRP,NorthBc,DFOCRP.KkHK0R2F-NML1.SM2M-3.20131011_103600Z.flac,dclde/2027/dclde_2027_killer_whales/dfo_crp/audio/northbc/DFOCRP.KkHK0R2F-NML1.SM2M-3.20131011_103600Z.flac,gs://noaa-passive-bioacoustic/dclde/2027/dclde_2027_killer_whales/dfo_crp/audio/northbc/DFOCRP.KkHK0R2F-NML1.SM2M-3.20131011_103600Z.flac,https://storage.googleapis.com/noaa-passive-bioacoustic/dclde/2027/dclde_2027_killer_whales/dfo_crp/audio/northbc/DFOCRP.KkHK0R2F-NML1.SM2M-3.20131011_103600Z.flac
dclde_DFO_CRP_NorthBc__DFOCRP.KkHK0R2F-NML1.SM2M-3.20131011_103600Z.flac,DFO_CRP,NorthBc,DFOCRP.KkHK0R2F-NML1.SM2M-3.20131011_103600Z.flac,dclde/2027/dclde_2027_killer_whales/dfo_crp/audio/northbc/DFOCRP.KkHK0R2F-NML1.SM2M-3.20131011_103600Z.flac,gs://noaa-passive-bioacoustic/dclde/2027/dclde_2027_killer_whales/dfo_crp/audio/northbc/DFOCRP.KkHK0R2F-NML1.SM2M-3.20131011_103600Z.flac,https://storage.googleapis.com/noaa-passive-bioacoustic/dclde/2027/dclde_2027_killer_whales/dfo_crp/audio/northbc/DFOCRP.KkHK0R2F-NML1.SM2M-3.20131011_103600Z.flac
dclde_DFO_CRP_NorthBc__DFOCRP.KkHK0R2F-NML1.SM2M-3.20131011_103600Z.flac,DFO_CRP,NorthBc,DFOCRP.KkHK0R2F-NML1.SM2M-3.20131011_103600Z.flac,dclde/2027/dclde_2027_killer_whales/dfo_crp/audio/northbc/DFOCRP.KkHK0R2F-NML1.SM2M-3.20131011_103600Z.flac,gs://noaa-passive-bioacoustic/dclde/2027/dclde_2027_killer_whales/dfo_crp/audio/northbc/DFOCRP.KkHK0R2F-NML1.SM2M-3.20131011_103600Z.flac,https://storage.googleapis.com/noaa-passive-bioacoustic/dclde/2027/dclde_2027_killer_whales/dfo_crp/audio/northbc/DFOCRP.KkHK0R2F-NML1.SM2M-3.20131011_103600Z.flac
dclde_DFO_CRP_NorthBc__DFOCRP.KkHK0R2F-NML1.SM2M-3.20131011_103600Z.flac,DFO_CRP,NorthBc,DFOCRP.KkHK0R2F-NML1.SM2M-3.20131011_103600Z.flac,dclde/2027/dclde_2027_killer_whales/dfo_crp/audio/northbc/DFOCRP.KkHK0R2F-NML1.SM2M-3.20131011_103600Z.flac,gs://noaa-passive-bioacoustic/dclde/2027/dclde_2027_killer_whales/dfo_crp/audio/northbc/DFOCRP.KkHK0R2F-NML1.SM2M-3.20131011_103600Z.flac,https://storage.googleapis.com/noaa-passive-bioacoustic/dclde/2027/dclde_2027_killer_whales/dfo_crp/audio/northbc/DFOCRP.KkHK0R2F-NML1.SM2M-3.20131011_103600Z.flac
dclde_DFO_CRP_NorthBc__DFOCRP.KkHK0R2F-NML1.SM2M-3.20131011_103600Z.flac,DFO_CRP,NorthBc,DFOCRP.KkHK0R2F-NML1.SM2M-3.20131011_103600Z.flac,dclde/2027/dclde_2027_killer_whales/dfo_crp/audio/northbc/DFOCRP.KkHK0R2F-NML1.SM2M-3.20131011_103600Z.flac,gs://noaa-passive-bioacoustic/dclde/2027/dclde_2027_killer_whales/dfo_crp/audio/northbc/DFOCRP.KkHK0R2F-NML1.SM2M-3.20131011_103600Z.flac,https://storage.googleapis.com/noaa-passive-bioacoustic/dclde/2027/dclde_2027_killer_whales/dfo_crp/audio/northbc/DFOCRP.KkHK0R2F-NML1.SM2M-3.20131011_103600Z.flac
dclde_DFO_CRP_NorthBc__DFOCRP.KkHK0R2F-NML1.SM2M-3.20131011_105100Z.flac,DFO_CRP,NorthBc,DFOCRP.KkHK0R2F-NML1.SM2M-3.20131011_105100Z.flac,dclde/2027/dclde_2027_killer_whales/dfo_crp/audio/northbc/DFOCRP.KkHK0R2F-NML1.SM2M-3.20131011_105100Z.flac,gs://noaa-passive-bioacoustic/dclde/2027/dclde_2027_killer_whales/dfo_crp/audio/northbc/DFOCRP.KkHK0R2F-NML1.SM2M-3.20131011_105100Z.flac,https://storage.googleapis.com/noaa-passive-bioacoustic/dclde/2027/dclde_2027_killer_whales/dfo_crp/audio/northbc/DFOCRP.KkHK0R2F-NML1.SM2M-3.20131011_105100Z.flac
dclde_DFO_CRP_NorthBc__DFOCRP.KkHK0R2F-NML1.SM2M-3.20131011_105100Z.flac,DFO_CRP,NorthBc,DFOCRP.KkHK0R2F-NML1.SM2M-3.20131011_105100Z.flac,dclde/2027/dclde_2027_killer_whales/dfo_crp/audio/northbc/DFOCRP.KkHK0R2F-NML1.SM2M-3.20131011_105100Z.flac,gs://noaa-passive-bioacoustic/dclde/2027/dclde_2027_killer_whales/dfo_crp/audio/northbc/DFOCRP.KkHK0R2F-NML1.SM2M-3.20131011_105100Z.flac,https://storage.googleapis.com/noaa-passive-bioacoustic/dclde/2027/dclde_2027_killer_whales/dfo_crp/audio/northbc/DFOCRP.KkHK0R2F-NML1.SM2M-3.20131011_105100Z.flac
dclde_DFO_CRP_NorthBc__DFOCRP.KkHK0R2F-NML1.SM2M-3.20131011_105100Z.flac,DFO_CRP,NorthBc,DFOCRP.KkHK0R2F-NML1.SM2M-3.20131011_105100Z.flac,dclde/2027/dclde_2027_killer_whales/dfo_crp/audio/northbc/DFOCRP.KkHK0R2F-NML1.SM2M-3.20131011_105100Z.flac,gs://noaa-passive-bioacoustic/dclde/2027/dclde_2027_killer_whales/dfo_crp/audio/northbc/DFOCRP.KkHK0R2F-NML1.SM2M-3.20131011_105100Z.flac,https://storage.googleapis.com/noaa-passive-bioacoustic/dclde/2027/dclde_2027_killer_whales/dfo_crp/audio/northbc/DFOCRP.KkHK0R2F-NML1.SM2M-3.20131011_105100Z.flac
dclde_DFO_CRP_NorthBc__DFOCRP.KkHK0R2F-NML1.SM2M-3.20131011_105100Z.flac,DFO_CRP,NorthBc,DFOCRP.KkHK0R2F-NML1.SM2M-3.20131011_105100Z.flac,dclde/2027/dclde_2027_killer_whales/dfo_crp/audio/northbc/DFOCRP.KkHK0R2F-NML1.SM2M-3.20131011_105100Z.flac,gs://noaa-passive-bioacoustic/dclde/2027/dclde_2027_killer_whales/dfo_crp/audio/northbc/DFOCRP.KkHK0R2F-NML1.SM2M-3.20131011_105100Z.flac,https://storage.googleapis.com/noaa-passive-bioacoustic/dclde/2027/dclde_2027_killer_whales/dfo_crp/audio/northbc/DFOCRP.KkHK0R2F-NML1.SM2M-3.20131011_105100Z.flac
dclde_DFO_CRP_NorthBc__DFOCRP.KkHK0R2F-NML1.SM2M-3.20131011_105100Z.flac,DFO_CRP,NorthBc,DFOCRP.KkHK0R2F-NML1.SM2M-3.20131011_105100Z.flac,dclde/2027/dclde_2027_killer_whales/dfo_crp/audio/northbc/DFOCRP.KkHK0R2F-NML1.SM2M-3.20131011_105100Z.flac,gs://noaa-passive-bioacoustic/dclde/2027/dclde_2027_killer_whales/dfo_crp/audio/northbc/DFOCRP.KkHK0R2F-NML1.SM2M-3.20131011_105100Z.flac,https://storage.googleapis.com/noaa-passive-bioacoustic/dclde/2027/dclde_2027_killer_whales/dfo_crp/audio/northbc/DFOCRP.KkHK0R2F-NML1.SM2M-3.20131011_105100Z.flac
dclde_DFO_CRP_NorthBc__DFOCRP.KkHK0R2F-NML1.SM2M-3.20131011_105100Z.flac,DFO_CRP,NorthBc,DFOCRP.KkHK0R2F-NML1.SM2M-3.20131011_105100Z.flac,dclde/2027/dclde_2027_killer_whales/dfo_crp/audio/northbc/DFOCRP.KkHK0R2F-NML1.SM2M-3.20131011_105100Z.flac,gs://noaa-passive-bioacoustic/dclde/2027/dclde_2027_killer_whales/dfo_crp/audio/northbc/DFOCRP.KkHK0R2F-NML1.SM2M-3.20131011_105100Z.flac,https://storage.googleapis.com/noaa-passive-bioacoustic/dclde/2027/dclde_2027_killer_whales/dfo_crp/audio/northbc/DFOCRP.KkHK0R2F-NML1.SM2M-3.20131011_105100Z.flac
dclde_DFO_CRP_NorthBc__DFOCRP.KkHK0R2F-NML1.SM2M-3.20131011_105100Z.flac,DFO_CRP,NorthBc,DFOCRP.KkHK0R2F-NML1.SM2M-3.20131011_105100Z.flac,dclde/2027/dclde_2027_killer_whales/dfo_crp/audio/northbc/DFOCRP.KkHK0R2F-NML1.SM2M-3.20131011_105100Z.flac,gs://noaa-passive-bioacoustic/dclde/2027/dclde_2027_killer_whales/dfo_crp/audio/northbc/DFOCRP.KkHK0R2F-NML1.SM2M-3.20131011_105100Z.flac,https://storage.googleapis.com/noaa-passive-bioacoustic/dclde/2027/dclde_2027_killer_whales/dfo_crp/audio/northbc/DFOCRP.KkHK0R2F-NML1.SM2M-3.20131011_105100Z.flac
dclde_DFO_CRP_NorthBc__DFOCRP.KkHK0R2F-NML1.SM2M-3.20131011_110600Z.flac,DFO_CRP,NorthBc,DFOCRP.KkHK0R2F-NML1.SM2M-3.20131011_110600Z.flac,dclde/2027/dclde_2027_killer_whales/dfo_crp/audio/northbc/DFOCRP.KkHK0R2F-NML1.SM2M-3.20131011_110600Z.flac,gs://noaa-passive-bioacoustic/dclde/2027/dclde_2027_killer_whales/dfo_crp/audio/northbc/DFOCRP.KkHK0R2F-NML1.SM2M-3.20131011_110600Z.flac,https://storage.googleapis.com/noaa-passive-bioacoustic/dclde/2027/dclde_2027_killer_whales/dfo_crp/audio/northbc/DFOCRP.KkHK0R2F-NML1.SM2M-3.20131011_110600Z.flac
dclde_DFO_CRP_NorthBc__DFOCRP.KkHK0R2F-NML1.SM2M-3.20131011_110600Z.flac,DFO_CRP,NorthBc,DFOCRP.KkHK0R2F-NML1.SM2M-3.20131011_110600Z.flac,dclde/2027/dclde_2027_killer_whales/dfo_crp/audio/northbc/DFOCRP.KkHK0R2F-NML1.SM2M-3.20131011_110600Z.flac,gs://noaa-passive-bioacoustic/dclde/2027/dclde_2027_killer_whales/dfo_crp/audio/northbc/DFOCRP.KkHK0R2F-NML1.SM2M-3.20131011_110600Z.flac,https://storage.googleapis.com/noaa-passive-bioacoustic/dclde/2027/dclde_2027_killer_whales/dfo_crp/audio/northbc/DFOCRP.KkHK0R2F-NML1.SM2M-3.20131011_110600Z.flac
dclde_DFO_CRP_NorthBc__DFOCRP.KkHK0R2F-NML1.SM2M-3.20131011_110600Z.flac,DFO_CRP,NorthBc,DFOCRP.KkHK0R2F-NML1.SM2M-3.20131011_110600Z.flac,dclde/2027/dclde_2027_killer_whales/dfo_crp/audio/northbc/DFOCRP.KkHK0R2F-NML1.SM2M-3.20131011_110600Z.flac,gs://noaa-passive-bioacoustic/dclde/2027/dclde_2027_killer_whales/dfo_crp/audio/northbc/DFOCRP.KkHK0R2F-NML1.SM2M-3.20131011_110600Z.flac,https://storage.googleapis.com/noaa-passive-bioacoustic/dclde/2027/dclde_2027_killer_whales/dfo_crp/audio/northbc/DFOCRP.KkHK0R2F-NML1.SM2M-3.20131011_110600Z.flac
dclde_DFO_CRP_NorthBc__DFOCRP.KkHK0R2F-NML1.SM2M-3.20131011_110600Z.flac,DFO_CRP,NorthBc,DFOCRP.KkHK0R2F-NML1.SM2M-3.20131011_110600Z.flac,dclde/2027/dclde_2027_killer_whales/dfo_crp/audio/northbc/DFOCRP.KkHK0R2F-NML1.SM2M-3.20131011_110600Z.flac,gs://noaa-passive-bioacoustic/dclde/2027/dclde_2027_killer_whales/dfo_crp/audio/northbc/DFOCRP.KkHK0R2F-NML1.SM2M-3.20131011_110600Z.flac,https://storage.googleapis.com/noaa-passive-bioacoustic/dclde/2027/dclde_2027_killer_whales/dfo_crp/audio/northbc/DFOCRP.KkHK0R2F-NML1.SM2M-3.20131011_110600Z.flac
dclde_DFO_CRP_NorthBc__DFOCRP.KkHK0R2F-NML1.SM2M-3.20131011_110600Z.flac,DFO_CRP,NorthBc,DFOCRP.KkHK0R2F-NML1.SM2M-3.20131011_110600Z.flac,dclde/2027/dclde_2027_killer_whales/dfo_crp/audio/northbc/DFOCRP.KkHK0R2F-NML1.SM2M-3.20131011_110600Z.flac,gs://noaa-passive-bioacoustic/dclde/2027/dclde_2027_killer_whales/dfo_crp/audio/northbc/DFOCRP.KkHK0R2F-NML1.SM2M-3.20131011_110600Z.flac,https://storage.googleapis.com/noaa-passive-bioacoustic/dclde/2027/dclde_2027_killer_whales/dfo_crp/audio/northbc/DFOCRP.KkHK0R2F-NML1.SM2M-3.20131011_110600Z.flac
dclde_DFO_CRP_NorthBc__DFOCRP.KkHK0R2F-NML1.SM2M-3.20131011_110600Z.flac,DFO_CRP,NorthBc,DFOCRP.KkHK0R2F-NML1.SM2M-3.20131011_110600Z.flac,dclde/2027/dclde_2027_killer_whales/dfo_crp/audio/northbc/DFOCRP.KkHK0R2F-NML1.SM2M-3.20131011_110600Z.flac,gs://noaa-passive-bioacoustic/dclde/2027/dclde_2027_killer_whales/dfo_crp/audio/northbc/DFOCRP.KkHK0R2F-NML1.SM2M-3.20131011_110600Z.flac,https://storage.googleapis.com/noaa-passive-bioacoustic/dclde/2027/dclde_2027_killer_whales/dfo_crp/audio/northbc/DFOCRP.KkHK0R2F-NML1.SM2M-3.20131011_110600Z.flac
dclde_DFO_CRP_NorthBc__DFOCRP.KkHK0R2F-NML1.SM2M-3.20131011_110600Z.flac,DFO_CRP,NorthBc,DFOCRP.KkHK0R2F-NML1.SM2M-3.20131011_110600Z.flac,dclde/2027/dclde_2027_killer_whales/dfo_crp/audio/northbc/DFOCRP.KkHK0R2F-NML1.SM2M-3.20131011_110600Z.flac,gs://noaa-passive-bioacoustic/dclde/2027/dclde_2027_killer_whales/dfo_crp/audio/northbc/DFOCRP.KkHK0R2F-NML1.SM2M-3.20131011_110600Z.flac,https://storage.googleapis.com/noaa-passive-bioacoustic/dclde/2027/dclde_2027_killer_whales/dfo_crp/audio/northbc/DFOCRP.KkHK0R2F-NML1.SM2M-3.20131011_110600Z.flac
dclde_DFO_CRP_NorthBc__DFOCRP.KkHK0R2F-NML1.SM2M-3.20131011_110600Z.flac,DFO_CRP,NorthBc,DFOCRP.KkHK0R2F-NML1.SM2M-3.20131011_110600Z.flac,dclde/2027/dclde_2027_killer_whales/dfo_crp/audio/northbc/DFOCRP.KkHK0R2F-NML1.SM2M-3.20131011_110600Z.flac,gs://noaa-passive-bioacoustic/dclde/2027/dclde_2027_killer_whales/dfo_crp/audio/northbc/DFOCRP.KkHK0R2F-NML1.SM2M-3.20131011_110600Z.flac,https://storage.googleapis.com/noaa-passive-bioacoustic/dclde/2027/dclde_2027_killer_whales/dfo_crp/audio/northbc/DFOCRP.KkHK0R2F-NML1.SM2M-3.20131011_110600Z.flac
dclde_DFO_CRP_NorthBc__DFOCRP.KkHK0R2F-NML1.SM2M-3.20131011_110600Z.flac,DFO_CRP,NorthBc,DFOCRP.KkHK0R2F-NML1.SM2M-3.20131011_110600Z.flac,dclde/2027/dclde_2027_killer_whales/dfo_crp/audio/northbc/DFOCRP.KkHK0R2F-NML1.SM2M-3.20131011_110600Z.flac,gs://noaa-passive-bioacoustic/dclde/2027/dclde_2027_killer_whales/dfo_crp/audio/northbc/DFOCRP.KkHK0R2F-NML1.SM2M-3.20131011_110600Z.flac,https://storage.googleapis.com/noaa-passive-bioacoustic/dclde/2027/dclde_2027_killer_whales/dfo_crp/audio/northbc/DFOCRP.KkHK0R2F-NML1.SM2M-3.20131011_110600Z.flac
dclde_DFO_CRP_NorthBc__DFOCRP.KkHK0R2F-NML1.SM2M-3.20131011_110600Z.flac,DFO_CRP,NorthBc,DFOCRP.KkHK0R2F-NML1.SM2M-3.20131011_110600Z.flac,dclde/2027/dclde_2027_killer_whales/dfo_crp/audio/northbc/DFOCRP.KkHK0R2F-NML1.SM2M-3.20131011_110600Z.flac,gs://noaa-passive-bioacoustic/dclde/2027/dclde_2027_killer_whales/dfo_crp/audio/northbc/DFOCRP.KkHK0R2F-NML1.SM2M-3.20131011_110600Z.flac,https://storage.googleapis.com/noaa-passive-bioacoustic/dclde/2027/dclde_2027_killer_whales/dfo_crp/audio/northbc/DFOCRP.KkHK0R2F-NML1.SM2M-3.20131011_110600Z.flac
dclde_DFO_CRP_NorthBc__DFOCRP.KkHK0R2F-NML1.SM2M-3.20131011_110600Z.flac,DFO_CRP,NorthBc,DFOCRP.KkHK0R2F-NML1.SM2M-3.20131011_110600Z.flac,dclde/2027/dclde_2027_killer_whales/dfo_crp/audio/northbc/DFOCRP.KkHK0R2F-NML1.SM2M-3.20131011_110600Z.flac,gs://noaa-passive-bioacoustic/dclde/2027/dclde_2027_killer_whales/dfo_crp/audio/northbc/DFOCRP.KkHK0R2F-NML1.SM2M-3.20131011_110600Z.flac,https://storage.googleapis.com/noaa-passive-bioacoustic/dclde/2027/dclde_2027_killer_whales/dfo_crp/audio/northbc/DFOCRP.KkHK0R2F-NML1.SM2M-3.20131011_110600Z.flac
dclde_DFO_CRP_NorthBc__DFOCRP.KkHK0R2F-NML1.SM2M-3.20131011_110600Z.flac,DFO_CRP,NorthBc,DFOCRP.KkHK0R2F-NML1.SM2M-3.20131011_110600Z.flac,dclde/2027/dclde_2027_killer_whales/dfo_crp/audio/northbc/DFOCRP.KkHK0R2F-NML1.SM2M-3.20131011_110600Z.flac,gs://noaa-passive-bioacoustic/dclde/2027/dclde_2027_killer_whales/dfo_crp/audio/northbc/DFOCRP.KkHK0R2F-NML1.SM2M-3.20131011_110600Z.flac,https://storage.googleapis.com/noaa-passive-bioacoustic/dclde/2027/dclde_2027_killer_whales/dfo_crp/audio/northbc/DFOCRP.KkHK0R2F-NML1.SM2M-3.20131011_110600Z.flac
dclde_DFO_CRP_NorthBc__DFOCRP.KkHK0R2F-NML1.SM2M-3.20131011_110600Z.flac,DFO_CRP,NorthBc,DFOCRP.KkHK0R2F-NML1.SM2M-3.20131011_110600Z.flac,dclde/2027/dclde_2027_killer_whales/dfo_crp/audio/northbc/DFOCRP.KkHK0R2F-NML1.SM2M-3.20131011_110600Z.flac,gs://noaa-passive-bioacoustic/dclde/2027/dclde_2027_killer_whales/dfo_crp/audio/northbc/DFOCRP.KkHK0R2F-NML1.SM2M-3.20131011_110600Z.flac,https://storage.googleapis.com/noaa-passive-bioacoustic/dclde/2027/dclde_2027_killer_whales/dfo_crp/audio/northbc/DFOCRP.KkHK0R2F-NML1.SM2M-3.20131011_110600Z.flac
dclde_DFO_CRP_NorthBc__DFOCRP.KkHK0R2F-NML1.SM2M-3.20131011_110600Z.flac,DFO_CRP,NorthBc,DFOCRP.KkHK0R2F-NML1.SM2M-3.20131011_110600Z.flac,dclde/2027/dclde_2027_killer_whales/dfo_crp/audio/northbc/DFOCRP.KkHK0R2F-NML1.SM2M-3.20131011_110600Z.flac,gs://noaa-passive-bioacoustic/dclde/2027/dclde_2027_killer_whales/dfo_crp/audio/northbc/DFOCRP.KkHK0R2F-NML1.SM2M-3.20131011_110600Z.flac,https://storage.googleapis.com/noaa-passive-bioacoustic/dclde/2027/dclde_2027_killer_whales/dfo_crp/audio/northbc/DFOCRP.KkHK0R2F-NML1.SM2M-3.20131011_110600Z.flac
dclde_DFO_CRP_NorthBc__DFOCRP.KkHK0R2F-NML1.SM2M-3.20131011_110600Z.flac,DFO_CRP,NorthBc,DFOCRP.KkHK0R2F-NML1.SM2M-3.20131011_110600Z.flac,dclde/2027/dclde_2027_killer_whales/dfo_crp/audio/northbc/DFOCRP.KkHK0R2F-NML1.SM2M-3.20131011_110600Z.flac,gs://noaa-passive-bioacoustic/dclde/2027/dclde_2027_killer_whales/dfo_crp/audio/northbc/DFOCRP.KkHK0R2F-NML1.SM2M-3.20131011_110600Z.flac,https://storage.googleapis.com/noaa-passive-bioacoustic/dclde/2027/dclde_2027_killer_whales/dfo_crp/audio/northbc/DFOCRP.KkHK0R2F-NML1.SM2M-3.20131011_110600Z.flac
dclde_DFO_CRP_NorthBc__DFOCRP.KkHK0R2F-NML1.SM2M-3.20131011_110600Z.flac,DFO_CRP,NorthBc,DFOCRP.KkHK0R2F-NML1.SM2M-3.20131011_110600Z.flac,dclde/2027/dclde_2027_killer_whales/dfo_crp/audio/northbc/DFOCRP.KkHK0R2F-NML1.SM2M-3.20131011_110600Z.flac,gs://noaa-passive-bioacoustic/dclde/2027/dclde_2027_killer_whales/dfo_crp/audio/northbc/DFOCRP.KkHK0R2F-NML1.SM2M-3.20131011_110600Z.flac,https://storage.googleapis.com/noaa-passive-bioacoustic/dclde/2027/dclde_2027_killer_whales/dfo_crp/audio/northbc/DFOCRP.KkHK0R2F-NML1.SM2M-3.20131011_110600Z.flac
dclde_DFO_CRP_NorthBc__DFOCRP.KkHK0R2F-NML1.SM2M-3.20131011_112100Z.flac,DFO_CRP,NorthBc,DFOCRP.KkHK0R2F-NML1.SM2M-3.20131011_112100Z.flac,dclde/2027/dclde_2027_killer_whales/dfo_crp/audio/northbc/DFOCRP.KkHK0R2F-NML1.SM2M-3.20131011_112100Z.flac,gs://noaa-passive-bioacoustic/dclde/2027/dclde_2027_killer_whales/dfo_crp/audio/northbc/DFOCRP.KkHK0R2F-NML1.SM2M-3.20131011_112100Z.flac,https://storage.googleapis.com/noaa-passive-bioacoustic/dclde/2027/dclde_2027_killer_whales/dfo_crp/audio/northbc/DFOCRP.KkHK0R2F-NML1.SM2M-3.20131011_112100Z.flac
dclde_DFO_CRP_NorthBc__DFOCRP.KkHK0R2F-NML1.SM2M-3.20131011_112100Z.flac,DFO_CRP,NorthBc,DFOCRP.KkHK0R2F-NML1.SM2M-3.20131011_112100Z.flac,dclde/2027/dclde_2027_killer_whales/dfo_crp/audio/northbc/DFOCRP.KkHK0R2F-NML1.SM2M-3.20131011_112100Z.flac,gs://noaa-passive-bioacoustic/dclde/2027/dclde_2027_killer_whales/dfo_crp/audio/northbc/DFOCRP.KkHK0R2F-NML1.SM2M-3.20131011_112100Z.flac,https://storage.googleapis.com/noaa-passive-bioacoustic/dclde/2027/dclde_2027_killer_whales/dfo_crp/audio/northbc/DFOCRP.KkHK0R2F-NML1.SM2M-3.20131011_112100Z.flac
dclde_DFO_CRP_NorthBc__DFOCRP.KkHK0R2F-NML1.SM2M-3.20131011_112100Z.flac,DFO_CRP,NorthBc,DFOCRP.KkHK0R2F-NML1.SM2M-3.20131011_112100Z.flac,dclde/2027/dclde_2027_killer_whales/dfo_crp/audio/northbc/DFOCRP.KkHK0R2F-NML1.SM2M-3.20131011_112100Z.flac,gs://noaa-passive-bioacoustic/dclde/2027/dclde_2027_killer_whales/dfo_crp/audio/northbc/DFOCRP.KkHK0R2F-NML1.SM2M-3.20131011_112100Z.flac,https://storage.googleapis.com/noaa-passive-bioacoustic/dclde/2027/dclde_2027_killer_whales/dfo_crp/audio/northbc/DFOCRP.KkHK0R2F-NML1.SM2M-3.20131011_112100Z.flac
dclde_DFO_CRP_NorthBc__DFOCRP.KkHK0R2F-NML1.SM2M-3.20131011_112100Z.flac,DFO_CRP,NorthBc,DFOCRP.KkHK0R2F-NML1.SM2M-3.20131011_112100Z.flac,dclde/2027/dclde_2027_killer_whales/dfo_crp/audio/northbc/DFOCRP.KkHK0R2F-NML1.SM2M-3.20131011_112100Z.flac,gs://noaa-passive-bioacoustic/dclde/2027/dclde_2027_killer_whales/dfo_crp/audio/northbc/DFOCRP.KkHK0R2F-NML1.SM2M-3.20131011_112100Z.flac,https://storage.googleapis.com/noaa-passive-bioacoustic/dclde/2027/dclde_2027_killer_whales/dfo_crp/audio/northbc/DFOCRP.KkHK0R2F-NML1.SM2M-3.20131011_112100Z.flac
dclde_DFO_CRP_NorthBc__DFOCRP.KkHK0R2F-NML1.SM2M-3.20131011_112100Z.flac,DFO_CRP,NorthBc,DFOCRP.KkHK0R2F-NML1.SM2M-3.20131011_112100Z.flac,dclde/2027/dclde_2027_killer_whales/dfo_crp/audio/northbc/DFOCRP.KkHK0R2F-NML1.SM2M-3.20131011_112100Z.flac,gs://noaa-passive-bioacoustic/dclde/2027/dclde_2027_killer_whales/dfo_crp/audio/northbc/DFOCRP.KkHK0R2F-NML1.SM2M-3.20131011_112100Z.flac,https://storage.googleapis.com/noaa-passive-bioacoustic/dclde/2027/dclde_2027_killer_whales/dfo_crp/audio/northbc/DFOCRP.KkHK0R2F-NML1.SM2M-3.20131011_112100Z.flac
dclde_DFO_CRP_NorthBc__DFOCRP.KkHK0R2F-NML1.SM2M-3.20131011_112100Z.flac,DFO_CRP,NorthBc,DFOCRP.KkHK0R2F-NML1.SM2M-3.20131011_112100Z.flac,dclde/2027/dclde_2027_killer_whales/dfo_crp/audio/northbc/DFOCRP.KkHK0R2F-NML1.SM2M-3.20131011_112100Z.flac,gs://noaa-passive-bioacoustic/dclde/2027/dclde_2027_killer_whales/dfo_crp/audio/northbc/DFOCRP.KkHK0R2F-NML1.SM2M-3.20131011_112100Z.flac,https://storage.googleapis.com/noaa-passive-bioacoustic/dclde/2027/dclde_2027_killer_whales/dfo_crp/audio/northbc/DFOCRP.KkHK0R2F-NML1.SM2M-3.20131011_112100Z.flac
dclde_DFO_CRP_NorthBc__DFOCRP.KkHK0R2F-NML1.SM2M-3.20131011_112100Z.flac,DFO_CRP,NorthBc,DFOCRP.KkHK0R2F-NML1.SM2M-3.20131011_112100Z.flac,dclde/2027/dclde_2027_killer_whales/dfo_crp/audio/northbc/DFOCRP.KkHK0R2F-NML1.SM2M-3.20131011_112100Z.flac,gs://noaa-passive-bioacoustic/dclde/2027/dclde_2027_killer_whales/dfo_crp/audio/northbc/DFOCRP.KkHK0R2F-NML1.SM2M-3.20131011_112100Z.flac,https://storage.googleapis.com/noaa-passive-bioacoustic/dclde/2027/dclde_2027_killer_whales/dfo_crp/audio/northbc/DFOCRP.KkHK0R2F-NML1.SM2M-3.20131011_112100Z.flac
dclde_DFO_CRP_NorthBc__DFOCRP.KkHK0R2F-NML1.SM2M-3.20131011_113600Z.flac,DFO_CRP,NorthBc,DFOCRP.KkHK0R2F-NML1.SM2M-3.20131011_113600Z.flac,dclde/2027/dclde_2027_killer_whales/dfo_crp/audio/northbc/DFOCRP.KkHK0R2F-NML1.SM2M-3.20131011_113600Z.flac,gs://noaa-passive-bioacoustic/dclde/2027/dclde_2027_killer_whales/dfo_crp/audio/northbc/DFOCRP.KkHK0R2F-NML1.SM2M-3.20131011_113600Z.flac,https://storage.googleapis.com/noaa-passive-bioacoustic/dclde/2027/dclde_2027_killer_whales/dfo_crp/audio/northbc/DFOCRP.KkHK0R2F-NML1.SM2M-3.20131011_113600Z.flac
dclde_DFO_CRP_NorthBc__DFOCRP.KkHK0R2F-NML1.SM2M-3.20131011_113600Z.flac,DFO_CRP,NorthBc,DFOCRP.KkHK0R2F-NML1.SM2M-3.20131011_113600Z.flac,dclde/2027/dclde_2027_killer_whales/dfo_crp/audio/northbc/DFOCRP.KkHK0R2F-NML1.SM2M-3.20131011_113600Z.flac,gs://noaa-passive-bioacoustic/dclde/2027/dclde_2027_killer_whales/dfo_crp/audio/northbc/DFOCRP.KkHK0R2F-NML1.SM2M-3.20131011_113600Z.flac,https://storage.googleapis.com/noaa-passive-bioacoustic/dclde/2027/dclde_2027_killer_whales/dfo_crp/audio/northbc/DFOCRP.KkHK0R2F-NML1.SM2M-3.20131011_113600Z.flac
dclde_DFO_CRP_NorthBc__DFOCRP.KkHK0R2F-NML1.SM2M-3.20131011_113600Z.flac,DFO_CRP,NorthBc,DFOCRP.KkHK0R2F-NML1.SM2M-3.20131011_113600Z.flac,dclde/2027/dclde_2027_killer_whales/dfo_crp/audio/northbc/DFOCRP.KkHK0R2F-NML1.SM2M-3.20131011_113600Z.flac,gs://noaa-passive-bioacoustic/dclde/2027/dclde_2027_killer_whales/dfo_crp/audio/northbc/DFOCRP.KkHK0R2F-NML1.SM2M-3.20131011_113600Z.flac,https://storage.googleapis.com/noaa-passive-bioacoustic/dclde/2027/dclde_2027_killer_whales/dfo_crp/audio/northbc/DFOCRP.KkHK0R2F-NML1.SM2M-3.20131011_113600Z.flac
dclde_DFO_CRP_NorthBc__DFOCRP.KkHK0R2F-NML1.SM2M-3.20131011_113600Z.flac,DFO_CRP,NorthBc,DFOCRP.KkHK0R2F-NML1.SM2M-3.20131011_113600Z.flac,dclde/2027/dclde_2027_killer_whales/dfo_crp/audio/northbc/DFOCRP.KkHK0R2F-NML1.SM2M-3.20131011_113600Z.flac,gs://noaa-passive-bioacoustic/dclde/2027/dclde_2027_killer_whales/dfo_crp/audio/northbc/DFOCRP.KkHK0R2F-NML1.SM2M-3.20131011_113600Z.flac,https://storage.googleapis.com/noaa-passive-bioacoustic/dclde/2027/dclde_2027_killer_whales/dfo_crp/audio/northbc/DFOCRP.KkHK0R2F-NML1.SM2M-3.20131011_113600Z.flac
dclde_DFO_CRP_NorthBc__DFOCRP.KkHK0R2F-NML1.SM2M-3.20131011_113600Z.flac,DFO_CRP,NorthBc,DFOCRP.KkHK0R2F-NML1.SM2M-3.20131011_113600Z.flac,dclde/2027/dclde_2027_killer_whales/dfo_crp/audio/northbc/DFOCRP.KkHK0R2F-NML1.SM2M-3.20131011_113600Z.flac,gs://noaa-passive-bioacoustic/dclde/2027/dclde_2027_killer_whales/dfo_crp/audio/northbc/DFOCRP.KkHK0R2F-NML1.SM2M-3.20131011_113600Z.flac,https://storage.googleapis.com/noaa-passive-bioacoustic/dclde/2027/dclde_2027_killer_whales/dfo_crp/audio/northbc/DFOCRP.KkHK0R2F-NML1.SM2M-3.20131011_113600Z.flac
dclde_DFO_CRP_NorthBc__DFOCRP.KkHK0R2F-NML1.SM2M-3.20131011_113600Z.flac,DFO_CRP,NorthBc,DFOCRP.KkHK0R2F-NML1.SM2M-3.20131011_113600Z.flac,dclde/2027/dclde_2027_killer_whales/dfo_crp/audio/northbc/DFOCRP.KkHK0R2F-NML1.SM2M-3.20131011_113600Z.flac,gs://noaa-passive-bioacoustic/dclde/2027/dclde_2027_killer_whales/dfo_crp/audio/northbc/DFOCRP.KkHK0R2F-NML1.SM2M-3.20131011_113600Z.flac,https://storage.googleapis.com/noaa-passive-bioacoustic/dclde/2027/dclde_2027_killer_whales/dfo_crp/audio/northbc/DFOCRP.KkHK0R2F-NML1.SM2M-3.20131011_113600Z.flac
dclde_DFO_CRP_NorthBc__DFOCRP.KkHK0R2F-NML1.SM2M-3.20131011_113600Z.flac,DFO_CRP,NorthBc,DFOCRP.KkHK0R2F-NML1.SM2M-3.20131011_113600Z.flac,dclde/2027/dclde_2027_killer_whales/dfo_crp/audio/northbc/DFOCRP.KkHK0R2F-NML1.SM2M-3.20131011_113600Z.flac,gs://noaa-passive-bioacoustic/dclde/2027/dclde_2027_killer_whales/dfo_crp/audio/northbc/DFOCRP.KkHK0R2F-NML1.SM2M-3.20131011_113600Z.flac,https://storage.googleapis.com/noaa-passive-bioacoustic/dclde/2027/dclde_2027_killer_whales/dfo_crp/audio/northbc/DFOCRP.KkHK0R2F-NML1.SM2M-3.20131011_113600Z.flac
dclde_DFO_CRP_NorthBc__DFOCRP.KkHK0R2F-NML1.SM2M-3.20131011_113600Z.flac,DFO_CRP,NorthBc,DFOCRP.KkHK0R2F-NML1.SM2M-3.20131011_113600Z.flac,dclde/2027/dclde_2027_killer_whales/dfo_crp/audio/northbc/DFOCRP.KkHK0R2F-NML1.SM2M-3.20131011_113600Z.flac,gs://noaa-passive-bioacoustic/dclde/2027/dclde_2027_killer_whales/dfo_crp/audio/northbc/DFOCRP.KkHK0R2F-NML1.SM2M-3.20131011_113600Z.flac,https://storage.googleapis.com/noaa-passive-bioacoustic/dclde/2027/dclde_2027_killer_whales/dfo_crp/audio/northbc/DFOCRP.KkHK0R2F-NML1.SM2M-3.20131011_113600Z.flac
dclde_DFO_CRP_NorthBc__DFOCRP.KkHK0R2F-NML1.SM2M-3.20131011_113600Z.flac,DFO_CRP,NorthBc,DFOCRP.KkHK0R2F-NML1.SM2M-3.20131011_113600Z.flac,dclde/2027/dclde_2027_killer_whales/dfo_crp/audio/northbc/DFOCRP.KkHK0R2F-NML1.SM2M-3.20131011_113600Z.flac,gs://noaa-passive-bioacoustic/dclde/2027/dclde_2027_killer_whales/dfo_crp/audio/northbc/DFOCRP.KkHK0R2F-NML1.SM2M-3.20131011_113600Z.flac,https://storage.googleapis.com/noaa-passive-bioacoustic/dclde/2027/dclde_2027_killer_whales/dfo_crp/audio/northbc/DFOCRP.KkHK0R2F-NML1.SM2M-3.20131011_113600Z.flac
dclde_DFO_CRP_NorthBc__DFOCRP.KkHK0R2F-NML1.SM2M-3.20131011_113600Z.flac,DFO_CRP,NorthBc,DFOCRP.KkHK0R2F-NML1.SM2M-3.20131011_113600Z.flac,dclde/2027/dclde_2027_killer_whales/dfo_crp/audio/northbc/DFOCRP.KkHK0R2F-NML1.SM2M-3.20131011_113600Z.flac,gs://noaa-passive-bioacoustic/dclde/2027/dclde_2027_killer_whales/dfo_crp/audio/northbc/DFOCRP.KkHK0R2F-NML1.SM2M-3.20131011_113600Z.flac,https://storage.googleapis.com/noaa-passive-bioacoustic/dclde/2027/dclde_2027_killer_whales/dfo_crp/audio/northbc/DFOCRP.KkHK0R2F-NML1.SM2M-3.20131011_113600Z.flac
dclde_DFO_CRP_NorthBc__DFOCRP.KkHK0R2F-NML1.SM2M-3.20131011_113600Z.flac,DFO_CRP,NorthBc,DFOCRP.KkHK0R2F-NML1.SM2M-3.20131011_113600Z.flac,dclde/2027/dclde_2027_killer_whales/dfo_crp/audio/northbc/DFOCRP.KkHK0R2F-NML1.SM2M-3.20131011_113600Z.flac,gs://noaa-passive-bioacoustic/dclde/2027/dclde_2027_killer_whales/dfo_crp/audio/northbc/DFOCRP.KkHK0R2F-NML1.SM2M-3.20131011_113600Z.flac,https://storage.googleapis.com/noaa-passive-bioacoustic/dclde/2027/dclde_2027_killer_whales/dfo_crp/audio/northbc/DFOCRP.KkHK0R2F-NML1.SM2M-3.20131011_113600Z.flac
dclde_DFO_CRP_NorthBc__DFOCRP.KkHK0R2F-NML1.SM2M-3.20131011_113600Z.flac,DFO_CRP,NorthBc,DFOCRP.KkHK0R2F-NML1.SM2M-3.20131011_113600Z.flac,dclde/2027/dclde_2027_killer_whales/dfo_crp/audio/northbc/DFOCRP.KkHK0R2F-NML1.SM2M-3.20131011_113600Z.flac,gs://noaa-passive-bioacoustic/dclde/2027/dclde_2027_killer_whales/dfo_crp/audio/northbc/DFOCRP.KkHK0R2F-NML1.SM2M-3.20131011_113600Z.flac,https://storage.googleapis.com/noaa-passive-bioacoustic/dclde/2027/dclde_2027_killer_whales/dfo_crp/audio/northbc/DFOCRP.KkHK0R2F-NML1.SM2M-3.20131011_113600Z.flac
dclde_DFO_CRP_NorthBc__DFOCRP.KkHK0R2F-NML1.SM2M-3.20131011_113600Z.flac,DFO_CRP,NorthBc,DFOCRP.KkHK0R2F-NML1.SM2M-3.20131011_113600Z.flac,dclde/2027/dclde_2027_killer_whales/dfo_crp/audio/northbc/DFOCRP.KkHK0R2F-NML1.SM2M-3.20131011_113600Z.flac,gs://noaa-passive-bioacoustic/dclde/2027/dclde_2027_killer_whales/dfo_crp/audio/northbc/DFOCRP.KkHK0R2F-NML1.SM2M-3.20131011_113600Z.flac,https://storage.googleapis.com/noaa-passive-bioacoustic/dclde/2027/dclde_2027_killer_whales/dfo_crp/audio/northbc/DFOCRP.KkHK0R2F-NML1.SM2M-3.20131011_113600Z.flac
dclde_DFO_CRP_NorthBc__DFOCRP.KkHK0R2F-NML1.SM2M-3.20131011_113600Z.flac,DFO_CRP,NorthBc,DFOCRP.KkHK0R2F-NML1.SM2M-3.20131011_113600Z.flac,dclde/2027/dclde_2027_killer_whales/dfo_crp/audio/northbc/DFOCRP.KkHK0R2F-NML1.SM2M-3.20131011_113600Z.flac,gs://noaa-passive-bioacoustic/dclde/2027/dclde_2027_killer_whales/dfo_crp/audio/northbc/DFOCRP.KkHK0R2F-NML1.SM2M-3.20131011_113600Z.flac,https://storage.googleapis.com/noaa-passive-bioacoustic/dclde/2027/dclde_2027_killer_whales/dfo_crp/audio/northbc/DFOCRP.KkHK0R2F-NML1.SM2M-3.20131011_113600Z.flac
dclde_DFO_CRP_NorthBc__DFOCRP.KkHK0R2F-NML1.SM2M-3.20131012_013600Z.flac,DFO_CRP,NorthBc,DFOCRP.KkHK0R2F-NML1.SM2M-3.20131012_013600Z.flac,dclde/2027/dclde_2027_killer_whales/dfo_crp/audio/northbc/DFOCRP.KkHK0R2F-NML1.SM2M-3.20131012_013600Z.flac,gs://noaa-passive-bioacoustic/dclde/2027/dclde_2027_killer_whales/dfo_crp/audio/northbc/DFOCRP.KkHK0R2F-NML1.SM2M-3.20131012_013600Z.flac,https://storage.googleapis.com/noaa-passive-bioacoustic/dclde/2027/dclde_2027_killer_whales/dfo_crp/audio/northbc/DFOCRP.KkHK0R2F-NML1.SM2M-3.20131012_013600Z.flac
dclde_DFO_CRP_NorthBc__DFOCRP.KkHK0R2F-NML1.SM2M-3.20131012_013600Z.flac,DFO_CRP,NorthBc,DFOCRP.KkHK0R2F-NML1.SM2M-3.20131012_013600Z.flac,dclde/2027/dclde_2027_killer_whales/dfo_crp/audio/northbc/DFOCRP.KkHK0R2F-NML1.SM2M-3.20131012_013600Z.flac,gs://noaa-passive-bioacoustic/dclde/2027/dclde_2027_killer_whales/dfo_crp/audio/northbc/DFOCRP.KkHK0R2F-NML1.SM2M-3.20131012_013600Z.flac,https://storage.googleapis.com/noaa-passive-bioacoustic/dclde/2027/dclde_2027_killer_whales/dfo_crp/audio/northbc/DFOCRP.KkHK0R2F-NML1.SM2M-3.20131012_013600Z.flac
dclde_DFO_CRP_NorthBc__DFOCRP.KkHK0R2F-NML1.SM2M-3.20131012_013600Z.flac,DFO_CRP,NorthBc,DFOCRP.KkHK0R2F-NML1.SM2M-3.20131012_013600Z.flac,dclde/2027/dclde_2027_killer_whales/dfo_crp/audio/northbc/DFOCRP.KkHK0R2F-NML1.SM2M-3.20131012_013600Z.flac,gs://noaa-passive-bioacoustic/dclde/2027/dclde_2027_killer_whales/dfo_crp/audio/northbc/DFOCRP.KkHK0R2F-NML1.SM2M-3.20131012_013600Z.flac,https://storage.googleapis.com/noaa-passive-bioacoustic/dclde/2027/dclde_2027_killer_whales/dfo_crp/audio/northbc/DFOCRP.KkHK0R2F-NML1.SM2M-3.20131012_013600Z.flac
dclde_DFO_CRP_NorthBc__DFOCRP.KkHK0R2F-NML1.SM2M-3.20131012_013600Z.flac,DFO_CRP,NorthBc,DFOCRP.KkHK0R2F-NML1.SM2M-3.20131012_013600Z.flac,dclde/2027/dclde_2027_killer_whales/dfo_crp/audio/northbc/DFOCRP.KkHK0R2F-NML1.SM2M-3.20131012_013600Z.flac,gs://noaa-passive-bioacoustic/dclde/2027/dclde_2027_killer_whales/dfo_crp/audio/northbc/DFOCRP.KkHK0R2F-NML1.SM2M-3.20131012_013600Z.flac,https://storage.googleapis.com/noaa-passive-bioacoustic/dclde/2027/dclde_2027_killer_whales/dfo_crp/audio/northbc/DFOCRP.KkHK0R2F-NML1.SM2M-3.20131012_013600Z.flac
dclde_DFO_CRP_NorthBc__DFOCRP.KkHK0R2F-NML1.SM2M-3.20131012_013600Z.flac,DFO_CRP,NorthBc,DFOCRP.KkHK0R2F-NML1.SM2M-3.20131012_013600Z.flac,dclde/2027/dclde_2027_killer_whales/dfo_crp/audio/northbc/DFOCRP.KkHK0R2F-NML1.SM2M-3.20131012_013600Z.flac,gs://noaa-passive-bioacoustic/dclde/2027/dclde_2027_killer_whales/dfo_crp/audio/northbc/DFOCRP.KkHK0R2F-NML1.SM2M-3.20131012_013600Z.flac,https://storage.googleapis.com/noaa-passive-bioacoustic/dclde/2027/dclde_2027_killer_whales/dfo_crp/audio/northbc/DFOCRP.KkHK0R2F-NML1.SM2M-3.20131012_013600Z.flac
dclde_DFO_CRP_NorthBc__DFOCRP.KkHK0R2F-NML1.SM2M-3.20131012_013600Z.flac,DFO_CRP,NorthBc,DFOCRP.KkHK0R2F-NML1.SM2M-3.20131012_013600Z.flac,dclde/2027/dclde_2027_killer_whales/dfo_crp/audio/northbc/DFOCRP.KkHK0R2F-NML1.SM2M-3.20131012_013600Z.flac,gs://noaa-passive-bioacoustic/dclde/2027/dclde_2027_killer_whales/dfo_crp/audio/northbc/DFOCRP.KkHK0R2F-NML1.SM2M-3.20131012_013600Z.flac,https://storage.googleapis.com/noaa-passive-bioacoustic/dclde/2027/dclde_2027_killer_whales/dfo_crp/audio/northbc/DFOCRP.KkHK0R2F-NML1.SM2M-3.20131012_013600Z.flac
dclde_DFO_CRP_NorthBc__DFOCRP.KkHK0R2F-NML1.SM2M-3.20131012_013600Z.flac,DFO_CRP,NorthBc,DFOCRP.KkHK0R2F-NML1.SM2M-3.20131012_013600Z.flac,dclde/2027/dclde_2027_killer_whales/dfo_crp/audio/northbc/DFOCRP.KkHK0R2F-NML1.SM2M-3.20131012_013600Z.flac,gs://noaa-passive-bioacoustic/dclde/2027/dclde_2027_killer_whales/dfo_crp/audio/northbc/DFOCRP.KkHK0R2F-NML1.SM2M-3.20131012_013600Z.flac,https://storage.googleapis.com/noaa-passive-bioacoustic/dclde/2027/dclde_2027_killer_whales/dfo_crp/audio/northbc/DFOCRP.KkHK0R2F-NML1.SM2M-3.20131012_013600Z.flac
dclde_DFO_CRP_NorthBc__DFOCRP.KkHK0R2F-NML1.SM2M-3.20131012_013600Z.flac,DFO_CRP,NorthBc,DFOCRP.KkHK0R2F-NML1.SM2M-3.20131012_013600Z.flac,dclde/2027/dclde_2027_killer_whales/dfo_crp/audio/northbc/DFOCRP.KkHK0R2F-NML1.SM2M-3.20131012_013600Z.flac,gs://noaa-passive-bioacoustic/dclde/2027/dclde_2027_killer_whales/dfo_crp/audio/northbc/DFOCRP.KkHK0R2F-NML1.SM2M-3.20131012_013600Z.flac,https://storage.googleapis.com/noaa-passive-bioacoustic/dclde/2027/dclde_2027_killer_whales/dfo_crp/audio/northbc/DFOCRP.KkHK0R2F-NML1.SM2M-3.20131012_013600Z.flac
dclde_DFO_CRP_NorthBc__DFOCRP.KkHK0R2F-NML1.SM2M-3.20131012_013600Z.flac,DFO_CRP,NorthBc,DFOCRP.KkHK0R2F-NML1.SM2M-3.20131012_013600Z.flac,dclde/2027/dclde_2027_killer_whales/dfo_crp/audio/northbc/DFOCRP.KkHK0R2F-NML1.SM2M-3.20131012_013600Z.flac,gs://noaa-passive-bioacoustic/dclde/2027/dclde_2027_killer_whales/dfo_crp/audio/northbc/DFOCRP.KkHK0R2F-NML1.SM2M-3.20131012_013600Z.flac,https://storage.googleapis.com/noaa-passive-bioacoustic/dclde/2027/dclde_2027_killer_whales/dfo_crp/audio/northbc/DFOCRP.KkHK0R2F-NML1.SM2M-3.20131012_013600Z.flac
dclde_DFO_CRP_NorthBc__DFOCRP.KkHK0R2F-NML1.SM2M-3.20131012_013600Z.flac,DFO_CRP,NorthBc,DFOCRP.KkHK0R2F-NML1.SM2M-3.20131012_013600Z.flac,dclde/2027/dclde_2027_killer_whales/dfo_crp/audio/northbc/DFOCRP.KkHK0R2F-NML1.SM2M-3.20131012_013600Z.flac,gs://noaa-passive-bioacoustic/dclde/2027/dclde_2027_killer_whales/dfo_crp/audio/northbc/DFOCRP.KkHK0R2F-NML1.SM2M-3.20131012_013600Z.flac,https://storage.googleapis.com/noaa-passive-bioacoustic/dclde/2027/dclde_2027_killer_whales/dfo_crp/audio/northbc/DFOCRP.KkHK0R2F-NML1.SM2M-3.20131012_013600Z.flac
dclde_DFO_CRP_NorthBc__DFOCRP.KkHK0R2F-NML1.SM2M-3.20131012_013600Z.flac,DFO_CRP,NorthBc,DFOCRP.KkHK0R2F-NML1.SM2M-3.20131012_013600Z.flac,dclde/2027/dclde_2027_killer_whales/dfo_crp/audio/northbc/DFOCRP.KkHK0R2F-NML1.SM2M-3.20131012_013600Z.flac,gs://noaa-passive-bioacoustic/dclde/2027/dclde_2027_killer_whales/dfo_crp/audio/northbc/DFOCRP.KkHK0R2F-NML1.SM2M-3.20131012_013600Z.flac,https://storage.googleapis.com/noaa-passive-bioacoustic/dclde/2027/dclde_2027_killer_whales/dfo_crp/audio/northbc/DFOCRP.KkHK0R2F-NML1.SM2M-3.20131012_013600Z.flac
dclde_DFO_CRP_NorthBc__DFOCRP.KkHK0R2F-NML1.SM2M-3.20131012_013600Z.flac,DFO_CRP,NorthBc,DFOCRP.KkHK0R2F-NML1.SM2M-3.20131012_013600Z.flac,dclde/2027/dclde_2027_killer_whales/dfo_crp/audio/northbc/DFOCRP.KkHK0R2F-NML1.SM2M-3.20131012_013600Z.flac,gs://noaa-passive-bioacoustic/dclde/2027/dclde_2027_killer_whales/dfo_crp/audio/northbc/DFOCRP.KkHK0R2F-NML1.SM2M-3.20131012_013600Z.flac,https://storage.googleapis.com/noaa-passive-bioacoustic/dclde/2027/dclde_2027_killer_whales/dfo_crp/audio/northbc/DFOCRP.KkHK0R2F-NML1.SM2M-3.20131012_013600Z.flac
dclde_DFO_CRP_NorthBc__DFOCRP.KkHK0R2F-NML1.SM2M-3.20131012_013600Z.flac,DFO_CRP,NorthBc,DFOCRP.KkHK0R2F-NML1.SM2M-3.20131012_013600Z.flac,dclde/2027/dclde_2027_killer_whales/dfo_crp/audio/northbc/DFOCRP.KkHK0R2F-NML1.SM2M-3.20131012_013600Z.flac,gs://noaa-passive-bioacoustic/dclde/2027/dclde_2027_killer_whales/dfo_crp/audio/northbc/DFOCRP.KkHK0R2F-NML1.SM2M-3.20131012_013600Z.flac,https://storage.googleapis.com/noaa-passive-bioacoustic/dclde/2027/dclde_2027_killer_whales/dfo_crp/audio/northbc/DFOCRP.KkHK0R2F-NML1.SM2M-3.20131012_013600Z.flac
dclde_DFO_CRP_NorthBc__DFOCRP.KkHK0R2F-NML1.SM2M-3.20131012_013600Z.flac,DFO_CRP,NorthBc,DFOCRP.KkHK0R2F-NML1.SM2M-3.20131012_013600Z.flac,dclde/2027/dclde_2027_killer_whales/dfo_crp/audio/northbc/DFOCRP.KkHK0R2F-NML1.SM2M-3.20131012_013600Z.flac,gs://noaa-passive-bioacoustic/dclde/2027/dclde_2027_killer_whales/dfo_crp/audio/northbc/DFOCRP.KkHK0R2F-NML1.SM2M-3.20131012_013600Z.flac,https://storage.googleapis.com/noaa-passive-bioacoustic/dclde/2027/dclde_2027_killer_whales/dfo_crp/audio/northbc/DFOCRP.KkHK0R2F-NML1.SM2M-3.20131012_013600Z.flac
dclde_DFO_CRP_NorthBc__DFOCRP.KkHK0R2F-NML1.SM2M-3.20131012_013600Z.flac,DFO_CRP,NorthBc,DFOCRP.KkHK0R2F-NML1.SM2M-3.20131012_013600Z.flac,dclde/2027/dclde_2027_killer_whales/dfo_crp/audio/northbc/DFOCRP.KkHK0R2F-NML1.SM2M-3.20131012_013600Z.flac,gs://noaa-passive-bioacoustic/dclde/2027/dclde_2027_killer_whales/dfo_crp/audio/northbc/DFOCRP.KkHK0R2F-NML1.SM2M-3.20131012_013600Z.flac,https://storage.googleapis.com/noaa-passive-bioacoustic/dclde/2027/dclde_2027_killer_whales/dfo_crp/audio/northbc/DFOCRP.KkHK0R2F-NML1.SM2M-3.20131012_013600Z.flac
dclde_DFO_CRP_NorthBc__DFOCRP.KkHK0R2F-NML1.SM2M-3.20131012_013600Z.flac,DFO_CRP,NorthBc,DFOCRP.KkHK0R2F-NML1.SM2M-3.20131012_013600Z.flac,dclde/2027/dclde_2027_killer_whales/dfo_crp/audio/northbc/DFOCRP.KkHK0R2F-NML1.SM2M-3.20131012_013600Z.flac,gs://noaa-passive-bioacoustic/dclde/2027/dclde_2027_killer_whales/dfo_crp/audio/northbc/DFOCRP.KkHK0R2F-NML1.SM2M-3.20131012_013600Z.flac,https://storage.googleapis.com/noaa-passive-bioacoustic/dclde/2027/dclde_2027_killer_whales/dfo_crp/audio/northbc/DFOCRP.KkHK0R2F-NML1.SM2M-3.20131012_013600Z.flac
dclde_DFO_CRP_NorthBc__DFOCRP.KkHK0R2F-NML1.SM2M-3.20131012_013600Z.flac,DFO_CRP,NorthBc,DFOCRP.KkHK0R2F-NML1.SM2M-3.20131012_013600Z.flac,dclde/2027/dclde_2027_killer_whales/dfo_crp/audio/northbc/DFOCRP.KkHK0R2F-NML1.SM2M-3.20131012_013600Z.flac,gs://noaa-passive-bioacoustic/dclde/2027/dclde_2027_killer_whales/dfo_crp/audio/northbc/DFOCRP.KkHK0R2F-NML1.SM2M-3.20131012_013600Z.flac,https://storage.googleapis.com/noaa-passive-bioacoustic/dclde/2027/dclde_2027_killer_whales/dfo_crp/audio/northbc/DFOCRP.KkHK0R2F-NML1.SM2M-3.20131012_013600Z.flac
dclde_DFO_CRP_NorthBc__DFOCRP.KkHK0R2F-NML1.SM2M-3.20131012_013600Z.flac,DFO_CRP,NorthBc,DFOCRP.KkHK0R2F-NML1.SM2M-3.20131012_013600Z.flac,dclde/2027/dclde_2027_killer_whales/dfo_crp/audio/northbc/DFOCRP.KkHK0R2F-NML1.SM2M-3.20131012_013600Z.flac,gs://noaa-passive-bioacoustic/dclde/2027/dclde_2027_killer_whales/dfo_crp/audio/northbc/DFOCRP.KkHK0R2F-NML1.SM2M-3.20131012_013600Z.flac,https://storage.googleapis.com/noaa-passive-bioacoustic/dclde/2027/dclde_2027_killer_whales/dfo_crp/audio/northbc/DFOCRP.KkHK0R2F-NML1.SM2M-3.20131012_013600Z.flac
dclde_DFO_CRP_NorthBc__DFOCRP.KkHK0R2F-NML1.SM2M-3.20131012_013600Z.flac,DFO_CRP,NorthBc,DFOCRP.KkHK0R2F-NML1.SM2M-3.20131012_013600Z.flac,dclde/2027/dclde_2027_killer_whales/dfo_crp/audio/northbc/DFOCRP.KkHK0R2F-NML1.SM2M-3.20131012_013600Z.flac,gs://noaa-passive-bioacoustic/dclde/2027/dclde_2027_killer_whales/dfo_crp/audio/northbc/DFOCRP.KkHK0R2F-NML1.SM2M-3.20131012_013600Z.flac,https://storage.googleapis.com/noaa-passive-bioacoustic/dclde/2027/dclde_2027_killer_whales/dfo_crp/audio/northbc/DFOCRP.KkHK0R2F-NML1.SM2M-3.20131012_013600Z.flac
dclde_DFO_CRP_NorthBc__DFOCRP.KkHK0R2F-NML1.SM2M-3.20131012_013600Z.flac,DFO_CRP,NorthBc,DFOCRP.KkHK0R2F-NML1.SM2M-3.20131012_013600Z.flac,dclde/2027/dclde_2027_killer_whales/dfo_crp/audio/northbc/DFOCRP.KkHK0R2F-NML1.SM2M-3.20131012_013600Z.flac,gs://noaa-passive-bioacoustic/dclde/2027/dclde_2027_killer_whales/dfo_crp/audio/northbc/DFOCRP.KkHK0R2F-NML1.SM2M-3.20131012_013600Z.flac,https://storage.googleapis.com/noaa-passive-bioacoustic/dclde/2027/dclde_2027_killer_whales/dfo_crp/audio/northbc/DFOCRP.KkHK0R2F-NML1.SM2M-3.20131012_013600Z.flac
dclde_DFO_CRP_NorthBc__DFOCRP.KkHK0R2F-NML1.SM2M-3.20131012_013600Z.flac,DFO_CRP,NorthBc,DFOCRP.KkHK0R2F-NML1.SM2M-3.20131012_013600Z.flac,dclde/2027/dclde_2027_killer_whales/dfo_crp/audio/northbc/DFOCRP.KkHK0R2F-NML1.SM2M-3.20131012_013600Z.flac,gs://noaa-passive-bioacoustic/dclde/2027/dclde_2027_killer_whales/dfo_crp/audio/northbc/DFOCRP.KkHK0R2F-NML1.SM2M-3.20131012_013600Z.flac,https://storage.googleapis.com/noaa-passive-bioacoustic/dclde/2027/dclde_2027_killer_whales/dfo_crp/audio/northbc/DFOCRP.KkHK0R2F-NML1.SM2M-3.20131012_013600Z.flac
dclde_DFO_CRP_NorthBc__DFOCRP.KkHK0R2F-NML1.SM2M-3.20131012_013600Z.flac,DFO_CRP,NorthBc,DFOCRP.KkHK0R2F-NML1.SM2M-3.20131012_013600Z.flac,dclde/2027/dclde_2027_killer_whales/dfo_crp/audio/northbc/DFOCRP.KkHK0R2F-NML1.SM2M-3.20131012_013600Z.flac,gs://noaa-passive-bioacoustic/dclde/2027/dclde_2027_killer_whales/dfo_crp/audio/northbc/DFOCRP.KkHK0R2F-NML1.SM2M-3.20131012_013600Z.flac,https://storage.googleapis.com/noaa-passive-bioacoustic/dclde/2027/dclde_2027_killer_whales/dfo_crp/audio/northbc/DFOCRP.KkHK0R2F-NML1.SM2M-3.20131012_013600Z.flac
dclde_DFO_CRP_NorthBc__DFOCRP.KkHK0R2F-NML1.SM2M-3.20131012_013600Z.flac,DFO_CRP,NorthBc,DFOCRP.KkHK0R2F-NML1.SM2M-3.20131012_013600Z.flac,dclde/2027/dclde_2027_killer_whales/dfo_crp/audio/northbc/DFOCRP.KkHK0R2F-NML1.SM2M-3.20131012_013600Z.flac,gs://noaa-passive-bioacoustic/dclde/2027/dclde_2027_killer_whales/dfo_crp/audio/northbc/DFOCRP.KkHK0R2F-NML1.SM2M-3.20131012_013600Z.flac,https://storage.googleapis.com/noaa-passive-bioacoustic/dclde/2027/dclde_2027_killer_whales/dfo_crp/audio/northbc/DFOCRP.KkHK0R2F-NML1.SM2M-3.20131012_013600Z.flac
dclde_DFO_CRP_NorthBc__DFOCRP.KkHK0R2F-NML1.SM2M-3.20131012_013600Z.flac,DFO_CRP,NorthBc,DFOCRP.KkHK0R2F-NML1.SM2M-3.20131012_013600Z.flac,dclde/2027/dclde_2027_killer_whales/dfo_crp/audio/northbc/DFOCRP.KkHK0R2F-NML1.SM2M-3.20131012_013600Z.flac,gs://noaa-passive-bioacoustic/dclde/2027/dclde_2027_killer_whales/dfo_crp/audio/northbc/DFOCRP.KkHK0R2F-NML1.SM2M-3.20131012_013600Z.flac,https://storage.googleapis.com/noaa-passive-bioacoustic/dclde/2027/dclde_2027_killer_whales/dfo_crp/audio/northbc/DFOCRP.KkHK0R2F-NML1.SM2M-3.20131012_013600Z.flac
dclde_DFO_CRP_NorthBc__DFOCRP.KkHK0R2F-NML1.SM2M-3.20131012_013600Z.flac,DFO_CRP,NorthBc,DFOCRP.KkHK0R2F-NML1.SM2M-3.20131012_013600Z.flac,dclde/2027/dclde_2027_killer_whales/dfo_crp/audio/northbc/DFOCRP.KkHK0R2F-NML1.SM2M-3.20131012_013600Z.flac,gs://noaa-passive-bioacoustic/dclde/2027/dclde_2027_killer_whales/dfo_crp/audio/northbc/DFOCRP.KkHK0R2F-NML1.SM2M-3.20131012_013600Z.flac,https://storage.googleapis.com/noaa-passive-bioacoustic/dclde/2027/dclde_2027_killer_whales/dfo_crp/audio/northbc/DFOCRP.KkHK0R2F-NML1.SM2M-3.20131012_013600Z.flac
dclde_DFO_CRP_NorthBc__DFOCRP.KkHK0R2F-NML1.SM2M-3.20131012_013600Z.flac,DFO_CRP,NorthBc,DFOCRP.KkHK0R2F-NML1.SM2M-3.20131012_013600Z.flac,dclde/2027/dclde_2027_killer_whales/dfo_crp/audio/northbc/DFOCRP.KkHK0R2F-NML1.SM2M-3.20131012_013600Z.flac,gs://noaa-passive-bioacoustic/dclde/2027/dclde_2027_killer_whales/dfo_crp/audio/northbc/DFOCRP.KkHK0R2F-NML1.SM2M-3.20131012_013600Z.flac,https://storage.googleapis.com/noaa-passive-bioacoustic/dclde/2027/dclde_2027_killer_whales/dfo_crp/audio/northbc/DFOCRP.KkHK0R2F-NML1.SM2M-3.20131012_013600Z.flac
dclde_DFO_CRP_NorthBc__DFOCRP.KkHK0R2F-NML1.SM2M-3.20131012_013600Z.flac,DFO_CRP,NorthBc,DFOCRP.KkHK0R2F-NML1.SM2M-3.20131012_013600Z.flac,dclde/2027/dclde_2027_killer_whales/dfo_crp/audio/northbc/DFOCRP.KkHK0R2F-NML1.SM2M-3.20131012_013600Z.flac,gs://noaa-passive-bioacoustic/dclde/2027/dclde_2027_killer_whales/dfo_crp/audio/northbc/DFOCRP.KkHK0R2F-NML1.SM2M-3.20131012_013600Z.flac,https://storage.googleapis.com/noaa-passive-bioacoustic/dclde/2027/dclde_2027_killer_whales/dfo_crp/audio/northbc/DFOCRP.KkHK0R2F-NML1.SM2M-3.20131012_013600Z.flac
dclde_DFO_CRP_NorthBc__DFOCRP.KkHK0R2F-NML1.SM2M-3.20131012_013600Z.flac,DFO_CRP,NorthBc,DFOCRP.KkHK0R2F-NML1.SM2M-3.20131012_013600Z.flac,dclde/2027/dclde_2027_killer_whales/dfo_crp/audio/northbc/DFOCRP.KkHK0R2F-NML1.SM2M-3.20131012_013600Z.flac,gs://noaa-passive-bioacoustic/dclde/2027/dclde_2027_killer_whales/dfo_crp/audio/northbc/DFOCRP.KkHK0R2F-NML1.SM2M-3.20131012_013600Z.flac,https://storage.googleapis.com/noaa-passive-bioacoustic/dclde/2027/dclde_2027_killer_whales/dfo_crp/audio/northbc/DFOCRP.KkHK0R2F-NML1.SM2M-3.20131012_013600Z.flac
dclde_DFO_CRP_NorthBc__DFOCRP.KkHK0R2F-NML1.SM2M-3.20131012_015100Z.flac,DFO_CRP,NorthBc,DFOCRP.KkHK0R2F-NML1.SM2M-3.20131012_015100Z.flac,dclde/2027/dclde_2027_killer_whales/dfo_crp/audio/northbc/DFOCRP.KkHK0R2F-NML1.SM2M-3.20131012_015100Z.flac,gs://noaa-passive-bioacoustic/dclde/2027/dclde_2027_killer_whales/dfo_crp/audio/northbc/DFOCRP.KkHK0R2F-NML1.SM2M-3.20131012_015100Z.flac,https://storage.googleapis.com/noaa-passive-bioacoustic/dclde/2027/dclde_2027_killer_whales/dfo_crp/audio/northbc/DFOCRP.KkHK0R2F-NML1.SM2M-3.20131012_015100Z.flac
dclde_DFO_CRP_NorthBc__DFOCRP.KkHK0R2F-NML1.SM2M-3.20131012_015100Z.flac,DFO_CRP,NorthBc,DFOCRP.KkHK0R2F-NML1.SM2M-3.20131012_015100Z.flac,dclde/2027/dclde_2027_killer_whales/dfo_crp/audio/northbc/DFOCRP.KkHK0R2F-NML1.SM2M-3.20131012_015100Z.flac,gs://noaa-passive-bioacoustic/dclde/2027/dclde_2027_killer_whales/dfo_crp/audio/northbc/DFOCRP.KkHK0R2F-NML1.SM2M-3.20131012_015100Z.flac,https://storage.googleapis.com/noaa-passive-bioacoustic/dclde/2027/dclde_2027_killer_whales/dfo_crp/audio/northbc/DFOCRP.KkHK0R2F-NML1.SM2M-3.20131012_015100Z.flac
dclde_DFO_CRP_NorthBc__DFOCRP.KkHK0R2F-NML1.SM2M-3.20131012_015100Z.flac,DFO_CRP,NorthBc,DFOCRP.KkHK0R2F-NML1.SM2M-3.20131012_015100Z.flac,dclde/2027/dclde_2027_killer_whales/dfo_crp/audio/northbc/DFOCRP.KkHK0R2F-NML1.SM2M-3.20131012_015100Z.flac,gs://noaa-passive-bioacoustic/dclde/2027/dclde_2027_killer_whales/dfo_crp/audio/northbc/DFOCRP.KkHK0R2F-NML1.SM2M-3.20131012_015100Z.flac,https://storage.googleapis.com/noaa-passive-bioacoustic/dclde/2027/dclde_2027_killer_whales/dfo_crp/audio/northbc/DFOCRP.KkHK0R2F-NML1.SM2M-3.20131012_015100Z.flac
dclde_DFO_CRP_NorthBc__DFOCRP.KkHK0R2F-NML1.SM2M-3.20131012_015100Z.flac,DFO_CRP,NorthBc,DFOCRP.KkHK0R2F-NML1.SM2M-3.20131012_015100Z.flac,dclde/2027/dclde_2027_killer_whales/dfo_crp/audio/northbc/DFOCRP.KkHK0R2F-NML1.SM2M-3.20131012_015100Z.flac,gs://noaa-passive-bioacoustic/dclde/2027/dclde_2027_killer_whales/dfo_crp/audio/northbc/DFOCRP.KkHK0R2F-NML1.SM2M-3.20131012_015100Z.flac,https://storage.googleapis.com/noaa-passive-bioacoustic/dclde/2027/dclde_2027_killer_whales/dfo_crp/audio/northbc/DFOCRP.KkHK0R2F-NML1.SM2M-3.20131012_015100Z.flac
dclde_DFO_CRP_NorthBc__DFOCRP.KkHK0R2F-NML1.SM2M-3.20131012_015100Z.flac,DFO_CRP,NorthBc,DFOCRP.KkHK0R2F-NML1.SM2M-3.20131012_015100Z.flac,dclde/2027/dclde_2027_killer_whales/dfo_crp/audio/northbc/DFOCRP.KkHK0R2F-NML1.SM2M-3.20131012_015100Z.flac,gs://noaa-passive-bioacoustic/dclde/2027/dclde_2027_killer_whales/dfo_crp/audio/northbc/DFOCRP.KkHK0R2F-NML1.SM2M-3.20131012_015100Z.flac,https://storage.googleapis.com/noaa-passive-bioacoustic/dclde/2027/dclde_2027_killer_whales/dfo_crp/audio/northbc/DFOCRP.KkHK0R2F-NML1.SM2M-3.20131012_015100Z.flac
dclde_DFO_CRP_NorthBc__DFOCRP.KkHK0R2F-NML1.SM2M-3.20131012_015100Z.flac,DFO_CRP,NorthBc,DFOCRP.KkHK0R2F-NML1.SM2M-3.20131012_015100Z.flac,dclde/2027/dclde_2027_killer_whales/dfo_crp/audio/northbc/DFOCRP.KkHK0R2F-NML1.SM2M-3.20131012_015100Z.flac,gs://noaa-passive-bioacoustic/dclde/2027/dclde_2027_killer_whales/dfo_crp/audio/northbc/DFOCRP.KkHK0R2F-NML1.SM2M-3.20131012_015100Z.flac,https://storage.googleapis.com/noaa-passive-bioacoustic/dclde/2027/dclde_2027_killer_whales/dfo_crp/audio/northbc/DFOCRP.KkHK0R2F-NML1.SM2M-3.20131012_015100Z.flac
dclde_DFO_CRP_NorthBc__DFOCRP.KkHK0R2F-NML1.SM2M-3.20131012_015100Z.flac,DFO_CRP,NorthBc,DFOCRP.KkHK0R2F-NML1.SM2M-3.20131012_015100Z.flac,dclde/2027/dclde_2027_killer_whales/dfo_crp/audio/northbc/DFOCRP.KkHK0R2F-NML1.SM2M-3.20131012_015100Z.flac,gs://noaa-passive-bioacoustic/dclde/2027/dclde_2027_killer_whales/dfo_crp/audio/northbc/DFOCRP.KkHK0R2F-NML1.SM2M-3.20131012_015100Z.flac,https://storage.googleapis.com/noaa-passive-bioacoustic/dclde/2027/dclde_2027_killer_whales/dfo_crp/audio/northbc/DFOCRP.KkHK0R2F-NML1.SM2M-3.20131012_015100Z.flac
dclde_DFO_CRP_NorthBc__DFOCRP.KkHK0R2F-NML1.SM2M-3.20131012_015100Z.flac,DFO_CRP,NorthBc,DFOCRP.KkHK0R2F-NML1.SM2M-3.20131012_015100Z.flac,dclde/2027/dclde_2027_killer_whales/dfo_crp/audio/northbc/DFOCRP.KkHK0R2F-NML1.SM2M-3.20131012_015100Z.flac,gs://noaa-passive-bioacoustic/dclde/2027/dclde_2027_killer_whales/dfo_crp/audio/northbc/DFOCRP.KkHK0R2F-NML1.SM2M-3.20131012_015100Z.flac,https://storage.googleapis.com/noaa-passive-bioacoustic/dclde/2027/dclde_2027_killer_whales/dfo_crp/audio/northbc/DFOCRP.KkHK0R2F-NML1.SM2M-3.20131012_015100Z.flac
dclde_DFO_CRP_NorthBc__DFOCRP.KkHK0R2F-NML1.SM2M-3.20131012_015100Z.flac,DFO_CRP,NorthBc,DFOCRP.KkHK0R2F-NML1.SM2M-3.20131012_015100Z.flac,dclde/2027/dclde_2027_killer_whales/dfo_crp/audio/northbc/DFOCRP.KkHK0R2F-NML1.SM2M-3.20131012_015100Z.flac,gs://noaa-passive-bioacoustic/dclde/2027/dclde_2027_killer_whales/dfo_crp/audio/northbc/DFOCRP.KkHK0R2F-NML1.SM2M-3.20131012_015100Z.flac,https://storage.googleapis.com/noaa-passive-bioacoustic/dclde/2027/dclde_2027_killer_whales/dfo_crp/audio/northbc/DFOCRP.KkHK0R2F-NML1.SM2M-3.20131012_015100Z.flac
dclde_DFO_CRP_NorthBc__DFOCRP.KkHK0R2F-NML1.SM2M-3.20131012_015100Z.flac,DFO_CRP,NorthBc,DFOCRP.KkHK0R2F-NML1.SM2M-3.20131012_015100Z.flac,dclde/2027/dclde_2027_killer_whales/dfo_crp/audio/northbc/DFOCRP.KkHK0R2F-NML1.SM2M-3.20131012_015100Z.flac,gs://noaa-passive-bioacoustic/dclde/2027/dclde_2027_killer_whales/dfo_crp/audio/northbc/DFOCRP.KkHK0R2F-NML1.SM2M-3.20131012_015100Z.flac,https://storage.googleapis.com/noaa-passive-bioacoustic/dclde/2027/dclde_2027_killer_whales/dfo_crp/audio/northbc/DFOCRP.KkHK0R2F-NML1.SM2M-3.20131012_015100Z.flac
dclde_DFO_CRP_NorthBc__DFOCRP.KkHK0R2F-NML1.SM2M-3.20131012_015100Z.flac,DFO_CRP,NorthBc,DFOCRP.KkHK0R2F-NML1.SM2M-3.20131012_015100Z.flac,dclde/2027/dclde_2027_killer_whales/dfo_crp/audio/northbc/DFOCRP.KkHK0R2F-NML1.SM2M-3.20131012_015100Z.flac,gs://noaa-passive-bioacoustic/dclde/2027/dclde_2027_killer_whales/dfo_crp/audio/northbc/DFOCRP.KkHK0R2F-NML1.SM2M-3.20131012_015100Z.flac,https://storage.googleapis.com/noaa-passive-bioacoustic/dclde/2027/dclde_2027_killer_whales/dfo_crp/audio/northbc/DFOCRP.KkHK0R2F-NML1.SM2M-3.20131012_015100Z.flac
dclde_DFO_CRP_NorthBc__DFOCRP.KkHK0R2F-NML1.SM2M-3.20131012_015100Z.flac,DFO_CRP,NorthBc,DFOCRP.KkHK0R2F-NML1.SM2M-3.20131012_015100Z.flac,dclde/2027/dclde_2027_killer_whales/dfo_crp/audio/northbc/DFOCRP.KkHK0R2F-NML1.SM2M-3.20131012_015100Z.flac,gs://noaa-passive-bioacoustic/dclde/2027/dclde_2027_killer_whales/dfo_crp/audio/northbc/DFOCRP.KkHK0R2F-NML1.SM2M-3.20131012_015100Z.flac,https://storage.googleapis.com/noaa-passive-bioacoustic/dclde/2027/dclde_2027_killer_whales/dfo_crp/audio/northbc/DFOCRP.KkHK0R2F-NML1.SM2M-3.20131012_015100Z.flac
dclde_DFO_CRP_NorthBc__DFOCRP.KkHK0R2F-NML1.SM2M-3.20131012_015100Z.flac,DFO_CRP,NorthBc,DFOCRP.KkHK0R2F-NML1.SM2M-3.20131012_015100Z.flac,dclde/2027/dclde_2027_killer_whales/dfo_crp/audio/northbc/DFOCRP.KkHK0R2F-NML1.SM2M-3.20131012_015100Z.flac,gs://noaa-passive-bioacoustic/dclde/2027/dclde_2027_killer_whales/dfo_crp/audio/northbc/DFOCRP.KkHK0R2F-NML1.SM2M-3.20131012_015100Z.flac,https://storage.googleapis.com/noaa-passive-bioacoustic/dclde/2027/dclde_2027_killer_whales/dfo_crp/audio/northbc/DFOCRP.KkHK0R2F-NML1.SM2M-3.20131012_015100Z.flac
dclde_DFO_CRP_NorthBc__DFOCRP.KkHK0R2F-NML1.SM2M-3.20131012_015100Z.flac,DFO_CRP,NorthBc,DFOCRP.KkHK0R2F-NML1.SM2M-3.20131012_015100Z.flac,dclde/2027/dclde_2027_killer_whales/dfo_crp/audio/northbc/DFOCRP.KkHK0R2F-NML1.SM2M-3.20131012_015100Z.flac,gs://noaa-passive-bioacoustic/dclde/2027/dclde_2027_killer_whales/dfo_crp/audio/northbc/DFOCRP.KkHK0R2F-NML1.SM2M-3.20131012_015100Z.flac,https://storage.googleapis.com/noaa-passive-bioacoustic/dclde/2027/dclde_2027_killer_whales/dfo_crp/audio/northbc/DFOCRP.KkHK0R2F-NML1.SM2M-3.20131012_015100Z.flac
dclde_DFO_CRP_NorthBc__DFOCRP.KkHK0R2F-NML1.SM2M-3.20131012_015100Z.flac,DFO_CRP,NorthBc,DFOCRP.KkHK0R2F-NML1.SM2M-3.20131012_015100Z.flac,dclde/2027/dclde_2027_killer_whales/dfo_crp/audio/northbc/DFOCRP.KkHK0R2F-NML1.SM2M-3.20131012_015100Z.flac,gs://noaa-passive-bioacoustic/dclde/2027/dclde_2027_killer_whales/dfo_crp/audio/northbc/DFOCRP.KkHK0R2F-NML1.SM2M-3.20131012_015100Z.flac,https://storage.googleapis.com/noaa-passive-bioacoustic/dclde/2027/dclde_2027_killer_whales/dfo_crp/audio/northbc/DFOCRP.KkHK0R2F-NML1.SM2M-3.20131012_015100Z.flac
dclde_DFO_CRP_NorthBc__DFOCRP.KkHK0R2F-NML1.SM2M-3.20131012_015100Z.flac,DFO_CRP,NorthBc,DFOCRP.KkHK0R2F-NML1.SM2M-3.20131012_015100Z.flac,dclde/2027/dclde_2027_killer_whales/dfo_crp/audio/northbc/DFOCRP.KkHK0R2F-NML1.SM2M-3.20131012_015100Z.flac,gs://noaa-passive-bioacoustic/dclde/2027/dclde_2027_killer_whales/dfo_crp/audio/northbc/DFOCRP.KkHK0R2F-NML1.SM2M-3.20131012_015100Z.flac,https://storage.googleapis.com/noaa-passive-bioacoustic/dclde/2027/dclde_2027_killer_whales/dfo_crp/audio/northbc/DFOCRP.KkHK0R2F-NML1.SM2M-3.20131012_015100Z.flac
dclde_DFO_CRP_NorthBc__DFOCRP.KkHK0R2F-NML1.SM2M-3.20131012_015100Z.flac,DFO_CRP,NorthBc,DFOCRP.KkHK0R2F-NML1.SM2M-3.20131012_015100Z.flac,dclde/2027/dclde_2027_killer_whales/dfo_crp/audio/northbc/DFOCRP.KkHK0R2F-NML1.SM2M-3.20131012_015100Z.flac,gs://noaa-passive-bioacoustic/dclde/2027/dclde_2027_killer_whales/dfo_crp/audio/northbc/DFOCRP.KkHK0R2F-NML1.SM2M-3.20131012_015100Z.flac,https://storage.googleapis.com/noaa-passive-bioacoustic/dclde/2027/dclde_2027_killer_whales/dfo_crp/audio/northbc/DFOCRP.KkHK0R2F-NML1.SM2M-3.20131012_015100Z.flac
dclde_DFO_CRP_NorthBc__DFOCRP.KkHK0R2F-NML1.SM2M-3.20131012_015100Z.flac,DFO_CRP,NorthBc,DFOCRP.KkHK0R2F-NML1.SM2M-3.20131012_015100Z.flac,dclde/2027/dclde_2027_killer_whales/dfo_crp/audio/northbc/DFOCRP.KkHK0R2F-NML1.SM2M-3.20131012_015100Z.flac,gs://noaa-passive-bioacoustic/dclde/2027/dclde_2027_killer_whales/dfo_crp/audio/northbc/DFOCRP.KkHK0R2F-NML1.SM2M-3.20131012_015100Z.flac,https://storage.googleapis.com/noaa-passive-bioacoustic/dclde/2027/dclde_2027_killer_whales/dfo_crp/audio/northbc/DFOCRP.KkHK0R2F-NML1.SM2M-3.20131012_015100Z.flac
dclde_DFO_CRP_NorthBc__DFOCRP.KkHK0R2F-NML1.SM2M-3.20131012_015100Z.flac,DFO_CRP,NorthBc,DFOCRP.KkHK0R2F-NML1.SM2M-3.20131012_015100Z.flac,dclde/2027/dclde_2027_killer_whales/dfo_crp/audio/northbc/DFOCRP.KkHK0R2F-NML1.SM2M-3.20131012_015100Z.flac,gs://noaa-passive-bioacoustic/dclde/2027/dclde_2027_killer_whales/dfo_crp/audio/northbc/DFOCRP.KkHK0R2F-NML1.SM2M-3.20131012_015100Z.flac,https://storage.googleapis.com/noaa-passive-bioacoustic/dclde/2027/dclde_2027_killer_whales/dfo_crp/audio/northbc/DFOCRP.KkHK0R2F-NML1.SM2M-3.20131012_015100Z.flac
dclde_DFO_CRP_NorthBc__DFOCRP.KkHK0R2F-NML1.SM2M-3.20131012_015100Z.flac,DFO_CRP,NorthBc,DFOCRP.KkHK0R2F-NML1.SM2M-3.20131012_015100Z.flac,dclde/2027/dclde_2027_killer_whales/dfo_crp/audio/northbc/DFOCRP.KkHK0R2F-NML1.SM2M-3.20131012_015100Z.flac,gs://noaa-passive-bioacoustic/dclde/2027/dclde_2027_killer_whales/dfo_crp/audio/northbc/DFOCRP.KkHK0R2F-NML1.SM2M-3.20131012_015100Z.flac,https://storage.googleapis.com/noaa-passive-bioacoustic/dclde/2027/dclde_2027_killer_whales/dfo_crp/audio/northbc/DFOCRP.KkHK0R2F-NML1.SM2M-3.20131012_015100Z.flac
dclde_DFO_CRP_NorthBc__DFOCRP.KkHK0R2F-NML1.SM2M-3.20131012_015100Z.flac,DFO_CRP,NorthBc,DFOCRP.KkHK0R2F-NML1.SM2M-3.20131012_015100Z.flac,dclde/2027/dclde_2027_killer_whales/dfo_crp/audio/northbc/DFOCRP.KkHK0R2F-NML1.SM2M-3.20131012_015100Z.flac,gs://noaa-passive-bioacoustic/dclde/2027/dclde_2027_killer_whales/dfo_crp/audio/northbc/DFOCRP.KkHK0R2F-NML1.SM2M-3.20131012_015100Z.flac,https://storage.googleapis.com/noaa-passive-bioacoustic/dclde/2027/dclde_2027_killer_whales/dfo_crp/audio/northbc/DFOCRP.KkHK0R2F-NML1.SM2M-3.20131012_015100Z.flac
dclde_DFO_CRP_NorthBc__DFOCRP.KkHK0R2F-NML1.SM2M-3.20131012_015100Z.flac,DFO_CRP,NorthBc,DFOCRP.KkHK0R2F-NML1.SM2M-3.20131012_015100Z.flac,dclde/2027/dclde_2027_killer_whales/dfo_crp/audio/northbc/DFOCRP.KkHK0R2F-NML1.SM2M-3.20131012_015100Z.flac,gs://noaa-passive-bioacoustic/dclde/2027/dclde_2027_killer_whales/dfo_crp/audio/northbc/DFOCRP.KkHK0R2F-NML1.SM2M-3.20131012_015100Z.flac,https://storage.googleapis.com/noaa-passive-bioacoustic/dclde/2027/dclde_2027_killer_whales/dfo_crp/audio/northbc/DFOCRP.KkHK0R2F-NML1.SM2M-3.20131012_015100Z.flac
dclde_DFO_CRP_NorthBc__DFOCRP.KkHK0R2F-NML1.SM2M-3.20131012_015100Z.flac,DFO_CRP,NorthBc,DFOCRP.KkHK0R2F-NML1.SM2M-3.20131012_015100Z.flac,dclde/2027/dclde_2027_killer_whales/dfo_crp/audio/northbc/DFOCRP.KkHK0R2F-NML1.SM2M-3.20131012_015100Z.flac,gs://noaa-passive-bioacoustic/dclde/2027/dclde_2027_killer_whales/dfo_crp/audio/northbc/DFOCRP.KkHK0R2F-NML1.SM2M-3.20131012_015100Z.flac,https://storage.googleapis.com/noaa-passive-bioacoustic/dclde/2027/dclde_2027_killer_whales/dfo_crp/audio/northbc/DFOCRP.KkHK0R2F-NML1.SM2M-3.20131012_015100Z.flac
dclde_DFO_CRP_NorthBc__DFOCRP.KkHK0R2F-NML1.SM2M-3.20131012_015100Z.flac,DFO_CRP,NorthBc,DFOCRP.KkHK0R2F-NML1.SM2M-3.20131012_015100Z.flac,dclde/2027/dclde_2027_killer_whales/dfo_crp/audio/northbc/DFOCRP.KkHK0R2F-NML1.SM2M-3.20131012_015100Z.flac,gs://noaa-passive-bioacoustic/dclde/2027/dclde_2027_killer_whales/dfo_crp/audio/northbc/DFOCRP.KkHK0R2F-NML1.SM2M-3.20131012_015100Z.flac,https://storage.googleapis.com/noaa-passive-bioacoustic/dclde/2027/dclde_2027_killer_whales/dfo_crp/audio/northbc/DFOCRP.KkHK0R2F-NML1.SM2M-3.20131012_015100Z.flac
dclde_DFO_CRP_NorthBc__DFOCRP.KkHK0R2F-NML1.SM2M-3.20131012_015100Z.flac,DFO_CRP,NorthBc,DFOCRP.KkHK0R2F-NML1.SM2M-3.20131012_015100Z.flac,dclde/2027/dclde_2027_killer_whales/dfo_crp/audio/northbc/DFOCRP.KkHK0R2F-NML1.SM2M-3.20131012_015100Z.flac,gs://noaa-passive-bioacoustic/dclde/2027/dclde_2027_killer_whales/dfo_crp/audio/northbc/DFOCRP.KkHK0R2F-NML1.SM2M-3.20131012_015100Z.flac,https://storage.googleapis.com/noaa-passive-bioacoustic/dclde/2027/dclde_2027_killer_whales/dfo_crp/audio/northbc/DFOCRP.KkHK0R2F-NML1.SM2M-3.20131012_015100Z.flac
dclde_DFO_CRP_NorthBc__DFOCRP.KkHK0R2F-NML1.SM2M-3.20131012_015100Z.flac,DFO_CRP,NorthBc,DFOCRP.KkHK0R2F-NML1.SM2M-3.20131012_015100Z.flac,dclde/2027/dclde_2027_killer_whales/dfo_crp/audio/northbc/DFOCRP.KkHK0R2F-NML1.SM2M-3.20131012_015100Z.flac,gs://noaa-passive-bioacoustic/dclde/2027/dclde_2027_killer_whales/dfo_crp/audio/northbc/DFOCRP.KkHK0R2F-NML1.SM2M-3.20131012_015100Z.flac,https://storage.googleapis.com/noaa-passive-bioacoustic/dclde/2027/dclde_2027_killer_whales/dfo_crp/audio/northbc/DFOCRP.KkHK0R2F-NML1.SM2M-3.20131012_015100Z.flac
dclde_DFO_CRP_NorthBc__DFOCRP.KkHK0R2F-NML1.SM2M-3.20131012_015100Z.flac,DFO_CRP,NorthBc,DFOCRP.KkHK0R2F-NML1.SM2M-3.20131012_015100Z.flac,dclde/2027/dclde_2027_killer_whales/dfo_crp/audio/northbc/DFOCRP.KkHK0R2F-NML1.SM2M-3.20131012_015100Z.flac,gs://noaa-passive-bioacoustic/dclde/2027/dclde_2027_killer_whales/dfo_crp/audio/northbc/DFOCRP.KkHK0R2F-NML1.SM2M-3.20131012_015100Z.flac,https://storage.googleapis.com/noaa-passive-bioacoustic/dclde/2027/dclde_2027_killer_whales/dfo_crp/audio/northbc/DFOCRP.KkHK0R2F-NML1.SM2M-3.20131012_015100Z.flac
dclde_DFO_CRP_NorthBc__DFOCRP.KkHK0R2F-NML1.SM2M-3.20131012_015100Z.flac,DFO_CRP,NorthBc,DFOCRP.KkHK0R2F-NML1.SM2M-3.20131012_015100Z.flac,dclde/2027/dclde_2027_killer_whales/dfo_crp/audio/northbc/DFOCRP.KkHK0R2F-NML1.SM2M-3.20131012_015100Z.flac,gs://noaa-passive-bioacoustic/dclde/2027/dclde_2027_killer_whales/dfo_crp/audio/northbc/DFOCRP.KkHK0R2F-NML1.SM2M-3.20131012_015100Z.flac,https://storage.googleapis.com/noaa-passive-bioacoustic/dclde/2027/dclde_2027_killer_whales/dfo_crp/audio/northbc/DFOCRP.KkHK0R2F-NML1.SM2M-3.20131012_015100Z.flac
dclde_DFO_CRP_NorthBc__DFOCRP.KkHK0R2F-NML1.SM2M-3.20131012_015100Z.flac,DFO_CRP,NorthBc,DFOCRP.KkHK0R2F-NML1.SM2M-3.20131012_015100Z.flac,dclde/2027/dclde_2027_killer_whales/dfo_crp/audio/northbc/DFOCRP.KkHK0R2F-NML1.SM2M-3.20131012_015100Z.flac,gs://noaa-passive-bioacoustic/dclde/2027/dclde_2027_killer_whales/dfo_crp/audio/northbc/DFOCRP.KkHK0R2F-NML1.SM2M-3.20131012_015100Z.flac,https://storage.googleapis.com/noaa-passive-bioacoustic/dclde/2027/dclde_2027_killer_whales/dfo_crp/audio/northbc/DFOCRP.KkHK0R2F-NML1.SM2M-3.20131012_015100Z.flac
dclde_DFO_CRP_NorthBc__DFOCRP.KkHK0R2F-NML1.SM2M-3.20131012_015100Z.flac,DFO_CRP,NorthBc,DFOCRP.KkHK0R2F-NML1.SM2M-3.20131012_015100Z.flac,dclde/2027/dclde_2027_killer_whales/dfo_crp/audio/northbc/DFOCRP.KkHK0R2F-NML1.SM2M-3.20131012_015100Z.flac,gs://noaa-passive-bioacoustic/dclde/2027/dclde_2027_killer_whales/dfo_crp/audio/northbc/DFOCRP.KkHK0R2F-NML1.SM2M-3.20131012_015100Z.flac,https://storage.googleapis.com/noaa-passive-bioacoustic/dclde/2027/dclde_2027_killer_whales/dfo_crp/audio/northbc/DFOCRP.KkHK0R2F-NML1.SM2M-3.20131012_015100Z.flac
dclde_DFO_CRP_NorthBc__DFOCRP.KkHK0R2F-NML1.SM2M-3.20131012_015100Z.flac,DFO_CRP,NorthBc,DFOCRP.KkHK0R2F-NML1.SM2M-3.20131012_015100Z.flac,dclde/2027/dclde_2027_killer_whales/dfo_crp/audio/northbc/DFOCRP.KkHK0R2F-NML1.SM2M-3.20131012_015100Z.flac,gs://noaa-passive-bioacoustic/dclde/2027/dclde_2027_killer_whales/dfo_crp/audio/northbc/DFOCRP.KkHK0R2F-NML1.SM2M-3.20131012_015100Z.flac,https://storage.googleapis.com/noaa-passive-bioacoustic/dclde/2027/dclde_2027_killer_whales/dfo_crp/audio/northbc/DFOCRP.KkHK0R2F-NML1.SM2M-3.20131012_015100Z.flac
dclde_DFO_CRP_NorthBc__DFOCRP.KkHK0R2F-NML1.SM2M-3.20131012_015100Z.flac,DFO_CRP,NorthBc,DFOCRP.KkHK0R2F-NML1.SM2M-3.20131012_015100Z.flac,dclde/2027/dclde_2027_killer_whales/dfo_crp/audio/northbc/DFOCRP.KkHK0R2F-NML1.SM2M-3.20131012_015100Z.flac,gs://noaa-passive-bioacoustic/dclde/2027/dclde_2027_killer_whales/dfo_crp/audio/northbc/DFOCRP.KkHK0R2F-NML1.SM2M-3.20131012_015100Z.flac,https://storage.googleapis.com/noaa-passive-bioacoustic/dclde/2027/dclde_2027_killer_whales/dfo_crp/audio/northbc/DFOCRP.KkHK0R2F-NML1.SM2M-3.20131012_015100Z.flac
dclde_DFO_CRP_NorthBc__DFOCRP.KkHK0R2F-NML1.SM2M-3.20131012_015100Z.flac,DFO_CRP,NorthBc,DFOCRP.KkHK0R2F-NML1.SM2M-3.20131012_015100Z.flac,dclde/2027/dclde_2027_killer_whales/dfo_crp/audio/northbc/DFOCRP.KkHK0R2F-NML1.SM2M-3.20131012_015100Z.flac,gs://noaa-passive-bioacoustic/dclde/2027/dclde_2027_killer_whales/dfo_crp/audio/northbc/DFOCRP.KkHK0R2F-NML1.SM2M-3.20131012_015100Z.flac,https://storage.googleapis.com/noaa-passive-bioacoustic/dclde/2027/dclde_2027_killer_whales/dfo_crp/audio/northbc/DFOCRP.KkHK0R2F-NML1.SM2M-3.20131012_015100Z.flac
dclde_DFO_CRP_NorthBc__DFOCRP.KkHK0R2F-NML1.SM2M-3.20131012_015100Z.flac,DFO_CRP,NorthBc,DFOCRP.KkHK0R2F-NML1.SM2M-3.20131012_015100Z.flac,dclde/2027/dclde_2027_killer_whales/dfo_crp/audio/northbc/DFOCRP.KkHK0R2F-NML1.SM2M-3.20131012_015100Z.flac,gs://noaa-passive-bioacoustic/dclde/2027/dclde_2027_killer_whales/dfo_crp/audio/northbc/DFOCRP.KkHK0R2F-NML1.SM2M-3.20131012_015100Z.flac,https://storage.googleapis.com/noaa-passive-bioacoustic/dclde/2027/dclde_2027_killer_whales/dfo_crp/audio/northbc/DFOCRP.KkHK0R2F-NML1.SM2M-3.20131012_015100Z.flac
dclde_DFO_CRP_NorthBc__DFOCRP.KkHK0R2F-NML1.SM2M-3.20131012_015100Z.flac,DFO_CRP,NorthBc,DFOCRP.KkHK0R2F-NML1.SM2M-3.20131012_015100Z.flac,dclde/2027/dclde_2027_killer_whales/dfo_crp/audio/northbc/DFOCRP.KkHK0R2F-NML1.SM2M-3.20131012_015100Z.flac,gs://noaa-passive-bioacoustic/dclde/2027/dclde_2027_killer_whales/dfo_crp/audio/northbc/DFOCRP.KkHK0R2F-NML1.SM2M-3.20131012_015100Z.flac,https://storage.googleapis.com/noaa-passive-bioacoustic/dclde/2027/dclde_2027_killer_whales/dfo_crp/audio/northbc/DFOCRP.KkHK0R2F-NML1.SM2M-3.20131012_015100Z.flac
dclde_DFO_CRP_NorthBc__DFOCRP.KkHK0R2F-NML1.SM2M-3.20131012_015100Z.flac,DFO_CRP,NorthBc,DFOCRP.KkHK0R2F-NML1.SM2M-3.20131012_015100Z.flac,dclde/2027/dclde_2027_killer_whales/dfo_crp/audio/northbc/DFOCRP.KkHK0R2F-NML1.SM2M-3.20131012_015100Z.flac,gs://noaa-passive-bioacoustic/dclde/2027/dclde_2027_killer_whales/dfo_crp/audio/northbc/DFOCRP.KkHK0R2F-NML1.SM2M-3.20131012_015100Z.flac,https://storage.googleapis.com/noaa-passive-bioacoustic/dclde/2027/dclde_2027_killer_whales/dfo_crp/audio/northbc/DFOCRP.KkHK0R2F-NML1.SM2M-3.20131012_015100Z.flac
dclde_DFO_CRP_NorthBc__DFOCRP.KkHK0R2F-NML1.SM2M-3.20131012_015100Z.flac,DFO_CRP,NorthBc,DFOCRP.KkHK0R2F-NML1.SM2M-3.20131012_015100Z.flac,dclde/2027/dclde_2027_killer_whales/dfo_crp/audio/northbc/DFOCRP.KkHK0R2F-NML1.SM2M-3.20131012_015100Z.flac,gs://noaa-passive-bioacoustic/dclde/2027/dclde_2027_killer_whales/dfo_crp/audio/northbc/DFOCRP.KkHK0R2F-NML1.SM2M-3.20131012_015100Z.flac,https://storage.googleapis.com/noaa-passive-bioacoustic/dclde/2027/dclde_2027_killer_whales/dfo_crp/audio/northbc/DFOCRP.KkHK0R2F-NML1.SM2M-3.20131012_015100Z.flac
dclde_DFO_CRP_NorthBc__DFOCRP.KkHK0R2F-NML1.SM2M-3.20131012_015100Z.flac,DFO_CRP,NorthBc,DFOCRP.KkHK0R2F-NML1.SM2M-3.20131012_015100Z.flac,dclde/2027/dclde_2027_killer_whales/dfo_crp/audio/northbc/DFOCRP.KkHK0R2F-NML1.SM2M-3.20131012_015100Z.flac,gs://noaa-passive-bioacoustic/dclde/2027/dclde_2027_killer_whales/dfo_crp/audio/northbc/DFOCRP.KkHK0R2F-NML1.SM2M-3.20131012_015100Z.flac,https://storage.googleapis.com/noaa-passive-bioacoustic/dclde/2027/dclde_2027_killer_whales/dfo_crp/audio/northbc/DFOCRP.KkHK0R2F-NML1.SM2M-3.20131012_015100Z.flac
dclde_DFO_CRP_NorthBc__DFOCRP.KkHK0R2F-NML1.SM2M-3.20131012_015100Z.flac,DFO_CRP,NorthBc,DFOCRP.KkHK0R2F-NML1.SM2M-3.20131012_015100Z.flac,dclde/2027/dclde_2027_killer_whales/dfo_crp/audio/northbc/DFOCRP.KkHK0R2F-NML1.SM2M-3.20131012_015100Z.flac,gs://noaa-passive-bioacoustic/dclde/2027/dclde_2027_killer_whales/dfo_crp/audio/northbc/DFOCRP.KkHK0R2F-NML1.SM2M-3.20131012_015100Z.flac,https://storage.googleapis.com/noaa-passive-bioacoustic/dclde/2027/dclde_2027_killer_whales/dfo_crp/audio/northbc/DFOCRP.KkHK0R2F-NML1.SM2M-3.20131012_015100Z.flac
dclde_DFO_CRP_NorthBc__DFOCRP.KkHK0R2F-NML1.SM2M-3.20131012_015100Z.flac,DFO_CRP,NorthBc,DFOCRP.KkHK0R2F-NML1.SM2M-3.20131012_015100Z.flac,dclde/2027/dclde_2027_killer_whales/dfo_crp/audio/northbc/DFOCRP.KkHK0R2F-NML1.SM2M-3.20131012_015100Z.flac,gs://noaa-passive-bioacoustic/dclde/2027/dclde_2027_killer_whales/dfo_crp/audio/northbc/DFOCRP.KkHK0R2F-NML1.SM2M-3.20131012_015100Z.flac,https://storage.googleapis.com/noaa-passive-bioacoustic/dclde/2027/dclde_2027_killer_whales/dfo_crp/audio/northbc/DFOCRP.KkHK0R2F-NML1.SM2M-3.20131012_015100Z.flac
dclde_DFO_CRP_NorthBc__DFOCRP.KkHK0R2F-NML1.SM2M-3.20131012_015100Z.flac,DFO_CRP,NorthBc,DFOCRP.KkHK0R2F-NML1.SM2M-3.20131012_015100Z.flac,dclde/2027/dclde_2027_killer_whales/dfo_crp/audio/northbc/DFOCRP.KkHK0R2F-NML1.SM2M-3.20131012_015100Z.flac,gs://noaa-passive-bioacoustic/dclde/2027/dclde_2027_killer_whales/dfo_crp/audio/northbc/DFOCRP.KkHK0R2F-NML1.SM2M-3.20131012_015100Z.flac,https://storage.googleapis.com/noaa-passive-bioacoustic/dclde/2027/dclde_2027_killer_whales/dfo_crp/audio/northbc/DFOCRP.KkHK0R2F-NML1.SM2M-3.20131012_015100Z.flac
dclde_DFO_CRP_NorthBc__DFOCRP.KkHK0R2F-NML1.SM2M-3.20131012_015100Z.flac,DFO_CRP,NorthBc,DFOCRP.KkHK0R2F-NML1.SM2M-3.20131012_015100Z.flac,dclde/2027/dclde_2027_killer_whales/dfo_crp/audio/northbc/DFOCRP.KkHK0R2F-NML1.SM2M-3.20131012_015100Z.flac,gs://noaa-passive-bioacoustic/dclde/2027/dclde_2027_killer_whales/dfo_crp/audio/northbc/DFOCRP.KkHK0R2F-NML1.SM2M-3.20131012_015100Z.flac,https://storage.googleapis.com/noaa-passive-bioacoustic/dclde/2027/dclde_2027_killer_whales/dfo_crp/audio/northbc/DFOCRP.KkHK0R2F-NML1.SM2M-3.20131012_015100Z.flac
dclde_DFO_CRP_NorthBc__DFOCRP.KkHK0R2F-NML1.SM2M-3.20131012_015100Z.flac,DFO_CRP,NorthBc,DFOCRP.KkHK0R2F-NML1.SM2M-3.20131012_015100Z.flac,dclde/2027/dclde_2027_killer_whales/dfo_crp/audio/northbc/DFOCRP.KkHK0R2F-NML1.SM2M-3.20131012_015100Z.flac,gs://noaa-passive-bioacoustic/dclde/2027/dclde_2027_killer_whales/dfo_crp/audio/northbc/DFOCRP.KkHK0R2F-NML1.SM2M-3.20131012_015100Z.flac,https://storage.googleapis.com/noaa-passive-bioacoustic/dclde/2027/dclde_2027_killer_whales/dfo_crp/audio/northbc/DFOCRP.KkHK0R2F-NML1.SM2M-3.20131012_015100Z.flac
dclde_DFO_CRP_NorthBc__DFOCRP.KkHK0R2F-NML1.SM2M-3.20131012_015100Z.flac,DFO_CRP,NorthBc,DFOCRP.KkHK0R2F-NML1.SM2M-3.20131012_015100Z.flac,dclde/2027/dclde_2027_killer_whales/dfo_crp/audio/northbc/DFOCRP.KkHK0R2F-NML1.SM2M-3.20131012_015100Z.flac,gs://noaa-passive-bioacoustic/dclde/2027/dclde_2027_killer_whales/dfo_crp/audio/northbc/DFOCRP.KkHK0R2F-NML1.SM2M-3.20131012_015100Z.flac,https://storage.googleapis.com/noaa-passive-bioacoustic/dclde/2027/dclde_2027_killer_whales/dfo_crp/audio/northbc/DFOCRP.KkHK0R2F-NML1.SM2M-3.20131012_015100Z.flac
dclde_DFO_CRP_NorthBc__DFOCRP.KkHK0R2F-NML1.SM2M-3.20131012_015100Z.flac,DFO_CRP,NorthBc,DFOCRP.KkHK0R2F-NML1.SM2M-3.20131012_015100Z.flac,dclde/2027/dclde_2027_killer_whales/dfo_crp/audio/northbc/DFOCRP.KkHK0R2F-NML1.SM2M-3.20131012_015100Z.flac,gs://noaa-passive-bioacoustic/dclde/2027/dclde_2027_killer_whales/dfo_crp/audio/northbc/DFOCRP.KkHK0R2F-NML1.SM2M-3.20131012_015100Z.flac,https://storage.googleapis.com/noaa-passive-bioacoustic/dclde/2027/dclde_2027_killer_whales/dfo_crp/audio/northbc/DFOCRP.KkHK0R2F-NML1.SM2M-3.20131012_015100Z.flac
dclde_DFO_CRP_NorthBc__DFOCRP.KkHK0R2F-NML1.SM2M-3.20131012_020600Z.flac,DFO_CRP,NorthBc,DFOCRP.KkHK0R2F-NML1.SM2M-3.20131012_020600Z.flac,dclde/2027/dclde_2027_killer_whales/dfo_crp/audio/northbc/DFOCRP.KkHK0R2F-NML1.SM2M-3.20131012_020600Z.flac,gs://noaa-passive-bioacoustic/dclde/2027/dclde_2027_killer_whales/dfo_crp/audio/northbc/DFOCRP.KkHK0R2F-NML1.SM2M-3.20131012_020600Z.flac,https://storage.googleapis.com/noaa-passive-bioacoustic/dclde/2027/dclde_2027_killer_whales/dfo_crp/audio/northbc/DFOCRP.KkHK0R2F-NML1.SM2M-3.20131012_020600Z.flac
dclde_DFO_CRP_NorthBc__DFOCRP.KkHK0R2F-NML1.SM2M-3.20131012_020600Z.flac,DFO_CRP,NorthBc,DFOCRP.KkHK0R2F-NML1.SM2M-3.20131012_020600Z.flac,dclde/2027/dclde_2027_killer_whales/dfo_crp/audio/northbc/DFOCRP.KkHK0R2F-NML1.SM2M-3.20131012_020600Z.flac,gs://noaa-passive-bioacoustic/dclde/2027/dclde_2027_killer_whales/dfo_crp/audio/northbc/DFOCRP.KkHK0R2F-NML1.SM2M-3.20131012_020600Z.flac,https://storage.googleapis.com/noaa-passive-bioacoustic/dclde/2027/dclde_2027_killer_whales/dfo_crp/audio/northbc/DFOCRP.KkHK0R2F-NML1.SM2M-3.20131012_020600Z.flac
dclde_DFO_CRP_NorthBc__DFOCRP.KkHK0R2F-NML1.SM2M-3.20131012_020600Z.flac,DFO_CRP,NorthBc,DFOCRP.KkHK0R2F-NML1.SM2M-3.20131012_020600Z.flac,dclde/2027/dclde_2027_killer_whales/dfo_crp/audio/northbc/DFOCRP.KkHK0R2F-NML1.SM2M-3.20131012_020600Z.flac,gs://noaa-passive-bioacoustic/dclde/2027/dclde_2027_killer_whales/dfo_crp/audio/northbc/DFOCRP.KkHK0R2F-NML1.SM2M-3.20131012_020600Z.flac,https://storage.googleapis.com/noaa-passive-bioacoustic/dclde/2027/dclde_2027_killer_whales/dfo_crp/audio/northbc/DFOCRP.KkHK0R2F-NML1.SM2M-3.20131012_020600Z.flac
dclde_DFO_CRP_NorthBc__DFOCRP.KkHK0R2F-NML1.SM2M-3.20131012_020600Z.flac,DFO_CRP,NorthBc,DFOCRP.KkHK0R2F-NML1.SM2M-3.20131012_020600Z.flac,dclde/2027/dclde_2027_killer_whales/dfo_crp/audio/northbc/DFOCRP.KkHK0R2F-NML1.SM2M-3.20131012_020600Z.flac,gs://noaa-passive-bioacoustic/dclde/2027/dclde_2027_killer_whales/dfo_crp/audio/northbc/DFOCRP.KkHK0R2F-NML1.SM2M-3.20131012_020600Z.flac,https://storage.googleapis.com/noaa-passive-bioacoustic/dclde/2027/dclde_2027_killer_whales/dfo_crp/audio/northbc/DFOCRP.KkHK0R2F-NML1.SM2M-3.20131012_020600Z.flac
dclde_DFO_CRP_NorthBc__DFOCRP.KkHK0R2F-NML1.SM2M-3.20131012_020600Z.flac,DFO_CRP,NorthBc,DFOCRP.KkHK0R2F-NML1.SM2M-3.20131012_020600Z.flac,dclde/2027/dclde_2027_killer_whales/dfo_crp/audio/northbc/DFOCRP.KkHK0R2F-NML1.SM2M-3.20131012_020600Z.flac,gs://noaa-passive-bioacoustic/dclde/2027/dclde_2027_killer_whales/dfo_crp/audio/northbc/DFOCRP.KkHK0R2F-NML1.SM2M-3.20131012_020600Z.flac,https://storage.googleapis.com/noaa-passive-bioacoustic/dclde/2027/dclde_2027_killer_whales/dfo_crp/audio/northbc/DFOCRP.KkHK0R2F-NML1.SM2M-3.20131012_020600Z.flac
dclde_DFO_CRP_NorthBc__DFOCRP.KkHK0R2F-NML1.SM2M-3.20131012_020600Z.flac,DFO_CRP,NorthBc,DFOCRP.KkHK0R2F-NML1.SM2M-3.20131012_020600Z.flac,dclde/2027/dclde_2027_killer_whales/dfo_crp/audio/northbc/DFOCRP.KkHK0R2F-NML1.SM2M-3.20131012_020600Z.flac,gs://noaa-passive-bioacoustic/dclde/2027/dclde_2027_killer_whales/dfo_crp/audio/northbc/DFOCRP.KkHK0R2F-NML1.SM2M-3.20131012_020600Z.flac,https://storage.googleapis.com/noaa-passive-bioacoustic/dclde/2027/dclde_2027_killer_whales/dfo_crp/audio/northbc/DFOCRP.KkHK0R2F-NML1.SM2M-3.20131012_020600Z.flac
dclde_DFO_CRP_NorthBc__DFOCRP.KkHK0R2F-NML1.SM2M-3.20131012_020600Z.flac,DFO_CRP,NorthBc,DFOCRP.KkHK0R2F-NML1.SM2M-3.20131012_020600Z.flac,dclde/2027/dclde_2027_killer_whales/dfo_crp/audio/northbc/DFOCRP.KkHK0R2F-NML1.SM2M-3.20131012_020600Z.flac,gs://noaa-passive-bioacoustic/dclde/2027/dclde_2027_killer_whales/dfo_crp/audio/northbc/DFOCRP.KkHK0R2F-NML1.SM2M-3.20131012_020600Z.flac,https://storage.googleapis.com/noaa-passive-bioacoustic/dclde/2027/dclde_2027_killer_whales/dfo_crp/audio/northbc/DFOCRP.KkHK0R2F-NML1.SM2M-3.20131012_020600Z.flac
dclde_DFO_CRP_NorthBc__DFOCRP.KkHK0R2F-NML1.SM2M-3.20131012_020600Z.flac,DFO_CRP,NorthBc,DFOCRP.KkHK0R2F-NML1.SM2M-3.20131012_020600Z.flac,dclde/2027/dclde_2027_killer_whales/dfo_crp/audio/northbc/DFOCRP.KkHK0R2F-NML1.SM2M-3.20131012_020600Z.flac,gs://noaa-passive-bioacoustic/dclde/2027/dclde_2027_killer_whales/dfo_crp/audio/northbc/DFOCRP.KkHK0R2F-NML1.SM2M-3.20131012_020600Z.flac,https://storage.googleapis.com/noaa-passive-bioacoustic/dclde/2027/dclde_2027_killer_whales/dfo_crp/audio/northbc/DFOCRP.KkHK0R2F-NML1.SM2M-3.20131012_020600Z.flac
dclde_DFO_CRP_NorthBc__DFOCRP.KkHK0R2F-NML1.SM2M-3.20131012_020600Z.flac,DFO_CRP,NorthBc,DFOCRP.KkHK0R2F-NML1.SM2M-3.20131012_020600Z.flac,dclde/2027/dclde_2027_killer_whales/dfo_crp/audio/northbc/DFOCRP.KkHK0R2F-NML1.SM2M-3.20131012_020600Z.flac,gs://noaa-passive-bioacoustic/dclde/2027/dclde_2027_killer_whales/dfo_crp/audio/northbc/DFOCRP.KkHK0R2F-NML1.SM2M-3.20131012_020600Z.flac,https://storage.googleapis.com/noaa-passive-bioacoustic/dclde/2027/dclde_2027_killer_whales/dfo_crp/audio/northbc/DFOCRP.KkHK0R2F-NML1.SM2M-3.20131012_020600Z.flac
dclde_DFO_CRP_NorthBc__DFOCRP.KkHK0R2F-NML1.SM2M-3.20131012_020600Z.flac,DFO_CRP,NorthBc,DFOCRP.KkHK0R2F-NML1.SM2M-3.20131012_020600Z.flac,dclde/2027/dclde_2027_killer_whales/dfo_crp/audio/northbc/DFOCRP.KkHK0R2F-NML1.SM2M-3.20131012_020600Z.flac,gs://noaa-passive-bioacoustic/dclde/2027/dclde_2027_killer_whales/dfo_crp/audio/northbc/DFOCRP.KkHK0R2F-NML1.SM2M-3.20131012_020600Z.flac,https://storage.googleapis.com/noaa-passive-bioacoustic/dclde/2027/dclde_2027_killer_whales/dfo_crp/audio/northbc/DFOCRP.KkHK0R2F-NML1.SM2M-3.20131012_020600Z.flac
dclde_DFO_CRP_NorthBc__DFOCRP.KkHK0R2F-NML1.SM2M-3.20131012_020600Z.flac,DFO_CRP,NorthBc,DFOCRP.KkHK0R2F-NML1.SM2M-3.20131012_020600Z.flac,dclde/2027/dclde_2027_killer_whales/dfo_crp/audio/northbc/DFOCRP.KkHK0R2F-NML1.SM2M-3.20131012_020600Z.flac,gs://noaa-passive-bioacoustic/dclde/2027/dclde_2027_killer_whales/dfo_crp/audio/northbc/DFOCRP.KkHK0R2F-NML1.SM2M-3.20131012_020600Z.flac,https://storage.googleapis.com/noaa-passive-bioacoustic/dclde/2027/dclde_2027_killer_whales/dfo_crp/audio/northbc/DFOCRP.KkHK0R2F-NML1.SM2M-3.20131012_020600Z.flac
dclde_DFO_CRP_NorthBc__DFOCRP.KkHK0R2F-NML1.SM2M-3.20131012_020600Z.flac,DFO_CRP,NorthBc,DFOCRP.KkHK0R2F-NML1.SM2M-3.20131012_020600Z.flac,dclde/2027/dclde_2027_killer_whales/dfo_crp/audio/northbc/DFOCRP.KkHK0R2F-NML1.SM2M-3.20131012_020600Z.flac,gs://noaa-passive-bioacoustic/dclde/2027/dclde_2027_killer_whales/dfo_crp/audio/northbc/DFOCRP.KkHK0R2F-NML1.SM2M-3.20131012_020600Z.flac,https://storage.googleapis.com/noaa-passive-bioacoustic/dclde/2027/dclde_2027_killer_whales/dfo_crp/audio/northbc/DFOCRP.KkHK0R2F-NML1.SM2M-3.20131012_020600Z.flac
dclde_DFO_CRP_NorthBc__DFOCRP.KkHK0R2F-NML1.SM2M-3.20131012_020600Z.flac,DFO_CRP,NorthBc,DFOCRP.KkHK0R2F-NML1.SM2M-3.20131012_020600Z.flac,dclde/2027/dclde_2027_killer_whales/dfo_crp/audio/northbc/DFOCRP.KkHK0R2F-NML1.SM2M-3.20131012_020600Z.flac,gs://noaa-passive-bioacoustic/dclde/2027/dclde_2027_killer_whales/dfo_crp/audio/northbc/DFOCRP.KkHK0R2F-NML1.SM2M-3.20131012_020600Z.flac,https://storage.googleapis.com/noaa-passive-bioacoustic/dclde/2027/dclde_2027_killer_whales/dfo_crp/audio/northbc/DFOCRP.KkHK0R2F-NML1.SM2M-3.20131012_020600Z.flac
dclde_DFO_CRP_NorthBc__DFOCRP.KkHK0R2F-NML1.SM2M-3.20131012_020600Z.flac,DFO_CRP,NorthBc,DFOCRP.KkHK0R2F-NML1.SM2M-3.20131012_020600Z.flac,dclde/2027/dclde_2027_killer_whales/dfo_crp/audio/northbc/DFOCRP.KkHK0R2F-NML1.SM2M-3.20131012_020600Z.flac,gs://noaa-passive-bioacoustic/dclde/2027/dclde_2027_killer_whales/dfo_crp/audio/northbc/DFOCRP.KkHK0R2F-NML1.SM2M-3.20131012_020600Z.flac,https://storage.googleapis.com/noaa-passive-bioacoustic/dclde/2027/dclde_2027_killer_whales/dfo_crp/audio/northbc/DFOCRP.KkHK0R2F-NML1.SM2M-3.20131012_020600Z.flac
dclde_DFO_CRP_NorthBc__DFOCRP.KkHK0R2F-NML1.SM2M-3.20131012_020600Z.flac,DFO_CRP,NorthBc,DFOCRP.KkHK0R2F-NML1.SM2M-3.20131012_020600Z.flac,dclde/2027/dclde_2027_killer_whales/dfo_crp/audio/northbc/DFOCRP.KkHK0R2F-NML1.SM2M-3.20131012_020600Z.flac,gs://noaa-passive-bioacoustic/dclde/2027/dclde_2027_killer_whales/dfo_crp/audio/northbc/DFOCRP.KkHK0R2F-NML1.SM2M-3.20131012_020600Z.flac,https://storage.googleapis.com/noaa-passive-bioacoustic/dclde/2027/dclde_2027_killer_whales/dfo_crp/audio/northbc/DFOCRP.KkHK0R2F-NML1.SM2M-3.20131012_020600Z.flac
dclde_DFO_CRP_NorthBc__DFOCRP.KkHK0R2F-NML1.SM2M-3.20131012_020600Z.flac,DFO_CRP,NorthBc,DFOCRP.KkHK0R2F-NML1.SM2M-3.20131012_020600Z.flac,dclde/2027/dclde_2027_killer_whales/dfo_crp/audio/northbc/DFOCRP.KkHK0R2F-NML1.SM2M-3.20131012_020600Z.flac,gs://noaa-passive-bioacoustic/dclde/2027/dclde_2027_killer_whales/dfo_crp/audio/northbc/DFOCRP.KkHK0R2F-NML1.SM2M-3.20131012_020600Z.flac,https://storage.googleapis.com/noaa-passive-bioacoustic/dclde/2027/dclde_2027_killer_whales/dfo_crp/audio/northbc/DFOCRP.KkHK0R2F-NML1.SM2M-3.20131012_020600Z.flac
dclde_DFO_CRP_NorthBc__DFOCRP.KkHK0R2F-NML1.SM2M-3.20131012_020600Z.flac,DFO_CRP,NorthBc,DFOCRP.KkHK0R2F-NML1.SM2M-3.20131012_020600Z.flac,dclde/2027/dclde_2027_killer_whales/dfo_crp/audio/northbc/DFOCRP.KkHK0R2F-NML1.SM2M-3.20131012_020600Z.flac,gs://noaa-passive-bioacoustic/dclde/2027/dclde_2027_killer_whales/dfo_crp/audio/northbc/DFOCRP.KkHK0R2F-NML1.SM2M-3.20131012_020600Z.flac,https://storage.googleapis.com/noaa-passive-bioacoustic/dclde/2027/dclde_2027_killer_whales/dfo_crp/audio/northbc/DFOCRP.KkHK0R2F-NML1.SM2M-3.20131012_020600Z.flac
dclde_DFO_CRP_NorthBc__DFOCRP.KkHK0R2F-NML1.SM2M-3.20131012_020600Z.flac,DFO_CRP,NorthBc,DFOCRP.KkHK0R2F-NML1.SM2M-3.20131012_020600Z.flac,dclde/2027/dclde_2027_killer_whales/dfo_crp/audio/northbc/DFOCRP.KkHK0R2F-NML1.SM2M-3.20131012_020600Z.flac,gs://noaa-passive-bioacoustic/dclde/2027/dclde_2027_killer_whales/dfo_crp/audio/northbc/DFOCRP.KkHK0R2F-NML1.SM2M-3.20131012_020600Z.flac,https://storage.googleapis.com/noaa-passive-bioacoustic/dclde/2027/dclde_2027_killer_whales/dfo_crp/audio/northbc/DFOCRP.KkHK0R2F-NML1.SM2M-3.20131012_020600Z.flac
dclde_DFO_CRP_NorthBc__DFOCRP.KkHK0R2F-NML1.SM2M-3.20131012_020600Z.flac,DFO_CRP,NorthBc,DFOCRP.KkHK0R2F-NML1.SM2M-3.20131012_020600Z.flac,dclde/2027/dclde_2027_killer_whales/dfo_crp/audio/northbc/DFOCRP.KkHK0R2F-NML1.SM2M-3.20131012_020600Z.flac,gs://noaa-passive-bioacoustic/dclde/2027/dclde_2027_killer_whales/dfo_crp/audio/northbc/DFOCRP.KkHK0R2F-NML1.SM2M-3.20131012_020600Z.flac,https://storage.googleapis.com/noaa-passive-bioacoustic/dclde/2027/dclde_2027_killer_whales/dfo_crp/audio/northbc/DFOCRP.KkHK0R2F-NML1.SM2M-3.20131012_020600Z.flac
dclde_DFO_CRP_NorthBc__DFOCRP.KkHK0R2F-NML1.SM2M-3.20131012_020600Z.flac,DFO_CRP,NorthBc,DFOCRP.KkHK0R2F-NML1.SM2M-3.20131012_020600Z.flac,dclde/2027/dclde_2027_killer_whales/dfo_crp/audio/northbc/DFOCRP.KkHK0R2F-NML1.SM2M-3.20131012_020600Z.flac,gs://noaa-passive-bioacoustic/dclde/2027/dclde_2027_killer_whales/dfo_crp/audio/northbc/DFOCRP.KkHK0R2F-NML1.SM2M-3.20131012_020600Z.flac,https://storage.googleapis.com/noaa-passive-bioacoustic/dclde/2027/dclde_2027_killer_whales/dfo_crp/audio/northbc/DFOCRP.KkHK0R2F-NML1.SM2M-3.20131012_020600Z.flac
dclde_DFO_CRP_NorthBc__DFOCRP.KkHK0R2F-NML1.SM2M-3.20131012_020600Z.flac,DFO_CRP,NorthBc,DFOCRP.KkHK0R2F-NML1.SM2M-3.20131012_020600Z.flac,dclde/2027/dclde_2027_killer_whales/dfo_crp/audio/northbc/DFOCRP.KkHK0R2F-NML1.SM2M-3.20131012_020600Z.flac,gs://noaa-passive-bioacoustic/dclde/2027/dclde_2027_killer_whales/dfo_crp/audio/northbc/DFOCRP.KkHK0R2F-NML1.SM2M-3.20131012_020600Z.flac,https://storage.googleapis.com/noaa-passive-bioacoustic/dclde/2027/dclde_2027_killer_whales/dfo_crp/audio/northbc/DFOCRP.KkHK0R2F-NML1.SM2M-3.20131012_020600Z.flac
dclde_DFO_CRP_NorthBc__DFOCRP.KkHK0R2F-NML1.SM2M-3.20131012_020600Z.flac,DFO_CRP,NorthBc,DFOCRP.KkHK0R2F-NML1.SM2M-3.20131012_020600Z.flac,dclde/2027/dclde_2027_killer_whales/dfo_crp/audio/northbc/DFOCRP.KkHK0R2F-NML1.SM2M-3.20131012_020600Z.flac,gs://noaa-passive-bioacoustic/dclde/2027/dclde_2027_killer_whales/dfo_crp/audio/northbc/DFOCRP.KkHK0R2F-NML1.SM2M-3.20131012_020600Z.flac,https://storage.googleapis.com/noaa-passive-bioacoustic/dclde/2027/dclde_2027_killer_whales/dfo_crp/audio/northbc/DFOCRP.KkHK0R2F-NML1.SM2M-3.20131012_020600Z.flac
dclde_DFO_CRP_NorthBc__DFOCRP.KkHK0R2F-NML1.SM2M-3.20131012_020600Z.flac,DFO_CRP,NorthBc,DFOCRP.KkHK0R2F-NML1.SM2M-3.20131012_020600Z.flac,dclde/2027/dclde_2027_killer_whales/dfo_crp/audio/northbc/DFOCRP.KkHK0R2F-NML1.SM2M-3.20131012_020600Z.flac,gs://noaa-passive-bioacoustic/dclde/2027/dclde_2027_killer_whales/dfo_crp/audio/northbc/DFOCRP.KkHK0R2F-NML1.SM2M-3.20131012_020600Z.flac,https://storage.googleapis.com/noaa-passive-bioacoustic/dclde/2027/dclde_2027_killer_whales/dfo_crp/audio/northbc/DFOCRP.KkHK0R2F-NML1.SM2M-3.20131012_020600Z.flac
dclde_DFO_CRP_NorthBc__DFOCRP.KkHK0R2F-NML1.SM2M-3.20131012_020600Z.flac,DFO_CRP,NorthBc,DFOCRP.KkHK0R2F-NML1.SM2M-3.20131012_020600Z.flac,dclde/2027/dclde_2027_killer_whales/dfo_crp/audio/northbc/DFOCRP.KkHK0R2F-NML1.SM2M-3.20131012_020600Z.flac,gs://noaa-passive-bioacoustic/dclde/2027/dclde_2027_killer_whales/dfo_crp/audio/northbc/DFOCRP.KkHK0R2F-NML1.SM2M-3.20131012_020600Z.flac,https://storage.googleapis.com/noaa-passive-bioacoustic/dclde/2027/dclde_2027_killer_whales/dfo_crp/audio/northbc/DFOCRP.KkHK0R2F-NML1.SM2M-3.20131012_020600Z.flac
dclde_DFO_CRP_NorthBc__DFOCRP.KkHK0R2F-NML1.SM2M-3.20131012_020600Z.flac,DFO_CRP,NorthBc,DFOCRP.KkHK0R2F-NML1.SM2M-3.20131012_020600Z.flac,dclde/2027/dclde_2027_killer_whales/dfo_crp/audio/northbc/DFOCRP.KkHK0R2F-NML1.SM2M-3.20131012_020600Z.flac,gs://noaa-passive-bioacoustic/dclde/2027/dclde_2027_killer_whales/dfo_crp/audio/northbc/DFOCRP.KkHK0R2F-NML1.SM2M-3.20131012_020600Z.flac,https://storage.googleapis.com/noaa-passive-bioacoustic/dclde/2027/dclde_2027_killer_whales/dfo_crp/audio/northbc/DFOCRP.KkHK0R2F-NML1.SM2M-3.20131012_020600Z.flac
dclde_DFO_CRP_NorthBc__DFOCRP.KkHK0R2F-NML1.SM2M-3.20131012_020600Z.flac,DFO_CRP,NorthBc,DFOCRP.KkHK0R2F-NML1.SM2M-3.20131012_020600Z.flac,dclde/2027/dclde_2027_killer_whales/dfo_crp/audio/northbc/DFOCRP.KkHK0R2F-NML1.SM2M-3.20131012_020600Z.flac,gs://noaa-passive-bioacoustic/dclde/2027/dclde_2027_killer_whales/dfo_crp/audio/northbc/DFOCRP.KkHK0R2F-NML1.SM2M-3.20131012_020600Z.flac,https://storage.googleapis.com/noaa-passive-bioacoustic/dclde/2027/dclde_2027_killer_whales/dfo_crp/audio/northbc/DFOCRP.KkHK0R2F-NML1.SM2M-3.20131012_020600Z.flac
dclde_DFO_CRP_NorthBc__DFOCRP.KkHK0R2F-NML1.SM2M-3.20131012_020600Z.flac,DFO_CRP,NorthBc,DFOCRP.KkHK0R2F-NML1.SM2M-3.20131012_020600Z.flac,dclde/2027/dclde_2027_killer_whales/dfo_crp/audio/northbc/DFOCRP.KkHK0R2F-NML1.SM2M-3.20131012_020600Z.flac,gs://noaa-passive-bioacoustic/dclde/2027/dclde_2027_killer_whales/dfo_crp/audio/northbc/DFOCRP.KkHK0R2F-NML1.SM2M-3.20131012_020600Z.flac,https://storage.googleapis.com/noaa-passive-bioacoustic/dclde/2027/dclde_2027_killer_whales/dfo_crp/audio/northbc/DFOCRP.KkHK0R2F-NML1.SM2M-3.20131012_020600Z.flac
dclde_DFO_CRP_NorthBc__DFOCRP.KkHK0R2F-NML1.SM2M-3.20131012_020600Z.flac,DFO_CRP,NorthBc,DFOCRP.KkHK0R2F-NML1.SM2M-3.20131012_020600Z.flac,dclde/2027/dclde_2027_killer_whales/dfo_crp/audio/northbc/DFOCRP.KkHK0R2F-NML1.SM2M-3.20131012_020600Z.flac,gs://noaa-passive-bioacoustic/dclde/2027/dclde_2027_killer_whales/dfo_crp/audio/northbc/DFOCRP.KkHK0R2F-NML1.SM2M-3.20131012_020600Z.flac,https://storage.googleapis.com/noaa-passive-bioacoustic/dclde/2027/dclde_2027_killer_whales/dfo_crp/audio/northbc/DFOCRP.KkHK0R2F-NML1.SM2M-3.20131012_020600Z.flac
dclde_DFO_CRP_NorthBc__DFOCRP.KkHK0R2F-NML1.SM2M-3.20131012_020600Z.flac,DFO_CRP,NorthBc,DFOCRP.KkHK0R2F-NML1.SM2M-3.20131012_020600Z.flac,dclde/2027/dclde_2027_killer_whales/dfo_crp/audio/northbc/DFOCRP.KkHK0R2F-NML1.SM2M-3.20131012_020600Z.flac,gs://noaa-passive-bioacoustic/dclde/2027/dclde_2027_killer_whales/dfo_crp/audio/northbc/DFOCRP.KkHK0R2F-NML1.SM2M-3.20131012_020600Z.flac,https://storage.googleapis.com/noaa-passive-bioacoustic/dclde/2027/dclde_2027_killer_whales/dfo_crp/audio/northbc/DFOCRP.KkHK0R2F-NML1.SM2M-3.20131012_020600Z.flac
dclde_DFO_CRP_NorthBc__DFOCRP.KkHK0R2F-NML1.SM2M-3.20131012_020600Z.flac,DFO_CRP,NorthBc,DFOCRP.KkHK0R2F-NML1.SM2M-3.20131012_020600Z.flac,dclde/2027/dclde_2027_killer_whales/dfo_crp/audio/northbc/DFOCRP.KkHK0R2F-NML1.SM2M-3.20131012_020600Z.flac,gs://noaa-passive-bioacoustic/dclde/2027/dclde_2027_killer_whales/dfo_crp/audio/northbc/DFOCRP.KkHK0R2F-NML1.SM2M-3.20131012_020600Z.flac,https://storage.googleapis.com/noaa-passive-bioacoustic/dclde/2027/dclde_2027_killer_whales/dfo_crp/audio/northbc/DFOCRP.KkHK0R2F-NML1.SM2M-3.20131012_020600Z.flac
dclde_DFO_CRP_NorthBc__DFOCRP.KkHK0R2F-NML1.SM2M-3.20131012_020600Z.flac,DFO_CRP,NorthBc,DFOCRP.KkHK0R2F-NML1.SM2M-3.20131012_020600Z.flac,dclde/2027/dclde_2027_killer_whales/dfo_crp/audio/northbc/DFOCRP.KkHK0R2F-NML1.SM2M-3.20131012_020600Z.flac,gs://noaa-passive-bioacoustic/dclde/2027/dclde_2027_killer_whales/dfo_crp/audio/northbc/DFOCRP.KkHK0R2F-NML1.SM2M-3.20131012_020600Z.flac,https://storage.googleapis.com/noaa-passive-bioacoustic/dclde/2027/dclde_2027_killer_whales/dfo_crp/audio/northbc/DFOCRP.KkHK0R2F-NML1.SM2M-3.20131012_020600Z.flac
dclde_DFO_CRP_NorthBc__DFOCRP.KkHK0R2F-NML1.SM2M-3.20131012_020600Z.flac,DFO_CRP,NorthBc,DFOCRP.KkHK0R2F-NML1.SM2M-3.20131012_020600Z.flac,dclde/2027/dclde_2027_killer_whales/dfo_crp/audio/northbc/DFOCRP.KkHK0R2F-NML1.SM2M-3.20131012_020600Z.flac,gs://noaa-passive-bioacoustic/dclde/2027/dclde_2027_killer_whales/dfo_crp/audio/northbc/DFOCRP.KkHK0R2F-NML1.SM2M-3.20131012_020600Z.flac,https://storage.googleapis.com/noaa-passive-bioacoustic/dclde/2027/dclde_2027_killer_whales/dfo_crp/audio/northbc/DFOCRP.KkHK0R2F-NML1.SM2M-3.20131012_020600Z.flac
dclde_DFO_CRP_NorthBc__DFOCRP.KkHK0R2F-NML1.SM2M-3.20131012_020600Z.flac,DFO_CRP,NorthBc,DFOCRP.KkHK0R2F-NML1.SM2M-3.20131012_020600Z.flac,dclde/2027/dclde_2027_killer_whales/dfo_crp/audio/northbc/DFOCRP.KkHK0R2F-NML1.SM2M-3.20131012_020600Z.flac,gs://noaa-passive-bioacoustic/dclde/2027/dclde_2027_killer_whales/dfo_crp/audio/northbc/DFOCRP.KkHK0R2F-NML1.SM2M-3.20131012_020600Z.flac,https://storage.googleapis.com/noaa-passive-bioacoustic/dclde/2027/dclde_2027_killer_whales/dfo_crp/audio/northbc/DFOCRP.KkHK0R2F-NML1.SM2M-3.20131012_020600Z.flac
dclde_DFO_CRP_NorthBc__DFOCRP.KkHK0R2F-NML1.SM2M-3.20131012_020600Z.flac,DFO_CRP,NorthBc,DFOCRP.KkHK0R2F-NML1.SM2M-3.20131012_020600Z.flac,dclde/2027/dclde_2027_killer_whales/dfo_crp/audio/northbc/DFOCRP.KkHK0R2F-NML1.SM2M-3.20131012_020600Z.flac,gs://noaa-passive-bioacoustic/dclde/2027/dclde_2027_killer_whales/dfo_crp/audio/northbc/DFOCRP.KkHK0R2F-NML1.SM2M-3.20131012_020600Z.flac,https://storage.googleapis.com/noaa-passive-bioacoustic/dclde/2027/dclde_2027_killer_whales/dfo_crp/audio/northbc/DFOCRP.KkHK0R2F-NML1.SM2M-3.20131012_020600Z.flac
dclde_DFO_CRP_NorthBc__DFOCRP.KkHK0R2F-NML1.SM2M-3.20131012_020600Z.flac,DFO_CRP,NorthBc,DFOCRP.KkHK0R2F-NML1.SM2M-3.20131012_020600Z.flac,dclde/2027/dclde_2027_killer_whales/dfo_crp/audio/northbc/DFOCRP.KkHK0R2F-NML1.SM2M-3.20131012_020600Z.flac,gs://noaa-passive-bioacoustic/dclde/2027/dclde_2027_killer_whales/dfo_crp/audio/northbc/DFOCRP.KkHK0R2F-NML1.SM2M-3.20131012_020600Z.flac,https://storage.googleapis.com/noaa-passive-bioacoustic/dclde/2027/dclde_2027_killer_whales/dfo_crp/audio/northbc/DFOCRP.KkHK0R2F-NML1.SM2M-3.20131012_020600Z.flac
dclde_DFO_CRP_NorthBc__DFOCRP.KkHK0R2F-NML1.SM2M-3.20131012_020600Z.flac,DFO_CRP,NorthBc,DFOCRP.KkHK0R2F-NML1.SM2M-3.20131012_020600Z.flac,dclde/2027/dclde_2027_killer_whales/dfo_crp/audio/northbc/DFOCRP.KkHK0R2F-NML1.SM2M-3.20131012_020600Z.flac,gs://noaa-passive-bioacoustic/dclde/2027/dclde_2027_killer_whales/dfo_crp/audio/northbc/DFOCRP.KkHK0R2F-NML1.SM2M-3.20131012_020600Z.flac,https://storage.googleapis.com/noaa-passive-bioacoustic/dclde/2027/dclde_2027_killer_whales/dfo_crp/audio/northbc/DFOCRP.KkHK0R2F-NML1.SM2M-3.20131012_020600Z.flac
dclde_DFO_CRP_NorthBc__DFOCRP.KkHK0R2F-NML1.SM2M-3.20131012_020600Z.flac,DFO_CRP,NorthBc,DFOCRP.KkHK0R2F-NML1.SM2M-3.20131012_020600Z.flac,dclde/2027/dclde_2027_killer_whales/dfo_crp/audio/northbc/DFOCRP.KkHK0R2F-NML1.SM2M-3.20131012_020600Z.flac,gs://noaa-passive-bioacoustic/dclde/2027/dclde_2027_killer_whales/dfo_crp/audio/northbc/DFOCRP.KkHK0R2F-NML1.SM2M-3.20131012_020600Z.flac,https://storage.googleapis.com/noaa-passive-bioacoustic/dclde/2027/dclde_2027_killer_whales/dfo_crp/audio/northbc/DFOCRP.KkHK0R2F-NML1.SM2M-3.20131012_020600Z.flac
dclde_DFO_CRP_NorthBc__DFOCRP.KkHK0R2F-NML1.SM2M-3.20131012_020600Z.flac,DFO_CRP,NorthBc,DFOCRP.KkHK0R2F-NML1.SM2M-3.20131012_020600Z.flac,dclde/2027/dclde_2027_killer_whales/dfo_crp/audio/northbc/DFOCRP.KkHK0R2F-NML1.SM2M-3.20131012_020600Z.flac,gs://noaa-passive-bioacoustic/dclde/2027/dclde_2027_killer_whales/dfo_crp/audio/northbc/DFOCRP.KkHK0R2F-NML1.SM2M-3.20131012_020600Z.flac,https://storage.googleapis.com/noaa-passive-bioacoustic/dclde/2027/dclde_2027_killer_whales/dfo_crp/audio/northbc/DFOCRP.KkHK0R2F-NML1.SM2M-3.20131012_020600Z.flac
dclde_DFO_CRP_NorthBc__DFOCRP.KkHK0R2F-NML1.SM2M-3.20131012_020600Z.flac,DFO_CRP,NorthBc,DFOCRP.KkHK0R2F-NML1.SM2M-3.20131012_020600Z.flac,dclde/2027/dclde_2027_killer_whales/dfo_crp/audio/northbc/DFOCRP.KkHK0R2F-NML1.SM2M-3.20131012_020600Z.flac,gs://noaa-passive-bioacoustic/dclde/2027/dclde_2027_killer_whales/dfo_crp/audio/northbc/DFOCRP.KkHK0R2F-NML1.SM2M-3.20131012_020600Z.flac,https://storage.googleapis.com/noaa-passive-bioacoustic/dclde/2027/dclde_2027_killer_whales/dfo_crp/audio/northbc/DFOCRP.KkHK0R2F-NML1.SM2M-3.20131012_020600Z.flac
dclde_DFO_CRP_NorthBc__DFOCRP.KkHK0R2F-NML1.SM2M-3.20131012_020600Z.flac,DFO_CRP,NorthBc,DFOCRP.KkHK0R2F-NML1.SM2M-3.20131012_020600Z.flac,dclde/2027/dclde_2027_killer_whales/dfo_crp/audio/northbc/DFOCRP.KkHK0R2F-NML1.SM2M-3.20131012_020600Z.flac,gs://noaa-passive-bioacoustic/dclde/2027/dclde_2027_killer_whales/dfo_crp/audio/northbc/DFOCRP.KkHK0R2F-NML1.SM2M-3.20131012_020600Z.flac,https://storage.googleapis.com/noaa-passive-bioacoustic/dclde/2027/dclde_2027_killer_whales/dfo_crp/audio/northbc/DFOCRP.KkHK0R2F-NML1.SM2M-3.20131012_020600Z.flac
dclde_DFO_CRP_NorthBc__DFOCRP.KkHK0R2F-NML1.SM2M-3.20131012_020600Z.flac,DFO_CRP,NorthBc,DFOCRP.KkHK0R2F-NML1.SM2M-3.20131012_020600Z.flac,dclde/2027/dclde_2027_killer_whales/dfo_crp/audio/northbc/DFOCRP.KkHK0R2F-NML1.SM2M-3.20131012_020600Z.flac,gs://noaa-passive-bioacoustic/dclde/2027/dclde_2027_killer_whales/dfo_crp/audio/northbc/DFOCRP.KkHK0R2F-NML1.SM2M-3.20131012_020600Z.flac,https://storage.googleapis.com/noaa-passive-bioacoustic/dclde/2027/dclde_2027_killer_whales/dfo_crp/audio/northbc/DFOCRP.KkHK0R2F-NML1.SM2M-3.20131012_020600Z.flac
dclde_DFO_CRP_NorthBc__DFOCRP.KkHK0R2F-NML1.SM2M-3.20131012_020600Z.flac,DFO_CRP,NorthBc,DFOCRP.KkHK0R2F-NML1.SM2M-3.20131012_020600Z.flac,dclde/2027/dclde_2027_killer_whales/dfo_crp/audio/northbc/DFOCRP.KkHK0R2F-NML1.SM2M-3.20131012_020600Z.flac,gs://noaa-passive-bioacoustic/dclde/2027/dclde_2027_killer_whales/dfo_crp/audio/northbc/DFOCRP.KkHK0R2F-NML1.SM2M-3.20131012_020600Z.flac,https://storage.googleapis.com/noaa-passive-bioacoustic/dclde/2027/dclde_2027_killer_whales/dfo_crp/audio/northbc/DFOCRP.KkHK0R2F-NML1.SM2M-3.20131012_020600Z.flac
dclde_DFO_CRP_NorthBc__DFOCRP.KkHK0R2F-NML1.SM2M-3.20131012_020600Z.flac,DFO_CRP,NorthBc,DFOCRP.KkHK0R2F-NML1.SM2M-3.20131012_020600Z.flac,dclde/2027/dclde_2027_killer_whales/dfo_crp/audio/northbc/DFOCRP.KkHK0R2F-NML1.SM2M-3.20131012_020600Z.flac,gs://noaa-passive-bioacoustic/dclde/2027/dclde_2027_killer_whales/dfo_crp/audio/northbc/DFOCRP.KkHK0R2F-NML1.SM2M-3.20131012_020600Z.flac,https://storage.googleapis.com/noaa-passive-bioacoustic/dclde/2027/dclde_2027_killer_whales/dfo_crp/audio/northbc/DFOCRP.KkHK0R2F-NML1.SM2M-3.20131012_020600Z.flac
dclde_DFO_CRP_NorthBc__DFOCRP.KkHK0R2F-NML1.SM2M-3.20131012_020600Z.flac,DFO_CRP,NorthBc,DFOCRP.KkHK0R2F-NML1.SM2M-3.20131012_020600Z.flac,dclde/2027/dclde_2027_killer_whales/dfo_crp/audio/northbc/DFOCRP.KkHK0R2F-NML1.SM2M-3.20131012_020600Z.flac,gs://noaa-passive-bioacoustic/dclde/2027/dclde_2027_killer_whales/dfo_crp/audio/northbc/DFOCRP.KkHK0R2F-NML1.SM2M-3.20131012_020600Z.flac,https://storage.googleapis.com/noaa-passive-bioacoustic/dclde/2027/dclde_2027_killer_whales/dfo_crp/audio/northbc/DFOCRP.KkHK0R2F-NML1.SM2M-3.20131012_020600Z.flac
dclde_DFO_CRP_NorthBc__DFOCRP.KkHK0R2F-NML1.SM2M-3.20131012_020600Z.flac,DFO_CRP,NorthBc,DFOCRP.KkHK0R2F-NML1.SM2M-3.20131012_020600Z.flac,dclde/2027/dclde_2027_killer_whales/dfo_crp/audio/northbc/DFOCRP.KkHK0R2F-NML1.SM2M-3.20131012_020600Z.flac,gs://noaa-passive-bioacoustic/dclde/2027/dclde_2027_killer_whales/dfo_crp/audio/northbc/DFOCRP.KkHK0R2F-NML1.SM2M-3.20131012_020600Z.flac,https://storage.googleapis.com/noaa-passive-bioacoustic/dclde/2027/dclde_2027_killer_whales/dfo_crp/audio/northbc/DFOCRP.KkHK0R2F-NML1.SM2M-3.20131012_020600Z.flac
dclde_DFO_CRP_NorthBc__DFOCRP.KkHK0R2F-NML1.SM2M-3.20131012_020600Z.flac,DFO_CRP,NorthBc,DFOCRP.KkHK0R2F-NML1.SM2M-3.20131012_020600Z.flac,dclde/2027/dclde_2027_killer_whales/dfo_crp/audio/northbc/DFOCRP.KkHK0R2F-NML1.SM2M-3.20131012_020600Z.flac,gs://noaa-passive-bioacoustic/dclde/2027/dclde_2027_killer_whales/dfo_crp/audio/northbc/DFOCRP.KkHK0R2F-NML1.SM2M-3.20131012_020600Z.flac,https://storage.googleapis.com/noaa-passive-bioacoustic/dclde/2027/dclde_2027_killer_whales/dfo_crp/audio/northbc/DFOCRP.KkHK0R2F-NML1.SM2M-3.20131012_020600Z.flac
dclde_DFO_CRP_NorthBc__DFOCRP.KkHK0R2F-NML1.SM2M-3.20131012_020600Z.flac,DFO_CRP,NorthBc,DFOCRP.KkHK0R2F-NML1.SM2M-3.20131012_020600Z.flac,dclde/2027/dclde_2027_killer_whales/dfo_crp/audio/northbc/DFOCRP.KkHK0R2F-NML1.SM2M-3.20131012_020600Z.flac,gs://noaa-passive-bioacoustic/dclde/2027/dclde_2027_killer_whales/dfo_crp/audio/northbc/DFOCRP.KkHK0R2F-NML1.SM2M-3.20131012_020600Z.flac,https://storage.googleapis.com/noaa-passive-bioacoustic/dclde/2027/dclde_2027_killer_whales/dfo_crp/audio/northbc/DFOCRP.KkHK0R2F-NML1.SM2M-3.20131012_020600Z.flac
dclde_DFO_CRP_NorthBc__DFOCRP.KkHK0R2F-NML1.SM2M-3.20131012_020600Z.flac,DFO_CRP,NorthBc,DFOCRP.KkHK0R2F-NML1.SM2M-3.20131012_020600Z.flac,dclde/2027/dclde_2027_killer_whales/dfo_crp/audio/northbc/DFOCRP.KkHK0R2F-NML1.SM2M-3.20131012_020600Z.flac,gs://noaa-passive-bioacoustic/dclde/2027/dclde_2027_killer_whales/dfo_crp/audio/northbc/DFOCRP.KkHK0R2F-NML1.SM2M-3.20131012_020600Z.flac,https://storage.googleapis.com/noaa-passive-bioacoustic/dclde/2027/dclde_2027_killer_whales/dfo_crp/audio/northbc/DFOCRP.KkHK0R2F-NML1.SM2M-3.20131012_020600Z.flac
dclde_DFO_CRP_NorthBc__DFOCRP.KkHK0R2F-NML1.SM2M-3.20131012_020600Z.flac,DFO_CRP,NorthBc,DFOCRP.KkHK0R2F-NML1.SM2M-3.20131012_020600Z.flac,dclde/2027/dclde_2027_killer_whales/dfo_crp/audio/northbc/DFOCRP.KkHK0R2F-NML1.SM2M-3.20131012_020600Z.flac,gs://noaa-passive-bioacoustic/dclde/2027/dclde_2027_killer_whales/dfo_crp/audio/northbc/DFOCRP.KkHK0R2F-NML1.SM2M-3.20131012_020600Z.flac,https://storage.googleapis.com/noaa-passive-bioacoustic/dclde/2027/dclde_2027_killer_whales/dfo_crp/audio/northbc/DFOCRP.KkHK0R2F-NML1.SM2M-3.20131012_020600Z.flac
dclde_DFO_CRP_NorthBc__DFOCRP.KkHK0R2F-NML1.SM2M-3.20131012_020600Z.flac,DFO_CRP,NorthBc,DFOCRP.KkHK0R2F-NML1.SM2M-3.20131012_020600Z.flac,dclde/2027/dclde_2027_killer_whales/dfo_crp/audio/northbc/DFOCRP.KkHK0R2F-NML1.SM2M-3.20131012_020600Z.flac,gs://noaa-passive-bioacoustic/dclde/2027/dclde_2027_killer_whales/dfo_crp/audio/northbc/DFOCRP.KkHK0R2F-NML1.SM2M-3.20131012_020600Z.flac,https://storage.googleapis.com/noaa-passive-bioacoustic/dclde/2027/dclde_2027_killer_whales/dfo_crp/audio/northbc/DFOCRP.KkHK0R2F-NML1.SM2M-3.20131012_020600Z.flac
dclde_DFO_CRP_NorthBc__DFOCRP.KkHK0R2F-NML1.SM2M-3.20131012_020600Z.flac,DFO_CRP,NorthBc,DFOCRP.KkHK0R2F-NML1.SM2M-3.20131012_020600Z.flac,dclde/2027/dclde_2027_killer_whales/dfo_crp/audio/northbc/DFOCRP.KkHK0R2F-NML1.SM2M-3.20131012_020600Z.flac,gs://noaa-passive-bioacoustic/dclde/2027/dclde_2027_killer_whales/dfo_crp/audio/northbc/DFOCRP.KkHK0R2F-NML1.SM2M-3.20131012_020600Z.flac,https://storage.googleapis.com/noaa-passive-bioacoustic/dclde/2027/dclde_2027_killer_whales/dfo_crp/audio/northbc/DFOCRP.KkHK0R2F-NML1.SM2M-3.20131012_020600Z.flac
dclde_DFO_CRP_NorthBc__DFOCRP.KkHK0R2F-NML1.SM2M-3.20131012_020600Z.flac,DFO_CRP,NorthBc,DFOCRP.KkHK0R2F-NML1.SM2M-3.20131012_020600Z.flac,dclde/2027/dclde_2027_killer_whales/dfo_crp/audio/northbc/DFOCRP.KkHK0R2F-NML1.SM2M-3.20131012_020600Z.flac,gs://noaa-passive-bioacoustic/dclde/2027/dclde_2027_killer_whales/dfo_crp/audio/northbc/DFOCRP.KkHK0R2F-NML1.SM2M-3.20131012_020600Z.flac,https://storage.googleapis.com/noaa-passive-bioacoustic/dclde/2027/dclde_2027_killer_whales/dfo_crp/audio/northbc/DFOCRP.KkHK0R2F-NML1.SM2M-3.20131012_020600Z.flac
dclde_DFO_CRP_NorthBc__DFOCRP.KkHK0R2F-NML1.SM2M-3.20131012_022100Z.flac,DFO_CRP,NorthBc,DFOCRP.KkHK0R2F-NML1.SM2M-3.20131012_022100Z.flac,dclde/2027/dclde_2027_killer_whales/dfo_crp/audio/northbc/DFOCRP.KkHK0R2F-NML1.SM2M-3.20131012_022100Z.flac,gs://noaa-passive-bioacoustic/dclde/2027/dclde_2027_killer_whales/dfo_crp/audio/northbc/DFOCRP.KkHK0R2F-NML1.SM2M-3.20131012_022100Z.flac,https://storage.googleapis.com/noaa-passive-bioacoustic/dclde/2027/dclde_2027_killer_whales/dfo_crp/audio/northbc/DFOCRP.KkHK0R2F-NML1.SM2M-3.20131012_022100Z.flac
dclde_DFO_CRP_NorthBc__DFOCRP.KkHK0R2F-NML1.SM2M-3.20131012_022100Z.flac,DFO_CRP,NorthBc,DFOCRP.KkHK0R2F-NML1.SM2M-3.20131012_022100Z.flac,dclde/2027/dclde_2027_killer_whales/dfo_crp/audio/northbc/DFOCRP.KkHK0R2F-NML1.SM2M-3.20131012_022100Z.flac,gs://noaa-passive-bioacoustic/dclde/2027/dclde_2027_killer_whales/dfo_crp/audio/northbc/DFOCRP.KkHK0R2F-NML1.SM2M-3.20131012_022100Z.flac,https://storage.googleapis.com/noaa-passive-bioacoustic/dclde/2027/dclde_2027_killer_whales/dfo_crp/audio/northbc/DFOCRP.KkHK0R2F-NML1.SM2M-3.20131012_022100Z.flac
dclde_DFO_CRP_NorthBc__DFOCRP.KkHK0R2F-NML1.SM2M-3.20131012_022100Z.flac,DFO_CRP,NorthBc,DFOCRP.KkHK0R2F-NML1.SM2M-3.20131012_022100Z.flac,dclde/2027/dclde_2027_killer_whales/dfo_crp/audio/northbc/DFOCRP.KkHK0R2F-NML1.SM2M-3.20131012_022100Z.flac,gs://noaa-passive-bioacoustic/dclde/2027/dclde_2027_killer_whales/dfo_crp/audio/northbc/DFOCRP.KkHK0R2F-NML1.SM2M-3.20131012_022100Z.flac,https://storage.googleapis.com/noaa-passive-bioacoustic/dclde/2027/dclde_2027_killer_whales/dfo_crp/audio/northbc/DFOCRP.KkHK0R2F-NML1.SM2M-3.20131012_022100Z.flac
dclde_DFO_CRP_NorthBc__DFOCRP.KkHK0R2F-NML1.SM2M-3.20131012_230600Z.flac,DFO_CRP,NorthBc,DFOCRP.KkHK0R2F-NML1.SM2M-3.20131012_230600Z.flac,dclde/2027/dclde_2027_killer_whales/dfo_crp/audio/northbc/DFOCRP.KkHK0R2F-NML1.SM2M-3.20131012_230600Z.flac,gs://noaa-passive-bioacoustic/dclde/2027/dclde_2027_killer_whales/dfo_crp/audio/northbc/DFOCRP.KkHK0R2F-NML1.SM2M-3.20131012_230600Z.flac,https://storage.googleapis.com/noaa-passive-bioacoustic/dclde/2027/dclde_2027_killer_whales/dfo_crp/audio/northbc/DFOCRP.KkHK0R2F-NML1.SM2M-3.20131012_230600Z.flac
dclde_DFO_CRP_NorthBc__DFOCRP.KkHK0R2F-NML1.SM2M-3.20131012_230600Z.flac,DFO_CRP,NorthBc,DFOCRP.KkHK0R2F-NML1.SM2M-3.20131012_230600Z.flac,dclde/2027/dclde_2027_killer_whales/dfo_crp/audio/northbc/DFOCRP.KkHK0R2F-NML1.SM2M-3.20131012_230600Z.flac,gs://noaa-passive-bioacoustic/dclde/2027/dclde_2027_killer_whales/dfo_crp/audio/northbc/DFOCRP.KkHK0R2F-NML1.SM2M-3.20131012_230600Z.flac,https://storage.googleapis.com/noaa-passive-bioacoustic/dclde/2027/dclde_2027_killer_whales/dfo_crp/audio/northbc/DFOCRP.KkHK0R2F-NML1.SM2M-3.20131012_230600Z.flac
dclde_DFO_CRP_NorthBc__DFOCRP.KkHK0R2F-NML1.SM2M-3.20131012_230600Z.flac,DFO_CRP,NorthBc,DFOCRP.KkHK0R2F-NML1.SM2M-3.20131012_230600Z.flac,dclde/2027/dclde_2027_killer_whales/dfo_crp/audio/northbc/DFOCRP.KkHK0R2F-NML1.SM2M-3.20131012_230600Z.flac,gs://noaa-passive-bioacoustic/dclde/2027/dclde_2027_killer_whales/dfo_crp/audio/northbc/DFOCRP.KkHK0R2F-NML1.SM2M-3.20131012_230600Z.flac,https://storage.googleapis.com/noaa-passive-bioacoustic/dclde/2027/dclde_2027_killer_whales/dfo_crp/audio/northbc/DFOCRP.KkHK0R2F-NML1.SM2M-3.20131012_230600Z.flac
dclde_DFO_CRP_NorthBc__DFOCRP.KkHK0R2F-NML1.SM2M-3.20131013_033600Z.flac,DFO_CRP,NorthBc,DFOCRP.KkHK0R2F-NML1.SM2M-3.20131013_033600Z.flac,dclde/2027/dclde_2027_killer_whales/dfo_crp/audio/northbc/DFOCRP.KkHK0R2F-NML1.SM2M-3.20131013_033600Z.flac,gs://noaa-passive-bioacoustic/dclde/2027/dclde_2027_killer_whales/dfo_crp/audio/northbc/DFOCRP.KkHK0R2F-NML1.SM2M-3.20131013_033600Z.flac,https://storage.googleapis.com/noaa-passive-bioacoustic/dclde/2027/dclde_2027_killer_whales/dfo_crp/audio/northbc/DFOCRP.KkHK0R2F-NML1.SM2M-3.20131013_033600Z.flac
dclde_DFO_CRP_NorthBc__DFOCRP.KkHK0R2F-NML1.SM2M-3.20131013_033600Z.flac,DFO_CRP,NorthBc,DFOCRP.KkHK0R2F-NML1.SM2M-3.20131013_033600Z.flac,dclde/2027/dclde_2027_killer_whales/dfo_crp/audio/northbc/DFOCRP.KkHK0R2F-NML1.SM2M-3.20131013_033600Z.flac,gs://noaa-passive-bioacoustic/dclde/2027/dclde_2027_killer_whales/dfo_crp/audio/northbc/DFOCRP.KkHK0R2F-NML1.SM2M-3.20131013_033600Z.flac,https://storage.googleapis.com/noaa-passive-bioacoustic/dclde/2027/dclde_2027_killer_whales/dfo_crp/audio/northbc/DFOCRP.KkHK0R2F-NML1.SM2M-3.20131013_033600Z.flac
dclde_DFO_CRP_NorthBc__DFOCRP.KkHK0R2F-NML1.SM2M-3.20131013_033600Z.flac,DFO_CRP,NorthBc,DFOCRP.KkHK0R2F-NML1.SM2M-3.20131013_033600Z.flac,dclde/2027/dclde_2027_killer_whales/dfo_crp/audio/northbc/DFOCRP.KkHK0R2F-NML1.SM2M-3.20131013_033600Z.flac,gs://noaa-passive-bioacoustic/dclde/2027/dclde_2027_killer_whales/dfo_crp/audio/northbc/DFOCRP.KkHK0R2F-NML1.SM2M-3.20131013_033600Z.flac,https://storage.googleapis.com/noaa-passive-bioacoustic/dclde/2027/dclde_2027_killer_whales/dfo_crp/audio/northbc/DFOCRP.KkHK0R2F-NML1.SM2M-3.20131013_033600Z.flac
dclde_DFO_CRP_NorthBc__DFOCRP.KkHK0R2F-NML1.SM2M-3.20131013_033600Z.flac,DFO_CRP,NorthBc,DFOCRP.KkHK0R2F-NML1.SM2M-3.20131013_033600Z.flac,dclde/2027/dclde_2027_killer_whales/dfo_crp/audio/northbc/DFOCRP.KkHK0R2F-NML1.SM2M-3.20131013_033600Z.flac,gs://noaa-passive-bioacoustic/dclde/2027/dclde_2027_killer_whales/dfo_crp/audio/northbc/DFOCRP.KkHK0R2F-NML1.SM2M-3.20131013_033600Z.flac,https://storage.googleapis.com/noaa-passive-bioacoustic/dclde/2027/dclde_2027_killer_whales/dfo_crp/audio/northbc/DFOCRP.KkHK0R2F-NML1.SM2M-3.20131013_033600Z.flac
dclde_DFO_CRP_NorthBc__DFOCRP.KkHK0R2F-NML1.SM2M-3.20131013_033600Z.flac,DFO_CRP,NorthBc,DFOCRP.KkHK0R2F-NML1.SM2M-3.20131013_033600Z.flac,dclde/2027/dclde_2027_killer_whales/dfo_crp/audio/northbc/DFOCRP.KkHK0R2F-NML1.SM2M-3.20131013_033600Z.flac,gs://noaa-passive-bioacoustic/dclde/2027/dclde_2027_killer_whales/dfo_crp/audio/northbc/DFOCRP.KkHK0R2F-NML1.SM2M-3.20131013_033600Z.flac,https://storage.googleapis.com/noaa-passive-bioacoustic/dclde/2027/dclde_2027_killer_whales/dfo_crp/audio/northbc/DFOCRP.KkHK0R2F-NML1.SM2M-3.20131013_033600Z.flac
dclde_DFO_CRP_NorthBc__DFOCRP.KkHK0R2F-NML1.SM2M-3.20131013_033600Z.flac,DFO_CRP,NorthBc,DFOCRP.KkHK0R2F-NML1.SM2M-3.20131013_033600Z.flac,dclde/2027/dclde_2027_killer_whales/dfo_crp/audio/northbc/DFOCRP.KkHK0R2F-NML1.SM2M-3.20131013_033600Z.flac,gs://noaa-passive-bioacoustic/dclde/2027/dclde_2027_killer_whales/dfo_crp/audio/northbc/DFOCRP.KkHK0R2F-NML1.SM2M-3.20131013_033600Z.flac,https://storage.googleapis.com/noaa-passive-bioacoustic/dclde/2027/dclde_2027_killer_whales/dfo_crp/audio/northbc/DFOCRP.KkHK0R2F-NML1.SM2M-3.20131013_033600Z.flac
dclde_DFO_CRP_NorthBc__DFOCRP.KkHK0R2F-NML1.SM2M-3.20131013_033600Z.flac,DFO_CRP,NorthBc,DFOCRP.KkHK0R2F-NML1.SM2M-3.20131013_033600Z.flac,dclde/2027/dclde_2027_killer_whales/dfo_crp/audio/northbc/DFOCRP.KkHK0R2F-NML1.SM2M-3.20131013_033600Z.flac,gs://noaa-passive-bioacoustic/dclde/2027/dclde_2027_killer_whales/dfo_crp/audio/northbc/DFOCRP.KkHK0R2F-NML1.SM2M-3.20131013_033600Z.flac,https://storage.googleapis.com/noaa-passive-bioacoustic/dclde/2027/dclde_2027_killer_whales/dfo_crp/audio/northbc/DFOCRP.KkHK0R2F-NML1.SM2M-3.20131013_033600Z.flac
dclde_DFO_CRP_NorthBc__DFOCRP.KkHK0R2F-NML1.SM2M-3.20131013_033600Z.flac,DFO_CRP,NorthBc,DFOCRP.KkHK0R2F-NML1.SM2M-3.20131013_033600Z.flac,dclde/2027/dclde_2027_killer_whales/dfo_crp/audio/northbc/DFOCRP.KkHK0R2F-NML1.SM2M-3.20131013_033600Z.flac,gs://noaa-passive-bioacoustic/dclde/2027/dclde_2027_killer_whales/dfo_crp/audio/northbc/DFOCRP.KkHK0R2F-NML1.SM2M-3.20131013_033600Z.flac,https://storage.googleapis.com/noaa-passive-bioacoustic/dclde/2027/dclde_2027_killer_whales/dfo_crp/audio/northbc/DFOCRP.KkHK0R2F-NML1.SM2M-3.20131013_033600Z.flac
dclde_DFO_CRP_NorthBc__DFOCRP.KkHK0R2F-NML1.SM2M-3.20131013_033600Z.flac,DFO_CRP,NorthBc,DFOCRP.KkHK0R2F-NML1.SM2M-3.20131013_033600Z.flac,dclde/2027/dclde_2027_killer_whales/dfo_crp/audio/northbc/DFOCRP.KkHK0R2F-NML1.SM2M-3.20131013_033600Z.flac,gs://noaa-passive-bioacoustic/dclde/2027/dclde_2027_killer_whales/dfo_crp/audio/northbc/DFOCRP.KkHK0R2F-NML1.SM2M-3.20131013_033600Z.flac,https://storage.googleapis.com/noaa-passive-bioacoustic/dclde/2027/dclde_2027_killer_whales/dfo_crp/audio/northbc/DFOCRP.KkHK0R2F-NML1.SM2M-3.20131013_033600Z.flac
dclde_DFO_CRP_NorthBc__DFOCRP.KkHK0R2F-NML1.SM2M-3.20131013_033600Z.flac,DFO_CRP,NorthBc,DFOCRP.KkHK0R2F-NML1.SM2M-3.20131013_033600Z.flac,dclde/2027/dclde_2027_killer_whales/dfo_crp/audio/northbc/DFOCRP.KkHK0R2F-NML1.SM2M-3.20131013_033600Z.flac,gs://noaa-passive-bioacoustic/dclde/2027/dclde_2027_killer_whales/dfo_crp/audio/northbc/DFOCRP.KkHK0R2F-NML1.SM2M-3.20131013_033600Z.flac,https://storage.googleapis.com/noaa-passive-bioacoustic/dclde/2027/dclde_2027_killer_whales/dfo_crp/audio/northbc/DFOCRP.KkHK0R2F-NML1.SM2M-3.20131013_033600Z.flac
dclde_DFO_CRP_NorthBc__DFOCRP.KkHK0R2F-NML1.SM2M-3.20131013_033600Z.flac,DFO_CRP,NorthBc,DFOCRP.KkHK0R2F-NML1.SM2M-3.20131013_033600Z.flac,dclde/2027/dclde_2027_killer_whales/dfo_crp/audio/northbc/DFOCRP.KkHK0R2F-NML1.SM2M-3.20131013_033600Z.flac,gs://noaa-passive-bioacoustic/dclde/2027/dclde_2027_killer_whales/dfo_crp/audio/northbc/DFOCRP.KkHK0R2F-NML1.SM2M-3.20131013_033600Z.flac,https://storage.googleapis.com/noaa-passive-bioacoustic/dclde/2027/dclde_2027_killer_whales/dfo_crp/audio/northbc/DFOCRP.KkHK0R2F-NML1.SM2M-3.20131013_033600Z.flac
dclde_DFO_CRP_NorthBc__DFOCRP.KkHK0R2F-NML1.SM2M-3.20131013_033600Z.flac,DFO_CRP,NorthBc,DFOCRP.KkHK0R2F-NML1.SM2M-3.20131013_033600Z.flac,dclde/2027/dclde_2027_killer_whales/dfo_crp/audio/northbc/DFOCRP.KkHK0R2F-NML1.SM2M-3.20131013_033600Z.flac,gs://noaa-passive-bioacoustic/dclde/2027/dclde_2027_killer_whales/dfo_crp/audio/northbc/DFOCRP.KkHK0R2F-NML1.SM2M-3.20131013_033600Z.flac,https://storage.googleapis.com/noaa-passive-bioacoustic/dclde/2027/dclde_2027_killer_whales/dfo_crp/audio/northbc/DFOCRP.KkHK0R2F-NML1.SM2M-3.20131013_033600Z.flac
dclde_DFO_CRP_NorthBc__DFOCRP.KkHK0R2F-NML1.SM2M-3.20131013_033600Z.flac,DFO_CRP,NorthBc,DFOCRP.KkHK0R2F-NML1.SM2M-3.20131013_033600Z.flac,dclde/2027/dclde_2027_killer_whales/dfo_crp/audio/northbc/DFOCRP.KkHK0R2F-NML1.SM2M-3.20131013_033600Z.flac,gs://noaa-passive-bioacoustic/dclde/2027/dclde_2027_killer_whales/dfo_crp/audio/northbc/DFOCRP.KkHK0R2F-NML1.SM2M-3.20131013_033600Z.flac,https://storage.googleapis.com/noaa-passive-bioacoustic/dclde/2027/dclde_2027_killer_whales/dfo_crp/audio/northbc/DFOCRP.KkHK0R2F-NML1.SM2M-3.20131013_033600Z.flac
dclde_DFO_CRP_NorthBc__DFOCRP.KkHK0R2F-NML1.SM2M-3.20131013_033600Z.flac,DFO_CRP,NorthBc,DFOCRP.KkHK0R2F-NML1.SM2M-3.20131013_033600Z.flac,dclde/2027/dclde_2027_killer_whales/dfo_crp/audio/northbc/DFOCRP.KkHK0R2F-NML1.SM2M-3.20131013_033600Z.flac,gs://noaa-passive-bioacoustic/dclde/2027/dclde_2027_killer_whales/dfo_crp/audio/northbc/DFOCRP.KkHK0R2F-NML1.SM2M-3.20131013_033600Z.flac,https://storage.googleapis.com/noaa-passive-bioacoustic/dclde/2027/dclde_2027_killer_whales/dfo_crp/audio/northbc/DFOCRP.KkHK0R2F-NML1.SM2M-3.20131013_033600Z.flac
dclde_DFO_CRP_NorthBc__DFOCRP.KkHK0R2F-NML1.SM2M-3.20131013_033600Z.flac,DFO_CRP,NorthBc,DFOCRP.KkHK0R2F-NML1.SM2M-3.20131013_033600Z.flac,dclde/2027/dclde_2027_killer_whales/dfo_crp/audio/northbc/DFOCRP.KkHK0R2F-NML1.SM2M-3.20131013_033600Z.flac,gs://noaa-passive-bioacoustic/dclde/2027/dclde_2027_killer_whales/dfo_crp/audio/northbc/DFOCRP.KkHK0R2F-NML1.SM2M-3.20131013_033600Z.flac,https://storage.googleapis.com/noaa-passive-bioacoustic/dclde/2027/dclde_2027_killer_whales/dfo_crp/audio/northbc/DFOCRP.KkHK0R2F-NML1.SM2M-3.20131013_033600Z.flac
dclde_DFO_CRP_NorthBc__DFOCRP.KkHK0R2F-NML1.SM2M-3.20131013_033600Z.flac,DFO_CRP,NorthBc,DFOCRP.KkHK0R2F-NML1.SM2M-3.20131013_033600Z.flac,dclde/2027/dclde_2027_killer_whales/dfo_crp/audio/northbc/DFOCRP.KkHK0R2F-NML1.SM2M-3.20131013_033600Z.flac,gs://noaa-passive-bioacoustic/dclde/2027/dclde_2027_killer_whales/dfo_crp/audio/northbc/DFOCRP.KkHK0R2F-NML1.SM2M-3.20131013_033600Z.flac,https://storage.googleapis.com/noaa-passive-bioacoustic/dclde/2027/dclde_2027_killer_whales/dfo_crp/audio/northbc/DFOCRP.KkHK0R2F-NML1.SM2M-3.20131013_033600Z.flac
dclde_DFO_CRP_NorthBc__DFOCRP.KkHK0R2F-NML1.SM2M-3.20131013_033600Z.flac,DFO_CRP,NorthBc,DFOCRP.KkHK0R2F-NML1.SM2M-3.20131013_033600Z.flac,dclde/2027/dclde_2027_killer_whales/dfo_crp/audio/northbc/DFOCRP.KkHK0R2F-NML1.SM2M-3.20131013_033600Z.flac,gs://noaa-passive-bioacoustic/dclde/2027/dclde_2027_killer_whales/dfo_crp/audio/northbc/DFOCRP.KkHK0R2F-NML1.SM2M-3.20131013_033600Z.flac,https://storage.googleapis.com/noaa-passive-bioacoustic/dclde/2027/dclde_2027_killer_whales/dfo_crp/audio/northbc/DFOCRP.KkHK0R2F-NML1.SM2M-3.20131013_033600Z.flac
dclde_DFO_CRP_NorthBc__DFOCRP.KkHK0R2F-NML1.SM2M-3.20131013_033600Z.flac,DFO_CRP,NorthBc,DFOCRP.KkHK0R2F-NML1.SM2M-3.20131013_033600Z.flac,dclde/2027/dclde_2027_killer_whales/dfo_crp/audio/northbc/DFOCRP.KkHK0R2F-NML1.SM2M-3.20131013_033600Z.flac,gs://noaa-passive-bioacoustic/dclde/2027/dclde_2027_killer_whales/dfo_crp/audio/northbc/DFOCRP.KkHK0R2F-NML1.SM2M-3.20131013_033600Z.flac,https://storage.googleapis.com/noaa-passive-bioacoustic/dclde/2027/dclde_2027_killer_whales/dfo_crp/audio/northbc/DFOCRP.KkHK0R2F-NML1.SM2M-3.20131013_033600Z.flac
dclde_DFO_CRP_NorthBc__DFOCRP.KkHK0R2F-NML1.SM2M-3.20131013_033600Z.flac,DFO_CRP,NorthBc,DFOCRP.KkHK0R2F-NML1.SM2M-3.20131013_033600Z.flac,dclde/2027/dclde_2027_killer_whales/dfo_crp/audio/northbc/DFOCRP.KkHK0R2F-NML1.SM2M-3.20131013_033600Z.flac,gs://noaa-passive-bioacoustic/dclde/2027/dclde_2027_killer_whales/dfo_crp/audio/northbc/DFOCRP.KkHK0R2F-NML1.SM2M-3.20131013_033600Z.flac,https://storage.googleapis.com/noaa-passive-bioacoustic/dclde/2027/dclde_2027_killer_whales/dfo_crp/audio/northbc/DFOCRP.KkHK0R2F-NML1.SM2M-3.20131013_033600Z.flac
dclde_DFO_CRP_NorthBc__DFOCRP.KkHK0R2F-NML1.SM2M-3.20131013_033600Z.flac,DFO_CRP,NorthBc,DFOCRP.KkHK0R2F-NML1.SM2M-3.20131013_033600Z.flac,dclde/2027/dclde_2027_killer_whales/dfo_crp/audio/northbc/DFOCRP.KkHK0R2F-NML1.SM2M-3.20131013_033600Z.flac,gs://noaa-passive-bioacoustic/dclde/2027/dclde_2027_killer_whales/dfo_crp/audio/northbc/DFOCRP.KkHK0R2F-NML1.SM2M-3.20131013_033600Z.flac,https://storage.googleapis.com/noaa-passive-bioacoustic/dclde/2027/dclde_2027_killer_whales/dfo_crp/audio/northbc/DFOCRP.KkHK0R2F-NML1.SM2M-3.20131013_033600Z.flac
dclde_DFO_CRP_NorthBc__DFOCRP.KkHK0R2F-NML1.SM2M-3.20131013_033600Z.flac,DFO_CRP,NorthBc,DFOCRP.KkHK0R2F-NML1.SM2M-3.20131013_033600Z.flac,dclde/2027/dclde_2027_killer_whales/dfo_crp/audio/northbc/DFOCRP.KkHK0R2F-NML1.SM2M-3.20131013_033600Z.flac,gs://noaa-passive-bioacoustic/dclde/2027/dclde_2027_killer_whales/dfo_crp/audio/northbc/DFOCRP.KkHK0R2F-NML1.SM2M-3.20131013_033600Z.flac,https://storage.googleapis.com/noaa-passive-bioacoustic/dclde/2027/dclde_2027_killer_whales/dfo_crp/audio/northbc/DFOCRP.KkHK0R2F-NML1.SM2M-3.20131013_033600Z.flac
dclde_DFO_CRP_NorthBc__DFOCRP.KkHK0R2F-NML1.SM2M-3.20131013_033600Z.flac,DFO_CRP,NorthBc,DFOCRP.KkHK0R2F-NML1.SM2M-3.20131013_033600Z.flac,dclde/2027/dclde_2027_killer_whales/dfo_crp/audio/northbc/DFOCRP.KkHK0R2F-NML1.SM2M-3.20131013_033600Z.flac,gs://noaa-passive-bioacoustic/dclde/2027/dclde_2027_killer_whales/dfo_crp/audio/northbc/DFOCRP.KkHK0R2F-NML1.SM2M-3.20131013_033600Z.flac,https://storage.googleapis.com/noaa-passive-bioacoustic/dclde/2027/dclde_2027_killer_whales/dfo_crp/audio/northbc/DFOCRP.KkHK0R2F-NML1.SM2M-3.20131013_033600Z.flac
dclde_DFO_CRP_NorthBc__DFOCRP.KkHK0R2F-NML1.SM2M-3.20131013_033600Z.flac,DFO_CRP,NorthBc,DFOCRP.KkHK0R2F-NML1.SM2M-3.20131013_033600Z.flac,dclde/2027/dclde_2027_killer_whales/dfo_crp/audio/northbc/DFOCRP.KkHK0R2F-NML1.SM2M-3.20131013_033600Z.flac,gs://noaa-passive-bioacoustic/dclde/2027/dclde_2027_killer_whales/dfo_crp/audio/northbc/DFOCRP.KkHK0R2F-NML1.SM2M-3.20131013_033600Z.flac,https://storage.googleapis.com/noaa-passive-bioacoustic/dclde/2027/dclde_2027_killer_whales/dfo_crp/audio/northbc/DFOCRP.KkHK0R2F-NML1.SM2M-3.20131013_033600Z.flac
dclde_DFO_CRP_NorthBc__DFOCRP.KkHK0R2F-NML1.SM2M-3.20131013_033600Z.flac,DFO_CRP,NorthBc,DFOCRP.KkHK0R2F-NML1.SM2M-3.20131013_033600Z.flac,dclde/2027/dclde_2027_killer_whales/dfo_crp/audio/northbc/DFOCRP.KkHK0R2F-NML1.SM2M-3.20131013_033600Z.flac,gs://noaa-passive-bioacoustic/dclde/2027/dclde_2027_killer_whales/dfo_crp/audio/northbc/DFOCRP.KkHK0R2F-NML1.SM2M-3.20131013_033600Z.flac,https://storage.googleapis.com/noaa-passive-bioacoustic/dclde/2027/dclde_2027_killer_whales/dfo_crp/audio/northbc/DFOCRP.KkHK0R2F-NML1.SM2M-3.20131013_033600Z.flac
dclde_DFO_CRP_NorthBc__DFOCRP.KkHK0R2F-NML1.SM2M-3.20131013_033600Z.flac,DFO_CRP,NorthBc,DFOCRP.KkHK0R2F-NML1.SM2M-3.20131013_033600Z.flac,dclde/2027/dclde_2027_killer_whales/dfo_crp/audio/northbc/DFOCRP.KkHK0R2F-NML1.SM2M-3.20131013_033600Z.flac,gs://noaa-passive-bioacoustic/dclde/2027/dclde_2027_killer_whales/dfo_crp/audio/northbc/DFOCRP.KkHK0R2F-NML1.SM2M-3.20131013_033600Z.flac,https://storage.googleapis.com/noaa-passive-bioacoustic/dclde/2027/dclde_2027_killer_whales/dfo_crp/audio/northbc/DFOCRP.KkHK0R2F-NML1.SM2M-3.20131013_033600Z.flac
dclde_DFO_CRP_NorthBc__DFOCRP.KkHK0R2F-NML1.SM2M-3.20131013_033600Z.flac,DFO_CRP,NorthBc,DFOCRP.KkHK0R2F-NML1.SM2M-3.20131013_033600Z.flac,dclde/2027/dclde_2027_killer_whales/dfo_crp/audio/northbc/DFOCRP.KkHK0R2F-NML1.SM2M-3.20131013_033600Z.flac,gs://noaa-passive-bioacoustic/dclde/2027/dclde_2027_killer_whales/dfo_crp/audio/northbc/DFOCRP.KkHK0R2F-NML1.SM2M-3.20131013_033600Z.flac,https://storage.googleapis.com/noaa-passive-bioacoustic/dclde/2027/dclde_2027_killer_whales/dfo_crp/audio/northbc/DFOCRP.KkHK0R2F-NML1.SM2M-3.20131013_033600Z.flac
dclde_DFO_CRP_NorthBc__DFOCRP.KkHK0R2F-NML1.SM2M-3.20131013_033600Z.flac,DFO_CRP,NorthBc,DFOCRP.KkHK0R2F-NML1.SM2M-3.20131013_033600Z.flac,dclde/2027/dclde_2027_killer_whales/dfo_crp/audio/northbc/DFOCRP.KkHK0R2F-NML1.SM2M-3.20131013_033600Z.flac,gs://noaa-passive-bioacoustic/dclde/2027/dclde_2027_killer_whales/dfo_crp/audio/northbc/DFOCRP.KkHK0R2F-NML1.SM2M-3.20131013_033600Z.flac,https://storage.googleapis.com/noaa-passive-bioacoustic/dclde/2027/dclde_2027_killer_whales/dfo_crp/audio/northbc/DFOCRP.KkHK0R2F-NML1.SM2M-3.20131013_033600Z.flac
dclde_DFO_CRP_NorthBc__DFOCRP.KkHK0R2F-NML1.SM2M-3.20131013_033600Z.flac,DFO_CRP,NorthBc,DFOCRP.KkHK0R2F-NML1.SM2M-3.20131013_033600Z.flac,dclde/2027/dclde_2027_killer_whales/dfo_crp/audio/northbc/DFOCRP.KkHK0R2F-NML1.SM2M-3.20131013_033600Z.flac,gs://noaa-passive-bioacoustic/dclde/2027/dclde_2027_killer_whales/dfo_crp/audio/northbc/DFOCRP.KkHK0R2F-NML1.SM2M-3.20131013_033600Z.flac,https://storage.googleapis.com/noaa-passive-bioacoustic/dclde/2027/dclde_2027_killer_whales/dfo_crp/audio/northbc/DFOCRP.KkHK0R2F-NML1.SM2M-3.20131013_033600Z.flac
dclde_DFO_CRP_NorthBc__DFOCRP.KkHK0R2F-NML1.SM2M-3.20131013_033600Z.flac,DFO_CRP,NorthBc,DFOCRP.KkHK0R2F-NML1.SM2M-3.20131013_033600Z.flac,dclde/2027/dclde_2027_killer_whales/dfo_crp/audio/northbc/DFOCRP.KkHK0R2F-NML1.SM2M-3.20131013_033600Z.flac,gs://noaa-passive-bioacoustic/dclde/2027/dclde_2027_killer_whales/dfo_crp/audio/northbc/DFOCRP.KkHK0R2F-NML1.SM2M-3.20131013_033600Z.flac,https://storage.googleapis.com/noaa-passive-bioacoustic/dclde/2027/dclde_2027_killer_whales/dfo_crp/audio/northbc/DFOCRP.KkHK0R2F-NML1.SM2M-3.20131013_033600Z.flac
dclde_DFO_CRP_NorthBc__DFOCRP.KkHK0R2F-NML1.SM2M-3.20131013_033600Z.flac,DFO_CRP,NorthBc,DFOCRP.KkHK0R2F-NML1.SM2M-3.20131013_033600Z.flac,dclde/2027/dclde_2027_killer_whales/dfo_crp/audio/northbc/DFOCRP.KkHK0R2F-NML1.SM2M-3.20131013_033600Z.flac,gs://noaa-passive-bioacoustic/dclde/2027/dclde_2027_killer_whales/dfo_crp/audio/northbc/DFOCRP.KkHK0R2F-NML1.SM2M-3.20131013_033600Z.flac,https://storage.googleapis.com/noaa-passive-bioacoustic/dclde/2027/dclde_2027_killer_whales/dfo_crp/audio/northbc/DFOCRP.KkHK0R2F-NML1.SM2M-3.20131013_033600Z.flac
dclde_DFO_CRP_NorthBc__DFOCRP.KkHK0R2F-NML1.SM2M-3.20131013_033600Z.flac,DFO_CRP,NorthBc,DFOCRP.KkHK0R2F-NML1.SM2M-3.20131013_033600Z.flac,dclde/2027/dclde_2027_killer_whales/dfo_crp/audio/northbc/DFOCRP.KkHK0R2F-NML1.SM2M-3.20131013_033600Z.flac,gs://noaa-passive-bioacoustic/dclde/2027/dclde_2027_killer_whales/dfo_crp/audio/northbc/DFOCRP.KkHK0R2F-NML1.SM2M-3.20131013_033600Z.flac,https://storage.googleapis.com/noaa-passive-bioacoustic/dclde/2027/dclde_2027_killer_whales/dfo_crp/audio/northbc/DFOCRP.KkHK0R2F-NML1.SM2M-3.20131013_033600Z.flac
dclde_DFO_CRP_NorthBc__DFOCRP.KkHK0R2F-NML1.SM2M-3.20131013_033600Z.flac,DFO_CRP,NorthBc,DFOCRP.KkHK0R2F-NML1.SM2M-3.20131013_033600Z.flac,dclde/2027/dclde_2027_killer_whales/dfo_crp/audio/northbc/DFOCRP.KkHK0R2F-NML1.SM2M-3.20131013_033600Z.flac,gs://noaa-passive-bioacoustic/dclde/2027/dclde_2027_killer_whales/dfo_crp/audio/northbc/DFOCRP.KkHK0R2F-NML1.SM2M-3.20131013_033600Z.flac,https://storage.googleapis.com/noaa-passive-bioacoustic/dclde/2027/dclde_2027_killer_whales/dfo_crp/audio/northbc/DFOCRP.KkHK0R2F-NML1.SM2M-3.20131013_033600Z.flac
dclde_DFO_CRP_NorthBc__DFOCRP.KkHK0R2F-NML1.SM2M-3.20131013_033600Z.flac,DFO_CRP,NorthBc,DFOCRP.KkHK0R2F-NML1.SM2M-3.20131013_033600Z.flac,dclde/2027/dclde_2027_killer_whales/dfo_crp/audio/northbc/DFOCRP.KkHK0R2F-NML1.SM2M-3.20131013_033600Z.flac,gs://noaa-passive-bioacoustic/dclde/2027/dclde_2027_killer_whales/dfo_crp/audio/northbc/DFOCRP.KkHK0R2F-NML1.SM2M-3.20131013_033600Z.flac,https://storage.googleapis.com/noaa-passive-bioacoustic/dclde/2027/dclde_2027_killer_whales/dfo_crp/audio/northbc/DFOCRP.KkHK0R2F-NML1.SM2M-3.20131013_033600Z.flac
dclde_DFO_CRP_NorthBc__DFOCRP.KkHK0R2F-NML1.SM2M-3.20131013_033600Z.flac,DFO_CRP,NorthBc,DFOCRP.KkHK0R2F-NML1.SM2M-3.20131013_033600Z.flac,dclde/2027/dclde_2027_killer_whales/dfo_crp/audio/northbc/DFOCRP.KkHK0R2F-NML1.SM2M-3.20131013_033600Z.flac,gs://noaa-passive-bioacoustic/dclde/2027/dclde_2027_killer_whales/dfo_crp/audio/northbc/DFOCRP.KkHK0R2F-NML1.SM2M-3.20131013_033600Z.flac,https://storage.googleapis.com/noaa-passive-bioacoustic/dclde/2027/dclde_2027_killer_whales/dfo_crp/audio/northbc/DFOCRP.KkHK0R2F-NML1.SM2M-3.20131013_033600Z.flac
dclde_DFO_CRP_NorthBc__DFOCRP.KkHK0R2F-NML1.SM2M-3.20131013_033600Z.flac,DFO_CRP,NorthBc,DFOCRP.KkHK0R2F-NML1.SM2M-3.20131013_033600Z.flac,dclde/2027/dclde_2027_killer_whales/dfo_crp/audio/northbc/DFOCRP.KkHK0R2F-NML1.SM2M-3.20131013_033600Z.flac,gs://noaa-passive-bioacoustic/dclde/2027/dclde_2027_killer_whales/dfo_crp/audio/northbc/DFOCRP.KkHK0R2F-NML1.SM2M-3.20131013_033600Z.flac,https://storage.googleapis.com/noaa-passive-bioacoustic/dclde/2027/dclde_2027_killer_whales/dfo_crp/audio/northbc/DFOCRP.KkHK0R2F-NML1.SM2M-3.20131013_033600Z.flac
dclde_DFO_CRP_NorthBc__DFOCRP.KkHK0R2F-NML1.SM2M-3.20131013_033600Z.flac,DFO_CRP,NorthBc,DFOCRP.KkHK0R2F-NML1.SM2M-3.20131013_033600Z.flac,dclde/2027/dclde_2027_killer_whales/dfo_crp/audio/northbc/DFOCRP.KkHK0R2F-NML1.SM2M-3.20131013_033600Z.flac,gs://noaa-passive-bioacoustic/dclde/2027/dclde_2027_killer_whales/dfo_crp/audio/northbc/DFOCRP.KkHK0R2F-NML1.SM2M-3.20131013_033600Z.flac,https://storage.googleapis.com/noaa-passive-bioacoustic/dclde/2027/dclde_2027_killer_whales/dfo_crp/audio/northbc/DFOCRP.KkHK0R2F-NML1.SM2M-3.20131013_033600Z.flac
dclde_DFO_CRP_NorthBc__DFOCRP.KkHK0R2F-NML1.SM2M-3.20131013_033600Z.flac,DFO_CRP,NorthBc,DFOCRP.KkHK0R2F-NML1.SM2M-3.20131013_033600Z.flac,dclde/2027/dclde_2027_killer_whales/dfo_crp/audio/northbc/DFOCRP.KkHK0R2F-NML1.SM2M-3.20131013_033600Z.flac,gs://noaa-passive-bioacoustic/dclde/2027/dclde_2027_killer_whales/dfo_crp/audio/northbc/DFOCRP.KkHK0R2F-NML1.SM2M-3.20131013_033600Z.flac,https://storage.googleapis.com/noaa-passive-bioacoustic/dclde/2027/dclde_2027_killer_whales/dfo_crp/audio/northbc/DFOCRP.KkHK0R2F-NML1.SM2M-3.20131013_033600Z.flac
dclde_DFO_CRP_NorthBc__DFOCRP.KkHK0R2F-NML1.SM2M-3.20131013_033600Z.flac,DFO_CRP,NorthBc,DFOCRP.KkHK0R2F-NML1.SM2M-3.20131013_033600Z.flac,dclde/2027/dclde_2027_killer_whales/dfo_crp/audio/northbc/DFOCRP.KkHK0R2F-NML1.SM2M-3.20131013_033600Z.flac,gs://noaa-passive-bioacoustic/dclde/2027/dclde_2027_killer_whales/dfo_crp/audio/northbc/DFOCRP.KkHK0R2F-NML1.SM2M-3.20131013_033600Z.flac,https://storage.googleapis.com/noaa-passive-bioacoustic/dclde/2027/dclde_2027_killer_whales/dfo_crp/audio/northbc/DFOCRP.KkHK0R2F-NML1.SM2M-3.20131013_033600Z.flac
dclde_DFO_CRP_NorthBc__DFOCRP.KkHK0R2F-NML1.SM2M-3.20131013_033600Z.flac,DFO_CRP,NorthBc,DFOCRP.KkHK0R2F-NML1.SM2M-3.20131013_033600Z.flac,dclde/2027/dclde_2027_killer_whales/dfo_crp/audio/northbc/DFOCRP.KkHK0R2F-NML1.SM2M-3.20131013_033600Z.flac,gs://noaa-passive-bioacoustic/dclde/2027/dclde_2027_killer_whales/dfo_crp/audio/northbc/DFOCRP.KkHK0R2F-NML1.SM2M-3.20131013_033600Z.flac,https://storage.googleapis.com/noaa-passive-bioacoustic/dclde/2027/dclde_2027_killer_whales/dfo_crp/audio/northbc/DFOCRP.KkHK0R2F-NML1.SM2M-3.20131013_033600Z.flac
dclde_DFO_CRP_NorthBc__DFOCRP.KkHK0R2F-NML1.SM2M-3.20131013_033600Z.flac,DFO_CRP,NorthBc,DFOCRP.KkHK0R2F-NML1.SM2M-3.20131013_033600Z.flac,dclde/2027/dclde_2027_killer_whales/dfo_crp/audio/northbc/DFOCRP.KkHK0R2F-NML1.SM2M-3.20131013_033600Z.flac,gs://noaa-passive-bioacoustic/dclde/2027/dclde_2027_killer_whales/dfo_crp/audio/northbc/DFOCRP.KkHK0R2F-NML1.SM2M-3.20131013_033600Z.flac,https://storage.googleapis.com/noaa-passive-bioacoustic/dclde/2027/dclde_2027_killer_whales/dfo_crp/audio/northbc/DFOCRP.KkHK0R2F-NML1.SM2M-3.20131013_033600Z.flac
dclde_DFO_CRP_NorthBc__DFOCRP.KkHK0R2F-NML1.SM2M-3.20131013_033600Z.flac,DFO_CRP,NorthBc,DFOCRP.KkHK0R2F-NML1.SM2M-3.20131013_033600Z.flac,dclde/2027/dclde_2027_killer_whales/dfo_crp/audio/northbc/DFOCRP.KkHK0R2F-NML1.SM2M-3.20131013_033600Z.flac,gs://noaa-passive-bioacoustic/dclde/2027/dclde_2027_killer_whales/dfo_crp/audio/northbc/DFOCRP.KkHK0R2F-NML1.SM2M-3.20131013_033600Z.flac,https://storage.googleapis.com/noaa-passive-bioacoustic/dclde/2027/dclde_2027_killer_whales/dfo_crp/audio/northbc/DFOCRP.KkHK0R2F-NML1.SM2M-3.20131013_033600Z.flac
dclde_DFO_CRP_NorthBc__DFOCRP.KkHK0R2F-NML1.SM2M-3.20131013_033600Z.flac,DFO_CRP,NorthBc,DFOCRP.KkHK0R2F-NML1.SM2M-3.20131013_033600Z.flac,dclde/2027/dclde_2027_killer_whales/dfo_crp/audio/northbc/DFOCRP.KkHK0R2F-NML1.SM2M-3.20131013_033600Z.flac,gs://noaa-passive-bioacoustic/dclde/2027/dclde_2027_killer_whales/dfo_crp/audio/northbc/DFOCRP.KkHK0R2F-NML1.SM2M-3.20131013_033600Z.flac,https://storage.googleapis.com/noaa-passive-bioacoustic/dclde/2027/dclde_2027_killer_whales/dfo_crp/audio/northbc/DFOCRP.KkHK0R2F-NML1.SM2M-3.20131013_033600Z.flac
dclde_DFO_CRP_NorthBc__DFOCRP.KkHK0R2F-NML1.SM2M-3.20131013_033600Z.flac,DFO_CRP,NorthBc,DFOCRP.KkHK0R2F-NML1.SM2M-3.20131013_033600Z.flac,dclde/2027/dclde_2027_killer_whales/dfo_crp/audio/northbc/DFOCRP.KkHK0R2F-NML1.SM2M-3.20131013_033600Z.flac,gs://noaa-passive-bioacoustic/dclde/2027/dclde_2027_killer_whales/dfo_crp/audio/northbc/DFOCRP.KkHK0R2F-NML1.SM2M-3.20131013_033600Z.flac,https://storage.googleapis.com/noaa-passive-bioacoustic/dclde/2027/dclde_2027_killer_whales/dfo_crp/audio/northbc/DFOCRP.KkHK0R2F-NML1.SM2M-3.20131013_033600Z.flac
dclde_DFO_CRP_NorthBc__DFOCRP.KkHK0R2F-NML1.SM2M-3.20131013_033600Z.flac,DFO_CRP,NorthBc,DFOCRP.KkHK0R2F-NML1.SM2M-3.20131013_033600Z.flac,dclde/2027/dclde_2027_killer_whales/dfo_crp/audio/northbc/DFOCRP.KkHK0R2F-NML1.SM2M-3.20131013_033600Z.flac,gs://noaa-passive-bioacoustic/dclde/2027/dclde_2027_killer_whales/dfo_crp/audio/northbc/DFOCRP.KkHK0R2F-NML1.SM2M-3.20131013_033600Z.flac,https://storage.googleapis.com/noaa-passive-bioacoustic/dclde/2027/dclde_2027_killer_whales/dfo_crp/audio/northbc/DFOCRP.KkHK0R2F-NML1.SM2M-3.20131013_033600Z.flac
dclde_DFO_CRP_NorthBc__DFOCRP.KkHK0R2F-NML1.SM2M-3.20131013_033600Z.flac,DFO_CRP,NorthBc,DFOCRP.KkHK0R2F-NML1.SM2M-3.20131013_033600Z.flac,dclde/2027/dclde_2027_killer_whales/dfo_crp/audio/northbc/DFOCRP.KkHK0R2F-NML1.SM2M-3.20131013_033600Z.flac,gs://noaa-passive-bioacoustic/dclde/2027/dclde_2027_killer_whales/dfo_crp/audio/northbc/DFOCRP.KkHK0R2F-NML1.SM2M-3.20131013_033600Z.flac,https://storage.googleapis.com/noaa-passive-bioacoustic/dclde/2027/dclde_2027_killer_whales/dfo_crp/audio/northbc/DFOCRP.KkHK0R2F-NML1.SM2M-3.20131013_033600Z.flac
dclde_DFO_CRP_NorthBc__DFOCRP.KkHK0R2F-NML1.SM2M-3.20131013_033600Z.flac,DFO_CRP,NorthBc,DFOCRP.KkHK0R2F-NML1.SM2M-3.20131013_033600Z.flac,dclde/2027/dclde_2027_killer_whales/dfo_crp/audio/northbc/DFOCRP.KkHK0R2F-NML1.SM2M-3.20131013_033600Z.flac,gs://noaa-passive-bioacoustic/dclde/2027/dclde_2027_killer_whales/dfo_crp/audio/northbc/DFOCRP.KkHK0R2F-NML1.SM2M-3.20131013_033600Z.flac,https://storage.googleapis.com/noaa-passive-bioacoustic/dclde/2027/dclde_2027_killer_whales/dfo_crp/audio/northbc/DFOCRP.KkHK0R2F-NML1.SM2M-3.20131013_033600Z.flac
dclde_DFO_CRP_NorthBc__DFOCRP.KkHK0R2F-NML1.SM2M-3.20131013_033600Z.flac,DFO_CRP,NorthBc,DFOCRP.KkHK0R2F-NML1.SM2M-3.20131013_033600Z.flac,dclde/2027/dclde_2027_killer_whales/dfo_crp/audio/northbc/DFOCRP.KkHK0R2F-NML1.SM2M-3.20131013_033600Z.flac,gs://noaa-passive-bioacoustic/dclde/2027/dclde_2027_killer_whales/dfo_crp/audio/northbc/DFOCRP.KkHK0R2F-NML1.SM2M-3.20131013_033600Z.flac,https://storage.googleapis.com/noaa-passive-bioacoustic/dclde/2027/dclde_2027_killer_whales/dfo_crp/audio/northbc/DFOCRP.KkHK0R2F-NML1.SM2M-3.20131013_033600Z.flac
dclde_DFO_CRP_NorthBc__DFOCRP.KkHK0R2F-NML1.SM2M-3.20131013_033600Z.flac,DFO_CRP,NorthBc,DFOCRP.KkHK0R2F-NML1.SM2M-3.20131013_033600Z.flac,dclde/2027/dclde_2027_killer_whales/dfo_crp/audio/northbc/DFOCRP.KkHK0R2F-NML1.SM2M-3.20131013_033600Z.flac,gs://noaa-passive-bioacoustic/dclde/2027/dclde_2027_killer_whales/dfo_crp/audio/northbc/DFOCRP.KkHK0R2F-NML1.SM2M-3.20131013_033600Z.flac,https://storage.googleapis.com/noaa-passive-bioacoustic/dclde/2027/dclde_2027_killer_whales/dfo_crp/audio/northbc/DFOCRP.KkHK0R2F-NML1.SM2M-3.20131013_033600Z.flac
dclde_DFO_CRP_NorthBc__DFOCRP.KkHK0R2F-NML1.SM2M-3.20131013_033600Z.flac,DFO_CRP,NorthBc,DFOCRP.KkHK0R2F-NML1.SM2M-3.20131013_033600Z.flac,dclde/2027/dclde_2027_killer_whales/dfo_crp/audio/northbc/DFOCRP.KkHK0R2F-NML1.SM2M-3.20131013_033600Z.flac,gs://noaa-passive-bioacoustic/dclde/2027/dclde_2027_killer_whales/dfo_crp/audio/northbc/DFOCRP.KkHK0R2F-NML1.SM2M-3.20131013_033600Z.flac,https://storage.googleapis.com/noaa-passive-bioacoustic/dclde/2027/dclde_2027_killer_whales/dfo_crp/audio/northbc/DFOCRP.KkHK0R2F-NML1.SM2M-3.20131013_033600Z.flac
dclde_DFO_CRP_NorthBc__DFOCRP.KkHK0R2F-NML1.SM2M-3.20131013_033600Z.flac,DFO_CRP,NorthBc,DFOCRP.KkHK0R2F-NML1.SM2M-3.20131013_033600Z.flac,dclde/2027/dclde_2027_killer_whales/dfo_crp/audio/northbc/DFOCRP.KkHK0R2F-NML1.SM2M-3.20131013_033600Z.flac,gs://noaa-passive-bioacoustic/dclde/2027/dclde_2027_killer_whales/dfo_crp/audio/northbc/DFOCRP.KkHK0R2F-NML1.SM2M-3.20131013_033600Z.flac,https://storage.googleapis.com/noaa-passive-bioacoustic/dclde/2027/dclde_2027_killer_whales/dfo_crp/audio/northbc/DFOCRP.KkHK0R2F-NML1.SM2M-3.20131013_033600Z.flac
dclde_DFO_CRP_NorthBc__DFOCRP.KkHK0R2F-NML1.SM2M-3.20131013_045100Z.flac,DFO_CRP,NorthBc,DFOCRP.KkHK0R2F-NML1.SM2M-3.20131013_045100Z.flac,dclde/2027/dclde_2027_killer_whales/dfo_crp/audio/northbc/DFOCRP.KkHK0R2F-NML1.SM2M-3.20131013_045100Z.flac,gs://noaa-passive-bioacoustic/dclde/2027/dclde_2027_killer_whales/dfo_crp/audio/northbc/DFOCRP.KkHK0R2F-NML1.SM2M-3.20131013_045100Z.flac,https://storage.googleapis.com/noaa-passive-bioacoustic/dclde/2027/dclde_2027_killer_whales/dfo_crp/audio/northbc/DFOCRP.KkHK0R2F-NML1.SM2M-3.20131013_045100Z.flac
dclde_DFO_CRP_NorthBc__DFOCRP.KkHK0R2F-NML1.SM2M-3.20131013_045100Z.flac,DFO_CRP,NorthBc,DFOCRP.KkHK0R2F-NML1.SM2M-3.20131013_045100Z.flac,dclde/2027/dclde_2027_killer_whales/dfo_crp/audio/northbc/DFOCRP.KkHK0R2F-NML1.SM2M-3.20131013_045100Z.flac,gs://noaa-passive-bioacoustic/dclde/2027/dclde_2027_killer_whales/dfo_crp/audio/northbc/DFOCRP.KkHK0R2F-NML1.SM2M-3.20131013_045100Z.flac,https://storage.googleapis.com/noaa-passive-bioacoustic/dclde/2027/dclde_2027_killer_whales/dfo_crp/audio/northbc/DFOCRP.KkHK0R2F-NML1.SM2M-3.20131013_045100Z.flac
dclde_DFO_CRP_NorthBc__DFOCRP.KkHK0R2F-NML1.SM2M-3.20131013_045100Z.flac,DFO_CRP,NorthBc,DFOCRP.KkHK0R2F-NML1.SM2M-3.20131013_045100Z.flac,dclde/2027/dclde_2027_killer_whales/dfo_crp/audio/northbc/DFOCRP.KkHK0R2F-NML1.SM2M-3.20131013_045100Z.flac,gs://noaa-passive-bioacoustic/dclde/2027/dclde_2027_killer_whales/dfo_crp/audio/northbc/DFOCRP.KkHK0R2F-NML1.SM2M-3.20131013_045100Z.flac,https://storage.googleapis.com/noaa-passive-bioacoustic/dclde/2027/dclde_2027_killer_whales/dfo_crp/audio/northbc/DFOCRP.KkHK0R2F-NML1.SM2M-3.20131013_045100Z.flac
dclde_DFO_CRP_NorthBc__DFOCRP.KkHK0R2F-NML1.SM2M-3.20131013_045100Z.flac,DFO_CRP,NorthBc,DFOCRP.KkHK0R2F-NML1.SM2M-3.20131013_045100Z.flac,dclde/2027/dclde_2027_killer_whales/dfo_crp/audio/northbc/DFOCRP.KkHK0R2F-NML1.SM2M-3.20131013_045100Z.flac,gs://noaa-passive-bioacoustic/dclde/2027/dclde_2027_killer_whales/dfo_crp/audio/northbc/DFOCRP.KkHK0R2F-NML1.SM2M-3.20131013_045100Z.flac,https://storage.googleapis.com/noaa-passive-bioacoustic/dclde/2027/dclde_2027_killer_whales/dfo_crp/audio/northbc/DFOCRP.KkHK0R2F-NML1.SM2M-3.20131013_045100Z.flac
dclde_DFO_CRP_NorthBc__DFOCRP.KkHK0R2F-NML1.SM2M-3.20131013_045100Z.flac,DFO_CRP,NorthBc,DFOCRP.KkHK0R2F-NML1.SM2M-3.20131013_045100Z.flac,dclde/2027/dclde_2027_killer_whales/dfo_crp/audio/northbc/DFOCRP.KkHK0R2F-NML1.SM2M-3.20131013_045100Z.flac,gs://noaa-passive-bioacoustic/dclde/2027/dclde_2027_killer_whales/dfo_crp/audio/northbc/DFOCRP.KkHK0R2F-NML1.SM2M-3.20131013_045100Z.flac,https://storage.googleapis.com/noaa-passive-bioacoustic/dclde/2027/dclde_2027_killer_whales/dfo_crp/audio/northbc/DFOCRP.KkHK0R2F-NML1.SM2M-3.20131013_045100Z.flac
dclde_DFO_CRP_NorthBc__DFOCRP.KkHK0R2F-NML1.SM2M-3.20131013_045100Z.flac,DFO_CRP,NorthBc,DFOCRP.KkHK0R2F-NML1.SM2M-3.20131013_045100Z.flac,dclde/2027/dclde_2027_killer_whales/dfo_crp/audio/northbc/DFOCRP.KkHK0R2F-NML1.SM2M-3.20131013_045100Z.flac,gs://noaa-passive-bioacoustic/dclde/2027/dclde_2027_killer_whales/dfo_crp/audio/northbc/DFOCRP.KkHK0R2F-NML1.SM2M-3.20131013_045100Z.flac,https://storage.googleapis.com/noaa-passive-bioacoustic/dclde/2027/dclde_2027_killer_whales/dfo_crp/audio/northbc/DFOCRP.KkHK0R2F-NML1.SM2M-3.20131013_045100Z.flac
dclde_DFO_CRP_NorthBc__DFOCRP.KkHK0R2F-NML1.SM2M-3.20131013_045100Z.flac,DFO_CRP,NorthBc,DFOCRP.KkHK0R2F-NML1.SM2M-3.20131013_045100Z.flac,dclde/2027/dclde_2027_killer_whales/dfo_crp/audio/northbc/DFOCRP.KkHK0R2F-NML1.SM2M-3.20131013_045100Z.flac,gs://noaa-passive-bioacoustic/dclde/2027/dclde_2027_killer_whales/dfo_crp/audio/northbc/DFOCRP.KkHK0R2F-NML1.SM2M-3.20131013_045100Z.flac,https://storage.googleapis.com/noaa-passive-bioacoustic/dclde/2027/dclde_2027_killer_whales/dfo_crp/audio/northbc/DFOCRP.KkHK0R2F-NML1.SM2M-3.20131013_045100Z.flac
dclde_DFO_CRP_NorthBc__DFOCRP.KkHK0R2F-NML1.SM2M-3.20131013_045100Z.flac,DFO_CRP,NorthBc,DFOCRP.KkHK0R2F-NML1.SM2M-3.20131013_045100Z.flac,dclde/2027/dclde_2027_killer_whales/dfo_crp/audio/northbc/DFOCRP.KkHK0R2F-NML1.SM2M-3.20131013_045100Z.flac,gs://noaa-passive-bioacoustic/dclde/2027/dclde_2027_killer_whales/dfo_crp/audio/northbc/DFOCRP.KkHK0R2F-NML1.SM2M-3.20131013_045100Z.flac,https://storage.googleapis.com/noaa-passive-bioacoustic/dclde/2027/dclde_2027_killer_whales/dfo_crp/audio/northbc/DFOCRP.KkHK0R2F-NML1.SM2M-3.20131013_045100Z.flac
dclde_DFO_CRP_NorthBc__DFOCRP.KkHK0R2F-NML1.SM2M-3.20131013_045100Z.flac,DFO_CRP,NorthBc,DFOCRP.KkHK0R2F-NML1.SM2M-3.20131013_045100Z.flac,dclde/2027/dclde_2027_killer_whales/dfo_crp/audio/northbc/DFOCRP.KkHK0R2F-NML1.SM2M-3.20131013_045100Z.flac,gs://noaa-passive-bioacoustic/dclde/2027/dclde_2027_killer_whales/dfo_crp/audio/northbc/DFOCRP.KkHK0R2F-NML1.SM2M-3.20131013_045100Z.flac,https://storage.googleapis.com/noaa-passive-bioacoustic/dclde/2027/dclde_2027_killer_whales/dfo_crp/audio/northbc/DFOCRP.KkHK0R2F-NML1.SM2M-3.20131013_045100Z.flac
dclde_DFO_CRP_NorthBc__DFOCRP.KkHK0R2F-NML1.SM2M-3.20131013_045100Z.flac,DFO_CRP,NorthBc,DFOCRP.KkHK0R2F-NML1.SM2M-3.20131013_045100Z.flac,dclde/2027/dclde_2027_killer_whales/dfo_crp/audio/northbc/DFOCRP.KkHK0R2F-NML1.SM2M-3.20131013_045100Z.flac,gs://noaa-passive-bioacoustic/dclde/2027/dclde_2027_killer_whales/dfo_crp/audio/northbc/DFOCRP.KkHK0R2F-NML1.SM2M-3.20131013_045100Z.flac,https://storage.googleapis.com/noaa-passive-bioacoustic/dclde/2027/dclde_2027_killer_whales/dfo_crp/audio/northbc/DFOCRP.KkHK0R2F-NML1.SM2M-3.20131013_045100Z.flac
dclde_DFO_CRP_NorthBc__DFOCRP.KkHK0R2F-NML1.SM2M-3.20131013_045100Z.flac,DFO_CRP,NorthBc,DFOCRP.KkHK0R2F-NML1.SM2M-3.20131013_045100Z.flac,dclde/2027/dclde_2027_killer_whales/dfo_crp/audio/northbc/DFOCRP.KkHK0R2F-NML1.SM2M-3.20131013_045100Z.flac,gs://noaa-passive-bioacoustic/dclde/2027/dclde_2027_killer_whales/dfo_crp/audio/northbc/DFOCRP.KkHK0R2F-NML1.SM2M-3.20131013_045100Z.flac,https://storage.googleapis.com/noaa-passive-bioacoustic/dclde/2027/dclde_2027_killer_whales/dfo_crp/audio/northbc/DFOCRP.KkHK0R2F-NML1.SM2M-3.20131013_045100Z.flac
dclde_DFO_CRP_NorthBc__DFOCRP.KkHK0R2F-NML1.SM2M-3.20131013_045100Z.flac,DFO_CRP,NorthBc,DFOCRP.KkHK0R2F-NML1.SM2M-3.20131013_045100Z.flac,dclde/2027/dclde_2027_killer_whales/dfo_crp/audio/northbc/DFOCRP.KkHK0R2F-NML1.SM2M-3.20131013_045100Z.flac,gs://noaa-passive-bioacoustic/dclde/2027/dclde_2027_killer_whales/dfo_crp/audio/northbc/DFOCRP.KkHK0R2F-NML1.SM2M-3.20131013_045100Z.flac,https://storage.googleapis.com/noaa-passive-bioacoustic/dclde/2027/dclde_2027_killer_whales/dfo_crp/audio/northbc/DFOCRP.KkHK0R2F-NML1.SM2M-3.20131013_045100Z.flac
dclde_DFO_CRP_NorthBc__DFOCRP.KkHK0R2F-NML1.SM2M-3.20131013_045100Z.flac,DFO_CRP,NorthBc,DFOCRP.KkHK0R2F-NML1.SM2M-3.20131013_045100Z.flac,dclde/2027/dclde_2027_killer_whales/dfo_crp/audio/northbc/DFOCRP.KkHK0R2F-NML1.SM2M-3.20131013_045100Z.flac,gs://noaa-passive-bioacoustic/dclde/2027/dclde_2027_killer_whales/dfo_crp/audio/northbc/DFOCRP.KkHK0R2F-NML1.SM2M-3.20131013_045100Z.flac,https://storage.googleapis.com/noaa-passive-bioacoustic/dclde/2027/dclde_2027_killer_whales/dfo_crp/audio/northbc/DFOCRP.KkHK0R2F-NML1.SM2M-3.20131013_045100Z.flac
dclde_DFO_CRP_NorthBc__DFOCRP.KkHK0R2F-NML1.SM2M-3.20131013_045100Z.flac,DFO_CRP,NorthBc,DFOCRP.KkHK0R2F-NML1.SM2M-3.20131013_045100Z.flac,dclde/2027/dclde_2027_killer_whales/dfo_crp/audio/northbc/DFOCRP.KkHK0R2F-NML1.SM2M-3.20131013_045100Z.flac,gs://noaa-passive-bioacoustic/dclde/2027/dclde_2027_killer_whales/dfo_crp/audio/northbc/DFOCRP.KkHK0R2F-NML1.SM2M-3.20131013_045100Z.flac,https://storage.googleapis.com/noaa-passive-bioacoustic/dclde/2027/dclde_2027_killer_whales/dfo_crp/audio/northbc/DFOCRP.KkHK0R2F-NML1.SM2M-3.20131013_045100Z.flac
dclde_DFO_CRP_NorthBc__DFOCRP.KkHK0R2F-NML1.SM2M-3.20131013_045100Z.flac,DFO_CRP,NorthBc,DFOCRP.KkHK0R2F-NML1.SM2M-3.20131013_045100Z.flac,dclde/2027/dclde_2027_killer_whales/dfo_crp/audio/northbc/DFOCRP.KkHK0R2F-NML1.SM2M-3.20131013_045100Z.flac,gs://noaa-passive-bioacoustic/dclde/2027/dclde_2027_killer_whales/dfo_crp/audio/northbc/DFOCRP.KkHK0R2F-NML1.SM2M-3.20131013_045100Z.flac,https://storage.googleapis.com/noaa-passive-bioacoustic/dclde/2027/dclde_2027_killer_whales/dfo_crp/audio/northbc/DFOCRP.KkHK0R2F-NML1.SM2M-3.20131013_045100Z.flac
dclde_DFO_CRP_NorthBc__DFOCRP.KkHK0R2F-NML1.SM2M-3.20131013_045100Z.flac,DFO_CRP,NorthBc,DFOCRP.KkHK0R2F-NML1.SM2M-3.20131013_045100Z.flac,dclde/2027/dclde_2027_killer_whales/dfo_crp/audio/northbc/DFOCRP.KkHK0R2F-NML1.SM2M-3.20131013_045100Z.flac,gs://noaa-passive-bioacoustic/dclde/2027/dclde_2027_killer_whales/dfo_crp/audio/northbc/DFOCRP.KkHK0R2F-NML1.SM2M-3.20131013_045100Z.flac,https://storage.googleapis.com/noaa-passive-bioacoustic/dclde/2027/dclde_2027_killer_whales/dfo_crp/audio/northbc/DFOCRP.KkHK0R2F-NML1.SM2M-3.20131013_045100Z.flac
dclde_DFO_CRP_NorthBc__DFOCRP.KkHK0R2F-NML1.SM2M-3.20131013_045100Z.flac,DFO_CRP,NorthBc,DFOCRP.KkHK0R2F-NML1.SM2M-3.20131013_045100Z.flac,dclde/2027/dclde_2027_killer_whales/dfo_crp/audio/northbc/DFOCRP.KkHK0R2F-NML1.SM2M-3.20131013_045100Z.flac,gs://noaa-passive-bioacoustic/dclde/2027/dclde_2027_killer_whales/dfo_crp/audio/northbc/DFOCRP.KkHK0R2F-NML1.SM2M-3.20131013_045100Z.flac,https://storage.googleapis.com/noaa-passive-bioacoustic/dclde/2027/dclde_2027_killer_whales/dfo_crp/audio/northbc/DFOCRP.KkHK0R2F-NML1.SM2M-3.20131013_045100Z.flac
dclde_DFO_CRP_NorthBc__DFOCRP.KkHK0R2F-NML1.SM2M-3.20131013_045100Z.flac,DFO_CRP,NorthBc,DFOCRP.KkHK0R2F-NML1.SM2M-3.20131013_045100Z.flac,dclde/2027/dclde_2027_killer_whales/dfo_crp/audio/northbc/DFOCRP.KkHK0R2F-NML1.SM2M-3.20131013_045100Z.flac,gs://noaa-passive-bioacoustic/dclde/2027/dclde_2027_killer_whales/dfo_crp/audio/northbc/DFOCRP.KkHK0R2F-NML1.SM2M-3.20131013_045100Z.flac,https://storage.googleapis.com/noaa-passive-bioacoustic/dclde/2027/dclde_2027_killer_whales/dfo_crp/audio/northbc/DFOCRP.KkHK0R2F-NML1.SM2M-3.20131013_045100Z.flac
dclde_DFO_CRP_NorthBc__DFOCRP.KkHK0R2F-NML1.SM2M-3.20131013_143600Z.flac,DFO_CRP,NorthBc,DFOCRP.KkHK0R2F-NML1.SM2M-3.20131013_143600Z.flac,dclde/2027/dclde_2027_killer_whales/dfo_crp/audio/northbc/DFOCRP.KkHK0R2F-NML1.SM2M-3.20131013_143600Z.flac,gs://noaa-passive-bioacoustic/dclde/2027/dclde_2027_killer_whales/dfo_crp/audio/northbc/DFOCRP.KkHK0R2F-NML1.SM2M-3.20131013_143600Z.flac,https://storage.googleapis.com/noaa-passive-bioacoustic/dclde/2027/dclde_2027_killer_whales/dfo_crp/audio/northbc/DFOCRP.KkHK0R2F-NML1.SM2M-3.20131013_143600Z.flac
dclde_DFO_CRP_NorthBc__DFOCRP.KkHK0R2F-NML1.SM2M-3.20131013_143600Z.flac,DFO_CRP,NorthBc,DFOCRP.KkHK0R2F-NML1.SM2M-3.20131013_143600Z.flac,dclde/2027/dclde_2027_killer_whales/dfo_crp/audio/northbc/DFOCRP.KkHK0R2F-NML1.SM2M-3.20131013_143600Z.flac,gs://noaa-passive-bioacoustic/dclde/2027/dclde_2027_killer_whales/dfo_crp/audio/northbc/DFOCRP.KkHK0R2F-NML1.SM2M-3.20131013_143600Z.flac,https://storage.googleapis.com/noaa-passive-bioacoustic/dclde/2027/dclde_2027_killer_whales/dfo_crp/audio/northbc/DFOCRP.KkHK0R2F-NML1.SM2M-3.20131013_143600Z.flac
dclde_DFO_CRP_NorthBc__DFOCRP.KkHK0R2F-NML1.SM2M-3.20131014_165100Z.flac,DFO_CRP,NorthBc,DFOCRP.KkHK0R2F-NML1.SM2M-3.20131014_165100Z.flac,dclde/2027/dclde_2027_killer_whales/dfo_crp/audio/northbc/DFOCRP.KkHK0R2F-NML1.SM2M-3.20131014_165100Z.flac,gs://noaa-passive-bioacoustic/dclde/2027/dclde_2027_killer_whales/dfo_crp/audio/northbc/DFOCRP.KkHK0R2F-NML1.SM2M-3.20131014_165100Z.flac,https://storage.googleapis.com/noaa-passive-bioacoustic/dclde/2027/dclde_2027_killer_whales/dfo_crp/audio/northbc/DFOCRP.KkHK0R2F-NML1.SM2M-3.20131014_165100Z.flac
dclde_DFO_CRP_NorthBc__DFOCRP.KkHK0R2F-NML1.SM2M-3.20131014_182100Z.flac,DFO_CRP,NorthBc,DFOCRP.KkHK0R2F-NML1.SM2M-3.20131014_182100Z.flac,dclde/2027/dclde_2027_killer_whales/dfo_crp/audio/northbc/DFOCRP.KkHK0R2F-NML1.SM2M-3.20131014_182100Z.flac,gs://noaa-passive-bioacoustic/dclde/2027/dclde_2027_killer_whales/dfo_crp/audio/northbc/DFOCRP.KkHK0R2F-NML1.SM2M-3.20131014_182100Z.flac,https://storage.googleapis.com/noaa-passive-bioacoustic/dclde/2027/dclde_2027_killer_whales/dfo_crp/audio/northbc/DFOCRP.KkHK0R2F-NML1.SM2M-3.20131014_182100Z.flac
dclde_DFO_CRP_NorthBc__DFOCRP.KkHK0R2F-NML1.SM2M-3.20131015_012100Z.flac,DFO_CRP,NorthBc,DFOCRP.KkHK0R2F-NML1.SM2M-3.20131015_012100Z.flac,dclde/2027/dclde_2027_killer_whales/dfo_crp/audio/northbc/DFOCRP.KkHK0R2F-NML1.SM2M-3.20131015_012100Z.flac,gs://noaa-passive-bioacoustic/dclde/2027/dclde_2027_killer_whales/dfo_crp/audio/northbc/DFOCRP.KkHK0R2F-NML1.SM2M-3.20131015_012100Z.flac,https://storage.googleapis.com/noaa-passive-bioacoustic/dclde/2027/dclde_2027_killer_whales/dfo_crp/audio/northbc/DFOCRP.KkHK0R2F-NML1.SM2M-3.20131015_012100Z.flac
dclde_DFO_CRP_NorthBc__DFOCRP.KkHK0R2F-NML1.SM2M-3.20131015_205100Z.flac,DFO_CRP,NorthBc,DFOCRP.KkHK0R2F-NML1.SM2M-3.20131015_205100Z.flac,dclde/2027/dclde_2027_killer_whales/dfo_crp/audio/northbc/DFOCRP.KkHK0R2F-NML1.SM2M-3.20131015_205100Z.flac,gs://noaa-passive-bioacoustic/dclde/2027/dclde_2027_killer_whales/dfo_crp/audio/northbc/DFOCRP.KkHK0R2F-NML1.SM2M-3.20131015_205100Z.flac,https://storage.googleapis.com/noaa-passive-bioacoustic/dclde/2027/dclde_2027_killer_whales/dfo_crp/audio/northbc/DFOCRP.KkHK0R2F-NML1.SM2M-3.20131015_205100Z.flac
dclde_DFO_CRP_NorthBc__DFOCRP.KkHK0R2F-NML1.SM2M-3.20131017_133600Z.flac,DFO_CRP,NorthBc,DFOCRP.KkHK0R2F-NML1.SM2M-3.20131017_133600Z.flac,dclde/2027/dclde_2027_killer_whales/dfo_crp/audio/northbc/DFOCRP.KkHK0R2F-NML1.SM2M-3.20131017_133600Z.flac,gs://noaa-passive-bioacoustic/dclde/2027/dclde_2027_killer_whales/dfo_crp/audio/northbc/DFOCRP.KkHK0R2F-NML1.SM2M-3.20131017_133600Z.flac,https://storage.googleapis.com/noaa-passive-bioacoustic/dclde/2027/dclde_2027_killer_whales/dfo_crp/audio/northbc/DFOCRP.KkHK0R2F-NML1.SM2M-3.20131017_133600Z.flac
dclde_DFO_CRP_NorthBc__DFOCRP.KkHK0R2F-NML1.SM2M-3.20131017_135100Z.flac,DFO_CRP,NorthBc,DFOCRP.KkHK0R2F-NML1.SM2M-3.20131017_135100Z.flac,dclde/2027/dclde_2027_killer_whales/dfo_crp/audio/northbc/DFOCRP.KkHK0R2F-NML1.SM2M-3.20131017_135100Z.flac,gs://noaa-passive-bioacoustic/dclde/2027/dclde_2027_killer_whales/dfo_crp/audio/northbc/DFOCRP.KkHK0R2F-NML1.SM2M-3.20131017_135100Z.flac,https://storage.googleapis.com/noaa-passive-bioacoustic/dclde/2027/dclde_2027_killer_whales/dfo_crp/audio/northbc/DFOCRP.KkHK0R2F-NML1.SM2M-3.20131017_135100Z.flac
dclde_DFO_CRP_WVanIsl__DFOCRP.H50bjRcb-WCV1.AURAL117LF.20110519_003000Z.flac,DFO_CRP,WVanIsl,DFOCRP.H50bjRcb-WCV1.AURAL117LF.20110519_003000Z.flac,dclde/2027/dclde_2027_killer_whales/dfo_crp/audio/wvanisl/DFOCRP.H50bjRcb-WCV1.AURAL117LF.20110519_003000Z.flac,gs://noaa-passive-bioacoustic/dclde/2027/dclde_2027_killer_whales/dfo_crp/audio/wvanisl/DFOCRP.H50bjRcb-WCV1.AURAL117LF.20110519_003000Z.flac,https://storage.googleapis.com/noaa-passive-bioacoustic/dclde/2027/dclde_2027_killer_whales/dfo_crp/audio/wvanisl/DFOCRP.H50bjRcb-WCV1.AURAL117LF.20110519_003000Z.flac
dclde_DFO_CRP_WVanIsl__DFOCRP.H50bjRcb-WCV1.AURAL117LF.20110519_011500Z.flac,DFO_CRP,WVanIsl,DFOCRP.H50bjRcb-WCV1.AURAL117LF.20110519_011500Z.flac,dclde/2027/dclde_2027_killer_whales/dfo_crp/audio/wvanisl/DFOCRP.H50bjRcb-WCV1.AURAL117LF.20110519_011500Z.flac,gs://noaa-passive-bioacoustic/dclde/2027/dclde_2027_killer_whales/dfo_crp/audio/wvanisl/DFOCRP.H50bjRcb-WCV1.AURAL117LF.20110519_011500Z.flac,https://storage.googleapis.com/noaa-passive-bioacoustic/dclde/2027/dclde_2027_killer_whales/dfo_crp/audio/wvanisl/DFOCRP.H50bjRcb-WCV1.AURAL117LF.20110519_011500Z.flac
dclde_DFO_CRP_WVanIsl__DFOCRP.H50bjRcb-WCV1.AURAL117LF.20110519_040000Z.flac,DFO_CRP,WVanIsl,DFOCRP.H50bjRcb-WCV1.AURAL117LF.20110519_040000Z.flac,dclde/2027/dclde_2027_killer_whales/dfo_crp/audio/wvanisl/DFOCRP.H50bjRcb-WCV1.AURAL117LF.20110519_040000Z.flac,gs://noaa-passive-bioacoustic/dclde/2027/dclde_2027_killer_whales/dfo_crp/audio/wvanisl/DFOCRP.H50bjRcb-WCV1.AURAL117LF.20110519_040000Z.flac,https://storage.googleapis.com/noaa-passive-bioacoustic/dclde/2027/dclde_2027_killer_whales/dfo_crp/audio/wvanisl/DFOCRP.H50bjRcb-WCV1.AURAL117LF.20110519_040000Z.flac
dclde_DFO_CRP_WVanIsl__DFOCRP.H50bjRcb-WCV1.AURAL117LF.20110519_040000Z.flac,DFO_CRP,WVanIsl,DFOCRP.H50bjRcb-WCV1.AURAL117LF.20110519_040000Z.flac,dclde/2027/dclde_2027_killer_whales/dfo_crp/audio/wvanisl/DFOCRP.H50bjRcb-WCV1.AURAL117LF.20110519_040000Z.flac,gs://noaa-passive-bioacoustic/dclde/2027/dclde_2027_killer_whales/dfo_crp/audio/wvanisl/DFOCRP.H50bjRcb-WCV1.AURAL117LF.20110519_040000Z.flac,https://storage.googleapis.com/noaa-passive-bioacoustic/dclde/2027/dclde_2027_killer_whales/dfo_crp/audio/wvanisl/DFOCRP.H50bjRcb-WCV1.AURAL117LF.20110519_040000Z.flac
dclde_DFO_CRP_WVanIsl__DFOCRP.H50bjRcb-WCV1.AURAL117LF.20110519_041500Z.flac,DFO_CRP,WVanIsl,DFOCRP.H50bjRcb-WCV1.AURAL117LF.20110519_041500Z.flac,dclde/2027/dclde_2027_killer_whales/dfo_crp/audio/wvanisl/DFOCRP.H50bjRcb-WCV1.AURAL117LF.20110519_041500Z.flac,gs://noaa-passive-bioacoustic/dclde/2027/dclde_2027_killer_whales/dfo_crp/audio/wvanisl/DFOCRP.H50bjRcb-WCV1.AURAL117LF.20110519_041500Z.flac,https://storage.googleapis.com/noaa-passive-bioacoustic/dclde/2027/dclde_2027_killer_whales/dfo_crp/audio/wvanisl/DFOCRP.H50bjRcb-WCV1.AURAL117LF.20110519_041500Z.flac
dclde_DFO_CRP_WVanIsl__DFOCRP.H50bjRcb-WCV1.AURAL117LF.20110519_041500Z.flac,DFO_CRP,WVanIsl,DFOCRP.H50bjRcb-WCV1.AURAL117LF.20110519_041500Z.flac,dclde/2027/dclde_2027_killer_whales/dfo_crp/audio/wvanisl/DFOCRP.H50bjRcb-WCV1.AURAL117LF.20110519_041500Z.flac,gs://noaa-passive-bioacoustic/dclde/2027/dclde_2027_killer_whales/dfo_crp/audio/wvanisl/DFOCRP.H50bjRcb-WCV1.AURAL117LF.20110519_041500Z.flac,https://storage.googleapis.com/noaa-passive-bioacoustic/dclde/2027/dclde_2027_killer_whales/dfo_crp/audio/wvanisl/DFOCRP.H50bjRcb-WCV1.AURAL117LF.20110519_041500Z.flac
dclde_DFO_CRP_WVanIsl__DFOCRP.H50bjRcb-WCV1.AURAL117LF.20110519_041500Z.flac,DFO_CRP,WVanIsl,DFOCRP.H50bjRcb-WCV1.AURAL117LF.20110519_041500Z.flac,dclde/2027/dclde_2027_killer_whales/dfo_crp/audio/wvanisl/DFOCRP.H50bjRcb-WCV1.AURAL117LF.20110519_041500Z.flac,gs://noaa-passive-bioacoustic/dclde/2027/dclde_2027_killer_whales/dfo_crp/audio/wvanisl/DFOCRP.H50bjRcb-WCV1.AURAL117LF.20110519_041500Z.flac,https://storage.googleapis.com/noaa-passive-bioacoustic/dclde/2027/dclde_2027_killer_whales/dfo_crp/audio/wvanisl/DFOCRP.H50bjRcb-WCV1.AURAL117LF.20110519_041500Z.flac
dclde_DFO_CRP_WVanIsl__DFOCRP.H50bjRcb-WCV1.AURAL117LF.20110519_043000Z.flac,DFO_CRP,WVanIsl,DFOCRP.H50bjRcb-WCV1.AURAL117LF.20110519_043000Z.flac,dclde/2027/dclde_2027_killer_whales/dfo_crp/audio/wvanisl/DFOCRP.H50bjRcb-WCV1.AURAL117LF.20110519_043000Z.flac,gs://noaa-passive-bioacoustic/dclde/2027/dclde_2027_killer_whales/dfo_crp/audio/wvanisl/DFOCRP.H50bjRcb-WCV1.AURAL117LF.20110519_043000Z.flac,https://storage.googleapis.com/noaa-passive-bioacoustic/dclde/2027/dclde_2027_killer_whales/dfo_crp/audio/wvanisl/DFOCRP.H50bjRcb-WCV1.AURAL117LF.20110519_043000Z.flac
dclde_DFO_CRP_WVanIsl__DFOCRP.H50bjRcb-WCV1.AURAL117LF.20110519_070000Z.flac,DFO_CRP,WVanIsl,DFOCRP.H50bjRcb-WCV1.AURAL117LF.20110519_070000Z.flac,dclde/2027/dclde_2027_killer_whales/dfo_crp/audio/wvanisl/DFOCRP.H50bjRcb-WCV1.AURAL117LF.20110519_070000Z.flac,gs://noaa-passive-bioacoustic/dclde/2027/dclde_2027_killer_whales/dfo_crp/audio/wvanisl/DFOCRP.H50bjRcb-WCV1.AURAL117LF.20110519_070000Z.flac,https://storage.googleapis.com/noaa-passive-bioacoustic/dclde/2027/dclde_2027_killer_whales/dfo_crp/audio/wvanisl/DFOCRP.H50bjRcb-WCV1.AURAL117LF.20110519_070000Z.flac
dclde_DFO_CRP_WVanIsl__DFOCRP.H50bjRcb-WCV1.AURAL117LF.20110620_233000Z.flac,DFO_CRP,WVanIsl,DFOCRP.H50bjRcb-WCV1.AURAL117LF.20110620_233000Z.flac,dclde/2027/dclde_2027_killer_whales/dfo_crp/audio/wvanisl/DFOCRP.H50bjRcb-WCV1.AURAL117LF.20110620_233000Z.flac,gs://noaa-passive-bioacoustic/dclde/2027/dclde_2027_killer_whales/dfo_crp/audio/wvanisl/DFOCRP.H50bjRcb-WCV1.AURAL117LF.20110620_233000Z.flac,https://storage.googleapis.com/noaa-passive-bioacoustic/dclde/2027/dclde_2027_killer_whales/dfo_crp/audio/wvanisl/DFOCRP.H50bjRcb-WCV1.AURAL117LF.20110620_233000Z.flac
dclde_DFO_CRP_WVanIsl__DFOCRP.H50bjRcb-WCV1.AURAL117LF.20110705_223000Z.flac,DFO_CRP,WVanIsl,DFOCRP.H50bjRcb-WCV1.AURAL117LF.20110705_223000Z.flac,dclde/2027/dclde_2027_killer_whales/dfo_crp/audio/wvanisl/DFOCRP.H50bjRcb-WCV1.AURAL117LF.20110705_223000Z.flac,gs://noaa-passive-bioacoustic/dclde/2027/dclde_2027_killer_whales/dfo_crp/audio/wvanisl/DFOCRP.H50bjRcb-WCV1.AURAL117LF.20110705_223000Z.flac,https://storage.googleapis.com/noaa-passive-bioacoustic/dclde/2027/dclde_2027_killer_whales/dfo_crp/audio/wvanisl/DFOCRP.H50bjRcb-WCV1.AURAL117LF.20110705_223000Z.flac
dclde_DFO_CRP_WVanIsl__DFOCRP.H50bjRcb-WCV1.AURAL117LF.20110706_223000Z.flac,DFO_CRP,WVanIsl,DFOCRP.H50bjRcb-WCV1.AURAL117LF.20110706_223000Z.flac,dclde/2027/dclde_2027_killer_whales/dfo_crp/audio/wvanisl/DFOCRP.H50bjRcb-WCV1.AURAL117LF.20110706_223000Z.flac,gs://noaa-passive-bioacoustic/dclde/2027/dclde_2027_killer_whales/dfo_crp/audio/wvanisl/DFOCRP.H50bjRcb-WCV1.AURAL117LF.20110706_223000Z.flac,https://storage.googleapis.com/noaa-passive-bioacoustic/dclde/2027/dclde_2027_killer_whales/dfo_crp/audio/wvanisl/DFOCRP.H50bjRcb-WCV1.AURAL117LF.20110706_223000Z.flac
dclde_DFO_CRP_WVanIsl__DFOCRP.H50bjRcb-WCV1.AURAL117LF.20110706_223000Z.flac,DFO_CRP,WVanIsl,DFOCRP.H50bjRcb-WCV1.AURAL117LF.20110706_223000Z.flac,dclde/2027/dclde_2027_killer_whales/dfo_crp/audio/wvanisl/DFOCRP.H50bjRcb-WCV1.AURAL117LF.20110706_223000Z.flac,gs://noaa-passive-bioacoustic/dclde/2027/dclde_2027_killer_whales/dfo_crp/audio/wvanisl/DFOCRP.H50bjRcb-WCV1.AURAL117LF.20110706_223000Z.flac,https://storage.googleapis.com/noaa-passive-bioacoustic/dclde/2027/dclde_2027_killer_whales/dfo_crp/audio/wvanisl/DFOCRP.H50bjRcb-WCV1.AURAL117LF.20110706_223000Z.flac
dclde_DFO_CRP_WVanIsl__DFOCRP.H50bjRcb-WCV1.AURAL117LF.20110706_223000Z.flac,DFO_CRP,WVanIsl,DFOCRP.H50bjRcb-WCV1.AURAL117LF.20110706_223000Z.flac,dclde/2027/dclde_2027_killer_whales/dfo_crp/audio/wvanisl/DFOCRP.H50bjRcb-WCV1.AURAL117LF.20110706_223000Z.flac,gs://noaa-passive-bioacoustic/dclde/2027/dclde_2027_killer_whales/dfo_crp/audio/wvanisl/DFOCRP.H50bjRcb-WCV1.AURAL117LF.20110706_223000Z.flac,https://storage.googleapis.com/noaa-passive-bioacoustic/dclde/2027/dclde_2027_killer_whales/dfo_crp/audio/wvanisl/DFOCRP.H50bjRcb-WCV1.AURAL117LF.20110706_223000Z.flac
dclde_DFO_CRP_WVanIsl__DFOCRP.H50bjRcb-WCV1.AURAL117LF.20110706_223000Z.flac,DFO_CRP,WVanIsl,DFOCRP.H50bjRcb-WCV1.AURAL117LF.20110706_223000Z.flac,dclde/2027/dclde_2027_killer_whales/dfo_crp/audio/wvanisl/DFOCRP.H50bjRcb-WCV1.AURAL117LF.20110706_223000Z.flac,gs://noaa-passive-bioacoustic/dclde/2027/dclde_2027_killer_whales/dfo_crp/audio/wvanisl/DFOCRP.H50bjRcb-WCV1.AURAL117LF.20110706_223000Z.flac,https://storage.googleapis.com/noaa-passive-bioacoustic/dclde/2027/dclde_2027_killer_whales/dfo_crp/audio/wvanisl/DFOCRP.H50bjRcb-WCV1.AURAL117LF.20110706_223000Z.flac
dclde_DFO_CRP_WVanIsl__DFOCRP.H50bjRcb-WCV1.AURAL117LF.20110716_054500Z.flac,DFO_CRP,WVanIsl,DFOCRP.H50bjRcb-WCV1.AURAL117LF.20110716_054500Z.flac,dclde/2027/dclde_2027_killer_whales/dfo_crp/audio/wvanisl/DFOCRP.H50bjRcb-WCV1.AURAL117LF.20110716_054500Z.flac,gs://noaa-passive-bioacoustic/dclde/2027/dclde_2027_killer_whales/dfo_crp/audio/wvanisl/DFOCRP.H50bjRcb-WCV1.AURAL117LF.20110716_054500Z.flac,https://storage.googleapis.com/noaa-passive-bioacoustic/dclde/2027/dclde_2027_killer_whales/dfo_crp/audio/wvanisl/DFOCRP.H50bjRcb-WCV1.AURAL117LF.20110716_054500Z.flac
dclde_DFO_CRP_WVanIsl__DFOCRP.H50bjRcb-WCV1.AURAL117LF.20110716_150000Z.flac,DFO_CRP,WVanIsl,DFOCRP.H50bjRcb-WCV1.AURAL117LF.20110716_150000Z.flac,dclde/2027/dclde_2027_killer_whales/dfo_crp/audio/wvanisl/DFOCRP.H50bjRcb-WCV1.AURAL117LF.20110716_150000Z.flac,gs://noaa-passive-bioacoustic/dclde/2027/dclde_2027_killer_whales/dfo_crp/audio/wvanisl/DFOCRP.H50bjRcb-WCV1.AURAL117LF.20110716_150000Z.flac,https://storage.googleapis.com/noaa-passive-bioacoustic/dclde/2027/dclde_2027_killer_whales/dfo_crp/audio/wvanisl/DFOCRP.H50bjRcb-WCV1.AURAL117LF.20110716_150000Z.flac
dclde_DFO_WDLP_CarmanahPt__ST6249.220308201042.wav,DFO_WDLP,CarmanahPt,ST6249.220308201042.wav,dclde/2027/dclde_2027_killer_whales/dfo_wdlp/audio/carmanahpt/ST6249.220308201042.wav,gs://noaa-passive-bioacoustic/dclde/2027/dclde_2027_killer_whales/dfo_wdlp/audio/carmanahpt/ST6249.220308201042.wav,https://storage.googleapis.com/noaa-passive-bioacoustic/dclde/2027/dclde_2027_killer_whales/dfo_wdlp/audio/carmanahpt/ST6249.220308201042.wav
dclde_DFO_WDLP_CarmanahPt__ST6249.220428094625.wav,DFO_WDLP,CarmanahPt,ST6249.220428094625.wav,dclde/2027/dclde_2027_killer_whales/dfo_wdlp/audio/carmanahpt/ST6249.220428094625.wav,gs://noaa-passive-bioacoustic/dclde/2027/dclde_2027_killer_whales/dfo_wdlp/audio/carmanahpt/ST6249.220428094625.wav,https://storage.googleapis.com/noaa-passive-bioacoustic/dclde/2027/dclde_2027_killer_whales/dfo_wdlp/audio/carmanahpt/ST6249.220428094625.wav
dclde_DFO_WDLP_CarmanahPt__ST6249.220428095525.wav,DFO_WDLP,CarmanahPt,ST6249.220428095525.wav,dclde/2027/dclde_2027_killer_whales/dfo_wdlp/audio/carmanahpt/ST6249.220428095525.wav,gs://noaa-passive-bioacoustic/dclde/2027/dclde_2027_killer_whales/dfo_wdlp/audio/carmanahpt/ST6249.220428095525.wav,https://storage.googleapis.com/noaa-passive-bioacoustic/dclde/2027/dclde_2027_killer_whales/dfo_wdlp/audio/carmanahpt/ST6249.220428095525.wav
dclde_DFO_WDLP_CarmanahPt__ST6249.220428101325.wav,DFO_WDLP,CarmanahPt,ST6249.220428101325.wav,dclde/2027/dclde_2027_killer_whales/dfo_wdlp/audio/carmanahpt/ST6249.220428101325.wav,gs://noaa-passive-bioacoustic/dclde/2027/dclde_2027_killer_whales/dfo_wdlp/audio/carmanahpt/ST6249.220428101325.wav,https://storage.googleapis.com/noaa-passive-bioacoustic/dclde/2027/dclde_2027_killer_whales/dfo_wdlp/audio/carmanahpt/ST6249.220428101325.wav
dclde_DFO_WDLP_CarmanahPt__ST6249.220428101325.wav,DFO_WDLP,CarmanahPt,ST6249.220428101325.wav,dclde/2027/dclde_2027_killer_whales/dfo_wdlp/audio/carmanahpt/ST6249.220428101325.wav,gs://noaa-passive-bioacoustic/dclde/2027/dclde_2027_killer_whales/dfo_wdlp/audio/carmanahpt/ST6249.220428101325.wav,https://storage.googleapis.com/noaa-passive-bioacoustic/dclde/2027/dclde_2027_killer_whales/dfo_wdlp/audio/carmanahpt/ST6249.220428101325.wav
dclde_DFO_WDLP_CarmanahPt__ST6249.220428101325.wav,DFO_WDLP,CarmanahPt,ST6249.220428101325.wav,dclde/2027/dclde_2027_killer_whales/dfo_wdlp/audio/carmanahpt/ST6249.220428101325.wav,gs://noaa-passive-bioacoustic/dclde/2027/dclde_2027_killer_whales/dfo_wdlp/audio/carmanahpt/ST6249.220428101325.wav,https://storage.googleapis.com/noaa-passive-bioacoustic/dclde/2027/dclde_2027_killer_whales/dfo_wdlp/audio/carmanahpt/ST6249.220428101325.wav
dclde_DFO_WDLP_CarmanahPt__ST6249.220428103425.wav,DFO_WDLP,CarmanahPt,ST6249.220428103425.wav,dclde/2027/dclde_2027_killer_whales/dfo_wdlp/audio/carmanahpt/ST6249.220428103425.wav,gs://noaa-passive-bioacoustic/dclde/2027/dclde_2027_killer_whales/dfo_wdlp/audio/carmanahpt/ST6249.220428103425.wav,https://storage.googleapis.com/noaa-passive-bioacoustic/dclde/2027/dclde_2027_killer_whales/dfo_wdlp/audio/carmanahpt/ST6249.220428103425.wav
dclde_DFO_WDLP_CarmanahPt__ST6249.220428103425.wav,DFO_WDLP,CarmanahPt,ST6249.220428103425.wav,dclde/2027/dclde_2027_killer_whales/dfo_wdlp/audio/carmanahpt/ST6249.220428103425.wav,gs://noaa-passive-bioacoustic/dclde/2027/dclde_2027_killer_whales/dfo_wdlp/audio/carmanahpt/ST6249.220428103425.wav,https://storage.googleapis.com/noaa-passive-bioacoustic/dclde/2027/dclde_2027_killer_whales/dfo_wdlp/audio/carmanahpt/ST6249.220428103425.wav
dclde_DFO_WDLP_CarmanahPt__ST6249.220428103425.wav,DFO_WDLP,CarmanahPt,ST6249.220428103425.wav,dclde/2027/dclde_2027_killer_whales/dfo_wdlp/audio/carmanahpt/ST6249.220428103425.wav,gs://noaa-passive-bioacoustic/dclde/2027/dclde_2027_killer_whales/dfo_wdlp/audio/carmanahpt/ST6249.220428103425.wav,https://storage.googleapis.com/noaa-passive-bioacoustic/dclde/2027/dclde_2027_killer_whales/dfo_wdlp/audio/carmanahpt/ST6249.220428103425.wav
dclde_DFO_WDLP_CarmanahPt__ST6249.220617113905.wav,DFO_WDLP,CarmanahPt,ST6249.220617113905.wav,dclde/2027/dclde_2027_killer_whales/dfo_wdlp/audio/carmanahpt/ST6249.220617113905.wav,gs://noaa-passive-bioacoustic/dclde/2027/dclde_2027_killer_whales/dfo_wdlp/audio/carmanahpt/ST6249.220617113905.wav,https://storage.googleapis.com/noaa-passive-bioacoustic/dclde/2027/dclde_2027_killer_whales/dfo_wdlp/audio/carmanahpt/ST6249.220617113905.wav
dclde_DFO_WDLP_CarmanahPt__ST6249.220617125105.wav,DFO_WDLP,CarmanahPt,ST6249.220617125105.wav,dclde/2027/dclde_2027_killer_whales/dfo_wdlp/audio/carmanahpt/ST6249.220617125105.wav,gs://noaa-passive-bioacoustic/dclde/2027/dclde_2027_killer_whales/dfo_wdlp/audio/carmanahpt/ST6249.220617125105.wav,https://storage.googleapis.com/noaa-passive-bioacoustic/dclde/2027/dclde_2027_killer_whales/dfo_wdlp/audio/carmanahpt/ST6249.220617125105.wav
dclde_DFO_WDLP_CarmanahPt__ST6249.220617125405.wav,DFO_WDLP,CarmanahPt,ST6249.220617125405.wav,dclde/2027/dclde_2027_killer_whales/dfo_wdlp/audio/carmanahpt/ST6249.220617125405.wav,gs://noaa-passive-bioacoustic/dclde/2027/dclde_2027_killer_whales/dfo_wdlp/audio/carmanahpt/ST6249.220617125405.wav,https://storage.googleapis.com/noaa-passive-bioacoustic/dclde/2027/dclde_2027_killer_whales/dfo_wdlp/audio/carmanahpt/ST6249.220617125405.wav
dclde_DFO_WDLP_CarmanahPt__ST6249.220617125405.wav,DFO_WDLP,CarmanahPt,ST6249.220617125405.wav,dclde/2027/dclde_2027_killer_whales/dfo_wdlp/audio/carmanahpt/ST6249.220617125405.wav,gs://noaa-passive-bioacoustic/dclde/2027/dclde_2027_killer_whales/dfo_wdlp/audio/carmanahpt/ST6249.220617125405.wav,https://storage.googleapis.com/noaa-passive-bioacoustic/dclde/2027/dclde_2027_killer_whales/dfo_wdlp/audio/carmanahpt/ST6249.220617125405.wav
dclde_DFO_WDLP_CarmanahPt__ST6249.220617125405.wav,DFO_WDLP,CarmanahPt,ST6249.220617125405.wav,dclde/2027/dclde_2027_killer_whales/dfo_wdlp/audio/carmanahpt/ST6249.220617125405.wav,gs://noaa-passive-bioacoustic/dclde/2027/dclde_2027_killer_whales/dfo_wdlp/audio/carmanahpt/ST6249.220617125405.wav,https://storage.googleapis.com/noaa-passive-bioacoustic/dclde/2027/dclde_2027_killer_whales/dfo_wdlp/audio/carmanahpt/ST6249.220617125405.wav
dclde_DFO_WDLP_CarmanahPt__ST6249.220617125405.wav,DFO_WDLP,CarmanahPt,ST6249.220617125405.wav,dclde/2027/dclde_2027_killer_whales/dfo_wdlp/audio/carmanahpt/ST6249.220617125405.wav,gs://noaa-passive-bioacoustic/dclde/2027/dclde_2027_killer_whales/dfo_wdlp/audio/carmanahpt/ST6249.220617125405.wav,https://storage.googleapis.com/noaa-passive-bioacoustic/dclde/2027/dclde_2027_killer_whales/dfo_wdlp/audio/carmanahpt/ST6249.220617125405.wav
dclde_DFO_WDLP_CarmanahPt__ST6249.220617125705.wav,DFO_WDLP,CarmanahPt,ST6249.220617125705.wav,dclde/2027/dclde_2027_killer_whales/dfo_wdlp/audio/carmanahpt/ST6249.220617125705.wav,gs://noaa-passive-bioacoustic/dclde/2027/dclde_2027_killer_whales/dfo_wdlp/audio/carmanahpt/ST6249.220617125705.wav,https://storage.googleapis.com/noaa-passive-bioacoustic/dclde/2027/dclde_2027_killer_whales/dfo_wdlp/audio/carmanahpt/ST6249.220617125705.wav
dclde_DFO_WDLP_CarmanahPt__ST6249.220617125705.wav,DFO_WDLP,CarmanahPt,ST6249.220617125705.wav,dclde/2027/dclde_2027_killer_whales/dfo_wdlp/audio/carmanahpt/ST6249.220617125705.wav,gs://noaa-passive-bioacoustic/dclde/2027/dclde_2027_killer_whales/dfo_wdlp/audio/carmanahpt/ST6249.220617125705.wav,https://storage.googleapis.com/noaa-passive-bioacoustic/dclde/2027/dclde_2027_killer_whales/dfo_wdlp/audio/carmanahpt/ST6249.220617125705.wav
dclde_DFO_WDLP_StrGeoN1__AMAR610.20210905T141735Z.wav,DFO_WDLP,StrGeoN1,AMAR610.20210905T141735Z.wav,dclde/2027/dclde_2027_killer_whales/dfo_wdlp/audio/strgeon1/AMAR610.20210905T141735Z.wav,gs://noaa-passive-bioacoustic/dclde/2027/dclde_2027_killer_whales/dfo_wdlp/audio/strgeon1/AMAR610.20210905T141735Z.wav,https://storage.googleapis.com/noaa-passive-bioacoustic/dclde/2027/dclde_2027_killer_whales/dfo_wdlp/audio/strgeon1/AMAR610.20210905T141735Z.wav
dclde_DFO_WDLP_StrGeoN1__AMAR610.20210905T142535Z.wav,DFO_WDLP,StrGeoN1,AMAR610.20210905T142535Z.wav,dclde/2027/dclde_2027_killer_whales/dfo_wdlp/audio/strgeon1/AMAR610.20210905T142535Z.wav,gs://noaa-passive-bioacoustic/dclde/2027/dclde_2027_killer_whales/dfo_wdlp/audio/strgeon1/AMAR610.20210905T142535Z.wav,https://storage.googleapis.com/noaa-passive-bioacoustic/dclde/2027/dclde_2027_killer_whales/dfo_wdlp/audio/strgeon1/AMAR610.20210905T142535Z.wav
dclde_DFO_WDLP_StrGeoN1__AMAR610.20210905T142535Z.wav,DFO_WDLP,StrGeoN1,AMAR610.20210905T142535Z.wav,dclde/2027/dclde_2027_killer_whales/dfo_wdlp/audio/strgeon1/AMAR610.20210905T142535Z.wav,gs://noaa-passive-bioacoustic/dclde/2027/dclde_2027_killer_whales/dfo_wdlp/audio/strgeon1/AMAR610.20210905T142535Z.wav,https://storage.googleapis.com/noaa-passive-bioacoustic/dclde/2027/dclde_2027_killer_whales/dfo_wdlp/audio/strgeon1/AMAR610.20210905T142535Z.wav
dclde_DFO_WDLP_StrGeoN1__AMAR610.20210905T142535Z.wav,DFO_WDLP,StrGeoN1,AMAR610.20210905T142535Z.wav,dclde/2027/dclde_2027_killer_whales/dfo_wdlp/audio/strgeon1/AMAR610.20210905T142535Z.wav,gs://noaa-passive-bioacoustic/dclde/2027/dclde_2027_killer_whales/dfo_wdlp/audio/strgeon1/AMAR610.20210905T142535Z.wav,https://storage.googleapis.com/noaa-passive-bioacoustic/dclde/2027/dclde_2027_killer_whales/dfo_wdlp/audio/strgeon1/AMAR610.20210905T142535Z.wav
dclde_DFO_WDLP_StrGeoN1__AMAR610.20210905T142535Z.wav,DFO_WDLP,StrGeoN1,AMAR610.20210905T142535Z.wav,dclde/2027/dclde_2027_killer_whales/dfo_wdlp/audio/strgeon1/AMAR610.20210905T142535Z.wav,gs://noaa-passive-bioacoustic/dclde/2027/dclde_2027_killer_whales/dfo_wdlp/audio/strgeon1/AMAR610.20210905T142535Z.wav,https://storage.googleapis.com/noaa-passive-bioacoustic/dclde/2027/dclde_2027_killer_whales/dfo_wdlp/audio/strgeon1/AMAR610.20210905T142535Z.wav
dclde_DFO_WDLP_StrGeoN1__AMAR610.20210905T142535Z.wav,DFO_WDLP,StrGeoN1,AMAR610.20210905T142535Z.wav,dclde/2027/dclde_2027_killer_whales/dfo_wdlp/audio/strgeon1/AMAR610.20210905T142535Z.wav,gs://noaa-passive-bioacoustic/dclde/2027/dclde_2027_killer_whales/dfo_wdlp/audio/strgeon1/AMAR610.20210905T142535Z.wav,https://storage.googleapis.com/noaa-passive-bioacoustic/dclde/2027/dclde_2027_killer_whales/dfo_wdlp/audio/strgeon1/AMAR610.20210905T142535Z.wav
dclde_DFO_WDLP_StrGeoN1__AMAR610.20210905T142535Z.wav,DFO_WDLP,StrGeoN1,AMAR610.20210905T142535Z.wav,dclde/2027/dclde_2027_killer_whales/dfo_wdlp/audio/strgeon1/AMAR610.20210905T142535Z.wav,gs://noaa-passive-bioacoustic/dclde/2027/dclde_2027_killer_whales/dfo_wdlp/audio/strgeon1/AMAR610.20210905T142535Z.wav,https://storage.googleapis.com/noaa-passive-bioacoustic/dclde/2027/dclde_2027_killer_whales/dfo_wdlp/audio/strgeon1/AMAR610.20210905T142535Z.wav
dclde_DFO_WDLP_StrGeoN1__AMAR610.20210905T143735Z.wav,DFO_WDLP,StrGeoN1,AMAR610.20210905T143735Z.wav,dclde/2027/dclde_2027_killer_whales/dfo_wdlp/audio/strgeon1/AMAR610.20210905T143735Z.wav,gs://noaa-passive-bioacoustic/dclde/2027/dclde_2027_killer_whales/dfo_wdlp/audio/strgeon1/AMAR610.20210905T143735Z.wav,https://storage.googleapis.com/noaa-passive-bioacoustic/dclde/2027/dclde_2027_killer_whales/dfo_wdlp/audio/strgeon1/AMAR610.20210905T143735Z.wav
dclde_DFO_WDLP_StrGeoN1__AMAR610.20210905T143735Z.wav,DFO_WDLP,StrGeoN1,AMAR610.20210905T143735Z.wav,dclde/2027/dclde_2027_killer_whales/dfo_wdlp/audio/strgeon1/AMAR610.20210905T143735Z.wav,gs://noaa-passive-bioacoustic/dclde/2027/dclde_2027_killer_whales/dfo_wdlp/audio/strgeon1/AMAR610.20210905T143735Z.wav,https://storage.googleapis.com/noaa-passive-bioacoustic/dclde/2027/dclde_2027_killer_whales/dfo_wdlp/audio/strgeon1/AMAR610.20210905T143735Z.wav
dclde_DFO_WDLP_StrGeoN2__AMAR617.20211128T075245Z.wav,DFO_WDLP,StrGeoN2,AMAR617.20211128T075245Z.wav,dclde/2027/dclde_2027_killer_whales/dfo_wdlp/audio/strgeon2/AMAR617.20211128T075245Z.wav,gs://noaa-passive-bioacoustic/dclde/2027/dclde_2027_killer_whales/dfo_wdlp/audio/strgeon2/AMAR617.20211128T075245Z.wav,https://storage.googleapis.com/noaa-passive-bioacoustic/dclde/2027/dclde_2027_killer_whales/dfo_wdlp/audio/strgeon2/AMAR617.20211128T075245Z.wav
dclde_DFO_WDLP_StrGeoS1__AMAR607.20211111T225218Z.wav,DFO_WDLP,StrGeoS1,AMAR607.20211111T225218Z.wav,dclde/2027/dclde_2027_killer_whales/dfo_wdlp/audio/strgeos1/AMAR607.20211111T225218Z.wav,gs://noaa-passive-bioacoustic/dclde/2027/dclde_2027_killer_whales/dfo_wdlp/audio/strgeos1/AMAR607.20211111T225218Z.wav,https://storage.googleapis.com/noaa-passive-bioacoustic/dclde/2027/dclde_2027_killer_whales/dfo_wdlp/audio/strgeos1/AMAR607.20211111T225218Z.wav
dclde_DFO_WDLP_StrGeoS1__AMAR607.20211113T181618Z.wav,DFO_WDLP,StrGeoS1,AMAR607.20211113T181618Z.wav,dclde/2027/dclde_2027_killer_whales/dfo_wdlp/audio/strgeos1/AMAR607.20211113T181618Z.wav,gs://noaa-passive-bioacoustic/dclde/2027/dclde_2027_killer_whales/dfo_wdlp/audio/strgeos1/AMAR607.20211113T181618Z.wav,https://storage.googleapis.com/noaa-passive-bioacoustic/dclde/2027/dclde_2027_killer_whales/dfo_wdlp/audio/strgeos1/AMAR607.20211113T181618Z.wav
dclde_DFO_WDLP_StrGeoS1__AMAR607.20211113T201618Z.wav,DFO_WDLP,StrGeoS1,AMAR607.20211113T201618Z.wav,dclde/2027/dclde_2027_killer_whales/dfo_wdlp/audio/strgeos1/AMAR607.20211113T201618Z.wav,gs://noaa-passive-bioacoustic/dclde/2027/dclde_2027_killer_whales/dfo_wdlp/audio/strgeos1/AMAR607.20211113T201618Z.wav,https://storage.googleapis.com/noaa-passive-bioacoustic/dclde/2027/dclde_2027_killer_whales/dfo_wdlp/audio/strgeos1/AMAR607.20211113T201618Z.wav
dclde_DFO_WDLP_StrGeoS2__AMAR779.20210904T190752Z.wav,DFO_WDLP,StrGeoS2,AMAR779.20210904T190752Z.wav,dclde/2027/dclde_2027_killer_whales/dfo_wdlp/audio/strgeos2/AMAR779.20210904T190752Z.wav,gs://noaa-passive-bioacoustic/dclde/2027/dclde_2027_killer_whales/dfo_wdlp/audio/strgeos2/AMAR779.20210904T190752Z.wav,https://storage.googleapis.com/noaa-passive-bioacoustic/dclde/2027/dclde_2027_killer_whales/dfo_wdlp/audio/strgeos2/AMAR779.20210904T190752Z.wav
dclde_DFO_WDLP_StrGeoS2__AMAR779.20210904T190752Z.wav,DFO_WDLP,StrGeoS2,AMAR779.20210904T190752Z.wav,dclde/2027/dclde_2027_killer_whales/dfo_wdlp/audio/strgeos2/AMAR779.20210904T190752Z.wav,gs://noaa-passive-bioacoustic/dclde/2027/dclde_2027_killer_whales/dfo_wdlp/audio/strgeos2/AMAR779.20210904T190752Z.wav,https://storage.googleapis.com/noaa-passive-bioacoustic/dclde/2027/dclde_2027_killer_whales/dfo_wdlp/audio/strgeos2/AMAR779.20210904T190752Z.wav
dclde_DFO_WDLP_StrGeoS2__AMAR779.20210904T190752Z.wav,DFO_WDLP,StrGeoS2,AMAR779.20210904T190752Z.wav,dclde/2027/dclde_2027_killer_whales/dfo_wdlp/audio/strgeos2/AMAR779.20210904T190752Z.wav,gs://noaa-passive-bioacoustic/dclde/2027/dclde_2027_killer_whales/dfo_wdlp/audio/strgeos2/AMAR779.20210904T190752Z.wav,https://storage.googleapis.com/noaa-passive-bioacoustic/dclde/2027/dclde_2027_killer_whales/dfo_wdlp/audio/strgeos2/AMAR779.20210904T190752Z.wav
dclde_DFO_WDLP_StrGeoS2__AMAR779.20210904T191552Z.wav,DFO_WDLP,StrGeoS2,AMAR779.20210904T191552Z.wav,dclde/2027/dclde_2027_killer_whales/dfo_wdlp/audio/strgeos2/AMAR779.20210904T191552Z.wav,gs://noaa-passive-bioacoustic/dclde/2027/dclde_2027_killer_whales/dfo_wdlp/audio/strgeos2/AMAR779.20210904T191552Z.wav,https://storage.googleapis.com/noaa-passive-bioacoustic/dclde/2027/dclde_2027_killer_whales/dfo_wdlp/audio/strgeos2/AMAR779.20210904T191552Z.wav
dclde_DFO_WDLP_StrGeoS2__AMAR779.20210904T191552Z.wav,DFO_WDLP,StrGeoS2,AMAR779.20210904T191552Z.wav,dclde/2027/dclde_2027_killer_whales/dfo_wdlp/audio/strgeos2/AMAR779.20210904T191552Z.wav,gs://noaa-passive-bioacoustic/dclde/2027/dclde_2027_killer_whales/dfo_wdlp/audio/strgeos2/AMAR779.20210904T191552Z.wav,https://storage.googleapis.com/noaa-passive-bioacoustic/dclde/2027/dclde_2027_killer_whales/dfo_wdlp/audio/strgeos2/AMAR779.20210904T191552Z.wav
dclde_DFO_WDLP_StrGeoS2__AMAR779.20210904T191552Z.wav,DFO_WDLP,StrGeoS2,AMAR779.20210904T191552Z.wav,dclde/2027/dclde_2027_killer_whales/dfo_wdlp/audio/strgeos2/AMAR779.20210904T191552Z.wav,gs://noaa-passive-bioacoustic/dclde/2027/dclde_2027_killer_whales/dfo_wdlp/audio/strgeos2/AMAR779.20210904T191552Z.wav,https://storage.googleapis.com/noaa-passive-bioacoustic/dclde/2027/dclde_2027_killer_whales/dfo_wdlp/audio/strgeos2/AMAR779.20210904T191552Z.wav
dclde_DFO_WDLP_StrGeoS2__AMAR779.20210904T191552Z.wav,DFO_WDLP,StrGeoS2,AMAR779.20210904T191552Z.wav,dclde/2027/dclde_2027_killer_whales/dfo_wdlp/audio/strgeos2/AMAR779.20210904T191552Z.wav,gs://noaa-passive-bioacoustic/dclde/2027/dclde_2027_killer_whales/dfo_wdlp/audio/strgeos2/AMAR779.20210904T191552Z.wav,https://storage.googleapis.com/noaa-passive-bioacoustic/dclde/2027/dclde_2027_killer_whales/dfo_wdlp/audio/strgeos2/AMAR779.20210904T191552Z.wav
dclde_DFO_WDLP_StrGeoS2__AMAR779.20210904T191552Z.wav,DFO_WDLP,StrGeoS2,AMAR779.20210904T191552Z.wav,dclde/2027/dclde_2027_killer_whales/dfo_wdlp/audio/strgeos2/AMAR779.20210904T191552Z.wav,gs://noaa-passive-bioacoustic/dclde/2027/dclde_2027_killer_whales/dfo_wdlp/audio/strgeos2/AMAR779.20210904T191552Z.wav,https://storage.googleapis.com/noaa-passive-bioacoustic/dclde/2027/dclde_2027_killer_whales/dfo_wdlp/audio/strgeos2/AMAR779.20210904T191552Z.wav
dclde_DFO_WDLP_StrGeoS2__AMAR779.20210904T193552Z.wav,DFO_WDLP,StrGeoS2,AMAR779.20210904T193552Z.wav,dclde/2027/dclde_2027_killer_whales/dfo_wdlp/audio/strgeos2/AMAR779.20210904T193552Z.wav,gs://noaa-passive-bioacoustic/dclde/2027/dclde_2027_killer_whales/dfo_wdlp/audio/strgeos2/AMAR779.20210904T193552Z.wav,https://storage.googleapis.com/noaa-passive-bioacoustic/dclde/2027/dclde_2027_killer_whales/dfo_wdlp/audio/strgeos2/AMAR779.20210904T193552Z.wav
dclde_DFO_WDLP_SwanChan__AMAR777.20211116T172347Z.wav,DFO_WDLP,SwanChan,AMAR777.20211116T172347Z.wav,dclde/2027/dclde_2027_killer_whales/dfo_wdlp/audio/swanchan/AMAR777.20211116T172347Z.wav,gs://noaa-passive-bioacoustic/dclde/2027/dclde_2027_killer_whales/dfo_wdlp/audio/swanchan/AMAR777.20211116T172347Z.wav,https://storage.googleapis.com/noaa-passive-bioacoustic/dclde/2027/dclde_2027_killer_whales/dfo_wdlp/audio/swanchan/AMAR777.20211116T172347Z.wav
dclde_DFO_WDLP_SwanChan__AMAR777.20211116T172747Z.wav,DFO_WDLP,SwanChan,AMAR777.20211116T172747Z.wav,dclde/2027/dclde_2027_killer_whales/dfo_wdlp/audio/swanchan/AMAR777.20211116T172747Z.wav,gs://noaa-passive-bioacoustic/dclde/2027/dclde_2027_killer_whales/dfo_wdlp/audio/swanchan/AMAR777.20211116T172747Z.wav,https://storage.googleapis.com/noaa-passive-bioacoustic/dclde/2027/dclde_2027_killer_whales/dfo_wdlp/audio/swanchan/AMAR777.20211116T172747Z.wav
dclde_DFO_WDLP_SwanChan__AMAR777.20211116T172747Z.wav,DFO_WDLP,SwanChan,AMAR777.20211116T172747Z.wav,dclde/2027/dclde_2027_killer_whales/dfo_wdlp/audio/swanchan/AMAR777.20211116T172747Z.wav,gs://noaa-passive-bioacoustic/dclde/2027/dclde_2027_killer_whales/dfo_wdlp/audio/swanchan/AMAR777.20211116T172747Z.wav,https://storage.googleapis.com/noaa-passive-bioacoustic/dclde/2027/dclde_2027_killer_whales/dfo_wdlp/audio/swanchan/AMAR777.20211116T172747Z.wav
dclde_DFO_WDLP_SwanChan__AMAR777.20211116T172747Z.wav,DFO_WDLP,SwanChan,AMAR777.20211116T172747Z.wav,dclde/2027/dclde_2027_killer_whales/dfo_wdlp/audio/swanchan/AMAR777.20211116T172747Z.wav,gs://noaa-passive-bioacoustic/dclde/2027/dclde_2027_killer_whales/dfo_wdlp/audio/swanchan/AMAR777.20211116T172747Z.wav,https://storage.googleapis.com/noaa-passive-bioacoustic/dclde/2027/dclde_2027_killer_whales/dfo_wdlp/audio/swanchan/AMAR777.20211116T172747Z.wav
dclde_DFO_WDLP_SwanChan__AMAR777.20211116T172747Z.wav,DFO_WDLP,SwanChan,AMAR777.20211116T172747Z.wav,dclde/2027/dclde_2027_killer_whales/dfo_wdlp/audio/swanchan/AMAR777.20211116T172747Z.wav,gs://noaa-passive-bioacoustic/dclde/2027/dclde_2027_killer_whales/dfo_wdlp/audio/swanchan/AMAR777.20211116T172747Z.wav,https://storage.googleapis.com/noaa-passive-bioacoustic/dclde/2027/dclde_2027_killer_whales/dfo_wdlp/audio/swanchan/AMAR777.20211116T172747Z.wav
dclde_DFO_WDLP_SwanChan__AMAR777.20211116T172747Z.wav,DFO_WDLP,SwanChan,AMAR777.20211116T172747Z.wav,dclde/2027/dclde_2027_killer_whales/dfo_wdlp/audio/swanchan/AMAR777.20211116T172747Z.wav,gs://noaa-passive-bioacoustic/dclde/2027/dclde_2027_killer_whales/dfo_wdlp/audio/swanchan/AMAR777.20211116T172747Z.wav,https://storage.googleapis.com/noaa-passive-bioacoustic/dclde/2027/dclde_2027_killer_whales/dfo_wdlp/audio/swanchan/AMAR777.20211116T172747Z.wav
dclde_DFO_WDLP_SwanChan__AMAR777.20211116T172747Z.wav,DFO_WDLP,SwanChan,AMAR777.20211116T172747Z.wav,dclde/2027/dclde_2027_killer_whales/dfo_wdlp/audio/swanchan/AMAR777.20211116T172747Z.wav,gs://noaa-passive-bioacoustic/dclde/2027/dclde_2027_killer_whales/dfo_wdlp/audio/swanchan/AMAR777.20211116T172747Z.wav,https://storage.googleapis.com/noaa-passive-bioacoustic/dclde/2027/dclde_2027_killer_whales/dfo_wdlp/audio/swanchan/AMAR777.20211116T172747Z.wav
dclde_DFO_WDLP_SwanChan__AMAR777.20211116T172747Z.wav,DFO_WDLP,SwanChan,AMAR777.20211116T172747Z.wav,dclde/2027/dclde_2027_killer_whales/dfo_wdlp/audio/swanchan/AMAR777.20211116T172747Z.wav,gs://noaa-passive-bioacoustic/dclde/2027/dclde_2027_killer_whales/dfo_wdlp/audio/swanchan/AMAR777.20211116T172747Z.wav,https://storage.googleapis.com/noaa-passive-bioacoustic/dclde/2027/dclde_2027_killer_whales/dfo_wdlp/audio/swanchan/AMAR777.20211116T172747Z.wav
dclde_DFO_WDLP_SwanChan__AMAR777.20211116T172747Z.wav,DFO_WDLP,SwanChan,AMAR777.20211116T172747Z.wav,dclde/2027/dclde_2027_killer_whales/dfo_wdlp/audio/swanchan/AMAR777.20211116T172747Z.wav,gs://noaa-passive-bioacoustic/dclde/2027/dclde_2027_killer_whales/dfo_wdlp/audio/swanchan/AMAR777.20211116T172747Z.wav,https://storage.googleapis.com/noaa-passive-bioacoustic/dclde/2027/dclde_2027_killer_whales/dfo_wdlp/audio/swanchan/AMAR777.20211116T172747Z.wav
dclde_JASCO_VFPA_BoundaryPass__AMAR418.1.20180902T143639Z.wav,JASCO_VFPA,BoundaryPass,AMAR418.1.20180902T143639Z.wav,dclde/2027/dclde_2027_killer_whales/vfpa/audio/boundarypass/AMAR418.1.20180902T143639Z.wav,gs://noaa-passive-bioacoustic/dclde/2027/dclde_2027_killer_whales/vfpa/audio/boundarypass/AMAR418.1.20180902T143639Z.wav,https://storage.googleapis.com/noaa-passive-bioacoustic/dclde/2027/dclde_2027_killer_whales/vfpa/audio/boundarypass/AMAR418.1.20180902T143639Z.wav
dclde_JASCO_VFPA_BoundaryPass__AMAR418.1.20180902T143639Z.wav,JASCO_VFPA,BoundaryPass,AMAR418.1.20180902T143639Z.wav,dclde/2027/dclde_2027_killer_whales/vfpa/audio/boundarypass/AMAR418.1.20180902T143639Z.wav,gs://noaa-passive-bioacoustic/dclde/2027/dclde_2027_killer_whales/vfpa/audio/boundarypass/AMAR418.1.20180902T143639Z.wav,https://storage.googleapis.com/noaa-passive-bioacoustic/dclde/2027/dclde_2027_killer_whales/vfpa/audio/boundarypass/AMAR418.1.20180902T143639Z.wav
dclde_JASCO_VFPA_BoundaryPass__AMAR418.1.20180902T143639Z.wav,JASCO_VFPA,BoundaryPass,AMAR418.1.20180902T143639Z.wav,dclde/2027/dclde_2027_killer_whales/vfpa/audio/boundarypass/AMAR418.1.20180902T143639Z.wav,gs://noaa-passive-bioacoustic/dclde/2027/dclde_2027_killer_whales/vfpa/audio/boundarypass/AMAR418.1.20180902T143639Z.wav,https://storage.googleapis.com/noaa-passive-bioacoustic/dclde/2027/dclde_2027_killer_whales/vfpa/audio/boundarypass/AMAR418.1.20180902T143639Z.wav
dclde_JASCO_VFPA_BoundaryPass__AMAR418.1.20180902T143639Z.wav,JASCO_VFPA,BoundaryPass,AMAR418.1.20180902T143639Z.wav,dclde/2027/dclde_2027_killer_whales/vfpa/audio/boundarypass/AMAR418.1.20180902T143639Z.wav,gs://noaa-passive-bioacoustic/dclde/2027/dclde_2027_killer_whales/vfpa/audio/boundarypass/AMAR418.1.20180902T143639Z.wav,https://storage.googleapis.com/noaa-passive-bioacoustic/dclde/2027/dclde_2027_killer_whales/vfpa/audio/boundarypass/AMAR418.1.20180902T143639Z.wav
dclde_JASCO_VFPA_BoundaryPass__AMAR418.1.20180902T143639Z.wav,JASCO_VFPA,BoundaryPass,AMAR418.1.20180902T143639Z.wav,dclde/2027/dclde_2027_killer_whales/vfpa/audio/boundarypass/AMAR418.1.20180902T143639Z.wav,gs://noaa-passive-bioacoustic/dclde/2027/dclde_2027_killer_whales/vfpa/audio/boundarypass/AMAR418.1.20180902T143639Z.wav,https://storage.googleapis.com/noaa-passive-bioacoustic/dclde/2027/dclde_2027_killer_whales/vfpa/audio/boundarypass/AMAR418.1.20180902T143639Z.wav
dclde_JASCO_VFPA_BoundaryPass__AMAR418.1.20180907T030639Z.wav,JASCO_VFPA,BoundaryPass,AMAR418.1.20180907T030639Z.wav,dclde/2027/dclde_2027_killer_whales/vfpa/audio/boundarypass/AMAR418.1.20180907T030639Z.wav,gs://noaa-passive-bioacoustic/dclde/2027/dclde_2027_killer_whales/vfpa/audio/boundarypass/AMAR418.1.20180907T030639Z.wav,https://storage.googleapis.com/noaa-passive-bioacoustic/dclde/2027/dclde_2027_killer_whales/vfpa/audio/boundarypass/AMAR418.1.20180907T030639Z.wav
dclde_JASCO_VFPA_BoundaryPass__AMAR418.1.20180907T030639Z.wav,JASCO_VFPA,BoundaryPass,AMAR418.1.20180907T030639Z.wav,dclde/2027/dclde_2027_killer_whales/vfpa/audio/boundarypass/AMAR418.1.20180907T030639Z.wav,gs://noaa-passive-bioacoustic/dclde/2027/dclde_2027_killer_whales/vfpa/audio/boundarypass/AMAR418.1.20180907T030639Z.wav,https://storage.googleapis.com/noaa-passive-bioacoustic/dclde/2027/dclde_2027_killer_whales/vfpa/audio/boundarypass/AMAR418.1.20180907T030639Z.wav
dclde_JASCO_VFPA_BoundaryPass__AMAR418.1.20180907T030639Z.wav,JASCO_VFPA,BoundaryPass,AMAR418.1.20180907T030639Z.wav,dclde/2027/dclde_2027_killer_whales/vfpa/audio/boundarypass/AMAR418.1.20180907T030639Z.wav,gs://noaa-passive-bioacoustic/dclde/2027/dclde_2027_killer_whales/vfpa/audio/boundarypass/AMAR418.1.20180907T030639Z.wav,https://storage.googleapis.com/noaa-passive-bioacoustic/dclde/2027/dclde_2027_killer_whales/vfpa/audio/boundarypass/AMAR418.1.20180907T030639Z.wav
dclde_JASCO_VFPA_BoundaryPass__AMAR418.1.20180907T030639Z.wav,JASCO_VFPA,BoundaryPass,AMAR418.1.20180907T030639Z.wav,dclde/2027/dclde_2027_killer_whales/vfpa/audio/boundarypass/AMAR418.1.20180907T030639Z.wav,gs://noaa-passive-bioacoustic/dclde/2027/dclde_2027_killer_whales/vfpa/audio/boundarypass/AMAR418.1.20180907T030639Z.wav,https://storage.googleapis.com/noaa-passive-bioacoustic/dclde/2027/dclde_2027_killer_whales/vfpa/audio/boundarypass/AMAR418.1.20180907T030639Z.wav
dclde_JASCO_VFPA_BoundaryPass__AMAR418.1.20190322T172409Z.wav,JASCO_VFPA,BoundaryPass,AMAR418.1.20190322T172409Z.wav,dclde/2027/dclde_2027_killer_whales/vfpa/audio/boundarypass/AMAR418.1.20190322T172409Z.wav,gs://noaa-passive-bioacoustic/dclde/2027/dclde_2027_killer_whales/vfpa/audio/boundarypass/AMAR418.1.20190322T172409Z.wav,https://storage.googleapis.com/noaa-passive-bioacoustic/dclde/2027/dclde_2027_killer_whales/vfpa/audio/boundarypass/AMAR418.1.20190322T172409Z.wav
dclde_JASCO_VFPA_BoundaryPass__AMAR418.1.20190326T175409Z.wav,JASCO_VFPA,BoundaryPass,AMAR418.1.20190326T175409Z.wav,dclde/2027/dclde_2027_killer_whales/vfpa/audio/boundarypass/AMAR418.1.20190326T175409Z.wav,gs://noaa-passive-bioacoustic/dclde/2027/dclde_2027_killer_whales/vfpa/audio/boundarypass/AMAR418.1.20190326T175409Z.wav,https://storage.googleapis.com/noaa-passive-bioacoustic/dclde/2027/dclde_2027_killer_whales/vfpa/audio/boundarypass/AMAR418.1.20190326T175409Z.wav
dclde_JASCO_VFPA_BoundaryPass__AMAR418.1.20190326T175409Z.wav,JASCO_VFPA,BoundaryPass,AMAR418.1.20190326T175409Z.wav,dclde/2027/dclde_2027_killer_whales/vfpa/audio/boundarypass/AMAR418.1.20190326T175409Z.wav,gs://noaa-passive-bioacoustic/dclde/2027/dclde_2027_killer_whales/vfpa/audio/boundarypass/AMAR418.1.20190326T175409Z.wav,https://storage.googleapis.com/noaa-passive-bioacoustic/dclde/2027/dclde_2027_killer_whales/vfpa/audio/boundarypass/AMAR418.1.20190326T175409Z.wav
dclde_JASCO_VFPA_HaroStraitNorth__AMAR418.1.20170708T073001Z.wav,JASCO_VFPA,HaroStraitNorth,AMAR418.1.20170708T073001Z.wav,dclde/2027/dclde_2027_killer_whales/vfpa/audio/harostraitnorth/AMAR418.1.20170708T073001Z.wav,gs://noaa-passive-bioacoustic/dclde/2027/dclde_2027_killer_whales/vfpa/audio/harostraitnorth/AMAR418.1.20170708T073001Z.wav,https://storage.googleapis.com/noaa-passive-bioacoustic/dclde/2027/dclde_2027_killer_whales/vfpa/audio/harostraitnorth/AMAR418.1.20170708T073001Z.wav
dclde_JASCO_VFPA_HaroStraitNorth__AMAR418.1.20170708T073001Z.wav,JASCO_VFPA,HaroStraitNorth,AMAR418.1.20170708T073001Z.wav,dclde/2027/dclde_2027_killer_whales/vfpa/audio/harostraitnorth/AMAR418.1.20170708T073001Z.wav,gs://noaa-passive-bioacoustic/dclde/2027/dclde_2027_killer_whales/vfpa/audio/harostraitnorth/AMAR418.1.20170708T073001Z.wav,https://storage.googleapis.com/noaa-passive-bioacoustic/dclde/2027/dclde_2027_killer_whales/vfpa/audio/harostraitnorth/AMAR418.1.20170708T073001Z.wav
dclde_JASCO_VFPA_HaroStraitNorth__AMAR418.1.20170708T073001Z.wav,JASCO_VFPA,HaroStraitNorth,AMAR418.1.20170708T073001Z.wav,dclde/2027/dclde_2027_killer_whales/vfpa/audio/harostraitnorth/AMAR418.1.20170708T073001Z.wav,gs://noaa-passive-bioacoustic/dclde/2027/dclde_2027_killer_whales/vfpa/audio/harostraitnorth/AMAR418.1.20170708T073001Z.wav,https://storage.googleapis.com/noaa-passive-bioacoustic/dclde/2027/dclde_2027_killer_whales/vfpa/audio/harostraitnorth/AMAR418.1.20170708T073001Z.wav
dclde_JASCO_VFPA_HaroStraitNorth__AMAR418.1.20170708T073001Z.wav,JASCO_VFPA,HaroStraitNorth,AMAR418.1.20170708T073001Z.wav,dclde/2027/dclde_2027_killer_whales/vfpa/audio/harostraitnorth/AMAR418.1.20170708T073001Z.wav,gs://noaa-passive-bioacoustic/dclde/2027/dclde_2027_killer_whales/vfpa/audio/harostraitnorth/AMAR418.1.20170708T073001Z.wav,https://storage.googleapis.com/noaa-passive-bioacoustic/dclde/2027/dclde_2027_killer_whales/vfpa/audio/harostraitnorth/AMAR418.1.20170708T073001Z.wav
dclde_JASCO_VFPA_HaroStraitNorth__AMAR418.1.20170708T073001Z.wav,JASCO_VFPA,HaroStraitNorth,AMAR418.1.20170708T073001Z.wav,dclde/2027/dclde_2027_killer_whales/vfpa/audio/harostraitnorth/AMAR418.1.20170708T073001Z.wav,gs://noaa-passive-bioacoustic/dclde/2027/dclde_2027_killer_whales/vfpa/audio/harostraitnorth/AMAR418.1.20170708T073001Z.wav,https://storage.googleapis.com/noaa-passive-bioacoustic/dclde/2027/dclde_2027_killer_whales/vfpa/audio/harostraitnorth/AMAR418.1.20170708T073001Z.wav
dclde_JASCO_VFPA_HaroStraitNorth__AMAR418.1.20170708T073001Z.wav,JASCO_VFPA,HaroStraitNorth,AMAR418.1.20170708T073001Z.wav,dclde/2027/dclde_2027_killer_whales/vfpa/audio/harostraitnorth/AMAR418.1.20170708T073001Z.wav,gs://noaa-passive-bioacoustic/dclde/2027/dclde_2027_killer_whales/vfpa/audio/harostraitnorth/AMAR418.1.20170708T073001Z.wav,https://storage.googleapis.com/noaa-passive-bioacoustic/dclde/2027/dclde_2027_killer_whales/vfpa/audio/harostraitnorth/AMAR418.1.20170708T073001Z.wav
dclde_JASCO_VFPA_HaroStraitNorth__AMAR418.1.20170711T110001Z.wav,JASCO_VFPA,HaroStraitNorth,AMAR418.1.20170711T110001Z.wav,dclde/2027/dclde_2027_killer_whales/vfpa/audio/harostraitnorth/AMAR418.1.20170711T110001Z.wav,gs://noaa-passive-bioacoustic/dclde/2027/dclde_2027_killer_whales/vfpa/audio/harostraitnorth/AMAR418.1.20170711T110001Z.wav,https://storage.googleapis.com/noaa-passive-bioacoustic/dclde/2027/dclde_2027_killer_whales/vfpa/audio/harostraitnorth/AMAR418.1.20170711T110001Z.wav
dclde_JASCO_VFPA_HaroStraitNorth__AMAR418.1.20170711T110001Z.wav,JASCO_VFPA,HaroStraitNorth,AMAR418.1.20170711T110001Z.wav,dclde/2027/dclde_2027_killer_whales/vfpa/audio/harostraitnorth/AMAR418.1.20170711T110001Z.wav,gs://noaa-passive-bioacoustic/dclde/2027/dclde_2027_killer_whales/vfpa/audio/harostraitnorth/AMAR418.1.20170711T110001Z.wav,https://storage.googleapis.com/noaa-passive-bioacoustic/dclde/2027/dclde_2027_killer_whales/vfpa/audio/harostraitnorth/AMAR418.1.20170711T110001Z.wav
dclde_JASCO_VFPA_HaroStraitNorth__AMAR418.1.20170711T110001Z.wav,JASCO_VFPA,HaroStraitNorth,AMAR418.1.20170711T110001Z.wav,dclde/2027/dclde_2027_killer_whales/vfpa/audio/harostraitnorth/AMAR418.1.20170711T110001Z.wav,gs://noaa-passive-bioacoustic/dclde/2027/dclde_2027_killer_whales/vfpa/audio/harostraitnorth/AMAR418.1.20170711T110001Z.wav,https://storage.googleapis.com/noaa-passive-bioacoustic/dclde/2027/dclde_2027_killer_whales/vfpa/audio/harostraitnorth/AMAR418.1.20170711T110001Z.wav
dclde_JASCO_VFPA_HaroStraitSouth__AMAR395.1.20170708T073001Z.wav,JASCO_VFPA,HaroStraitSouth,AMAR395.1.20170708T073001Z.wav,dclde/2027/dclde_2027_killer_whales/vfpa/audio/harostraitsouth/AMAR395.1.20170708T073001Z.wav,gs://noaa-passive-bioacoustic/dclde/2027/dclde_2027_killer_whales/vfpa/audio/harostraitsouth/AMAR395.1.20170708T073001Z.wav,https://storage.googleapis.com/noaa-passive-bioacoustic/dclde/2027/dclde_2027_killer_whales/vfpa/audio/harostraitsouth/AMAR395.1.20170708T073001Z.wav
dclde_JASCO_VFPA_HaroStraitSouth__AMAR395.1.20170708T073001Z.wav,JASCO_VFPA,HaroStraitSouth,AMAR395.1.20170708T073001Z.wav,dclde/2027/dclde_2027_killer_whales/vfpa/audio/harostraitsouth/AMAR395.1.20170708T073001Z.wav,gs://noaa-passive-bioacoustic/dclde/2027/dclde_2027_killer_whales/vfpa/audio/harostraitsouth/AMAR395.1.20170708T073001Z.wav,https://storage.googleapis.com/noaa-passive-bioacoustic/dclde/2027/dclde_2027_killer_whales/vfpa/audio/harostraitsouth/AMAR395.1.20170708T073001Z.wav
dclde_JASCO_VFPA_HaroStraitSouth__AMAR395.1.20170708T073001Z.wav,JASCO_VFPA,HaroStraitSouth,AMAR395.1.20170708T073001Z.wav,dclde/2027/dclde_2027_killer_whales/vfpa/audio/harostraitsouth/AMAR395.1.20170708T073001Z.wav,gs://noaa-passive-bioacoustic/dclde/2027/dclde_2027_killer_whales/vfpa/audio/harostraitsouth/AMAR395.1.20170708T073001Z.wav,https://storage.googleapis.com/noaa-passive-bioacoustic/dclde/2027/dclde_2027_killer_whales/vfpa/audio/harostraitsouth/AMAR395.1.20170708T073001Z.wav
dclde_JASCO_VFPA_HaroStraitSouth__AMAR395.1.20170708T073001Z.wav,JASCO_VFPA,HaroStraitSouth,AMAR395.1.20170708T073001Z.wav,dclde/2027/dclde_2027_killer_whales/vfpa/audio/harostraitsouth/AMAR395.1.20170708T073001Z.wav,gs://noaa-passive-bioacoustic/dclde/2027/dclde_2027_killer_whales/vfpa/audio/harostraitsouth/AMAR395.1.20170708T073001Z.wav,https://storage.googleapis.com/noaa-passive-bioacoustic/dclde/2027/dclde_2027_killer_whales/vfpa/audio/harostraitsouth/AMAR395.1.20170708T073001Z.wav
dclde_JASCO_VFPA_HaroStraitSouth__AMAR395.1.20170708T073001Z.wav,JASCO_VFPA,HaroStraitSouth,AMAR395.1.20170708T073001Z.wav,dclde/2027/dclde_2027_killer_whales/vfpa/audio/harostraitsouth/AMAR395.1.20170708T073001Z.wav,gs://noaa-passive-bioacoustic/dclde/2027/dclde_2027_killer_whales/vfpa/audio/harostraitsouth/AMAR395.1.20170708T073001Z.wav,https://storage.googleapis.com/noaa-passive-bioacoustic/dclde/2027/dclde_2027_killer_whales/vfpa/audio/harostraitsouth/AMAR395.1.20170708T073001Z.wav
dclde_JASCO_VFPA_HaroStraitSouth__AMAR395.1.20170708T073001Z.wav,JASCO_VFPA,HaroStraitSouth,AMAR395.1.20170708T073001Z.wav,dclde/2027/dclde_2027_killer_whales/vfpa/audio/harostraitsouth/AMAR395.1.20170708T073001Z.wav,gs://noaa-passive-bioacoustic/dclde/2027/dclde_2027_killer_whales/vfpa/audio/harostraitsouth/AMAR395.1.20170708T073001Z.wav,https://storage.googleapis.com/noaa-passive-bioacoustic/dclde/2027/dclde_2027_killer_whales/vfpa/audio/harostraitsouth/AMAR395.1.20170708T073001Z.wav
dclde_JASCO_VFPA_HaroStraitSouth__AMAR395.1.20170708T073001Z.wav,JASCO_VFPA,HaroStraitSouth,AMAR395.1.20170708T073001Z.wav,dclde/2027/dclde_2027_killer_whales/vfpa/audio/harostraitsouth/AMAR395.1.20170708T073001Z.wav,gs://noaa-passive-bioacoustic/dclde/2027/dclde_2027_killer_whales/vfpa/audio/harostraitsouth/AMAR395.1.20170708T073001Z.wav,https://storage.googleapis.com/noaa-passive-bioacoustic/dclde/2027/dclde_2027_killer_whales/vfpa/audio/harostraitsouth/AMAR395.1.20170708T073001Z.wav
dclde_JASCO_VFPA_HaroStraitSouth__AMAR395.1.20170708T073001Z.wav,JASCO_VFPA,HaroStraitSouth,AMAR395.1.20170708T073001Z.wav,dclde/2027/dclde_2027_killer_whales/vfpa/audio/harostraitsouth/AMAR395.1.20170708T073001Z.wav,gs://noaa-passive-bioacoustic/dclde/2027/dclde_2027_killer_whales/vfpa/audio/harostraitsouth/AMAR395.1.20170708T073001Z.wav,https://storage.googleapis.com/noaa-passive-bioacoustic/dclde/2027/dclde_2027_killer_whales/vfpa/audio/harostraitsouth/AMAR395.1.20170708T073001Z.wav
dclde_JASCO_VFPA_HaroStraitSouth__AMAR395.1.20170708T073001Z.wav,JASCO_VFPA,HaroStraitSouth,AMAR395.1.20170708T073001Z.wav,dclde/2027/dclde_2027_killer_whales/vfpa/audio/harostraitsouth/AMAR395.1.20170708T073001Z.wav,gs://noaa-passive-bioacoustic/dclde/2027/dclde_2027_killer_whales/vfpa/audio/harostraitsouth/AMAR395.1.20170708T073001Z.wav,https://storage.googleapis.com/noaa-passive-bioacoustic/dclde/2027/dclde_2027_killer_whales/vfpa/audio/harostraitsouth/AMAR395.1.20170708T073001Z.wav
dclde_JASCO_VFPA_ONC_StraitofGeorgia__JASCOAMARHYDROPHONE2402_20150929T075616.320Z.wav,JASCO_VFPA_ONC,StraitofGeorgia,JASCOAMARHYDROPHONE2402_20150929T075616.320Z.wav,dclde/2027/dclde_2027_killer_whales/vfpa/audio/straitofgeorgia/JASCOAMARHYDROPHONE2402_20150929T075616.320Z.wav,gs://noaa-passive-bioacoustic/dclde/2027/dclde_2027_killer_whales/vfpa/audio/straitofgeorgia/JASCOAMARHYDROPHONE2402_20150929T075616.320Z.wav,https://storage.googleapis.com/noaa-passive-bioacoustic/dclde/2027/dclde_2027_killer_whales/vfpa/audio/straitofgeorgia/JASCOAMARHYDROPHONE2402_20150929T075616.320Z.wav
dclde_JASCO_VFPA_ONC_StraitofGeorgia__JASCOAMARHYDROPHONE2402_20150929T075616.320Z.wav,JASCO_VFPA_ONC,StraitofGeorgia,JASCOAMARHYDROPHONE2402_20150929T075616.320Z.wav,dclde/2027/dclde_2027_killer_whales/vfpa/audio/straitofgeorgia/JASCOAMARHYDROPHONE2402_20150929T075616.320Z.wav,gs://noaa-passive-bioacoustic/dclde/2027/dclde_2027_killer_whales/vfpa/audio/straitofgeorgia/JASCOAMARHYDROPHONE2402_20150929T075616.320Z.wav,https://storage.googleapis.com/noaa-passive-bioacoustic/dclde/2027/dclde_2027_killer_whales/vfpa/audio/straitofgeorgia/JASCOAMARHYDROPHONE2402_20150929T075616.320Z.wav
dclde_JASCO_VFPA_ONC_StraitofGeorgia__JASCOAMARHYDROPHONE2402_20150930T142116.829Z.wav,JASCO_VFPA_ONC,StraitofGeorgia,JASCOAMARHYDROPHONE2402_20150930T142116.829Z.wav,dclde/2027/dclde_2027_killer_whales/vfpa/audio/straitofgeorgia/JASCOAMARHYDROPHONE2402_20150930T142116.829Z.wav,gs://noaa-passive-bioacoustic/dclde/2027/dclde_2027_killer_whales/vfpa/audio/straitofgeorgia/JASCOAMARHYDROPHONE2402_20150930T142116.829Z.wav,https://storage.googleapis.com/noaa-passive-bioacoustic/dclde/2027/dclde_2027_killer_whales/vfpa/audio/straitofgeorgia/JASCOAMARHYDROPHONE2402_20150930T142116.829Z.wav
dclde_JASCO_VFPA_ONC_StraitofGeorgia__JASCOAMARHYDROPHONE2402_20151016T121123.257Z.wav,JASCO_VFPA_ONC,StraitofGeorgia,JASCOAMARHYDROPHONE2402_20151016T121123.257Z.wav,dclde/2027/dclde_2027_killer_whales/vfpa/audio/straitofgeorgia/JASCOAMARHYDROPHONE2402_20151016T121123.257Z.wav,gs://noaa-passive-bioacoustic/dclde/2027/dclde_2027_killer_whales/vfpa/audio/straitofgeorgia/JASCOAMARHYDROPHONE2402_20151016T121123.257Z.wav,https://storage.googleapis.com/noaa-passive-bioacoustic/dclde/2027/dclde_2027_killer_whales/vfpa/audio/straitofgeorgia/JASCOAMARHYDROPHONE2402_20151016T121123.257Z.wav
dclde_JASCO_VFPA_ONC_StraitofGeorgia__JASCOAMARHYDROPHONE2402_20151016T131123.270Z.wav,JASCO_VFPA_ONC,StraitofGeorgia,JASCOAMARHYDROPHONE2402_20151016T131123.270Z.wav,dclde/2027/dclde_2027_killer_whales/vfpa/audio/straitofgeorgia/JASCOAMARHYDROPHONE2402_20151016T131123.270Z.wav,gs://noaa-passive-bioacoustic/dclde/2027/dclde_2027_killer_whales/vfpa/audio/straitofgeorgia/JASCOAMARHYDROPHONE2402_20151016T131123.270Z.wav,https://storage.googleapis.com/noaa-passive-bioacoustic/dclde/2027/dclde_2027_killer_whales/vfpa/audio/straitofgeorgia/JASCOAMARHYDROPHONE2402_20151016T131123.270Z.wav
dclde_JASCO_VFPA_ONC_StraitofGeorgia__JASCOAMARHYDROPHONE2402_20160831T084112.222Z.wav,JASCO_VFPA_ONC,StraitofGeorgia,JASCOAMARHYDROPHONE2402_20160831T084112.222Z.wav,dclde/2027/dclde_2027_killer_whales/vfpa/audio/straitofgeorgia/JASCOAMARHYDROPHONE2402_20160831T084112.222Z.wav,gs://noaa-passive-bioacoustic/dclde/2027/dclde_2027_killer_whales/vfpa/audio/straitofgeorgia/JASCOAMARHYDROPHONE2402_20160831T084112.222Z.wav,https://storage.googleapis.com/noaa-passive-bioacoustic/dclde/2027/dclde_2027_killer_whales/vfpa/audio/straitofgeorgia/JASCOAMARHYDROPHONE2402_20160831T084112.222Z.wav
dclde_JASCO_VFPA_ONC_StraitofGeorgia__JASCOAMARHYDROPHONE2402_20160831T091612.222Z.wav,JASCO_VFPA_ONC,StraitofGeorgia,JASCOAMARHYDROPHONE2402_20160831T091612.222Z.wav,dclde/2027/dclde_2027_killer_whales/vfpa/audio/straitofgeorgia/JASCOAMARHYDROPHONE2402_20160831T091612.222Z.wav,gs://noaa-passive-bioacoustic/dclde/2027/dclde_2027_killer_whales/vfpa/audio/straitofgeorgia/JASCOAMARHYDROPHONE2402_20160831T091612.222Z.wav,https://storage.googleapis.com/noaa-passive-bioacoustic/dclde/2027/dclde_2027_killer_whales/vfpa/audio/straitofgeorgia/JASCOAMARHYDROPHONE2402_20160831T091612.222Z.wav
dclde_JASCO_VFPA_ONC_StraitofGeorgia__JASCOAMARHYDROPHONE2402_20160922T125757.087Z.wav,JASCO_VFPA_ONC,StraitofGeorgia,JASCOAMARHYDROPHONE2402_20160922T125757.087Z.wav,dclde/2027/dclde_2027_killer_whales/vfpa/audio/straitofgeorgia/JASCOAMARHYDROPHONE2402_20160922T125757.087Z.wav,gs://noaa-passive-bioacoustic/dclde/2027/dclde_2027_killer_whales/vfpa/audio/straitofgeorgia/JASCOAMARHYDROPHONE2402_20160922T125757.087Z.wav,https://storage.googleapis.com/noaa-passive-bioacoustic/dclde/2027/dclde_2027_killer_whales/vfpa/audio/straitofgeorgia/JASCOAMARHYDROPHONE2402_20160922T125757.087Z.wav
dclde_JASCO_VFPA_ONC_StraitofGeorgia__JASCOAMARHYDROPHONEC000682_20171103T150328.359Z.wav,JASCO_VFPA_ONC,StraitofGeorgia,JASCOAMARHYDROPHONEC000682_20171103T150328.359Z.wav,dclde/2027/dclde_2027_killer_whales/vfpa/audio/straitofgeorgia/JASCOAMARHYDROPHONEC000682_20171103T150328.359Z.wav,gs://noaa-passive-bioacoustic/dclde/2027/dclde_2027_killer_whales/vfpa/audio/straitofgeorgia/JASCOAMARHYDROPHONEC000682_20171103T150328.359Z.wav,https://storage.googleapis.com/noaa-passive-bioacoustic/dclde/2027/dclde_2027_killer_whales/vfpa/audio/straitofgeorgia/JASCOAMARHYDROPHONEC000682_20171103T150328.359Z.wav
dclde_JASCO_VFPA_ONC_StraitofGeorgia__JASCOAMARHYDROPHONEC000682_20171103T150328.359Z.wav,JASCO_VFPA_ONC,StraitofGeorgia,JASCOAMARHYDROPHONEC000682_20171103T150328.359Z.wav,dclde/2027/dclde_2027_killer_whales/vfpa/audio/straitofgeorgia/JASCOAMARHYDROPHONEC000682_20171103T150328.359Z.wav,gs://noaa-passive-bioacoustic/dclde/2027/dclde_2027_killer_whales/vfpa/audio/straitofgeorgia/JASCOAMARHYDROPHONEC000682_20171103T150328.359Z.wav,https://storage.googleapis.com/noaa-passive-bioacoustic/dclde/2027/dclde_2027_killer_whales/vfpa/audio/straitofgeorgia/JASCOAMARHYDROPHONEC000682_20171103T150328.359Z.wav
dclde_JASCO_VFPA_ONC_StraitofGeorgia__JASCOAMARHYDROPHONEC000682_20180117T105208.527Z.wav,JASCO_VFPA_ONC,StraitofGeorgia,JASCOAMARHYDROPHONEC000682_20180117T105208.527Z.wav,dclde/2027/dclde_2027_killer_whales/vfpa/audio/straitofgeorgia/JASCOAMARHYDROPHONEC000682_20180117T105208.527Z.wav,gs://noaa-passive-bioacoustic/dclde/2027/dclde_2027_killer_whales/vfpa/audio/straitofgeorgia/JASCOAMARHYDROPHONEC000682_20180117T105208.527Z.wav,https://storage.googleapis.com/noaa-passive-bioacoustic/dclde/2027/dclde_2027_killer_whales/vfpa/audio/straitofgeorgia/JASCOAMARHYDROPHONEC000682_20180117T105208.527Z.wav
dclde_JASCO_VFPA_ONC_StraitofGeorgia__JASCOAMARHYDROPHONEC000682_20180117T105208.527Z.wav,JASCO_VFPA_ONC,StraitofGeorgia,JASCOAMARHYDROPHONEC000682_20180117T105208.527Z.wav,dclde/2027/dclde_2027_killer_whales/vfpa/audio/straitofgeorgia/JASCOAMARHYDROPHONEC000682_20180117T105208.527Z.wav,gs://noaa-passive-bioacoustic/dclde/2027/dclde_2027_killer_whales/vfpa/audio/straitofgeorgia/JASCOAMARHYDROPHONEC000682_20180117T105208.527Z.wav,https://storage.googleapis.com/noaa-passive-bioacoustic/dclde/2027/dclde_2027_killer_whales/vfpa/audio/straitofgeorgia/JASCOAMARHYDROPHONEC000682_20180117T105208.527Z.wav
dclde_JASCO_VFPA_ONC_StraitofGeorgia__JASCOAMARHYDROPHONEC000682_20180117T105208.527Z.wav,JASCO_VFPA_ONC,StraitofGeorgia,JASCOAMARHYDROPHONEC000682_20180117T105208.527Z.wav,dclde/2027/dclde_2027_killer_whales/vfpa/audio/straitofgeorgia/JASCOAMARHYDROPHONEC000682_20180117T105208.527Z.wav,gs://noaa-passive-bioacoustic/dclde/2027/dclde_2027_killer_whales/vfpa/audio/straitofgeorgia/JASCOAMARHYDROPHONEC000682_20180117T105208.527Z.wav,https://storage.googleapis.com/noaa-passive-bioacoustic/dclde/2027/dclde_2027_killer_whales/vfpa/audio/straitofgeorgia/JASCOAMARHYDROPHONEC000682_20180117T105208.527Z.wav
dclde_JASCO_VFPA_ONC_StraitofGeorgia__JASCOAMARHYDROPHONEC000682_20180117T105208.527Z.wav,JASCO_VFPA_ONC,StraitofGeorgia,JASCOAMARHYDROPHONEC000682_20180117T105208.527Z.wav,dclde/2027/dclde_2027_killer_whales/vfpa/audio/straitofgeorgia/JASCOAMARHYDROPHONEC000682_20180117T105208.527Z.wav,gs://noaa-passive-bioacoustic/dclde/2027/dclde_2027_killer_whales/vfpa/audio/straitofgeorgia/JASCOAMARHYDROPHONEC000682_20180117T105208.527Z.wav,https://storage.googleapis.com/noaa-passive-bioacoustic/dclde/2027/dclde_2027_killer_whales/vfpa/audio/straitofgeorgia/JASCOAMARHYDROPHONEC000682_20180117T105208.527Z.wav
dclde_JASCO_VFPA_ONC_StraitofGeorgia__JASCOAMARHYDROPHONEC000682_20180117T105208.527Z.wav,JASCO_VFPA_ONC,StraitofGeorgia,JASCOAMARHYDROPHONEC000682_20180117T105208.527Z.wav,dclde/2027/dclde_2027_killer_whales/vfpa/audio/straitofgeorgia/JASCOAMARHYDROPHONEC000682_20180117T105208.527Z.wav,gs://noaa-passive-bioacoustic/dclde/2027/dclde_2027_killer_whales/vfpa/audio/straitofgeorgia/JASCOAMARHYDROPHONEC000682_20180117T105208.527Z.wav,https://storage.googleapis.com/noaa-passive-bioacoustic/dclde/2027/dclde_2027_killer_whales/vfpa/audio/straitofgeorgia/JASCOAMARHYDROPHONEC000682_20180117T105208.527Z.wav
dclde_JASCO_VFPA_ONC_StraitofGeorgia__JASCOAMARHYDROPHONEC000682_20180117T105208.527Z.wav,JASCO_VFPA_ONC,StraitofGeorgia,JASCOAMARHYDROPHONEC000682_20180117T105208.527Z.wav,dclde/2027/dclde_2027_killer_whales/vfpa/audio/straitofgeorgia/JASCOAMARHYDROPHONEC000682_20180117T105208.527Z.wav,gs://noaa-passive-bioacoustic/dclde/2027/dclde_2027_killer_whales/vfpa/audio/straitofgeorgia/JASCOAMARHYDROPHONEC000682_20180117T105208.527Z.wav,https://storage.googleapis.com/noaa-passive-bioacoustic/dclde/2027/dclde_2027_killer_whales/vfpa/audio/straitofgeorgia/JASCOAMARHYDROPHONEC000682_20180117T105208.527Z.wav
dclde_JASCO_VFPA_ONC_StraitofGeorgia__JASCOAMARHYDROPHONEC000682_20180117T105208.527Z.wav,JASCO_VFPA_ONC,StraitofGeorgia,JASCOAMARHYDROPHONEC000682_20180117T105208.527Z.wav,dclde/2027/dclde_2027_killer_whales/vfpa/audio/straitofgeorgia/JASCOAMARHYDROPHONEC000682_20180117T105208.527Z.wav,gs://noaa-passive-bioacoustic/dclde/2027/dclde_2027_killer_whales/vfpa/audio/straitofgeorgia/JASCOAMARHYDROPHONEC000682_20180117T105208.527Z.wav,https://storage.googleapis.com/noaa-passive-bioacoustic/dclde/2027/dclde_2027_killer_whales/vfpa/audio/straitofgeorgia/JASCOAMARHYDROPHONEC000682_20180117T105208.527Z.wav
dclde_ONC_BarkleyCanyon__ICLISTENHF1251_20140101T114159.851Z.wav,ONC,BarkleyCanyon,ICLISTENHF1251_20140101T114159.851Z.wav,dclde/2027/dclde_2027_killer_whales/onc/audio/barkleycanyon/ICLISTENHF1251_20140101T114159.851Z.wav,gs://noaa-passive-bioacoustic/dclde/2027/dclde_2027_killer_whales/onc/audio/barkleycanyon/ICLISTENHF1251_20140101T114159.851Z.wav,https://storage.googleapis.com/noaa-passive-bioacoustic/dclde/2027/dclde_2027_killer_whales/onc/audio/barkleycanyon/ICLISTENHF1251_20140101T114159.851Z.wav
dclde_ONC_BarkleyCanyon__ICLISTENHF1251_20140101T114159.851Z.wav,ONC,BarkleyCanyon,ICLISTENHF1251_20140101T114159.851Z.wav,dclde/2027/dclde_2027_killer_whales/onc/audio/barkleycanyon/ICLISTENHF1251_20140101T114159.851Z.wav,gs://noaa-passive-bioacoustic/dclde/2027/dclde_2027_killer_whales/onc/audio/barkleycanyon/ICLISTENHF1251_20140101T114159.851Z.wav,https://storage.googleapis.com/noaa-passive-bioacoustic/dclde/2027/dclde_2027_killer_whales/onc/audio/barkleycanyon/ICLISTENHF1251_20140101T114159.851Z.wav
dclde_ONC_BarkleyCanyon__ICLISTENHF1251_20140101T115159.853Z.wav,ONC,BarkleyCanyon,ICLISTENHF1251_20140101T115159.853Z.wav,dclde/2027/dclde_2027_killer_whales/onc/audio/barkleycanyon/ICLISTENHF1251_20140101T115159.853Z.wav,gs://noaa-passive-bioacoustic/dclde/2027/dclde_2027_killer_whales/onc/audio/barkleycanyon/ICLISTENHF1251_20140101T115159.853Z.wav,https://storage.googleapis.com/noaa-passive-bioacoustic/dclde/2027/dclde_2027_killer_whales/onc/audio/barkleycanyon/ICLISTENHF1251_20140101T115159.853Z.wav
dclde_ONC_BarkleyCanyon__ICLISTENHF1251_20140101T120159.855Z.wav,ONC,BarkleyCanyon,ICLISTENHF1251_20140101T120159.855Z.wav,dclde/2027/dclde_2027_killer_whales/onc/audio/barkleycanyon/ICLISTENHF1251_20140101T120159.855Z.wav,gs://noaa-passive-bioacoustic/dclde/2027/dclde_2027_killer_whales/onc/audio/barkleycanyon/ICLISTENHF1251_20140101T120159.855Z.wav,https://storage.googleapis.com/noaa-passive-bioacoustic/dclde/2027/dclde_2027_killer_whales/onc/audio/barkleycanyon/ICLISTENHF1251_20140101T120159.855Z.wav
dclde_ONC_BarkleyCanyon__ICLISTENHF1251_20140101T120159.855Z.wav,ONC,BarkleyCanyon,ICLISTENHF1251_20140101T120159.855Z.wav,dclde/2027/dclde_2027_killer_whales/onc/audio/barkleycanyon/ICLISTENHF1251_20140101T120159.855Z.wav,gs://noaa-passive-bioacoustic/dclde/2027/dclde_2027_killer_whales/onc/audio/barkleycanyon/ICLISTENHF1251_20140101T120159.855Z.wav,https://storage.googleapis.com/noaa-passive-bioacoustic/dclde/2027/dclde_2027_killer_whales/onc/audio/barkleycanyon/ICLISTENHF1251_20140101T120159.855Z.wav
dclde_ONC_BarkleyCanyon__ICLISTENHF1251_20140101T121159.857Z.wav,ONC,BarkleyCanyon,ICLISTENHF1251_20140101T121159.857Z.wav,dclde/2027/dclde_2027_killer_whales/onc/audio/barkleycanyon/ICLISTENHF1251_20140101T121159.857Z.wav,gs://noaa-passive-bioacoustic/dclde/2027/dclde_2027_killer_whales/onc/audio/barkleycanyon/ICLISTENHF1251_20140101T121159.857Z.wav,https://storage.googleapis.com/noaa-passive-bioacoustic/dclde/2027/dclde_2027_killer_whales/onc/audio/barkleycanyon/ICLISTENHF1251_20140101T121159.857Z.wav
dclde_ONC_BarkleyCanyon__ICLISTENHF1251_20140101T121159.857Z.wav,ONC,BarkleyCanyon,ICLISTENHF1251_20140101T121159.857Z.wav,dclde/2027/dclde_2027_killer_whales/onc/audio/barkleycanyon/ICLISTENHF1251_20140101T121159.857Z.wav,gs://noaa-passive-bioacoustic/dclde/2027/dclde_2027_killer_whales/onc/audio/barkleycanyon/ICLISTENHF1251_20140101T121159.857Z.wav,https://storage.googleapis.com/noaa-passive-bioacoustic/dclde/2027/dclde_2027_killer_whales/onc/audio/barkleycanyon/ICLISTENHF1251_20140101T121159.857Z.wav
dclde_ONC_BarkleyCanyon__ICLISTENHF1251_20140101T121159.857Z.wav,ONC,BarkleyCanyon,ICLISTENHF1251_20140101T121159.857Z.wav,dclde/2027/dclde_2027_killer_whales/onc/audio/barkleycanyon/ICLISTENHF1251_20140101T121159.857Z.wav,gs://noaa-passive-bioacoustic/dclde/2027/dclde_2027_killer_whales/onc/audio/barkleycanyon/ICLISTENHF1251_20140101T121159.857Z.wav,https://storage.googleapis.com/noaa-passive-bioacoustic/dclde/2027/dclde_2027_killer_whales/onc/audio/barkleycanyon/ICLISTENHF1251_20140101T121159.857Z.wav
dclde_OrcaSound_bush_point__rpi-bush-point_2020_09_27_23_16_00.wav,OrcaSound,bush_point,rpi-bush-point_2020_09_27_23_16_00.wav,dclde/2027/dclde_2027_killer_whales/orcasound/audio/bushpoint/rpi-bush-point_2020_09_27_23_16_00.wav,gs://noaa-passive-bioacoustic/dclde/2027/dclde_2027_killer_whales/orcasound/audio/bushpoint/rpi-bush-point_2020_09_27_23_16_00.wav,https://storage.googleapis.com/noaa-passive-bioacoustic/dclde/2027/dclde_2027_killer_whales/orcasound/audio/bushpoint/rpi-bush-point_2020_09_27_23_16_00.wav
dclde_OrcaSound_bush_point__rpi-bush-point_2020_09_27_23_17_00.wav,OrcaSound,bush_point,rpi-bush-point_2020_09_27_23_17_00.wav,dclde/2027/dclde_2027_killer_whales/orcasound/audio/bushpoint/rpi-bush-point_2020_09_27_23_17_00.wav,gs://noaa-passive-bioacoustic/dclde/2027/dclde_2027_killer_whales/orcasound/audio/bushpoint/rpi-bush-point_2020_09_27_23_17_00.wav,https://storage.googleapis.com/noaa-passive-bioacoustic/dclde/2027/dclde_2027_killer_whales/orcasound/audio/bushpoint/rpi-bush-point_2020_09_27_23_17_00.wav
dclde_OrcaSound_bush_point__rpi-bush-point_2020_09_27_23_18_00.wav,OrcaSound,bush_point,rpi-bush-point_2020_09_27_23_18_00.wav,dclde/2027/dclde_2027_killer_whales/orcasound/audio/bushpoint/rpi-bush-point_2020_09_27_23_18_00.wav,gs://noaa-passive-bioacoustic/dclde/2027/dclde_2027_killer_whales/orcasound/audio/bushpoint/rpi-bush-point_2020_09_27_23_18_00.wav,https://storage.googleapis.com/noaa-passive-bioacoustic/dclde/2027/dclde_2027_killer_whales/orcasound/audio/bushpoint/rpi-bush-point_2020_09_27_23_18_00.wav
dclde_OrcaSound_bush_point__rpi-bush-point_2020_09_27_23_21_00.wav,OrcaSound,bush_point,rpi-bush-point_2020_09_27_23_21_00.wav,dclde/2027/dclde_2027_killer_whales/orcasound/audio/bushpoint/rpi-bush-point_2020_09_27_23_21_00.wav,gs://noaa-passive-bioacoustic/dclde/2027/dclde_2027_killer_whales/orcasound/audio/bushpoint/rpi-bush-point_2020_09_27_23_21_00.wav,https://storage.googleapis.com/noaa-passive-bioacoustic/dclde/2027/dclde_2027_killer_whales/orcasound/audio/bushpoint/rpi-bush-point_2020_09_27_23_21_00.wav
dclde_OrcaSound_bush_point__rpi-bush-point_2020_09_27_23_23_00.wav,OrcaSound,bush_point,rpi-bush-point_2020_09_27_23_23_00.wav,dclde/2027/dclde_2027_killer_whales/orcasound/audio/bushpoint/rpi-bush-point_2020_09_27_23_23_00.wav,gs://noaa-passive-bioacoustic/dclde/2027/dclde_2027_killer_whales/orcasound/audio/bushpoint/rpi-bush-point_2020_09_27_23_23_00.wav,https://storage.googleapis.com/noaa-passive-bioacoustic/dclde/2027/dclde_2027_killer_whales/orcasound/audio/bushpoint/rpi-bush-point_2020_09_27_23_23_00.wav
dclde_OrcaSound_bush_point__rpi-bush-point_2020_09_27_23_24_00.wav,OrcaSound,bush_point,rpi-bush-point_2020_09_27_23_24_00.wav,dclde/2027/dclde_2027_killer_whales/orcasound/audio/bushpoint/rpi-bush-point_2020_09_27_23_24_00.wav,gs://noaa-passive-bioacoustic/dclde/2027/dclde_2027_killer_whales/orcasound/audio/bushpoint/rpi-bush-point_2020_09_27_23_24_00.wav,https://storage.googleapis.com/noaa-passive-bioacoustic/dclde/2027/dclde_2027_killer_whales/orcasound/audio/bushpoint/rpi-bush-point_2020_09_27_23_24_00.wav
dclde_OrcaSound_bush_point__rpi-bush-point_2020_09_27_23_27_00.wav,OrcaSound,bush_point,rpi-bush-point_2020_09_27_23_27_00.wav,dclde/2027/dclde_2027_killer_whales/orcasound/audio/bushpoint/rpi-bush-point_2020_09_27_23_27_00.wav,gs://noaa-passive-bioacoustic/dclde/2027/dclde_2027_killer_whales/orcasound/audio/bushpoint/rpi-bush-point_2020_09_27_23_27_00.wav,https://storage.googleapis.com/noaa-passive-bioacoustic/dclde/2027/dclde_2027_killer_whales/orcasound/audio/bushpoint/rpi-bush-point_2020_09_27_23_27_00.wav
dclde_OrcaSound_bush_point__rpi-bush-point_2020_09_27_23_29_00.wav,OrcaSound,bush_point,rpi-bush-point_2020_09_27_23_29_00.wav,dclde/2027/dclde_2027_killer_whales/orcasound/audio/bushpoint/rpi-bush-point_2020_09_27_23_29_00.wav,gs://noaa-passive-bioacoustic/dclde/2027/dclde_2027_killer_whales/orcasound/audio/bushpoint/rpi-bush-point_2020_09_27_23_29_00.wav,https://storage.googleapis.com/noaa-passive-bioacoustic/dclde/2027/dclde_2027_killer_whales/orcasound/audio/bushpoint/rpi-bush-point_2020_09_27_23_29_00.wav
dclde_OrcaSound_bush_point__rpi-bush-point_2020_09_27_23_39_00.wav,OrcaSound,bush_point,rpi-bush-point_2020_09_27_23_39_00.wav,dclde/2027/dclde_2027_killer_whales/orcasound/audio/bushpoint/rpi-bush-point_2020_09_27_23_39_00.wav,gs://noaa-passive-bioacoustic/dclde/2027/dclde_2027_killer_whales/orcasound/audio/bushpoint/rpi-bush-point_2020_09_27_23_39_00.wav,https://storage.googleapis.com/noaa-passive-bioacoustic/dclde/2027/dclde_2027_killer_whales/orcasound/audio/bushpoint/rpi-bush-point_2020_09_27_23_39_00.wav
dclde_OrcaSound_orcasound_lab__1562337136_0005.wav,OrcaSound,orcasound_lab,1562337136_0005.wav,dclde/2027/dclde_2027_killer_whales/orcasound/audio/orcasoundlab/1562337136_0005.wav,gs://noaa-passive-bioacoustic/dclde/2027/dclde_2027_killer_whales/orcasound/audio/orcasoundlab/1562337136_0005.wav,https://storage.googleapis.com/noaa-passive-bioacoustic/dclde/2027/dclde_2027_killer_whales/orcasound/audio/orcasoundlab/1562337136_0005.wav
dclde_OrcaSound_orcasound_lab__1562337136_0005.wav,OrcaSound,orcasound_lab,1562337136_0005.wav,dclde/2027/dclde_2027_killer_whales/orcasound/audio/orcasoundlab/1562337136_0005.wav,gs://noaa-passive-bioacoustic/dclde/2027/dclde_2027_killer_whales/orcasound/audio/orcasoundlab/1562337136_0005.wav,https://storage.googleapis.com/noaa-passive-bioacoustic/dclde/2027/dclde_2027_killer_whales/orcasound/audio/orcasoundlab/1562337136_0005.wav
dclde_OrcaSound_orcasound_lab__1562337136_001b.wav,OrcaSound,orcasound_lab,1562337136_001b.wav,dclde/2027/dclde_2027_killer_whales/orcasound/audio/orcasoundlab/1562337136_001b.wav,gs://noaa-passive-bioacoustic/dclde/2027/dclde_2027_killer_whales/orcasound/audio/orcasoundlab/1562337136_001b.wav,https://storage.googleapis.com/noaa-passive-bioacoustic/dclde/2027/dclde_2027_killer_whales/orcasound/audio/orcasoundlab/1562337136_001b.wav
dclde_OrcaSound_orcasound_lab__1562340736_000d.wav,OrcaSound,orcasound_lab,1562340736_000d.wav,dclde/2027/dclde_2027_killer_whales/orcasound/audio/orcasoundlab/1562340736_000d.wav,gs://noaa-passive-bioacoustic/dclde/2027/dclde_2027_killer_whales/orcasound/audio/orcasoundlab/1562340736_000d.wav,https://storage.googleapis.com/noaa-passive-bioacoustic/dclde/2027/dclde_2027_killer_whales/orcasound/audio/orcasoundlab/1562340736_000d.wav
dclde_OrcaSound_orcasound_lab__1562340736_0012.wav,OrcaSound,orcasound_lab,1562340736_0012.wav,dclde/2027/dclde_2027_killer_whales/orcasound/audio/orcasoundlab/1562340736_0012.wav,gs://noaa-passive-bioacoustic/dclde/2027/dclde_2027_killer_whales/orcasound/audio/orcasoundlab/1562340736_0012.wav,https://storage.googleapis.com/noaa-passive-bioacoustic/dclde/2027/dclde_2027_killer_whales/orcasound/audio/orcasoundlab/1562340736_0012.wav
dclde_OrcaSound_orcasound_lab__1562340736_0013.wav,OrcaSound,orcasound_lab,1562340736_0013.wav,dclde/2027/dclde_2027_killer_whales/orcasound/audio/orcasoundlab/1562340736_0013.wav,gs://noaa-passive-bioacoustic/dclde/2027/dclde_2027_killer_whales/orcasound/audio/orcasoundlab/1562340736_0013.wav,https://storage.googleapis.com/noaa-passive-bioacoustic/dclde/2027/dclde_2027_killer_whales/orcasound/audio/orcasoundlab/1562340736_0013.wav
dclde_OrcaSound_orcasound_lab__1562340736_0019.wav,OrcaSound,orcasound_lab,1562340736_0019.wav,dclde/2027/dclde_2027_killer_whales/orcasound/audio/orcasoundlab/1562340736_0019.wav,gs://noaa-passive-bioacoustic/dclde/2027/dclde_2027_killer_whales/orcasound/audio/orcasoundlab/1562340736_0019.wav,https://storage.googleapis.com/noaa-passive-bioacoustic/dclde/2027/dclde_2027_killer_whales/orcasound/audio/orcasoundlab/1562340736_0019.wav
dclde_OrcaSound_orcasound_lab__1562340736_001c.wav,OrcaSound,orcasound_lab,1562340736_001c.wav,dclde/2027/dclde_2027_killer_whales/orcasound/audio/orcasoundlab/1562340736_001c.wav,gs://noaa-passive-bioacoustic/dclde/2027/dclde_2027_killer_whales/orcasound/audio/orcasoundlab/1562340736_001c.wav,https://storage.googleapis.com/noaa-passive-bioacoustic/dclde/2027/dclde_2027_killer_whales/orcasound/audio/orcasoundlab/1562340736_001c.wav
dclde_OrcaSound_orcasound_lab__1562344334_000b.wav,OrcaSound,orcasound_lab,1562344334_000b.wav,dclde/2027/dclde_2027_killer_whales/orcasound/audio/orcasoundlab/1562344334_000b.wav,gs://noaa-passive-bioacoustic/dclde/2027/dclde_2027_killer_whales/orcasound/audio/orcasoundlab/1562344334_000b.wav,https://storage.googleapis.com/noaa-passive-bioacoustic/dclde/2027/dclde_2027_killer_whales/orcasound/audio/orcasoundlab/1562344334_000b.wav
dclde_OrcaSound_port_townsend__rpi-port-townsend_2020_09_29_19_12_00.wav,OrcaSound,port_townsend,rpi-port-townsend_2020_09_29_19_12_00.wav,dclde/2027/dclde_2027_killer_whales/orcasound/audio/porttownsend/rpi-port-townsend_2020_09_29_19_12_00.wav,gs://noaa-passive-bioacoustic/dclde/2027/dclde_2027_killer_whales/orcasound/audio/porttownsend/rpi-port-townsend_2020_09_29_19_12_00.wav,https://storage.googleapis.com/noaa-passive-bioacoustic/dclde/2027/dclde_2027_killer_whales/orcasound/audio/porttownsend/rpi-port-townsend_2020_09_29_19_12_00.wav
dclde_OrcaSound_port_townsend__rpi-port-townsend_2020_09_29_19_15_00.wav,OrcaSound,port_townsend,rpi-port-townsend_2020_09_29_19_15_00.wav,dclde/2027/dclde_2027_killer_whales/orcasound/audio/porttownsend/rpi-port-townsend_2020_09_29_19_15_00.wav,gs://noaa-passive-bioacoustic/dclde/2027/dclde_2027_killer_whales/orcasound/audio/porttownsend/rpi-port-townsend_2020_09_29_19_15_00.wav,https://storage.googleapis.com/noaa-passive-bioacoustic/dclde/2027/dclde_2027_killer_whales/orcasound/audio/porttownsend/rpi-port-townsend_2020_09_29_19_15_00.wav
dclde_OrcaSound_port_townsend__rpi-port-townsend_2020_09_29_19_29_00.wav,OrcaSound,port_townsend,rpi-port-townsend_2020_09_29_19_29_00.wav,dclde/2027/dclde_2027_killer_whales/orcasound/audio/porttownsend/rpi-port-townsend_2020_09_29_19_29_00.wav,gs://noaa-passive-bioacoustic/dclde/2027/dclde_2027_killer_whales/orcasound/audio/porttownsend/rpi-port-townsend_2020_09_29_19_29_00.wav,https://storage.googleapis.com/noaa-passive-bioacoustic/dclde/2027/dclde_2027_killer_whales/orcasound/audio/porttownsend/rpi-port-townsend_2020_09_29_19_29_00.wav
dclde_SIMRES_Tekteksen__ICLISTENHF6156_20220624T164000.000Z_20220624T164459.996Z.flac,SIMRES,Tekteksen,ICLISTENHF6156_20220624T164000.000Z_20220624T164459.996Z.flac,dclde/2027/dclde_2027_killer_whales/simres/audio/tekteksen/ICLISTENHF6156_20220624T164000.000Z_20220624T164459.996Z.flac,gs://noaa-passive-bioacoustic/dclde/2027/dclde_2027_killer_whales/simres/audio/tekteksen/ICLISTENHF6156_20220624T164000.000Z_20220624T164459.996Z.flac,https://storage.googleapis.com/noaa-passive-bioacoustic/dclde/2027/dclde_2027_killer_whales/simres/audio/tekteksen/ICLISTENHF6156_20220624T164000.000Z_20220624T164459.996Z.flac
dclde_SIMRES_Tekteksen__ICLISTENHF6156_20220624T164000.000Z_20220624T164459.996Z.flac,SIMRES,Tekteksen,ICLISTENHF6156_20220624T164000.000Z_20220624T164459.996Z.flac,dclde/2027/dclde_2027_killer_whales/simres/audio/tekteksen/ICLISTENHF6156_20220624T164000.000Z_20220624T164459.996Z.flac,gs://noaa-passive-bioacoustic/dclde/2027/dclde_2027_killer_whales/simres/audio/tekteksen/ICLISTENHF6156_20220624T164000.000Z_20220624T164459.996Z.flac,https://storage.googleapis.com/noaa-passive-bioacoustic/dclde/2027/dclde_2027_killer_whales/simres/audio/tekteksen/ICLISTENHF6156_20220624T164000.000Z_20220624T164459.996Z.flac
dclde_SIMRES_Tekteksen__ICLISTENHF6156_20220624T164000.000Z_20220624T164459.996Z.flac,SIMRES,Tekteksen,ICLISTENHF6156_20220624T164000.000Z_20220624T164459.996Z.flac,dclde/2027/dclde_2027_killer_whales/simres/audio/tekteksen/ICLISTENHF6156_20220624T164000.000Z_20220624T164459.996Z.flac,gs://noaa-passive-bioacoustic/dclde/2027/dclde_2027_killer_whales/simres/audio/tekteksen/ICLISTENHF6156_20220624T164000.000Z_20220624T164459.996Z.flac,https://storage.googleapis.com/noaa-passive-bioacoustic/dclde/2027/dclde_2027_killer_whales/simres/audio/tekteksen/ICLISTENHF6156_20220624T164000.000Z_20220624T164459.996Z.flac
dclde_SIMRES_Tekteksen__ICLISTENHF6156_20220628T141000.000Z_20220628T141459.996Z.flac,SIMRES,Tekteksen,ICLISTENHF6156_20220628T141000.000Z_20220628T141459.996Z.flac,dclde/2027/dclde_2027_killer_whales/simres/audio/tekteksen/ICLISTENHF6156_20220628T141000.000Z_20220628T141459.996Z.flac,gs://noaa-passive-bioacoustic/dclde/2027/dclde_2027_killer_whales/simres/audio/tekteksen/ICLISTENHF6156_20220628T141000.000Z_20220628T141459.996Z.flac,https://storage.googleapis.com/noaa-passive-bioacoustic/dclde/2027/dclde_2027_killer_whales/simres/audio/tekteksen/ICLISTENHF6156_20220628T141000.000Z_20220628T141459.996Z.flac
dclde_SIMRES_Tekteksen__ICLISTENHF6156_20220628T141000.000Z_20220628T141459.996Z.flac,SIMRES,Tekteksen,ICLISTENHF6156_20220628T141000.000Z_20220628T141459.996Z.flac,dclde/2027/dclde_2027_killer_whales/simres/audio/tekteksen/ICLISTENHF6156_20220628T141000.000Z_20220628T141459.996Z.flac,gs://noaa-passive-bioacoustic/dclde/2027/dclde_2027_killer_whales/simres/audio/tekteksen/ICLISTENHF6156_20220628T141000.000Z_20220628T141459.996Z.flac,https://storage.googleapis.com/noaa-passive-bioacoustic/dclde/2027/dclde_2027_killer_whales/simres/audio/tekteksen/ICLISTENHF6156_20220628T141000.000Z_20220628T141459.996Z.flac
dclde_SIMRES_Tekteksen__ICLISTENHF6156_20220628T141000.000Z_20220628T141459.996Z.flac,SIMRES,Tekteksen,ICLISTENHF6156_20220628T141000.000Z_20220628T141459.996Z.flac,dclde/2027/dclde_2027_killer_whales/simres/audio/tekteksen/ICLISTENHF6156_20220628T141000.000Z_20220628T141459.996Z.flac,gs://noaa-passive-bioacoustic/dclde/2027/dclde_2027_killer_whales/simres/audio/tekteksen/ICLISTENHF6156_20220628T141000.000Z_20220628T141459.996Z.flac,https://storage.googleapis.com/noaa-passive-bioacoustic/dclde/2027/dclde_2027_killer_whales/simres/audio/tekteksen/ICLISTENHF6156_20220628T141000.000Z_20220628T141459.996Z.flac
dclde_SIMRES_Tekteksen__ICLISTENHF6156_20220628T141500.000Z_20220628T141959.996Z.flac,SIMRES,Tekteksen,ICLISTENHF6156_20220628T141500.000Z_20220628T141959.996Z.flac,dclde/2027/dclde_2027_killer_whales/simres/audio/tekteksen/ICLISTENHF6156_20220628T141500.000Z_20220628T141959.996Z.flac,gs://noaa-passive-bioacoustic/dclde/2027/dclde_2027_killer_whales/simres/audio/tekteksen/ICLISTENHF6156_20220628T141500.000Z_20220628T141959.996Z.flac,https://storage.googleapis.com/noaa-passive-bioacoustic/dclde/2027/dclde_2027_killer_whales/simres/audio/tekteksen/ICLISTENHF6156_20220628T141500.000Z_20220628T141959.996Z.flac
dclde_SIMRES_Tekteksen__ICLISTENHF6156_20220628T141500.000Z_20220628T141959.996Z.flac,SIMRES,Tekteksen,ICLISTENHF6156_20220628T141500.000Z_20220628T141959.996Z.flac,dclde/2027/dclde_2027_killer_whales/simres/audio/tekteksen/ICLISTENHF6156_20220628T141500.000Z_20220628T141959.996Z.flac,gs://noaa-passive-bioacoustic/dclde/2027/dclde_2027_killer_whales/simres/audio/tekteksen/ICLISTENHF6156_20220628T141500.000Z_20220628T141959.996Z.flac,https://storage.googleapis.com/noaa-passive-bioacoustic/dclde/2027/dclde_2027_killer_whales/simres/audio/tekteksen/ICLISTENHF6156_20220628T141500.000Z_20220628T141959.996Z.flac
dclde_SIMRES_Tekteksen__ICLISTENHF6156_20220628T141500.000Z_20220628T141959.996Z.flac,SIMRES,Tekteksen,ICLISTENHF6156_20220628T141500.000Z_20220628T141959.996Z.flac,dclde/2027/dclde_2027_killer_whales/simres/audio/tekteksen/ICLISTENHF6156_20220628T141500.000Z_20220628T141959.996Z.flac,gs://noaa-passive-bioacoustic/dclde/2027/dclde_2027_killer_whales/simres/audio/tekteksen/ICLISTENHF6156_20220628T141500.000Z_20220628T141959.996Z.flac,https://storage.googleapis.com/noaa-passive-bioacoustic/dclde/2027/dclde_2027_killer_whales/simres/audio/tekteksen/ICLISTENHF6156_20220628T141500.000Z_20220628T141959.996Z.flac
dclde_SIO_Cpe_Elz__OCNMS13CE_110528_023827_BCTransients.wav,SIO,Cpe_Elz,OCNMS13CE_110528_023827_BCTransients.wav,dclde/2027/dclde_2027_killer_whales/scripps/audio/cpeelz/OCNMS13CE_110528_023827_BCTransients.wav,gs://noaa-passive-bioacoustic/dclde/2027/dclde_2027_killer_whales/scripps/audio/cpeelz/OCNMS13CE_110528_023827_BCTransients.wav,https://storage.googleapis.com/noaa-passive-bioacoustic/dclde/2027/dclde_2027_killer_whales/scripps/audio/cpeelz/OCNMS13CE_110528_023827_BCTransients.wav
dclde_SIO_Cpe_Elz__OCNMS13CE_110528_033702_BCTransients.wav,SIO,Cpe_Elz,OCNMS13CE_110528_033702_BCTransients.wav,dclde/2027/dclde_2027_killer_whales/scripps/audio/cpeelz/OCNMS13CE_110528_033702_BCTransients.wav,gs://noaa-passive-bioacoustic/dclde/2027/dclde_2027_killer_whales/scripps/audio/cpeelz/OCNMS13CE_110528_033702_BCTransients.wav,https://storage.googleapis.com/noaa-passive-bioacoustic/dclde/2027/dclde_2027_killer_whales/scripps/audio/cpeelz/OCNMS13CE_110528_033702_BCTransients.wav
dclde_SIO_Cpe_Elz__OCNMS13CE_110528_044617_BCTransients.wav,SIO,Cpe_Elz,OCNMS13CE_110528_044617_BCTransients.wav,dclde/2027/dclde_2027_killer_whales/scripps/audio/cpeelz/OCNMS13CE_110528_044617_BCTransients.wav,gs://noaa-passive-bioacoustic/dclde/2027/dclde_2027_killer_whales/scripps/audio/cpeelz/OCNMS13CE_110528_044617_BCTransients.wav,https://storage.googleapis.com/noaa-passive-bioacoustic/dclde/2027/dclde_2027_killer_whales/scripps/audio/cpeelz/OCNMS13CE_110528_044617_BCTransients.wav
dclde_SIO_Cpe_Elz__OCNMS13CE_110531_201417_SouthernResidents.wav,SIO,Cpe_Elz,OCNMS13CE_110531_201417_SouthernResidents.wav,dclde/2027/dclde_2027_killer_whales/scripps/audio/cpeelz/OCNMS13CE_110531_201417_SouthernResidents.wav,gs://noaa-passive-bioacoustic/dclde/2027/dclde_2027_killer_whales/scripps/audio/cpeelz/OCNMS13CE_110531_201417_SouthernResidents.wav,https://storage.googleapis.com/noaa-passive-bioacoustic/dclde/2027/dclde_2027_killer_whales/scripps/audio/cpeelz/OCNMS13CE_110531_201417_SouthernResidents.wav
dclde_SIO_Cpe_Elz__OCNMS13CE_110609_074657_Transients.wav,SIO,Cpe_Elz,OCNMS13CE_110609_074657_Transients.wav,dclde/2027/dclde_2027_killer_whales/scripps/audio/cpeelz/OCNMS13CE_110609_074657_Transients.wav,gs://noaa-passive-bioacoustic/dclde/2027/dclde_2027_killer_whales/scripps/audio/cpeelz/OCNMS13CE_110609_074657_Transients.wav,https://storage.googleapis.com/noaa-passive-bioacoustic/dclde/2027/dclde_2027_killer_whales/scripps/audio/cpeelz/OCNMS13CE_110609_074657_Transients.wav
dclde_SIO_Cpe_Elz__OCNMS13CE_110811_040112_Transients.wav,SIO,Cpe_Elz,OCNMS13CE_110811_040112_Transients.wav,dclde/2027/dclde_2027_killer_whales/scripps/audio/cpeelz/OCNMS13CE_110811_040112_Transients.wav,gs://noaa-passive-bioacoustic/dclde/2027/dclde_2027_killer_whales/scripps/audio/cpeelz/OCNMS13CE_110811_040112_Transients.wav,https://storage.googleapis.com/noaa-passive-bioacoustic/dclde/2027/dclde_2027_killer_whales/scripps/audio/cpeelz/OCNMS13CE_110811_040112_Transients.wav
dclde_SIO_Cpe_Elz__OCNMS14CE_111210_092137_BCtransients.wav,SIO,Cpe_Elz,OCNMS14CE_111210_092137_BCtransients.wav,dclde/2027/dclde_2027_killer_whales/scripps/audio/cpeelz/OCNMS14CE_111210_092137_BCtransients.wav,gs://noaa-passive-bioacoustic/dclde/2027/dclde_2027_killer_whales/scripps/audio/cpeelz/OCNMS14CE_111210_092137_BCtransients.wav,https://storage.googleapis.com/noaa-passive-bioacoustic/dclde/2027/dclde_2027_killer_whales/scripps/audio/cpeelz/OCNMS14CE_111210_092137_BCtransients.wav
dclde_SIO_Cpe_Elz__OCNMS14CE_111210_092137_BCtransients.wav,SIO,Cpe_Elz,OCNMS14CE_111210_092137_BCtransients.wav,dclde/2027/dclde_2027_killer_whales/scripps/audio/cpeelz/OCNMS14CE_111210_092137_BCtransients.wav,gs://noaa-passive-bioacoustic/dclde/2027/dclde_2027_killer_whales/scripps/audio/cpeelz/OCNMS14CE_111210_092137_BCtransients.wav,https://storage.googleapis.com/noaa-passive-bioacoustic/dclde/2027/dclde_2027_killer_whales/scripps/audio/cpeelz/OCNMS14CE_111210_092137_BCtransients.wav
dclde_SIO_Cpe_Elz__OCNMS14CE_111210_092137_BCtransients.wav,SIO,Cpe_Elz,OCNMS14CE_111210_092137_BCtransients.wav,dclde/2027/dclde_2027_killer_whales/scripps/audio/cpeelz/OCNMS14CE_111210_092137_BCtransients.wav,gs://noaa-passive-bioacoustic/dclde/2027/dclde_2027_killer_whales/scripps/audio/cpeelz/OCNMS14CE_111210_092137_BCtransients.wav,https://storage.googleapis.com/noaa-passive-bioacoustic/dclde/2027/dclde_2027_killer_whales/scripps/audio/cpeelz/OCNMS14CE_111210_092137_BCtransients.wav
dclde_SIO_Quin_Can__OCNMS12QC_110210_114037_Offshores.wav,SIO,Quin_Can,OCNMS12QC_110210_114037_Offshores.wav,dclde/2027/dclde_2027_killer_whales/scripps/audio/quincan/OCNMS12QC_110210_114037_Offshores.wav,gs://noaa-passive-bioacoustic/dclde/2027/dclde_2027_killer_whales/scripps/audio/quincan/OCNMS12QC_110210_114037_Offshores.wav,https://storage.googleapis.com/noaa-passive-bioacoustic/dclde/2027/dclde_2027_killer_whales/scripps/audio/quincan/OCNMS12QC_110210_114037_Offshores.wav
dclde_SIO_Quin_Can__OCNMS12QC_110210_114037_Offshores.wav,SIO,Quin_Can,OCNMS12QC_110210_114037_Offshores.wav,dclde/2027/dclde_2027_killer_whales/scripps/audio/quincan/OCNMS12QC_110210_114037_Offshores.wav,gs://noaa-passive-bioacoustic/dclde/2027/dclde_2027_killer_whales/scripps/audio/quincan/OCNMS12QC_110210_114037_Offshores.wav,https://storage.googleapis.com/noaa-passive-bioacoustic/dclde/2027/dclde_2027_killer_whales/scripps/audio/quincan/OCNMS12QC_110210_114037_Offshores.wav
dclde_SIO_Quin_Can__OCNMS12QC_110709_041942_Offshores.wav,SIO,Quin_Can,OCNMS12QC_110709_041942_Offshores.wav,dclde/2027/dclde_2027_killer_whales/scripps/audio/quincan/OCNMS12QC_110709_041942_Offshores.wav,gs://noaa-passive-bioacoustic/dclde/2027/dclde_2027_killer_whales/scripps/audio/quincan/OCNMS12QC_110709_041942_Offshores.wav,https://storage.googleapis.com/noaa-passive-bioacoustic/dclde/2027/dclde_2027_killer_whales/scripps/audio/quincan/OCNMS12QC_110709_041942_Offshores.wav
dclde_SIO_Quin_Can__OCNMS12QC_110709_041942_Offshores.wav,SIO,Quin_Can,OCNMS12QC_110709_041942_Offshores.wav,dclde/2027/dclde_2027_killer_whales/scripps/audio/quincan/OCNMS12QC_110709_041942_Offshores.wav,gs://noaa-passive-bioacoustic/dclde/2027/dclde_2027_killer_whales/scripps/audio/quincan/OCNMS12QC_110709_041942_Offshores.wav,https://storage.googleapis.com/noaa-passive-bioacoustic/dclde/2027/dclde_2027_killer_whales/scripps/audio/quincan/OCNMS12QC_110709_041942_Offshores.wav
dclde_SIO_Quin_Can__OCNMS12QC_110809_121712_Offshores.wav,SIO,Quin_Can,OCNMS12QC_110809_121712_Offshores.wav,dclde/2027/dclde_2027_killer_whales/scripps/audio/quincan/OCNMS12QC_110809_121712_Offshores.wav,gs://noaa-passive-bioacoustic/dclde/2027/dclde_2027_killer_whales/scripps/audio/quincan/OCNMS12QC_110809_121712_Offshores.wav,https://storage.googleapis.com/noaa-passive-bioacoustic/dclde/2027/dclde_2027_killer_whales/scripps/audio/quincan/OCNMS12QC_110809_121712_Offshores.wav
dclde_SIO_Quin_Can__OCNMS12QC_110809_121712_Offshores.wav,SIO,Quin_Can,OCNMS12QC_110809_121712_Offshores.wav,dclde/2027/dclde_2027_killer_whales/scripps/audio/quincan/OCNMS12QC_110809_121712_Offshores.wav,gs://noaa-passive-bioacoustic/dclde/2027/dclde_2027_killer_whales/scripps/audio/quincan/OCNMS12QC_110809_121712_Offshores.wav,https://storage.googleapis.com/noaa-passive-bioacoustic/dclde/2027/dclde_2027_killer_whales/scripps/audio/quincan/OCNMS12QC_110809_121712_Offshores.wav
dclde_SIO_Quin_Can__OCNMS12QC_110809_121712_Offshores.wav,SIO,Quin_Can,OCNMS12QC_110809_121712_Offshores.wav,dclde/2027/dclde_2027_killer_whales/scripps/audio/quincan/OCNMS12QC_110809_121712_Offshores.wav,gs://noaa-passive-bioacoustic/dclde/2027/dclde_2027_killer_whales/scripps/audio/quincan/OCNMS12QC_110809_121712_Offshores.wav,https://storage.googleapis.com/noaa-passive-bioacoustic/dclde/2027/dclde_2027_killer_whales/scripps/audio/quincan/OCNMS12QC_110809_121712_Offshores.wav
dclde_SIO_Quin_Can__OCNMS12QC_110809_121712_Offshores.wav,SIO,Quin_Can,OCNMS12QC_110809_121712_Offshores.wav,dclde/2027/dclde_2027_killer_whales/scripps/audio/quincan/OCNMS12QC_110809_121712_Offshores.wav,gs://noaa-passive-bioacoustic/dclde/2027/dclde_2027_killer_whales/scripps/audio/quincan/OCNMS12QC_110809_121712_Offshores.wav,https://storage.googleapis.com/noaa-passive-bioacoustic/dclde/2027/dclde_2027_killer_whales/scripps/audio/quincan/OCNMS12QC_110809_121712_Offshores.wav
dclde_SMRUConsulting_LimeKiln__LK_20161106_034800_000.wav,SMRUConsulting,LimeKiln,LK_20161106_034800_000.wav,dclde/2027/dclde_2027_killer_whales/smru/audio/limekiln/LK_20161106_034800_000.wav,gs://noaa-passive-bioacoustic/dclde/2027/dclde_2027_killer_whales/smru/audio/limekiln/LK_20161106_034800_000.wav,https://storage.googleapis.com/noaa-passive-bioacoustic/dclde/2027/dclde_2027_killer_whales/smru/audio/limekiln/LK_20161106_034800_000.wav
dclde_SMRUConsulting_LimeKiln__LK_20161106_034800_000.wav,SMRUConsulting,LimeKiln,LK_20161106_034800_000.wav,dclde/2027/dclde_2027_killer_whales/smru/audio/limekiln/LK_20161106_034800_000.wav,gs://noaa-passive-bioacoustic/dclde/2027/dclde_2027_killer_whales/smru/audio/limekiln/LK_20161106_034800_000.wav,https://storage.googleapis.com/noaa-passive-bioacoustic/dclde/2027/dclde_2027_killer_whales/smru/audio/limekiln/LK_20161106_034800_000.wav
dclde_SMRUConsulting_LimeKiln__LK_20161106_034800_000.wav,SMRUConsulting,LimeKiln,LK_20161106_034800_000.wav,dclde/2027/dclde_2027_killer_whales/smru/audio/limekiln/LK_20161106_034800_000.wav,gs://noaa-passive-bioacoustic/dclde/2027/dclde_2027_killer_whales/smru/audio/limekiln/LK_20161106_034800_000.wav,https://storage.googleapis.com/noaa-passive-bioacoustic/dclde/2027/dclde_2027_killer_whales/smru/audio/limekiln/LK_20161106_034800_000.wav
dclde_SMRUConsulting_LimeKiln__LK_20161106_034859_999.wav,SMRUConsulting,LimeKiln,LK_20161106_034859_999.wav,dclde/2027/dclde_2027_killer_whales/smru/audio/limekiln/LK_20161106_034859_999.wav,gs://noaa-passive-bioacoustic/dclde/2027/dclde_2027_killer_whales/smru/audio/limekiln/LK_20161106_034859_999.wav,https://storage.googleapis.com/noaa-passive-bioacoustic/dclde/2027/dclde_2027_killer_whales/smru/audio/limekiln/LK_20161106_034859_999.wav
dclde_SMRUConsulting_LimeKiln__LK_20161106_034859_999.wav,SMRUConsulting,LimeKiln,LK_20161106_034859_999.wav,dclde/2027/dclde_2027_killer_whales/smru/audio/limekiln/LK_20161106_034859_999.wav,gs://noaa-passive-bioacoustic/dclde/2027/dclde_2027_killer_whales/smru/audio/limekiln/LK_20161106_034859_999.wav,https://storage.googleapis.com/noaa-passive-bioacoustic/dclde/2027/dclde_2027_killer_whales/smru/audio/limekiln/LK_20161106_034859_999.wav
dclde_SMRUConsulting_LimeKiln__LK_20161106_035159_999.wav,SMRUConsulting,LimeKiln,LK_20161106_035159_999.wav,dclde/2027/dclde_2027_killer_whales/smru/audio/limekiln/LK_20161106_035159_999.wav,gs://noaa-passive-bioacoustic/dclde/2027/dclde_2027_killer_whales/smru/audio/limekiln/LK_20161106_035159_999.wav,https://storage.googleapis.com/noaa-passive-bioacoustic/dclde/2027/dclde_2027_killer_whales/smru/audio/limekiln/LK_20161106_035159_999.wav
dclde_SMRUConsulting_LimeKiln__LK_20161106_035300_001.wav,SMRUConsulting,LimeKiln,LK_20161106_035300_001.wav,dclde/2027/dclde_2027_killer_whales/smru/audio/limekiln/LK_20161106_035300_001.wav,gs://noaa-passive-bioacoustic/dclde/2027/dclde_2027_killer_whales/smru/audio/limekiln/LK_20161106_035300_001.wav,https://storage.googleapis.com/noaa-passive-bioacoustic/dclde/2027/dclde_2027_killer_whales/smru/audio/limekiln/LK_20161106_035300_001.wav
dclde_SMRUConsulting_LimeKiln__LK_20161106_035300_001.wav,SMRUConsulting,LimeKiln,LK_20161106_035300_001.wav,dclde/2027/dclde_2027_killer_whales/smru/audio/limekiln/LK_20161106_035300_001.wav,gs://noaa-passive-bioacoustic/dclde/2027/dclde_2027_killer_whales/smru/audio/limekiln/LK_20161106_035300_001.wav,https://storage.googleapis.com/noaa-passive-bioacoustic/dclde/2027/dclde_2027_killer_whales/smru/audio/limekiln/LK_20161106_035300_001.wav
dclde_SMRUConsulting_LimeKiln__LK_20161106_035300_001.wav,SMRUConsulting,LimeKiln,LK_20161106_035300_001.wav,dclde/2027/dclde_2027_killer_whales/smru/audio/limekiln/LK_20161106_035300_001.wav,gs://noaa-passive-bioacoustic/dclde/2027/dclde_2027_killer_whales/smru/audio/limekiln/LK_20161106_035300_001.wav,https://storage.googleapis.com/noaa-passive-bioacoustic/dclde/2027/dclde_2027_killer_whales/smru/audio/limekiln/LK_20161106_035300_001.wav
dclde_SMRUConsulting_LimeKiln__LK_20161106_035300_001.wav,SMRUConsulting,LimeKiln,LK_20161106_035300_001.wav,dclde/2027/dclde_2027_killer_whales/smru/audio/limekiln/LK_20161106_035300_001.wav,gs://noaa-passive-bioacoustic/dclde/2027/dclde_2027_killer_whales/smru/audio/limekiln/LK_20161106_035300_001.wav,https://storage.googleapis.com/noaa-passive-bioacoustic/dclde/2027/dclde_2027_killer_whales/smru/audio/limekiln/LK_20161106_035300_001.wav
dclde_SMRUConsulting_LimeKiln__LK_20161106_050000_000.wav,SMRUConsulting,LimeKiln,LK_20161106_050000_000.wav,dclde/2027/dclde_2027_killer_whales/smru/audio/limekiln/LK_20161106_050000_000.wav,gs://noaa-passive-bioacoustic/dclde/2027/dclde_2027_killer_whales/smru/audio/limekiln/LK_20161106_050000_000.wav,https://storage.googleapis.com/noaa-passive-bioacoustic/dclde/2027/dclde_2027_killer_whales/smru/audio/limekiln/LK_20161106_050000_000.wav
dclde_SMRUConsulting_LimeKiln__LK_20161106_050000_000.wav,SMRUConsulting,LimeKiln,LK_20161106_050000_000.wav,dclde/2027/dclde_2027_killer_whales/smru/audio/limekiln/LK_20161106_050000_000.wav,gs://noaa-passive-bioacoustic/dclde/2027/dclde_2027_killer_whales/smru/audio/limekiln/LK_20161106_050000_000.wav,https://storage.googleapis.com/noaa-passive-bioacoustic/dclde/2027/dclde_2027_killer_whales/smru/audio/limekiln/LK_20161106_050000_000.wav
dclde_SMRUConsulting_LimeKiln__LK_20161106_050000_000.wav,SMRUConsulting,LimeKiln,LK_20161106_050000_000.wav,dclde/2027/dclde_2027_killer_whales/smru/audio/limekiln/LK_20161106_050000_000.wav,gs://noaa-passive-bioacoustic/dclde/2027/dclde_2027_killer_whales/smru/audio/limekiln/LK_20161106_050000_000.wav,https://storage.googleapis.com/noaa-passive-bioacoustic/dclde/2027/dclde_2027_killer_whales/smru/audio/limekiln/LK_20161106_050000_000.wav
dclde_SMRUConsulting_LimeKiln__LK_20161106_050000_000.wav,SMRUConsulting,LimeKiln,LK_20161106_050000_000.wav,dclde/2027/dclde_2027_killer_whales/smru/audio/limekiln/LK_20161106_050000_000.wav,gs://noaa-passive-bioacoustic/dclde/2027/dclde_2027_killer_whales/smru/audio/limekiln/LK_20161106_050000_000.wav,https://storage.googleapis.com/noaa-passive-bioacoustic/dclde/2027/dclde_2027_killer_whales/smru/audio/limekiln/LK_20161106_050000_000.wav
dclde_SMRUConsulting_LimeKiln__LK_20161106_050800_000.wav,SMRUConsulting,LimeKiln,LK_20161106_050800_000.wav,dclde/2027/dclde_2027_killer_whales/smru/audio/limekiln/LK_20161106_050800_000.wav,gs://noaa-passive-bioacoustic/dclde/2027/dclde_2027_killer_whales/smru/audio/limekiln/LK_20161106_050800_000.wav,https://storage.googleapis.com/noaa-passive-bioacoustic/dclde/2027/dclde_2027_killer_whales/smru/audio/limekiln/LK_20161106_050800_000.wav
dclde_SMRUConsulting_LimeKiln__LK_20161106_050800_000.wav,SMRUConsulting,LimeKiln,LK_20161106_050800_000.wav,dclde/2027/dclde_2027_killer_whales/smru/audio/limekiln/LK_20161106_050800_000.wav,gs://noaa-passive-bioacoustic/dclde/2027/dclde_2027_killer_whales/smru/audio/limekiln/LK_20161106_050800_000.wav,https://storage.googleapis.com/noaa-passive-bioacoustic/dclde/2027/dclde_2027_killer_whales/smru/audio/limekiln/LK_20161106_050800_000.wav
