item_id,clip,filename,source_audio,begin_s,end_s,begin_time_s,end_time_s,window_start_s,duration_s,expected_mat_name,mat_path,source_dataset,source_row_id,source_provider,source_dataset_raw,source_soundfile,source_class_species,source_label_ids,canonical_label_ids,canonical_species,canonical_call_type,analysis_label_ids,dclde_ecotype,dclde_annotation_level,dclde_kw,dclde_kw_certain,low_frequency_hz,high_frequency_hz,gcs_object,gcs_uri,https_url,is_background,review_status,species,species_code,call_type,call_type_std,call_type_raw,event_group,labels_json,label_ids
dclde_DFO_CRP_NorthBc__DFOCRP.KkHK0R2F-NML1.SM2M-3.20131011_000600Z.flac_251.4s_251.7s_trainstyle,dclde_DFO_CRP_NorthBc__DFOCRP.KkHK0R2F-NML1.SM2M-3.20131011_000600Z.flac,DFOCRP.KkHK0R2F-NML1.SM2M-3.20131011_000600Z.flac,DFOCRP.KkHK0R2F-NML1.SM2M-3.20131011_000600Z.flac,251.439000,251.695000,251.439000,251.695000,251.439000,0.256000,dclde_DFO_CRP_NorthBc__DFOCRP.KkHK0R2F-NML1.SM2M-3.20131011_000600Z.flac_251.4s_251.7s_trainstyle.mat,mat_files/dclde_DFO_CRP_NorthBc__DFOCRP.KkHK0R2F-NML1.SM2M-3.20131011_000600Z.flac_251.4s_251.7s_trainstyle.mat,dclde_2027_DFO_CRP_NorthBc,1,DFO_CRP,NorthBc,DFOCRP.KkHK0R2F-NML1.SM2M-3.20131011_000600Z.flac,AB,confounder:abiotic,,,,confounder:abiotic,NA,Detection,0,NA,1062.5,1187.5,dclde/2027/dclde_2027_killer_whales/dfo_crp/audio/northbc/DFOCRP.KkHK0R2F-NML1.SM2M-3.20131011_000600Z.flac,gs://noaa-passive-bioacoustic/dclde/2027/dclde_2027_killer_whales/dfo_crp/audio/northbc/DFOCRP.KkHK0R2F-NML1.SM2M-3.20131011_000600Z.flac,https://storage.googleapis.com/noaa-passive-bioacoustic/dclde/2027/dclde_2027_killer_whales/dfo_crp/audio/northbc/DFOCRP.KkHK0R2F-NML1.SM2M-3.20131011_000600Z.flac,1,reviewed_confounder,,,,,,DFO_CRP:NorthBc:DFOCRP.KkHK0R2F-NML1.SM2M-3.20131011_000600Z.flac,[],
dclde_DFO_CRP_NorthBc__DFOCRP.KkHK0R2F-NML1.SM2M-3.20131011_000600Z.flac_268.0s_268.3s_trainstyle,dclde_DFO_CRP_NorthBc__DFOCRP.KkHK0R2F-NML1.SM2M-3.20131011_000600Z.flac,DFOCRP.KkHK0R2F-NML1.SM2M-3.20131011_000600Z.flac,DFOCRP.KkHK0R2F-NML1.SM2M-3.20131011_000600Z.flac,268.000000,268.256000,268.000000,268.256000,268.000000,0.256000,dclde_DFO_CRP_NorthBc__DFOCRP.KkHK0R2F-NML1.SM2M-3.20131011_000600Z.flac_268.0s_268.3s_trainstyle.mat,mat_files/dclde_DFO_CRP_NorthBc__DFOCRP.KkHK0R2F-NML1.SM2M-3.20131011_000600Z.flac_268.0s_268.3s_trainstyle.mat,dclde_2027_DFO_CRP_NorthBc,2,DFO_CRP,NorthBc,DFOCRP.KkHK0R2F-NML1.SM2M-3.20131011_000600Z.flac,AB,confounder:abiotic,,,,confounder:abiotic,NA,Detection,0,NA,1062.5,1187.5,dclde/2027/dclde_2027_killer_whales/dfo_crp/audio/northbc/DFOCRP.KkHK0R2F-NML1.SM2M-3.20131011_000600Z.flac,gs://noaa-passive-bioacoustic/dclde/2027/dclde_2027_killer_whales/dfo_crp/audio/northbc/DFOCRP.KkHK0R2F-NML1.SM2M-3.20131011_000600Z.flac,https://storage.googleapis.com/noaa-passive-bioacoustic/dclde/2027/dclde_2027_killer_whales/dfo_crp/audio/northbc/DFOCRP.KkHK0R2F-NML1.SM2M-3.20131011_000600Z.flac,1,reviewed_confounder,,,,,,DFO_CRP:NorthBc:DFOCRP.KkHK0R2F-NML1.SM2M-3.20131011_000600Z.flac,[],
dclde_DFO_CRP_NorthBc__DFOCRP.KkHK0R2F-NML1.SM2M-3.20131011_000600Z.flac_297.6s_298.0s_trainstyle,dclde_DFO_CRP_NorthBc__DFOCRP.KkHK0R2F-NML1.SM2M-3.20131011_000600Z.flac,DFOCRP.KkHK0R2F-NML1.SM2M-3.20131011_000600Z.flac,DFOCRP.KkHK0R2F-NML1.SM2M-3.20131011_000600Z.flac,297.600000,297.952000,297.600000,297.952000,297.600000,0.352000,dclde_DFO_CRP_NorthBc__DFOCRP.KkHK0R2F-NML1.SM2M-3.20131011_000600Z.flac_297.6s_298.0s_trainstyle.mat,mat_files/dclde_DFO_CRP_NorthBc__DFOCRP.KkHK0R2F-NML1.SM2M-3.20131011_000600Z.flac_297.6s_298.0s_trainstyle.mat,dclde_2027_DFO_CRP_NorthBc,3,DFO_CRP,NorthBc,DFOCRP.KkHK0R2F-NML1.SM2M-3.20131011_000600Z.flac,AB,confounder:abiotic,,,,confounder:abiotic,NA,Detection,0,NA,1093.75,1218.75,dclde/2027/dclde_2027_killer_whales/dfo_crp/audio/northbc/DFOCRP.KkHK0R2F-NML1.SM2M-3.20131011_000600Z.flac,gs://noaa-passive-bioacoustic/dclde/2027/dclde_2027_killer_whales/dfo_crp/audio/northbc/DFOCRP.KkHK0R2F-NML1.SM2M-3.20131011_000600Z.flac,https://storage.googleapis.com/noaa-passive-bioacoustic/dclde/2027/dclde_2027_killer_whales/dfo_crp/audio/northbc/DFOCRP.KkHK0R2F-NML1.SM2M-3.20131011_000600Z.flac,1,reviewed_confounder,,,,,,DFO_CRP:NorthBc:DFOCRP.KkHK0R2F-NML1.SM2M-3.20131011_000600Z.flac,[],
dclde_DFO_CRP_NorthBc__DFOCRP.KkHK0R2F-NML1.SM2M-3.20131011_002100Z.flac_26.2s_26.6s_trainstyle,dclde_DFO_CRP_NorthBc__DFOCRP.KkHK0R2F-NML1.SM2M-3.20131011_002100Z.flac,DFOCRP.KkHK0R2F-NML1.SM2M-3.20131011_002100Z.flac,DFOCRP.KkHK0R2F-NML1.SM2M-3.20131011_002100Z.flac,26.176000,26.624000,26.176000,26.624000,26.176000,0.448000,dclde_DFO_CRP_NorthBc__DFOCRP.KkHK0R2F-NML1.SM2M-3.20131011_002100Z.flac_26.2s_26.6s_trainstyle.mat,mat_files/dclde_DFO_CRP_NorthBc__DFOCRP.KkHK0R2F-NML1.SM2M-3.20131011_002100Z.flac_26.2s_26.6s_trainstyle.mat,dclde_2027_DFO_CRP_NorthBc,4,DFO_CRP,NorthBc,DFOCRP.KkHK0R2F-NML1.SM2M-3.20131011_002100Z.flac,AB,confounder:abiotic,,,,confounder:abiotic,NA,Detection,0,NA,1000,1218.75,dclde/2027/dclde_2027_killer_whales/dfo_crp/audio/northbc/DFOCRP.KkHK0R2F-NML1.SM2M-3.20131011_002100Z.flac,gs://noaa-passive-bioacoustic/dclde/2027/dclde_2027_killer_whales/dfo_crp/audio/northbc/DFOCRP.KkHK0R2F-NML1.SM2M-3.20131011_002100Z.flac,https://storage.googleapis.com/noaa-passive-bioacoustic/dclde/2027/dclde_2027_killer_whales/dfo_crp/audio/northbc/DFOCRP.KkHK0R2F-NML1.SM2M-3.20131011_002100Z.flac,1,reviewed_confounder,,,,,,DFO_CRP:NorthBc:DFOCRP.KkHK0R2F-NML1.SM2M-3.20131011_002100Z.flac,[],
dclde_DFO_CRP_NorthBc__DFOCRP.KkHK0R2F-NML1.SM2M-3.20131011_002100Z.flac_40.6s_40.9s_trainstyle,dclde_DFO_CRP_NorthBc__DFOCRP.KkHK0R2F-NML1.SM2M-3.20131011_002100Z.flac,DFOCRP.KkHK0R2F-NML1.SM2M-3.20131011_002100Z.flac,DFOCRP.KkHK0R2F-NML1.SM2M-3.20131011_002100Z.flac,40.639000,40.895000,40.639000,40.895000,40.639000,0.256000,dclde_DFO_CRP_NorthBc__DFOCRP.KkHK0R2F-NML1.SM2M-3.20131011_002100Z.flac_40.6s_40.9s_trainstyle.mat,mat_files/dclde_DFO_CRP_NorthBc__DFOCRP.KkHK0R2F-NML1.SM2M-3.20131011_002100Z.flac_40.6s_40.9s_trainstyle.mat,dclde_2027_DFO_CRP_NorthBc,5,DFO_CRP,NorthBc,DFOCRP.KkHK0R2F-NML1.SM2M-3.20131011_002100Z.flac,AB,confounder:abiotic,,,,confounder:abiotic,NA,Detection,0,NA,1062.5,1250,dclde/2027/dclde_2027_killer_whales/dfo_crp/audio/northbc/DFOCRP.KkHK0R2F-NML1.SM2M-3.20131011_002100Z.flac,gs://noaa-passive-bioacoustic/dclde/2027/dclde_2027_killer_whales/dfo_crp/audio/northbc/DFOCRP.KkHK0R2F-NML1.SM2M-3.20131011_002100Z.flac,https://storage.googleapis.com/noaa-passive-bioacoustic/dclde/2027/dclde_2027_killer_whales/dfo_crp/audio/northbc/DFOCRP.KkHK0R2F-NML1.SM2M-3.20131011_002100Z.flac,1,reviewed_confounder,,,,,,DFO_CRP:NorthBc:DFOCRP.KkHK0R2F-NML1.SM2M-3.20131011_002100Z.flac,[],
dclde_DFO_CRP_NorthBc__DFOCRP.KkHK0R2F-NML1.SM2M-3.20131011_002100Z.flac_95.7s_96.0s_trainstyle,dclde_DFO_CRP_NorthBc__DFOCRP.KkHK0R2F-NML1.SM2M-3.20131011_002100Z.flac,DFOCRP.KkHK0R2F-NML1.SM2M-3.20131011_002100Z.flac,DFOCRP.KkHK0R2F-NML1.SM2M-3.20131011_002100Z.flac,95.711000,95.967000,95.711000,95.967000,95.711000,0.256000,dclde_DFO_CRP_NorthBc__DFOCRP.KkHK0R2F-NML1.SM2M-3.20131011_002100Z.flac_95.7s_96.0s_trainstyle.mat,mat_files/dclde_DFO_CRP_NorthBc__DFOCRP.KkHK0R2F-NML1.SM2M-3.20131011_002100Z.flac_95.7s_96.0s_trainstyle.mat,dclde_2027_DFO_CRP_NorthBc,6,DFO_CRP,NorthBc,DFOCRP.KkHK0R2F-NML1.SM2M-3.20131011_002100Z.flac,AB,confounder:abiotic,,,,confounder:abiotic,NA,Detection,0,NA,1062.5,1187.5,dclde/2027/dclde_2027_killer_whales/dfo_crp/audio/northbc/DFOCRP.KkHK0R2F-NML1.SM2M-3.20131011_002100Z.flac,gs://noaa-passive-bioacoustic/dclde/2027/dclde_2027_killer_whales/dfo_crp/audio/northbc/DFOCRP.KkHK0R2F-NML1.SM2M-3.20131011_002100Z.flac,https://storage.googleapis.com/noaa-passive-bioacoustic/dclde/2027/dclde_2027_killer_whales/dfo_crp/audio/northbc/DFOCRP.KkHK0R2F-NML1.SM2M-3.20131011_002100Z.flac,1,reviewed_confounder,,,,,,DFO_CRP:NorthBc:DFOCRP.KkHK0R2F-NML1.SM2M-3.20131011_002100Z.flac,[],
dclde_DFO_CRP_NorthBc__DFOCRP.KkHK0R2F-NML1.SM2M-3.20131011_002100Z.flac_198.0s_198.2s_trainstyle,dclde_DFO_CRP_NorthBc__DFOCRP.KkHK0R2F-NML1.SM2M-3.20131011_002100Z.flac,DFOCRP.KkHK0R2F-NML1.SM2M-3.20131011_002100Z.flac,DFOCRP.KkHK0R2F-NML1.SM2M-3.20131011_002100Z.flac,197.967000,198.239000,197.967000,198.239000,197.967000,0.272000,dclde_DFO_CRP_NorthBc__DFOCRP.KkHK0R2F-NML1.SM2M-3.20131011_002100Z.flac_198.0s_198.2s_trainstyle.mat,mat_files/dclde_DFO_CRP_NorthBc__DFOCRP.KkHK0R2F-NML1.SM2M-3.20131011_002100Z.flac_198.0s_198.2s_trainstyle.mat,dclde_2027_DFO_CRP_NorthBc,7,DFO_CRP,NorthBc,DFOCRP.KkHK0R2F-NML1.SM2M-3.20131011_002100Z.flac,AB,confounder:abiotic,,,,confounder:abiotic,NA,Detection,0,NA,1062.5,1156.25,dclde/2027/dclde_2027_killer_whales/dfo_crp/audio/northbc/DFOCRP.KkHK0R2F-NML1.SM2M-3.20131011_002100Z.flac,gs://noaa-passive-bioacoustic/dclde/2027/dclde_2027_killer_whales/dfo_crp/audio/northbc/DFOCRP.KkHK0R2F-NML1.SM2M-3.20131011_002100Z.flac,https://storage.googleapis.com/noaa-passive-bioacoustic/dclde/2027/dclde_2027_killer_whales/dfo_crp/audio/northbc/DFOCRP.KkHK0R2F-NML1.SM2M-3.20131011_002100Z.flac,1,reviewed_confounder,,,,,,DFO_CRP:NorthBc:DFOCRP.KkHK0R2F-NML1.SM2M-3.20131011_002100Z.flac,[],
dclde_DFO_CRP_NorthBc__DFOCRP.KkHK0R2F-NML1.SM2M-3.20131011_003600Z.flac_1.3s_1.6s_trainstyle,dclde_DFO_CRP_NorthBc__DFOCRP.KkHK0R2F-NML1.SM2M-3.20131011_003600Z.flac,DFOCRP.KkHK0R2F-NML1.SM2M-3.20131011_003600Z.flac,DFOCRP.KkHK0R2F-NML1.SM2M-3.20131011_003600Z.flac,1.327000,1.599000,1.327000,1.599000,1.327000,0.272000,dclde_DFO_CRP_NorthBc__DFOCRP.KkHK0R2F-NML1.SM2M-3.20131011_003600Z.flac_1.3s_1.6s_trainstyle.mat,mat_files/dclde_DFO_CRP_NorthBc__DFOCRP.KkHK0R2F-NML1.SM2M-3.20131011_003600Z.flac_1.3s_1.6s_trainstyle.mat,dclde_2027_DFO_CRP_NorthBc,8,DFO_CRP,NorthBc,DFOCRP.KkHK0R2F-NML1.SM2M-3.20131011_003600Z.flac,AB,confounder:abiotic,,,,confounder:abiotic,NA,Detection,0,NA,5906.25,6125,dclde/2027/dclde_2027_killer_whales/dfo_crp/audio/northbc/DFOCRP.KkHK0R2F-NML1.SM2M-3.20131011_003600Z.flac,gs://noaa-passive-bioacoustic/dclde/2027/dclde_2027_killer_whales/dfo_crp/audio/northbc/DFOCRP.KkHK0R2F-NML1.SM2M-3.20131011_003600Z.flac,https://storage.googleapis.com/noaa-passive-bioacoustic/dclde/2027/dclde_2027_killer_whales/dfo_crp/audio/northbc/DFOCRP.KkHK0R2F-NML1.SM2M-3.20131011_003600Z.flac,1,reviewed_confounder,,,,,,DFO_CRP:NorthBc:DFOCRP.KkHK0R2F-NML1.SM2M-3.20131011_003600Z.flac,[],
dclde_DFO_CRP_NorthBc__DFOCRP.KkHK0R2F-NML1.SM2M-3.20131011_020600Z.flac_253.5s_253.7s_trainstyle,dclde_DFO_CRP_NorthBc__DFOCRP.KkHK0R2F-NML1.SM2M-3.20131011_020600Z.flac,DFOCRP.KkHK0R2F-NML1.SM2M-3.20131011_020600Z.flac,DFOCRP.KkHK0R2F-NML1.SM2M-3.20131011_020600Z.flac,253.455000,253.727000,253.455000,253.727000,253.455000,0.272000,dclde_DFO_CRP_NorthBc__DFOCRP.KkHK0R2F-NML1.SM2M-3.20131011_020600Z.flac_253.5s_253.7s_trainstyle.mat,mat_files/dclde_DFO_CRP_NorthBc__DFOCRP.KkHK0R2F-NML1.SM2M-3.20131011_020600Z.flac_253.5s_253.7s_trainstyle.mat,dclde_2027_DFO_CRP_NorthBc,9,DFO_CRP,NorthBc,DFOCRP.KkHK0R2F-NML1.SM2M-3.20131011_020600Z.flac,HW,species:Mn,species:Mn,Mn,,,NA,Detection,0,NA,781.25,906.25,dclde/2027/dclde_2027_killer_whales/dfo_crp/audio/northbc/DFOCRP.KkHK0R2F-NML1.SM2M-3.20131011_020600Z.flac,gs://noaa-passive-bioacoustic/dclde/2027/dclde_2027_killer_whales/dfo_crp/audio/northbc/DFOCRP.KkHK0R2F-NML1.SM2M-3.20131011_020600Z.flac,https://storage.googleapis.com/noaa-passive-bioacoustic/dclde/2027/dclde_2027_killer_whales/dfo_crp/audio/northbc/DFOCRP.KkHK0R2F-NML1.SM2M-3.20131011_020600Z.flac,0,reviewed,Mn,Mn,,,,DFO_CRP:NorthBc:DFOCRP.KkHK0R2F-NML1.SM2M-3.20131011_020600Z.flac,"[{""call_type"":null,""call_type_name"":null,""review_status"":""reviewed"",""source"":""dclde_2027_DFO_CRP_NorthBc"",""species"":""Humpback whale"",""species_code"":""Mn"",""trainable"":true}]",species:Mn
dclde_DFO_CRP_NorthBc__DFOCRP.KkHK0R2F-NML1.SM2M-3.20131011_022100Z.flac_136.2s_136.4s_trainstyle,dclde_DFO_CRP_NorthBc__DFOCRP.KkHK0R2F-NML1.SM2M-3.20131011_022100Z.flac,DFOCRP.KkHK0R2F-NML1.SM2M-3.20131011_022100Z.flac,DFOCRP.KkHK0R2F-NML1.SM2M-3.20131011_022100Z.flac,136.192000,136.448000,136.192000,136.448000,136.192000,0.256000,dclde_DFO_CRP_NorthBc__DFOCRP.KkHK0R2F-NML1.SM2M-3.20131011_022100Z.flac_136.2s_136.4s_trainstyle.mat,mat_files/dclde_DFO_CRP_NorthBc__DFOCRP.KkHK0R2F-NML1.SM2M-3.20131011_022100Z.flac_136.2s_136.4s_trainstyle.mat,dclde_2027_DFO_CRP_NorthBc,10,DFO_CRP,NorthBc,DFOCRP.KkHK0R2F-NML1.SM2M-3.20131011_022100Z.flac,AB,confounder:abiotic,,,,confounder:abiotic,NA,Detection,0,NA,1218.75,1437.5,dclde/2027/dclde_2027_killer_whales/dfo_crp/audio/northbc/DFOCRP.KkHK0R2F-NML1.SM2M-3.20131011_022100Z.flac,gs://noaa-passive-bioacoustic/dclde/2027/dclde_2027_killer_whales/dfo_crp/audio/northbc/DFOCRP.KkHK0R2F-NML1.SM2M-3.20131011_022100Z.flac,https://storage.googleapis.com/noaa-passive-bioacoustic/dclde/2027/dclde_2027_killer_whales/dfo_crp/audio/northbc/DFOCRP.KkHK0R2F-NML1.SM2M-3.20131011_022100Z.flac,1,reviewed_confounder,,,,,,DFO_CRP:NorthBc:DFOCRP.KkHK0R2F-NML1.SM2M-3.20131011_022100Z.flac,[],
dclde_DFO_CRP_NorthBc__DFOCRP.KkHK0R2F-NML1.SM2M-3.20131011_023600Z.flac_2.3s_2.9s_trainstyle,dclde_DFO_CRP_NorthBc__DFOCRP.KkHK0R2F-NML1.SM2M-3.20131011_023600Z.flac,DFOCRP.KkHK0R2F-NML1.SM2M-3.20131011_023600Z.flac,DFOCRP.KkHK0R2F-NML1.SM2M-3.20131011_023600Z.flac,2.272000,2.928000,2.272000,2.928000,2.272000,0.656000,dclde_DFO_CRP_NorthBc__DFOCRP.KkHK0R2F-NML1.SM2M-3.20131011_023600Z.flac_2.3s_2.9s_trainstyle.mat,mat_files/dclde_DFO_CRP_NorthBc__DFOCRP.KkHK0R2F-NML1.SM2M-3.20131011_023600Z.flac_2.3s_2.9s_trainstyle.mat,dclde_2027_DFO_CRP_NorthBc,11,DFO_CRP,NorthBc,DFOCRP.KkHK0R2F-NML1.SM2M-3.20131011_023600Z.flac,HW,species:Mn,species:Mn,Mn,,,NA,Detection,0,NA,781.25,1250,dclde/2027/dclde_2027_killer_whales/dfo_crp/audio/northbc/DFOCRP.KkHK0R2F-NML1.SM2M-3.20131011_023600Z.flac,gs://noaa-passive-bioacoustic/dclde/2027/dclde_2027_killer_whales/dfo_crp/audio/northbc/DFOCRP.KkHK0R2F-NML1.SM2M-3.20131011_023600Z.flac,https://storage.googleapis.com/noaa-passive-bioacoustic/dclde/2027/dclde_2027_killer_whales/dfo_crp/audio/northbc/DFOCRP.KkHK0R2F-NML1.SM2M-3.20131011_023600Z.flac,0,reviewed,Mn,Mn,,,,DFO_CRP:NorthBc:DFOCRP.KkHK0R2F-NML1.SM2M-3.20131011_023600Z.flac,"[{""call_type"":null,""call_type_name"":null,""review_status"":""reviewed"",""source"":""dclde_2027_DFO_CRP_NorthBc"",""species"":""Humpback whale"",""species_code"":""Mn"",""trainable"":true}]",species:Mn
dclde_DFO_CRP_NorthBc__DFOCRP.KkHK0R2F-NML1.SM2M-3.20131011_023600Z.flac_4.0s_4.9s_trainstyle,dclde_DFO_CRP_NorthBc__DFOCRP.KkHK0R2F-NML1.SM2M-3.20131011_023600Z.flac,DFOCRP.KkHK0R2F-NML1.SM2M-3.20131011_023600Z.flac,DFOCRP.KkHK0R2F-NML1.SM2M-3.20131011_023600Z.flac,4.000000,4.880000,4.000000,4.880000,4.000000,0.880000,dclde_DFO_CRP_NorthBc__DFOCRP.KkHK0R2F-NML1.SM2M-3.20131011_023600Z.flac_4.0s_4.9s_trainstyle.mat,mat_files/dclde_DFO_CRP_NorthBc__DFOCRP.KkHK0R2F-NML1.SM2M-3.20131011_023600Z.flac_4.0s_4.9s_trainstyle.mat,dclde_2027_DFO_CRP_NorthBc,12,DFO_CRP,NorthBc,DFOCRP.KkHK0R2F-NML1.SM2M-3.20131011_023600Z.flac,HW,species:Mn,species:Mn,Mn,,,NA,Detection,0,NA,781.25,906.25,dclde/2027/dclde_2027_killer_whales/dfo_crp/audio/northbc/DFOCRP.KkHK0R2F-NML1.SM2M-3.20131011_023600Z.flac,gs://noaa-passive-bioacoustic/dclde/2027/dclde_2027_killer_whales/dfo_crp/audio/northbc/DFOCRP.KkHK0R2F-NML1.SM2M-3.20131011_023600Z.flac,https://storage.googleapis.com/noaa-passive-bioacoustic/dclde/2027/dclde_2027_killer_whales/dfo_crp/audio/northbc/DFOCRP.KkHK0R2F-NML1.SM2M-3.20131011_023600Z.flac,0,reviewed,Mn,Mn,,,,DFO_CRP:NorthBc:DFOCRP.KkHK0R2F-NML1.SM2M-3.20131011_023600Z.flac,"[{""call_type"":null,""call_type_name"":null,""review_status"":""reviewed"",""source"":""dclde_2027_DFO_CRP_NorthBc"",""species"":""Humpback whale"",""species_code"":""Mn"",""trainable"":true}]",species:Mn
dclde_DFO_CRP_NorthBc__DFOCRP.KkHK0R2F-NML1.SM2M-3.20131011_023600Z.flac_7.7s_8.1s_trainstyle,dclde_DFO_CRP_NorthBc__DFOCRP.KkHK0R2F-NML1.SM2M-3.20131011_023600Z.flac,DFOCRP.KkHK0R2F-NML1.SM2M-3.20131011_023600Z.flac,DFOCRP.KkHK0R2F-NML1.SM2M-3.20131011_023600Z.flac,7.696000,8.080000,7.696000,8.080000,7.696000,0.384000,dclde_DFO_CRP_NorthBc__DFOCRP.KkHK0R2F-NML1.SM2M-3.20131011_023600Z.flac_7.7s_8.1s_trainstyle.mat,mat_files/dclde_DFO_CRP_NorthBc__DFOCRP.KkHK0R2F-NML1.SM2M-3.20131011_023600Z.flac_7.7s_8.1s_trainstyle.mat,dclde_2027_DFO_CRP_NorthBc,13,DFO_CRP,NorthBc,DFOCRP.KkHK0R2F-NML1.SM2M-3.20131011_023600Z.flac,HW,species:Mn,species:Mn,Mn,,,NA,Detection,0,NA,1062.5,1343.75,dclde/2027/dclde_2027_killer_whales/dfo_crp/audio/northbc/DFOCRP.KkHK0R2F-NML1.SM2M-3.20131011_023600Z.flac,gs://noaa-passive-bioacoustic/dclde/2027/dclde_2027_killer_whales/dfo_crp/audio/northbc/DFOCRP.KkHK0R2F-NML1.SM2M-3.20131011_023600Z.flac,https://storage.googleapis.com/noaa-passive-bioacoustic/dclde/2027/dclde_2027_killer_whales/dfo_crp/audio/northbc/DFOCRP.KkHK0R2F-NML1.SM2M-3.20131011_023600Z.flac,0,reviewed,Mn,Mn,,,,DFO_CRP:NorthBc:DFOCRP.KkHK0R2F-NML1.SM2M-3.20131011_023600Z.flac,"[{""call_type"":null,""call_type_name"":null,""review_status"":""reviewed"",""source"":""dclde_2027_DFO_CRP_NorthBc"",""species"":""Humpback whale"",""species_code"":""Mn"",""trainable"":true}]",species:Mn
dclde_DFO_CRP_NorthBc__DFOCRP.KkHK0R2F-NML1.SM2M-3.20131011_023600Z.flac_93.6s_94.5s_trainstyle,dclde_DFO_CRP_NorthBc__DFOCRP.KkHK0R2F-NML1.SM2M-3.20131011_023600Z.flac,DFOCRP.KkHK0R2F-NML1.SM2M-3.20131011_023600Z.flac,DFOCRP.KkHK0R2F-NML1.SM2M-3.20131011_023600Z.flac,93.600000,94.544000,93.600000,94.544000,93.600000,0.944000,dclde_DFO_CRP_NorthBc__DFOCRP.KkHK0R2F-NML1.SM2M-3.20131011_023600Z.flac_93.6s_94.5s_trainstyle.mat,mat_files/dclde_DFO_CRP_NorthBc__DFOCRP.KkHK0R2F-NML1.SM2M-3.20131011_023600Z.flac_93.6s_94.5s_trainstyle.mat,dclde_2027_DFO_CRP_NorthBc,14,DFO_CRP,NorthBc,DFOCRP.KkHK0R2F-NML1.SM2M-3.20131011_023600Z.flac,HW,species:Mn,species:Mn,Mn,,,NA,Detection,0,NA,2218.75,2625,dclde/2027/dclde_2027_killer_whales/dfo_crp/audio/northbc/DFOCRP.KkHK0R2F-NML1.SM2M-3.20131011_023600Z.flac,gs://noaa-passive-bioacoustic/dclde/2027/dclde_2027_killer_whales/dfo_crp/audio/northbc/DFOCRP.KkHK0R2F-NML1.SM2M-3.20131011_023600Z.flac,https://storage.googleapis.com/noaa-passive-bioacoustic/dclde/2027/dclde_2027_killer_whales/dfo_crp/audio/northbc/DFOCRP.KkHK0R2F-NML1.SM2M-3.20131011_023600Z.flac,0,reviewed,Mn,Mn,,,,DFO_CRP:NorthBc:DFOCRP.KkHK0R2F-NML1.SM2M-3.20131011_023600Z.flac,"[{""call_type"":null,""call_type_name"":null,""review_status"":""reviewed"",""source"":""dclde_2027_DFO_CRP_NorthBc"",""species"":""Humpback whale"",""species_code"":""Mn"",""trainable"":true}]",species:Mn
dclde_DFO_CRP_NorthBc__DFOCRP.KkHK0R2F-NML1.SM2M-3.20131011_023600Z.flac_95.2s_95.4s_trainstyle,dclde_DFO_CRP_NorthBc__DFOCRP.KkHK0R2F-NML1.SM2M-3.20131011_023600Z.flac,DFOCRP.KkHK0R2F-NML1.SM2M-3.20131011_023600Z.flac,DFOCRP.KkHK0R2F-NML1.SM2M-3.20131011_023600Z.flac,95.151000,95.407000,95.151000,95.407000,95.151000,0.256000,dclde_DFO_CRP_NorthBc__DFOCRP.KkHK0R2F-NML1.SM2M-3.20131011_023600Z.flac_95.2s_95.4s_trainstyle.mat,mat_files/dclde_DFO_CRP_NorthBc__DFOCRP.KkHK0R2F-NML1.SM2M-3.20131011_023600Z.flac_95.2s_95.4s_trainstyle.mat,dclde_2027_DFO_CRP_NorthBc,15,DFO_CRP,NorthBc,DFOCRP.KkHK0R2F-NML1.SM2M-3.20131011_023600Z.flac,HW,species:Mn,species:Mn,Mn,,,NA,Detection,0,NA,1281.25,1406.25,dclde/2027/dclde_2027_killer_whales/dfo_crp/audio/northbc/DFOCRP.KkHK0R2F-NML1.SM2M-3.20131011_023600Z.flac,gs://noaa-passive-bioacoustic/dclde/2027/dclde_2027_killer_whales/dfo_crp/audio/northbc/DFOCRP.KkHK0R2F-NML1.SM2M-3.20131011_023600Z.flac,https://storage.googleapis.com/noaa-passive-bioacoustic/dclde/2027/dclde_2027_killer_whales/dfo_crp/audio/northbc/DFOCRP.KkHK0R2F-NML1.SM2M-3.20131011_023600Z.flac,0,reviewed,Mn,Mn,,,,DFO_CRP:NorthBc:DFOCRP.KkHK0R2F-NML1.SM2M-3.20131011_023600Z.flac,"[{""call_type"":null,""call_type_name"":null,""review_status"":""reviewed"",""source"":""dclde_2027_DFO_CRP_NorthBc"",""species"":""Humpback whale"",""species_code"":""Mn"",""trainable"":true}]",species:Mn
dclde_DFO_CRP_NorthBc__DFOCRP.KkHK0R2F-NML1.SM2M-3.20131011_023600Z.flac_97.6s_98.7s_trainstyle,dclde_DFO_CRP_NorthBc__DFOCRP.KkHK0R2F-NML1.SM2M-3.20131011_023600Z.flac,DFOCRP.KkHK0R2F-NML1.SM2M-3.20131011_023600Z.flac,DFOCRP.KkHK0R2F-NML1.SM2M-3.20131011_023600Z.flac,97.615000,98.655000,97.615000,98.655000,97.615000,1.040000,dclde_DFO_CRP_NorthBc__DFOCRP.KkHK0R2F-NML1.SM2M-3.20131011_023600Z.flac_97.6s_98.7s_trainstyle.mat,mat_files/dclde_DFO_CRP_NorthBc__DFOCRP.KkHK0R2F-NML1.SM2M-3.20131011_023600Z.flac_97.6s_98.7s_trainstyle.mat,dclde_2027_DFO_CRP_NorthBc,16,DFO_CRP,NorthBc,DFOCRP.KkHK0R2F-NML1.SM2M-3.20131011_023600Z.flac,HW,species:Mn,species:Mn,Mn,,,NA,Detection,0,NA,1968.75,2156.25,dclde/2027/dclde_2027_killer_whales/dfo_crp/audio/northbc/DFOCRP.KkHK0R2F-NML1.SM2M-3.20131011_023600Z.flac,gs://noaa-passive-bioacoustic/dclde/2027/dclde_2027_killer_whales/dfo_crp/audio/northbc/DFOCRP.KkHK0R2F-NML1.SM2M-3.20131011_023600Z.flac,https://storage.googleapis.com/noaa-passive-bioacoustic/dclde/2027/dclde_2027_killer_whales/dfo_crp/audio/northbc/DFOCRP.KkHK0R2F-NML1.SM2M-3.20131011_023600Z.flac,0,reviewed,Mn,Mn,,,,DFO_CRP:NorthBc:DFOCRP.KkHK0R2F-NML1.SM2M-3.20131011_023600Z.flac,"[{""call_type"":null,""call_type_name"":null,""review_status"":""reviewed"",""source"":""dclde_2027_DFO_CRP_NorthBc"",""species"":""Humpback whale"",""species_code"":""Mn"",""trainable"":true}]",species:Mn
dclde_DFO_CRP_NorthBc__DFOCRP.KkHK0R2F-NML1.SM2M-3.20131011_023600Z.flac_100.2s_100.4s_trainstyle,dclde_DFO_CRP_NorthBc__DFOCRP.KkHK0R2F-NML1.SM2M-3.20131011_023600Z.flac,DFOCRP.KkHK0R2F-NML1.SM2M-3.20131011_023600Z.flac,DFOCRP.KkHK0R2F-NML1.SM2M-3.20131011_023600Z.flac,100.176000,100.448000,100.176000,100.448000,100.176000,0.272000,dclde_DFO_CRP_NorthBc__DFOCRP.KkHK0R2F-NML1.SM2M-3.20131011_023600Z.flac_100.2s_100.4s_trainstyle.mat,mat_files/dclde_DFO_CRP_NorthBc__DFOCRP.KkHK0R2F-NML1.SM2M-3.20131011_023600Z.flac_100.2s_100.4s_trainstyle.mat,dclde_2027_DFO_CRP_NorthBc,17,DFO_CRP,NorthBc,DFOCRP.KkHK0R2F-NML1.SM2M-3.20131011_023600Z.flac,HW,species:Mn,species:Mn,Mn,,,NA,Detection,0,NA,2000,2125,dclde/2027/dclde_2027_killer_whales/dfo_crp/audio/northbc/DFOCRP.KkHK0R2F-NML1.SM2M-3.20131011_023600Z.flac,gs://noaa-passive-bioacoustic/dclde/2027/dclde_2027_killer_whales/dfo_crp/audio/northbc/DFOCRP.KkHK0R2F-NML1.SM2M-3.20131011_023600Z.flac,https://storage.googleapis.com/noaa-passive-bioacoustic/dclde/2027/dclde_2027_killer_whales/dfo_crp/audio/northbc/DFOCRP.KkHK0R2F-NML1.SM2M-3.20131011_023600Z.flac,0,reviewed,Mn,Mn,,,,DFO_CRP:NorthBc:DFOCRP.KkHK0R2F-NML1.SM2M-3.20131011_023600Z.flac,"[{""call_type"":null,""call_type_name"":null,""review_status"":""reviewed"",""source"":""dclde_2027_DFO_CRP_NorthBc"",""species"":""Humpback whale"",""species_code"":""Mn"",""trainable"":true}]",species:Mn
dclde_DFO_CRP_NorthBc__DFOCRP.KkHK0R2F-NML1.SM2M-3.20131011_023600Z.flac_106.1s_106.9s_trainstyle,dclde_DFO_CRP_NorthBc__DFOCRP.KkHK0R2F-NML1.SM2M-3.20131011_023600Z.flac,DFOCRP.KkHK0R2F-NML1.SM2M-3.20131011_023600Z.flac,DFOCRP.KkHK0R2F-NML1.SM2M-3.20131011_023600Z.flac,106.111000,106.943000,106.111000,106.943000,106.111000,0.832000,dclde_DFO_CRP_NorthBc__DFOCRP.KkHK0R2F-NML1.SM2M-3.20131011_023600Z.flac_106.1s_106.9s_trainstyle.mat,mat_files/dclde_DFO_CRP_NorthBc__DFOCRP.KkHK0R2F-NML1.SM2M-3.20131011_023600Z.flac_106.1s_106.9s_trainstyle.mat,dclde_2027_DFO_CRP_NorthBc,18,DFO_CRP,NorthBc,DFOCRP.KkHK0R2F-NML1.SM2M-3.20131011_023600Z.flac,HW,species:Mn,species:Mn,Mn,,,NA,Detection,0,NA,906.25,1093.75,dclde/2027/dclde_2027_killer_whales/dfo_crp/audio/northbc/DFOCRP.KkHK0R2F-NML1.SM2M-3.20131011_023600Z.flac,gs://noaa-passive-bioacoustic/dclde/2027/dclde_2027_killer_whales/dfo_crp/audio/northbc/DFOCRP.KkHK0R2F-NML1.SM2M-3.20131011_023600Z.flac,https://storage.googleapis.com/noaa-passive-bioacoustic/dclde/2027/dclde_2027_killer_whales/dfo_crp/audio/northbc/DFOCRP.KkHK0R2F-NML1.SM2M-3.20131011_023600Z.flac,0,reviewed,Mn,Mn,,,,DFO_CRP:NorthBc:DFOCRP.KkHK0R2F-NML1.SM2M-3.20131011_023600Z.flac,"[{""call_type"":null,""call_type_name"":null,""review_status"":""reviewed"",""source"":""dclde_2027_DFO_CRP_NorthBc"",""species"":""Humpback whale"",""species_code"":""Mn"",""trainable"":true}]",species:Mn
dclde_DFO_CRP_NorthBc__DFOCRP.KkHK0R2F-NML1.SM2M-3.20131011_023600Z.flac_110.3s_110.8s_trainstyle,dclde_DFO_CRP_NorthBc__DFOCRP.KkHK0R2F-NML1.SM2M-3.20131011_023600Z.flac,DFOCRP.KkHK0R2F-NML1.SM2M-3.20131011_023600Z.flac,DFOCRP.KkHK0R2F-NML1.SM2M-3.20131011_023600Z.flac,110.319000,110.751000,110.319000,110.751000,110.319000,0.432000,dclde_DFO_CRP_NorthBc__DFOCRP.KkHK0R2F-NML1.SM2M-3.20131011_023600Z.flac_110.3s_110.8s_trainstyle.mat,mat_files/dclde_DFO_CRP_NorthBc__DFOCRP.KkHK0R2F-NML1.SM2M-3.20131011_023600Z.flac_110.3s_110.8s_trainstyle.mat,dclde_2027_DFO_CRP_NorthBc,19,DFO_CRP,NorthBc,DFOCRP.KkHK0R2F-NML1.SM2M-3.20131011_023600Z.flac,HW,species:Mn,species:Mn,Mn,,,NA,Detection,0,NA,2000,2093.75,dclde/2027/dclde_2027_killer_whales/dfo_crp/audio/northbc/DFOCRP.KkHK0R2F-NML1.SM2M-3.20131011_023600Z.flac,gs://noaa-passive-bioacoustic/dclde/2027/dclde_2027_killer_whales/dfo_crp/audio/northbc/DFOCRP.KkHK0R2F-NML1.SM2M-3.20131011_023600Z.flac,https://storage.googleapis.com/noaa-passive-bioacoustic/dclde/2027/dclde_2027_killer_whales/dfo_crp/audio/northbc/DFOCRP.KkHK0R2F-NML1.SM2M-3.20131011_023600Z.flac,0,reviewed,Mn,Mn,,,,DFO_CRP:NorthBc:DFOCRP.KkHK0R2F-NML1.SM2M-3.20131011_023600Z.flac,"[{""call_type"":null,""call_type_name"":null,""review_status"":""reviewed"",""source"":""dclde_2027_DFO_CRP_NorthBc"",""species"":""Humpback whale"",""species_code"":""Mn"",""trainable"":true}]",species:Mn
dclde_DFO_CRP_NorthBc__DFOCRP.KkHK0R2F-NML1.SM2M-3.20131011_023600Z.flac_113.0s_113.6s_trainstyle,dclde_DFO_CRP_NorthBc__DFOCRP.KkHK0R2F-NML1.SM2M-3.20131011_023600Z.flac,DFOCRP.KkHK0R2F-NML1.SM2M-3.20131011_023600Z.flac,DFOCRP.KkHK0R2F-NML1.SM2M-3.20131011_023600Z.flac,112.959000,113.631000,112.959000,113.631000,112.959000,0.672000,dclde_DFO_CRP_NorthBc__DFOCRP.KkHK0R2F-NML1.SM2M-3.20131011_023600Z.flac_113.0s_113.6s_trainstyle.mat,mat_files/dclde_DFO_CRP_NorthBc__DFOCRP.KkHK0R2F-NML1.SM2M-3.20131011_023600Z.flac_113.0s_113.6s_trainstyle.mat,dclde_2027_DFO_CRP_NorthBc,20,DFO_CRP,NorthBc,DFOCRP.KkHK0R2F-NML1.SM2M-3.20131011_023600Z.flac,HW,species:Mn,species:Mn,Mn,,,NA,Detection,0,NA,1968.75,2156.25,dclde/2027/dclde_2027_killer_whales/dfo_crp/audio/northbc/DFOCRP.KkHK0R2F-NML1.SM2M-3.20131011_023600Z.flac,gs://noaa-passive-bioacoustic/dclde/2027/dclde_2027_killer_whales/dfo_crp/audio/northbc/DFOCRP.KkHK0R2F-NML1.SM2M-3.20131011_023600Z.flac,https://storage.googleapis.com/noaa-passive-bioacoustic/dclde/2027/dclde_2027_killer_whales/dfo_crp/audio/northbc/DFOCRP.KkHK0R2F-NML1.SM2M-3.20131011_023600Z.flac,0,reviewed,Mn,Mn,,,,DFO_CRP:NorthBc:DFOCRP.KkHK0R2F-NML1.SM2M-3.20131011_023600Z.flac,"[{""call_type"":null,""call_type_name"":null,""review_status"":""reviewed"",""source"":""dclde_2027_DFO_CRP_NorthBc"",""species"":""Humpback whale"",""species_code"":""Mn"",""trainable"":true}]",species:Mn
dclde_DFO_CRP_NorthBc__DFOCRP.KkHK0R2F-NML1.SM2M-3.20131011_023600Z.flac_162.6s_163.9s_trainstyle,dclde_DFO_CRP_NorthBc__DFOCRP.KkHK0R2F-NML1.SM2M-3.20131011_023600Z.flac,DFOCRP.KkHK0R2F-NML1.SM2M-3.20131011_023600Z.flac,DFOCRP.KkHK0R2F-NML1.SM2M-3.20131011_023600Z.flac,162.559000,163.887000,162.559000,163.887000,162.559000,1.328000,dclde_DFO_CRP_NorthBc__DFOCRP.KkHK0R2F-NML1.SM2M-3.20131011_023600Z.flac_162.6s_163.9s_trainstyle.mat,mat_files/dclde_DFO_CRP_NorthBc__DFOCRP.KkHK0R2F-NML1.SM2M-3.20131011_023600Z.flac_162.6s_163.9s_trainstyle.mat,dclde_2027_DFO_CRP_NorthBc,21,DFO_CRP,NorthBc,DFOCRP.KkHK0R2F-NML1.SM2M-3.20131011_023600Z.flac,HW,species:Mn,species:Mn,Mn,,,NA,Detection,0,NA,1000,1125,dclde/2027/dclde_2027_killer_whales/dfo_crp/audio/northbc/DFOCRP.KkHK0R2F-NML1.SM2M-3.20131011_023600Z.flac,gs://noaa-passive-bioacoustic/dclde/2027/dclde_2027_killer_whales/dfo_crp/audio/northbc/DFOCRP.KkHK0R2F-NML1.SM2M-3.20131011_023600Z.flac,https://storage.googleapis.com/noaa-passive-bioacoustic/dclde/2027/dclde_2027_killer_whales/dfo_crp/audio/northbc/DFOCRP.KkHK0R2F-NML1.SM2M-3.20131011_023600Z.flac,0,reviewed,Mn,Mn,,,,DFO_CRP:NorthBc:DFOCRP.KkHK0R2F-NML1.SM2M-3.20131011_023600Z.flac,"[{""call_type"":null,""call_type_name"":null,""review_status"":""reviewed"",""source"":""dclde_2027_DFO_CRP_NorthBc"",""species"":""Humpback whale"",""species_code"":""Mn"",""trainable"":true}]",species:Mn
dclde_DFO_CRP_NorthBc__DFOCRP.KkHK0R2F-NML1.SM2M-3.20131011_023600Z.flac_206.4s_206.7s_trainstyle,dclde_DFO_CRP_NorthBc__DFOCRP.KkHK0R2F-NML1.SM2M-3.20131011_023600Z.flac,DFOCRP.KkHK0R2F-NML1.SM2M-3.20131011_023600Z.flac,DFOCRP.KkHK0R2F-NML1.SM2M-3.20131011_023600Z.flac,206.431000,206.735000,206.431000,206.735000,206.431000,0.304000,dclde_DFO_CRP_NorthBc__DFOCRP.KkHK0R2F-NML1.SM2M-3.20131011_023600Z.flac_206.4s_206.7s_trainstyle.mat,mat_files/dclde_DFO_CRP_NorthBc__DFOCRP.KkHK0R2F-NML1.SM2M-3.20131011_023600Z.flac_206.4s_206.7s_trainstyle.mat,dclde_2027_DFO_CRP_NorthBc,22,DFO_CRP,NorthBc,DFOCRP.KkHK0R2F-NML1.SM2M-3.20131011_023600Z.flac,HW,species:Mn,species:Mn,Mn,,,NA,Detection,0,NA,1000,1093.75,dclde/2027/dclde_2027_killer_whales/dfo_crp/audio/northbc/DFOCRP.KkHK0R2F-NML1.SM2M-3.20131011_023600Z.flac,gs://noaa-passive-bioacoustic/dclde/2027/dclde_2027_killer_whales/dfo_crp/audio/northbc/DFOCRP.KkHK0R2F-NML1.SM2M-3.20131011_023600Z.flac,https://storage.googleapis.com/noaa-passive-bioacoustic/dclde/2027/dclde_2027_killer_whales/dfo_crp/audio/northbc/DFOCRP.KkHK0R2F-NML1.SM2M-3.20131011_023600Z.flac,0,reviewed,Mn,Mn,,,,DFO_CRP:NorthBc:DFOCRP.KkHK0R2F-NML1.SM2M-3.20131011_023600Z.flac,"[{""call_type"":null,""call_type_name"":null,""review_status"":""reviewed"",""source"":""dclde_2027_DFO_CRP_NorthBc"",""species"":""Humpback whale"",""species_code"":""Mn"",""trainable"":true}]",species:Mn
dclde_DFO_CRP_NorthBc__DFOCRP.KkHK0R2F-NML1.SM2M-3.20131011_023600Z.flac_207.5s_207.9s_trainstyle,dclde_DFO_CRP_NorthBc__DFOCRP.KkHK0R2F-NML1.SM2M-3.20131011_023600Z.flac,DFOCRP.KkHK0R2F-NML1.SM2M-3.20131011_023600Z.flac,DFOCRP.KkHK0R2F-NML1.SM2M-3.20131011_023600Z.flac,207.472000,207.871000,207.472000,207.871000,207.472000,0.399000,dclde_DFO_CRP_NorthBc__DFOCRP.KkHK0R2F-NML1.SM2M-3.20131011_023600Z.flac_207.5s_207.9s_trainstyle.mat,mat_files/dclde_DFO_CRP_NorthBc__DFOCRP.KkHK0R2F-NML1.SM2M-3.20131011_023600Z.flac_207.5s_207.9s_trainstyle.mat,dclde_2027_DFO_CRP_NorthBc,23,DFO_CRP,NorthBc,DFOCRP.KkHK0R2F-NML1.SM2M-3.20131011_023600Z.flac,HW,species:Mn,species:Mn,Mn,,,NA,Detection,0,NA,1500,1625,dclde/2027/dclde_2027_killer_whales/dfo_crp/audio/northbc/DFOCRP.KkHK0R2F-NML1.SM2M-3.20131011_023600Z.flac,gs://noaa-passive-bioacoustic/dclde/2027/dclde_2027_killer_whales/dfo_crp/audio/northbc/DFOCRP.KkHK0R2F-NML1.SM2M-3.20131011_023600Z.flac,https://storage.googleapis.com/noaa-passive-bioacoustic/dclde/2027/dclde_2027_killer_whales/dfo_crp/audio/northbc/DFOCRP.KkHK0R2F-NML1.SM2M-3.20131011_023600Z.flac,0,reviewed,Mn,Mn,,,,DFO_CRP:NorthBc:DFOCRP.KkHK0R2F-NML1.SM2M-3.20131011_023600Z.flac,"[{""call_type"":null,""call_type_name"":null,""review_status"":""reviewed"",""source"":""dclde_2027_DFO_CRP_NorthBc"",""species"":""Humpback whale"",""species_code"":""Mn"",""trainable"":true}]",species:Mn
dclde_DFO_CRP_NorthBc__DFOCRP.KkHK0R2F-NML1.SM2M-3.20131011_023600Z.flac_208.6s_209.4s_trainstyle,dclde_DFO_CRP_NorthBc__DFOCRP.KkHK0R2F-NML1.SM2M-3.20131011_023600Z.flac,DFOCRP.KkHK0R2F-NML1.SM2M-3.20131011_023600Z.flac,DFOCRP.KkHK0R2F-NML1.SM2M-3.20131011_023600Z.flac,208.607000,209.423000,208.607000,209.423000,208.607000,0.816000,dclde_DFO_CRP_NorthBc__DFOCRP.KkHK0R2F-NML1.SM2M-3.20131011_023600Z.flac_208.6s_209.4s_trainstyle.mat,mat_files/dclde_DFO_CRP_NorthBc__DFOCRP.KkHK0R2F-NML1.SM2M-3.20131011_023600Z.flac_208.6s_209.4s_trainstyle.mat,dclde_2027_DFO_CRP_NorthBc,24,DFO_CRP,NorthBc,DFOCRP.KkHK0R2F-NML1.SM2M-3.20131011_023600Z.flac,HW,species:Mn,species:Mn,Mn,,,NA,Detection,0,NA,1437.5,1656.25,dclde/2027/dclde_2027_killer_whales/dfo_crp/audio/northbc/DFOCRP.KkHK0R2F-NML1.SM2M-3.20131011_023600Z.flac,gs://noaa-passive-bioacoustic/dclde/2027/dclde_2027_killer_whales/dfo_crp/audio/northbc/DFOCRP.KkHK0R2F-NML1.SM2M-3.20131011_023600Z.flac,https://storage.googleapis.com/noaa-passive-bioacoustic/dclde/2027/dclde_2027_killer_whales/dfo_crp/audio/northbc/DFOCRP.KkHK0R2F-NML1.SM2M-3.20131011_023600Z.flac,0,reviewed,Mn,Mn,,,,DFO_CRP:NorthBc:DFOCRP.KkHK0R2F-NML1.SM2M-3.20131011_023600Z.flac,"[{""call_type"":null,""call_type_name"":null,""review_status"":""reviewed"",""source"":""dclde_2027_DFO_CRP_NorthBc"",""species"":""Humpback whale"",""species_code"":""Mn"",""trainable"":true}]",species:Mn
dclde_DFO_CRP_NorthBc__DFOCRP.KkHK0R2F-NML1.SM2M-3.20131011_023600Z.flac_213.1s_213.4s_trainstyle,dclde_DFO_CRP_NorthBc__DFOCRP.KkHK0R2F-NML1.SM2M-3.20131011_023600Z.flac,DFOCRP.KkHK0R2F-NML1.SM2M-3.20131011_023600Z.flac,DFOCRP.KkHK0R2F-NML1.SM2M-3.20131011_023600Z.flac,213.072000,213.360000,213.072000,213.360000,213.072000,0.288000,dclde_DFO_CRP_NorthBc__DFOCRP.KkHK0R2F-NML1.SM2M-3.20131011_023600Z.flac_213.1s_213.4s_trainstyle.mat,mat_files/dclde_DFO_CRP_NorthBc__DFOCRP.KkHK0R2F-NML1.SM2M-3.20131011_023600Z.flac_213.1s_213.4s_trainstyle.mat,dclde_2027_DFO_CRP_NorthBc,25,DFO_CRP,NorthBc,DFOCRP.KkHK0R2F-NML1.SM2M-3.20131011_023600Z.flac,HW,species:Mn,species:Mn,Mn,,,NA,Detection,0,NA,2031.25,2156.25,dclde/2027/dclde_2027_killer_whales/dfo_crp/audio/northbc/DFOCRP.KkHK0R2F-NML1.SM2M-3.20131011_023600Z.flac,gs://noaa-passive-bioacoustic/dclde/2027/dclde_2027_killer_whales/dfo_crp/audio/northbc/DFOCRP.KkHK0R2F-NML1.SM2M-3.20131011_023600Z.flac,https://storage.googleapis.com/noaa-passive-bioacoustic/dclde/2027/dclde_2027_killer_whales/dfo_crp/audio/northbc/DFOCRP.KkHK0R2F-NML1.SM2M-3.20131011_023600Z.flac,0,reviewed,Mn,Mn,,,,DFO_CRP:NorthBc:DFOCRP.KkHK0R2F-NML1.SM2M-3.20131011_023600Z.flac,"[{""call_type"":null,""call_type_name"":null,""review_status"":""reviewed"",""source"":""dclde_2027_DFO_CRP_NorthBc"",""species"":""Humpback whale"",""species_code"":""Mn"",""trainable"":true}]",species:Mn
dclde_DFO_CRP_NorthBc__DFOCRP.KkHK0R2F-NML1.SM2M-3.20131011_023600Z.flac_213.7s_214.3s_trainstyle,dclde_DFO_CRP_NorthBc__DFOCRP.KkHK0R2F-NML1.SM2M-3.20131011_023600Z.flac,DFOCRP.KkHK0R2F-NML1.SM2M-3.20131011_023600Z.flac,DFOCRP.KkHK0R2F-NML1.SM2M-3.20131011_023600Z.flac,213.743000,214.287000,213.743000,214.287000,213.743000,0.544000,dclde_DFO_CRP_NorthBc__DFOCRP.KkHK0R2F-NML1.SM2M-3.20131011_023600Z.flac_213.7s_214.3s_trainstyle.mat,mat_files/dclde_DFO_CRP_NorthBc__DFOCRP.KkHK0R2F-NML1.SM2M-3.20131011_023600Z.flac_213.7s_214.3s_trainstyle.mat,dclde_2027_DFO_CRP_NorthBc,26,DFO_CRP,NorthBc,DFOCRP.KkHK0R2F-NML1.SM2M-3.20131011_023600Z.flac,HW,species:Mn,species:Mn,Mn,,,NA,Detection,0,NA,906.25,1093.75,dclde/2027/dclde_2027_killer_whales/dfo_crp/audio/northbc/DFOCRP.KkHK0R2F-NML1.SM2M-3.20131011_023600Z.flac,gs://noaa-passive-bioacoustic/dclde/2027/dclde_2027_killer_whales/dfo_crp/audio/northbc/DFOCRP.KkHK0R2F-NML1.SM2M-3.20131011_023600Z.flac,https://storage.googleapis.com/noaa-passive-bioacoustic/dclde/2027/dclde_2027_killer_whales/dfo_crp/audio/northbc/DFOCRP.KkHK0R2F-NML1.SM2M-3.20131011_023600Z.flac,0,reviewed,Mn,Mn,,,,DFO_CRP:NorthBc:DFOCRP.KkHK0R2F-NML1.SM2M-3.20131011_023600Z.flac,"[{""call_type"":null,""call_type_name"":null,""review_status"":""reviewed"",""source"":""dclde_2027_DFO_CRP_NorthBc"",""species"":""Humpback whale"",""species_code"":""Mn"",""trainable"":true}]",species:Mn
dclde_DFO_CRP_NorthBc__DFOCRP.KkHK0R2F-NML1.SM2M-3.20131011_023600Z.flac_216.7s_217.0s_trainstyle,dclde_DFO_CRP_NorthBc__DFOCRP.KkHK0R2F-NML1.SM2M-3.20131011_023600Z.flac,DFOCRP.KkHK0R2F-NML1.SM2M-3.20131011_023600Z.flac,DFOCRP.KkHK0R2F-NML1.SM2M-3.20131011_023600Z.flac,216.688000,216.992000,216.688000,216.992000,216.688000,0.304000,dclde_DFO_CRP_NorthBc__DFOCRP.KkHK0R2F-NML1.SM2M-3.20131011_023600Z.flac_216.7s_217.0s_trainstyle.mat,mat_files/dclde_DFO_CRP_NorthBc__DFOCRP.KkHK0R2F-NML1.SM2M-3.20131011_023600Z.flac_216.7s_217.0s_trainstyle.mat,dclde_2027_DFO_CRP_NorthBc,27,DFO_CRP,NorthBc,DFOCRP.KkHK0R2F-NML1.SM2M-3.20131011_023600Z.flac,HW,species:Mn,species:Mn,Mn,,,NA,Detection,0,NA,2000,2156.25,dclde/2027/dclde_2027_killer_whales/dfo_crp/audio/northbc/DFOCRP.KkHK0R2F-NML1.SM2M-3.20131011_023600Z.flac,gs://noaa-passive-bioacoustic/dclde/2027/dclde_2027_killer_whales/dfo_crp/audio/northbc/DFOCRP.KkHK0R2F-NML1.SM2M-3.20131011_023600Z.flac,https://storage.googleapis.com/noaa-passive-bioacoustic/dclde/2027/dclde_2027_killer_whales/dfo_crp/audio/northbc/DFOCRP.KkHK0R2F-NML1.SM2M-3.20131011_023600Z.flac,0,reviewed,Mn,Mn,,,,DFO_CRP:NorthBc:DFOCRP.KkHK0R2F-NML1.SM2M-3.20131011_023600Z.flac,"[{""call_type"":null,""call_type_name"":null,""review_status"":""reviewed"",""source"":""dclde_2027_DFO_CRP_NorthBc"",""species"":""Humpback whale"",""species_code"":""Mn"",""trainable"":true}]",species:Mn
dclde_DFO_CRP_NorthBc__DFOCRP.KkHK0R2F-NML1.SM2M-3.20131011_025100Z.flac_12.8s_13.5s_trainstyle,dclde_DFO_CRP_NorthBc__DFOCRP.KkHK0R2F-NML1.SM2M-3.20131011_025100Z.flac,DFOCRP.KkHK0R2F-NML1.SM2M-3.20131011_025100Z.flac,DFOCRP.KkHK0R2F-NML1.SM2M-3.20131011_025100Z.flac,12.784000,13.456000,12.784000,13.456000,12.784000,0.672000,dclde_DFO_CRP_NorthBc__DFOCRP.KkHK0R2F-NML1.SM2M-3.20131011_025100Z.flac_12.8s_13.5s_trainstyle.mat,mat_files/dclde_DFO_CRP_NorthBc__DFOCRP.KkHK0R2F-NML1.SM2M-3.20131011_025100Z.flac_12.8s_13.5s_trainstyle.mat,dclde_2027_DFO_CRP_NorthBc,28,DFO_CRP,NorthBc,DFOCRP.KkHK0R2F-NML1.SM2M-3.20131011_025100Z.flac,HW,species:Mn,species:Mn,Mn,,,NA,Detection,0,NA,968.75,1187.5,dclde/2027/dclde_2027_killer_whales/dfo_crp/audio/northbc/DFOCRP.KkHK0R2F-NML1.SM2M-3.20131011_025100Z.flac,gs://noaa-passive-bioacoustic/dclde/2027/dclde_2027_killer_whales/dfo_crp/audio/northbc/DFOCRP.KkHK0R2F-NML1.SM2M-3.20131011_025100Z.flac,https://storage.googleapis.com/noaa-passive-bioacoustic/dclde/2027/dclde_2027_killer_whales/dfo_crp/audio/northbc/DFOCRP.KkHK0R2F-NML1.SM2M-3.20131011_025100Z.flac,0,reviewed,Mn,Mn,,,,DFO_CRP:NorthBc:DFOCRP.KkHK0R2F-NML1.SM2M-3.20131011_025100Z.flac,"[{""call_type"":null,""call_type_name"":null,""review_status"":""reviewed"",""source"":""dclde_2027_DFO_CRP_NorthBc"",""species"":""Humpback whale"",""species_code"":""Mn"",""trainable"":true}]",species:Mn
dclde_DFO_CRP_NorthBc__DFOCRP.KkHK0R2F-NML1.SM2M-3.20131011_025100Z.flac_14.3s_14.5s_trainstyle,dclde_DFO_CRP_NorthBc__DFOCRP.KkHK0R2F-NML1.SM2M-3.20131011_025100Z.flac,DFOCRP.KkHK0R2F-NML1.SM2M-3.20131011_025100Z.flac,DFOCRP.KkHK0R2F-NML1.SM2M-3.20131011_025100Z.flac,14.272000,14.528000,14.272000,14.528000,14.272000,0.256000,dclde_DFO_CRP_NorthBc__DFOCRP.KkHK0R2F-NML1.SM2M-3.20131011_025100Z.flac_14.3s_14.5s_trainstyle.mat,mat_files/dclde_DFO_CRP_NorthBc__DFOCRP.KkHK0R2F-NML1.SM2M-3.20131011_025100Z.flac_14.3s_14.5s_trainstyle.mat,dclde_2027_DFO_CRP_NorthBc,29,DFO_CRP,NorthBc,DFOCRP.KkHK0R2F-NML1.SM2M-3.20131011_025100Z.flac,HW,species:Mn,species:Mn,Mn,,,NA,Detection,0,NA,1906.25,2031.25,dclde/2027/dclde_2027_killer_whales/dfo_crp/audio/northbc/DFOCRP.KkHK0R2F-NML1.SM2M-3.20131011_025100Z.flac,gs://noaa-passive-bioacoustic/dclde/2027/dclde_2027_killer_whales/dfo_crp/audio/northbc/DFOCRP.KkHK0R2F-NML1.SM2M-3.20131011_025100Z.flac,https://storage.googleapis.com/noaa-passive-bioacoustic/dclde/2027/dclde_2027_killer_whales/dfo_crp/audio/northbc/DFOCRP.KkHK0R2F-NML1.SM2M-3.20131011_025100Z.flac,0,reviewed,Mn,Mn,,,,DFO_CRP:NorthBc:DFOCRP.KkHK0R2F-NML1.SM2M-3.20131011_025100Z.flac,"[{""call_type"":null,""call_type_name"":null,""review_status"":""reviewed"",""source"":""dclde_2027_DFO_CRP_NorthBc"",""species"":""Humpback whale"",""species_code"":""Mn"",""trainable"":true}]",species:Mn
dclde_DFO_CRP_NorthBc__DFOCRP.KkHK0R2F-NML1.SM2M-3.20131011_025100Z.flac_15.3s_15.6s_trainstyle,dclde_DFO_CRP_NorthBc__DFOCRP.KkHK0R2F-NML1.SM2M-3.20131011_025100Z.flac,DFOCRP.KkHK0R2F-NML1.SM2M-3.20131011_025100Z.flac,DFOCRP.KkHK0R2F-NML1.SM2M-3.20131011_025100Z.flac,15.311000,15.583000,15.311000,15.583000,15.311000,0.272000,dclde_DFO_CRP_NorthBc__DFOCRP.KkHK0R2F-NML1.SM2M-3.20131011_025100Z.flac_15.3s_15.6s_trainstyle.mat,mat_files/dclde_DFO_CRP_NorthBc__DFOCRP.KkHK0R2F-NML1.SM2M-3.20131011_025100Z.flac_15.3s_15.6s_trainstyle.mat,dclde_2027_DFO_CRP_NorthBc,30,DFO_CRP,NorthBc,DFOCRP.KkHK0R2F-NML1.SM2M-3.20131011_025100Z.flac,HW,species:Mn,species:Mn,Mn,,,NA,Detection,0,NA,1656.25,2062.5,dclde/2027/dclde_2027_killer_whales/dfo_crp/audio/northbc/DFOCRP.KkHK0R2F-NML1.SM2M-3.20131011_025100Z.flac,gs://noaa-passive-bioacoustic/dclde/2027/dclde_2027_killer_whales/dfo_crp/audio/northbc/DFOCRP.KkHK0R2F-NML1.SM2M-3.20131011_025100Z.flac,https://storage.googleapis.com/noaa-passive-bioacoustic/dclde/2027/dclde_2027_killer_whales/dfo_crp/audio/northbc/DFOCRP.KkHK0R2F-NML1.SM2M-3.20131011_025100Z.flac,0,reviewed,Mn,Mn,,,,DFO_CRP:NorthBc:DFOCRP.KkHK0R2F-NML1.SM2M-3.20131011_025100Z.flac,"[{""call_type"":null,""call_type_name"":null,""review_status"":""reviewed"",""source"":""dclde_2027_DFO_CRP_NorthBc"",""species"":""Humpback whale"",""species_code"":""Mn"",""trainable"":true}]",species:Mn
dclde_DFO_CRP_NorthBc__DFOCRP.KkHK0R2F-NML1.SM2M-3.20131011_025100Z.flac_16.3s_17.5s_trainstyle,dclde_DFO_CRP_NorthBc__DFOCRP.KkHK0R2F-NML1.SM2M-3.20131011_025100Z.flac,DFOCRP.KkHK0R2F-NML1.SM2M-3.20131011_025100Z.flac,DFOCRP.KkHK0R2F-NML1.SM2M-3.20131011_025100Z.flac,16.288000,17.471000,16.288000,17.471000,16.288000,1.183000,dclde_DFO_CRP_NorthBc__DFOCRP.KkHK0R2F-NML1.SM2M-3.20131011_025100Z.flac_16.3s_17.5s_trainstyle.mat,mat_files/dclde_DFO_CRP_NorthBc__DFOCRP.KkHK0R2F-NML1.SM2M-3.20131011_025100Z.flac_16.3s_17.5s_trainstyle.mat,dclde_2027_DFO_CRP_NorthBc,31,DFO_CRP,NorthBc,DFOCRP.KkHK0R2F-NML1.SM2M-3.20131011_025100Z.flac,HW,species:Mn,species:Mn,Mn,,,NA,Detection,0,NA,1875,2093.75,dclde/2027/dclde_2027_killer_whales/dfo_crp/audio/northbc/DFOCRP.KkHK0R2F-NML1.SM2M-3.20131011_025100Z.flac,gs://noaa-passive-bioacoustic/dclde/2027/dclde_2027_killer_whales/dfo_crp/audio/northbc/DFOCRP.KkHK0R2F-NML1.SM2M-3.20131011_025100Z.flac,https://storage.googleapis.com/noaa-passive-bioacoustic/dclde/2027/dclde_2027_killer_whales/dfo_crp/audio/northbc/DFOCRP.KkHK0R2F-NML1.SM2M-3.20131011_025100Z.flac,0,reviewed,Mn,Mn,,,,DFO_CRP:NorthBc:DFOCRP.KkHK0R2F-NML1.SM2M-3.20131011_025100Z.flac,"[{""call_type"":null,""call_type_name"":null,""review_status"":""reviewed"",""source"":""dclde_2027_DFO_CRP_NorthBc"",""species"":""Humpback whale"",""species_code"":""Mn"",""trainable"":true}]",species:Mn
dclde_DFO_CRP_NorthBc__DFOCRP.KkHK0R2F-NML1.SM2M-3.20131011_025100Z.flac_18.4s_19.3s_trainstyle,dclde_DFO_CRP_NorthBc__DFOCRP.KkHK0R2F-NML1.SM2M-3.20131011_025100Z.flac,DFOCRP.KkHK0R2F-NML1.SM2M-3.20131011_025100Z.flac,DFOCRP.KkHK0R2F-NML1.SM2M-3.20131011_025100Z.flac,18.415000,19.295000,18.415000,19.295000,18.415000,0.880000,dclde_DFO_CRP_NorthBc__DFOCRP.KkHK0R2F-NML1.SM2M-3.20131011_025100Z.flac_18.4s_19.3s_trainstyle.mat,mat_files/dclde_DFO_CRP_NorthBc__DFOCRP.KkHK0R2F-NML1.SM2M-3.20131011_025100Z.flac_18.4s_19.3s_trainstyle.mat,dclde_2027_DFO_CRP_NorthBc,32,DFO_CRP,NorthBc,DFOCRP.KkHK0R2F-NML1.SM2M-3.20131011_025100Z.flac,HW,species:Mn,species:Mn,Mn,,,NA,Detection,0,NA,2062.5,2156.25,dclde/2027/dclde_2027_killer_whales/dfo_crp/audio/northbc/DFOCRP.KkHK0R2F-NML1.SM2M-3.20131011_025100Z.flac,gs://noaa-passive-bioacoustic/dclde/2027/dclde_2027_killer_whales/dfo_crp/audio/northbc/DFOCRP.KkHK0R2F-NML1.SM2M-3.20131011_025100Z.flac,https://storage.googleapis.com/noaa-passive-bioacoustic/dclde/2027/dclde_2027_killer_whales/dfo_crp/audio/northbc/DFOCRP.KkHK0R2F-NML1.SM2M-3.20131011_025100Z.flac,0,reviewed,Mn,Mn,,,,DFO_CRP:NorthBc:DFOCRP.KkHK0R2F-NML1.SM2M-3.20131011_025100Z.flac,"[{""call_type"":null,""call_type_name"":null,""review_status"":""reviewed"",""source"":""dclde_2027_DFO_CRP_NorthBc"",""species"":""Humpback whale"",""species_code"":""Mn"",""trainable"":true}]",species:Mn
dclde_DFO_CRP_NorthBc__DFOCRP.KkHK0R2F-NML1.SM2M-3.20131011_025100Z.flac_28.0s_28.4s_trainstyle,dclde_DFO_CRP_NorthBc__DFOCRP.KkHK0R2F-NML1.SM2M-3.20131011_025100Z.flac,DFOCRP.KkHK0R2F-NML1.SM2M-3.20131011_025100Z.flac,DFOCRP.KkHK0R2F-NML1.SM2M-3.20131011_025100Z.flac,27.967000,28.351000,27.967000,28.351000,27.967000,0.384000,dclde_DFO_CRP_NorthBc__DFOCRP.KkHK0R2F-NML1.SM2M-3.20131011_025100Z.flac_28.0s_28.4s_trainstyle.mat,mat_files/dclde_DFO_CRP_NorthBc__DFOCRP.KkHK0R2F-NML1.SM2M-3.20131011_025100Z.flac_28.0s_28.4s_trainstyle.mat,dclde_2027_DFO_CRP_NorthBc,33,DFO_CRP,NorthBc,DFOCRP.KkHK0R2F-NML1.SM2M-3.20131011_025100Z.flac,HW,species:Mn,species:Mn,Mn,,,NA,Detection,0,NA,1000,1312.5,dclde/2027/dclde_2027_killer_whales/dfo_crp/audio/northbc/DFOCRP.KkHK0R2F-NML1.SM2M-3.20131011_025100Z.flac,gs://noaa-passive-bioacoustic/dclde/2027/dclde_2027_killer_whales/dfo_crp/audio/northbc/DFOCRP.KkHK0R2F-NML1.SM2M-3.20131011_025100Z.flac,https://storage.googleapis.com/noaa-passive-bioacoustic/dclde/2027/dclde_2027_killer_whales/dfo_crp/audio/northbc/DFOCRP.KkHK0R2F-NML1.SM2M-3.20131011_025100Z.flac,0,reviewed,Mn,Mn,,,,DFO_CRP:NorthBc:DFOCRP.KkHK0R2F-NML1.SM2M-3.20131011_025100Z.flac,"[{""call_type"":null,""call_type_name"":null,""review_status"":""reviewed"",""source"":""dclde_2027_DFO_CRP_NorthBc"",""species"":""Humpback whale"",""species_code"":""Mn"",""trainable"":true}]",species:Mn
dclde_DFO_CRP_NorthBc__DFOCRP.KkHK0R2F-NML1.SM2M-3.20131011_025100Z.flac_30.3s_30.6s_trainstyle,dclde_DFO_CRP_NorthBc__DFOCRP.KkHK0R2F-NML1.SM2M-3.20131011_025100Z.flac,DFOCRP.KkHK0R2F-NML1.SM2M-3.20131011_025100Z.flac,DFOCRP.KkHK0R2F-NML1.SM2M-3.20131011_025100Z.flac,30.288000,30.592000,30.288000,30.592000,30.288000,0.304000,dclde_DFO_CRP_NorthBc__DFOCRP.KkHK0R2F-NML1.SM2M-3.20131011_025100Z.flac_30.3s_30.6s_trainstyle.mat,mat_files/dclde_DFO_CRP_NorthBc__DFOCRP.KkHK0R2F-NML1.SM2M-3.20131011_025100Z.flac_30.3s_30.6s_trainstyle.mat,dclde_2027_DFO_CRP_NorthBc,34,DFO_CRP,NorthBc,DFOCRP.KkHK0R2F-NML1.SM2M-3.20131011_025100Z.flac,HW,species:Mn,species:Mn,Mn,,,NA,Detection,0,NA,1875,2000,dclde/2027/dclde_2027_killer_whales/dfo_crp/audio/northbc/DFOCRP.KkHK0R2F-NML1.SM2M-3.20131011_025100Z.flac,gs://noaa-passive-bioacoustic/dclde/2027/dclde_2027_killer_whales/dfo_crp/audio/northbc/DFOCRP.KkHK0R2F-NML1.SM2M-3.20131011_025100Z.flac,https://storage.googleapis.com/noaa-passive-bioacoustic/dclde/2027/dclde_2027_killer_whales/dfo_crp/audio/northbc/DFOCRP.KkHK0R2F-NML1.SM2M-3.20131011_025100Z.flac,0,reviewed,Mn,Mn,,,,DFO_CRP:NorthBc:DFOCRP.KkHK0R2F-NML1.SM2M-3.20131011_025100Z.flac,"[{""call_type"":null,""call_type_name"":null,""review_status"":""reviewed"",""source"":""dclde_2027_DFO_CRP_NorthBc"",""species"":""Humpback whale"",""species_code"":""Mn"",""trainable"":true}]",species:Mn
dclde_DFO_CRP_NorthBc__DFOCRP.KkHK0R2F-NML1.SM2M-3.20131011_025100Z.flac_32.3s_32.8s_trainstyle,dclde_DFO_CRP_NorthBc__DFOCRP.KkHK0R2F-NML1.SM2M-3.20131011_025100Z.flac,DFOCRP.KkHK0R2F-NML1.SM2M-3.20131011_025100Z.flac,DFOCRP.KkHK0R2F-NML1.SM2M-3.20131011_025100Z.flac,32.319000,32.831000,32.319000,32.831000,32.319000,0.512000,dclde_DFO_CRP_NorthBc__DFOCRP.KkHK0R2F-NML1.SM2M-3.20131011_025100Z.flac_32.3s_32.8s_trainstyle.mat,mat_files/dclde_DFO_CRP_NorthBc__DFOCRP.KkHK0R2F-NML1.SM2M-3.20131011_025100Z.flac_32.3s_32.8s_trainstyle.mat,dclde_2027_DFO_CRP_NorthBc,35,DFO_CRP,NorthBc,DFOCRP.KkHK0R2F-NML1.SM2M-3.20131011_025100Z.flac,HW,species:Mn,species:Mn,Mn,,,NA,Detection,0,NA,812.5,1062.5,dclde/2027/dclde_2027_killer_whales/dfo_crp/audio/northbc/DFOCRP.KkHK0R2F-NML1.SM2M-3.20131011_025100Z.flac,gs://noaa-passive-bioacoustic/dclde/2027/dclde_2027_killer_whales/dfo_crp/audio/northbc/DFOCRP.KkHK0R2F-NML1.SM2M-3.20131011_025100Z.flac,https://storage.googleapis.com/noaa-passive-bioacoustic/dclde/2027/dclde_2027_killer_whales/dfo_crp/audio/northbc/DFOCRP.KkHK0R2F-NML1.SM2M-3.20131011_025100Z.flac,0,reviewed,Mn,Mn,,,,DFO_CRP:NorthBc:DFOCRP.KkHK0R2F-NML1.SM2M-3.20131011_025100Z.flac,"[{""call_type"":null,""call_type_name"":null,""review_status"":""reviewed"",""source"":""dclde_2027_DFO_CRP_NorthBc"",""species"":""Humpback whale"",""species_code"":""Mn"",""trainable"":true}]",species:Mn
dclde_DFO_CRP_NorthBc__DFOCRP.KkHK0R2F-NML1.SM2M-3.20131011_025100Z.flac_37.7s_38.7s_trainstyle,dclde_DFO_CRP_NorthBc__DFOCRP.KkHK0R2F-NML1.SM2M-3.20131011_025100Z.flac,DFOCRP.KkHK0R2F-NML1.SM2M-3.20131011_025100Z.flac,DFOCRP.KkHK0R2F-NML1.SM2M-3.20131011_025100Z.flac,37.680000,38.672000,37.680000,38.672000,37.680000,0.992000,dclde_DFO_CRP_NorthBc__DFOCRP.KkHK0R2F-NML1.SM2M-3.20131011_025100Z.flac_37.7s_38.7s_trainstyle.mat,mat_files/dclde_DFO_CRP_NorthBc__DFOCRP.KkHK0R2F-NML1.SM2M-3.20131011_025100Z.flac_37.7s_38.7s_trainstyle.mat,dclde_2027_DFO_CRP_NorthBc,36,DFO_CRP,NorthBc,DFOCRP.KkHK0R2F-NML1.SM2M-3.20131011_025100Z.flac,HW,species:Mn,species:Mn,Mn,,,NA,Detection,0,NA,1468.75,1656.25,dclde/2027/dclde_2027_killer_whales/dfo_crp/audio/northbc/DFOCRP.KkHK0R2F-NML1.SM2M-3.20131011_025100Z.flac,gs://noaa-passive-bioacoustic/dclde/2027/dclde_2027_killer_whales/dfo_crp/audio/northbc/DFOCRP.KkHK0R2F-NML1.SM2M-3.20131011_025100Z.flac,https://storage.googleapis.com/noaa-passive-bioacoustic/dclde/2027/dclde_2027_killer_whales/dfo_crp/audio/northbc/DFOCRP.KkHK0R2F-NML1.SM2M-3.20131011_025100Z.flac,0,reviewed,Mn,Mn,,,,DFO_CRP:NorthBc:DFOCRP.KkHK0R2F-NML1.SM2M-3.20131011_025100Z.flac,"[{""call_type"":null,""call_type_name"":null,""review_status"":""reviewed"",""source"":""dclde_2027_DFO_CRP_NorthBc"",""species"":""Humpback whale"",""species_code"":""Mn"",""trainable"":true}]",species:Mn
dclde_DFO_CRP_NorthBc__DFOCRP.KkHK0R2F-NML1.SM2M-3.20131011_025100Z.flac_105.4s_106.3s_trainstyle,dclde_DFO_CRP_NorthBc__DFOCRP.KkHK0R2F-NML1.SM2M-3.20131011_025100Z.flac,DFOCRP.KkHK0R2F-NML1.SM2M-3.20131011_025100Z.flac,DFOCRP.KkHK0R2F-NML1.SM2M-3.20131011_025100Z.flac,105.407000,106.271000,105.407000,106.271000,105.407000,0.864000,dclde_DFO_CRP_NorthBc__DFOCRP.KkHK0R2F-NML1.SM2M-3.20131011_025100Z.flac_105.4s_106.3s_trainstyle.mat,mat_files/dclde_DFO_CRP_NorthBc__DFOCRP.KkHK0R2F-NML1.SM2M-3.20131011_025100Z.flac_105.4s_106.3s_trainstyle.mat,dclde_2027_DFO_CRP_NorthBc,37,DFO_CRP,NorthBc,DFOCRP.KkHK0R2F-NML1.SM2M-3.20131011_025100Z.flac,HW,species:Mn,species:Mn,Mn,,,NA,Detection,0,NA,1593.75,1687.5,dclde/2027/dclde_2027_killer_whales/dfo_crp/audio/northbc/DFOCRP.KkHK0R2F-NML1.SM2M-3.20131011_025100Z.flac,gs://noaa-passive-bioacoustic/dclde/2027/dclde_2027_killer_whales/dfo_crp/audio/northbc/DFOCRP.KkHK0R2F-NML1.SM2M-3.20131011_025100Z.flac,https://storage.googleapis.com/noaa-passive-bioacoustic/dclde/2027/dclde_2027_killer_whales/dfo_crp/audio/northbc/DFOCRP.KkHK0R2F-NML1.SM2M-3.20131011_025100Z.flac,0,reviewed,Mn,Mn,,,,DFO_CRP:NorthBc:DFOCRP.KkHK0R2F-NML1.SM2M-3.20131011_025100Z.flac,"[{""call_type"":null,""call_type_name"":null,""review_status"":""reviewed"",""source"":""dclde_2027_DFO_CRP_NorthBc"",""species"":""Humpback whale"",""species_code"":""Mn"",""trainable"":true}]",species:Mn
dclde_DFO_CRP_NorthBc__DFOCRP.KkHK0R2F-NML1.SM2M-3.20131011_025100Z.flac_106.7s_108.8s_trainstyle,dclde_DFO_CRP_NorthBc__DFOCRP.KkHK0R2F-NML1.SM2M-3.20131011_025100Z.flac,DFOCRP.KkHK0R2F-NML1.SM2M-3.20131011_025100Z.flac,DFOCRP.KkHK0R2F-NML1.SM2M-3.20131011_025100Z.flac,106.703000,108.784000,106.703000,108.784000,106.703000,2.081000,dclde_DFO_CRP_NorthBc__DFOCRP.KkHK0R2F-NML1.SM2M-3.20131011_025100Z.flac_106.7s_108.8s_trainstyle.mat,mat_files/dclde_DFO_CRP_NorthBc__DFOCRP.KkHK0R2F-NML1.SM2M-3.20131011_025100Z.flac_106.7s_108.8s_trainstyle.mat,dclde_2027_DFO_CRP_NorthBc,38,DFO_CRP,NorthBc,DFOCRP.KkHK0R2F-NML1.SM2M-3.20131011_025100Z.flac,HW,species:Mn,species:Mn,Mn,,,NA,Detection,0,NA,2000,2218.75,dclde/2027/dclde_2027_killer_whales/dfo_crp/audio/northbc/DFOCRP.KkHK0R2F-NML1.SM2M-3.20131011_025100Z.flac,gs://noaa-passive-bioacoustic/dclde/2027/dclde_2027_killer_whales/dfo_crp/audio/northbc/DFOCRP.KkHK0R2F-NML1.SM2M-3.20131011_025100Z.flac,https://storage.googleapis.com/noaa-passive-bioacoustic/dclde/2027/dclde_2027_killer_whales/dfo_crp/audio/northbc/DFOCRP.KkHK0R2F-NML1.SM2M-3.20131011_025100Z.flac,0,reviewed,Mn,Mn,,,,DFO_CRP:NorthBc:DFOCRP.KkHK0R2F-NML1.SM2M-3.20131011_025100Z.flac,"[{""call_type"":null,""call_type_name"":null,""review_status"":""reviewed"",""source"":""dclde_2027_DFO_CRP_NorthBc"",""species"":""Humpback whale"",""species_code"":""Mn"",""trainable"":true}]",species:Mn
dclde_DFO_CRP_NorthBc__DFOCRP.KkHK0R2F-NML1.SM2M-3.20131011_025100Z.flac_109.0s_109.3s_trainstyle,dclde_DFO_CRP_NorthBc__DFOCRP.KkHK0R2F-NML1.SM2M-3.20131011_025100Z.flac,DFOCRP.KkHK0R2F-NML1.SM2M-3.20131011_025100Z.flac,DFOCRP.KkHK0R2F-NML1.SM2M-3.20131011_025100Z.flac,109.039000,109.295000,109.039000,109.295000,109.039000,0.256000,dclde_DFO_CRP_NorthBc__DFOCRP.KkHK0R2F-NML1.SM2M-3.20131011_025100Z.flac_109.0s_109.3s_trainstyle.mat,mat_files/dclde_DFO_CRP_NorthBc__DFOCRP.KkHK0R2F-NML1.SM2M-3.20131011_025100Z.flac_109.0s_109.3s_trainstyle.mat,dclde_2027_DFO_CRP_NorthBc,39,DFO_CRP,NorthBc,DFOCRP.KkHK0R2F-NML1.SM2M-3.20131011_025100Z.flac,HW,species:Mn,species:Mn,Mn,,,NA,Detection,0,NA,1687.5,2093.75,dclde/2027/dclde_2027_killer_whales/dfo_crp/audio/northbc/DFOCRP.KkHK0R2F-NML1.SM2M-3.20131011_025100Z.flac,gs://noaa-passive-bioacoustic/dclde/2027/dclde_2027_killer_whales/dfo_crp/audio/northbc/DFOCRP.KkHK0R2F-NML1.SM2M-3.20131011_025100Z.flac,https://storage.googleapis.com/noaa-passive-bioacoustic/dclde/2027/dclde_2027_killer_whales/dfo_crp/audio/northbc/DFOCRP.KkHK0R2F-NML1.SM2M-3.20131011_025100Z.flac,0,reviewed,Mn,Mn,,,,DFO_CRP:NorthBc:DFOCRP.KkHK0R2F-NML1.SM2M-3.20131011_025100Z.flac,"[{""call_type"":null,""call_type_name"":null,""review_status"":""reviewed"",""source"":""dclde_2027_DFO_CRP_NorthBc"",""species"":""Humpback whale"",""species_code"":""Mn"",""trainable"":true}]",species:Mn
dclde_DFO_CRP_NorthBc__DFOCRP.KkHK0R2F-NML1.SM2M-3.20131011_025100Z.flac_111.2s_112.2s_trainstyle,dclde_DFO_CRP_NorthBc__DFOCRP.KkHK0R2F-NML1.SM2M-3.20131011_025100Z.flac,DFOCRP.KkHK0R2F-NML1.SM2M-3.20131011_025100Z.flac,DFOCRP.KkHK0R2F-NML1.SM2M-3.20131011_025100Z.flac,111.247000,112.207000,111.247000,112.207000,111.247000,0.960000,dclde_DFO_CRP_NorthBc__DFOCRP.KkHK0R2F-NML1.SM2M-3.20131011_025100Z.flac_111.2s_112.2s_trainstyle.mat,mat_files/dclde_DFO_CRP_NorthBc__DFOCRP.KkHK0R2F-NML1.SM2M-3.20131011_025100Z.flac_111.2s_112.2s_trainstyle.mat,dclde_2027_DFO_CRP_NorthBc,40,DFO_CRP,NorthBc,DFOCRP.KkHK0R2F-NML1.SM2M-3.20131011_025100Z.flac,HW,species:Mn,species:Mn,Mn,,,NA,Detection,0,NA,1968.75,2218.75,dclde/2027/dclde_2027_killer_whales/dfo_crp/audio/northbc/DFOCRP.KkHK0R2F-NML1.SM2M-3.20131011_025100Z.flac,gs://noaa-passive-bioacoustic/dclde/2027/dclde_2027_killer_whales/dfo_crp/audio/northbc/DFOCRP.KkHK0R2F-NML1.SM2M-3.20131011_025100Z.flac,https://storage.googleapis.com/noaa-passive-bioacoustic/dclde/2027/dclde_2027_killer_whales/dfo_crp/audio/northbc/DFOCRP.KkHK0R2F-NML1.SM2M-3.20131011_025100Z.flac,0,reviewed,Mn,Mn,,,,DFO_CRP:NorthBc:DFOCRP.KkHK0R2F-NML1.SM2M-3.20131011_025100Z.flac,"[{""call_type"":null,""call_type_name"":null,""review_status"":""reviewed"",""source"":""dclde_2027_DFO_CRP_NorthBc"",""species"":""Humpback whale"",""species_code"":""Mn"",""trainable"":true}]",species:Mn
dclde_DFO_CRP_NorthBc__DFOCRP.KkHK0R2F-NML1.SM2M-3.20131011_025100Z.flac_113.6s_114.4s_trainstyle,dclde_DFO_CRP_NorthBc__DFOCRP.KkHK0R2F-NML1.SM2M-3.20131011_025100Z.flac,DFOCRP.KkHK0R2F-NML1.SM2M-3.20131011_025100Z.flac,DFOCRP.KkHK0R2F-NML1.SM2M-3.20131011_025100Z.flac,113.647000,114.399000,113.647000,114.399000,113.647000,0.752000,dclde_DFO_CRP_NorthBc__DFOCRP.KkHK0R2F-NML1.SM2M-3.20131011_025100Z.flac_113.6s_114.4s_trainstyle.mat,mat_files/dclde_DFO_CRP_NorthBc__DFOCRP.KkHK0R2F-NML1.SM2M-3.20131011_025100Z.flac_113.6s_114.4s_trainstyle.mat,dclde_2027_DFO_CRP_NorthBc,41,DFO_CRP,NorthBc,DFOCRP.KkHK0R2F-NML1.SM2M-3.20131011_025100Z.flac,HW,species:Mn,species:Mn,Mn,,,NA,Detection,0,NA,2156.25,2281.25,dclde/2027/dclde_2027_killer_whales/dfo_crp/audio/northbc/DFOCRP.KkHK0R2F-NML1.SM2M-3.20131011_025100Z.flac,gs://noaa-passive-bioacoustic/dclde/2027/dclde_2027_killer_whales/dfo_crp/audio/northbc/DFOCRP.KkHK0R2F-NML1.SM2M-3.20131011_025100Z.flac,https://storage.googleapis.com/noaa-passive-bioacoustic/dclde/2027/dclde_2027_killer_whales/dfo_crp/audio/northbc/DFOCRP.KkHK0R2F-NML1.SM2M-3.20131011_025100Z.flac,0,reviewed,Mn,Mn,,,,DFO_CRP:NorthBc:DFOCRP.KkHK0R2F-NML1.SM2M-3.20131011_025100Z.flac,"[{""call_type"":null,""call_type_name"":null,""review_status"":""reviewed"",""source"":""dclde_2027_DFO_CRP_NorthBc"",""species"":""Humpback whale"",""species_code"":""Mn"",""trainable"":true}]",species:Mn
dclde_DFO_CRP_NorthBc__DFOCRP.KkHK0R2F-NML1.SM2M-3.20131011_025100Z.flac_118.9s_119.7s_trainstyle,dclde_DFO_CRP_NorthBc__DFOCRP.KkHK0R2F-NML1.SM2M-3.20131011_025100Z.flac,DFOCRP.KkHK0R2F-NML1.SM2M-3.20131011_025100Z.flac,DFOCRP.KkHK0R2F-NML1.SM2M-3.20131011_025100Z.flac,118.927000,119.744000,118.927000,119.744000,118.927000,0.817000,dclde_DFO_CRP_NorthBc__DFOCRP.KkHK0R2F-NML1.SM2M-3.20131011_025100Z.flac_118.9s_119.7s_trainstyle.mat,mat_files/dclde_DFO_CRP_NorthBc__DFOCRP.KkHK0R2F-NML1.SM2M-3.20131011_025100Z.flac_118.9s_119.7s_trainstyle.mat,dclde_2027_DFO_CRP_NorthBc,42,DFO_CRP,NorthBc,DFOCRP.KkHK0R2F-NML1.SM2M-3.20131011_025100Z.flac,HW,species:Mn,species:Mn,Mn,,,NA,Detection,0,NA,1750,2093.75,dclde/2027/dclde_2027_killer_whales/dfo_crp/audio/northbc/DFOCRP.KkHK0R2F-NML1.SM2M-3.20131011_025100Z.flac,gs://noaa-passive-bioacoustic/dclde/2027/dclde_2027_killer_whales/dfo_crp/audio/northbc/DFOCRP.KkHK0R2F-NML1.SM2M-3.20131011_025100Z.flac,https://storage.googleapis.com/noaa-passive-bioacoustic/dclde/2027/dclde_2027_killer_whales/dfo_crp/audio/northbc/DFOCRP.KkHK0R2F-NML1.SM2M-3.20131011_025100Z.flac,0,reviewed,Mn,Mn,,,,DFO_CRP:NorthBc:DFOCRP.KkHK0R2F-NML1.SM2M-3.20131011_025100Z.flac,"[{""call_type"":null,""call_type_name"":null,""review_status"":""reviewed"",""source"":""dclde_2027_DFO_CRP_NorthBc"",""species"":""Humpback whale"",""species_code"":""Mn"",""trainable"":true}]",species:Mn
dclde_DFO_CRP_NorthBc__DFOCRP.KkHK0R2F-NML1.SM2M-3.20131011_025100Z.flac_127.4s_127.7s_trainstyle,dclde_DFO_CRP_NorthBc__DFOCRP.KkHK0R2F-NML1.SM2M-3.20131011_025100Z.flac,DFOCRP.KkHK0R2F-NML1.SM2M-3.20131011_025100Z.flac,DFOCRP.KkHK0R2F-NML1.SM2M-3.20131011_025100Z.flac,127.407000,127.727000,127.407000,127.727000,127.407000,0.320000,dclde_DFO_CRP_NorthBc__DFOCRP.KkHK0R2F-NML1.SM2M-3.20131011_025100Z.flac_127.4s_127.7s_trainstyle.mat,mat_files/dclde_DFO_CRP_NorthBc__DFOCRP.KkHK0R2F-NML1.SM2M-3.20131011_025100Z.flac_127.4s_127.7s_trainstyle.mat,dclde_2027_DFO_CRP_NorthBc,43,DFO_CRP,NorthBc,DFOCRP.KkHK0R2F-NML1.SM2M-3.20131011_025100Z.flac,HW,species:Mn,species:Mn,Mn,,,NA,Detection,0,NA,906.25,1000,dclde/2027/dclde_2027_killer_whales/dfo_crp/audio/northbc/DFOCRP.KkHK0R2F-NML1.SM2M-3.20131011_025100Z.flac,gs://noaa-passive-bioacoustic/dclde/2027/dclde_2027_killer_whales/dfo_crp/audio/northbc/DFOCRP.KkHK0R2F-NML1.SM2M-3.20131011_025100Z.flac,https://storage.googleapis.com/noaa-passive-bioacoustic/dclde/2027/dclde_2027_killer_whales/dfo_crp/audio/northbc/DFOCRP.KkHK0R2F-NML1.SM2M-3.20131011_025100Z.flac,0,reviewed,Mn,Mn,,,,DFO_CRP:NorthBc:DFOCRP.KkHK0R2F-NML1.SM2M-3.20131011_025100Z.flac,"[{""call_type"":null,""call_type_name"":null,""review_status"":""reviewed"",""source"":""dclde_2027_DFO_CRP_NorthBc"",""species"":""Humpback whale"",""species_code"":""Mn"",""trainable"":true}]",species:Mn
dclde_DFO_CRP_NorthBc__DFOCRP.KkHK0R2F-NML1.SM2M-3.20131011_030600Z.flac_100.2s_100.5s_trainstyle,dclde_DFO_CRP_NorthBc__DFOCRP.KkHK0R2F-NML1.SM2M-3.20131011_030600Z.flac,DFOCRP.KkHK0R2F-NML1.SM2M-3.20131011_030600Z.flac,DFOCRP.KkHK0R2F-NML1.SM2M-3.20131011_030600Z.flac,100.159000,100.464000,100.159000,100.464000,100.159000,0.305000,dclde_DFO_CRP_NorthBc__DFOCRP.KkHK0R2F-NML1.SM2M-3.20131011_030600Z.flac_100.2s_100.5s_trainstyle.mat,mat_files/dclde_DFO_CRP_NorthBc__DFOCRP.KkHK0R2F-NML1.SM2M-3.20131011_030600Z.flac_100.2s_100.5s_trainstyle.mat,dclde_2027_DFO_CRP_NorthBc,44,DFO_CRP,NorthBc,DFOCRP.KkHK0R2F-NML1.SM2M-3.20131011_030600Z.flac,HW,species:Mn,species:Mn,Mn,,,NA,Detection,0,NA,1593.75,1718.75,dclde/2027/dclde_2027_killer_whales/dfo_crp/audio/northbc/DFOCRP.KkHK0R2F-NML1.SM2M-3.20131011_030600Z.flac,gs://noaa-passive-bioacoustic/dclde/2027/dclde_2027_killer_whales/dfo_crp/audio/northbc/DFOCRP.KkHK0R2F-NML1.SM2M-3.20131011_030600Z.flac,https://storage.googleapis.com/noaa-passive-bioacoustic/dclde/2027/dclde_2027_killer_whales/dfo_crp/audio/northbc/DFOCRP.KkHK0R2F-NML1.SM2M-3.20131011_030600Z.flac,0,reviewed,Mn,Mn,,,,DFO_CRP:NorthBc:DFOCRP.KkHK0R2F-NML1.SM2M-3.20131011_030600Z.flac,"[{""call_type"":null,""call_type_name"":null,""review_status"":""reviewed"",""source"":""dclde_2027_DFO_CRP_NorthBc"",""species"":""Humpback whale"",""species_code"":""Mn"",""trainable"":true}]",species:Mn
dclde_DFO_CRP_NorthBc__DFOCRP.KkHK0R2F-NML1.SM2M-3.20131011_032100Z.flac_78.3s_78.6s_trainstyle,dclde_DFO_CRP_NorthBc__DFOCRP.KkHK0R2F-NML1.SM2M-3.20131011_032100Z.flac,DFOCRP.KkHK0R2F-NML1.SM2M-3.20131011_032100Z.flac,DFOCRP.KkHK0R2F-NML1.SM2M-3.20131011_032100Z.flac,78.335000,78.607000,78.335000,78.607000,78.335000,0.272000,dclde_DFO_CRP_NorthBc__DFOCRP.KkHK0R2F-NML1.SM2M-3.20131011_032100Z.flac_78.3s_78.6s_trainstyle.mat,mat_files/dclde_DFO_CRP_NorthBc__DFOCRP.KkHK0R2F-NML1.SM2M-3.20131011_032100Z.flac_78.3s_78.6s_trainstyle.mat,dclde_2027_DFO_CRP_NorthBc,45,DFO_CRP,NorthBc,DFOCRP.KkHK0R2F-NML1.SM2M-3.20131011_032100Z.flac,HW,species:Mn,species:Mn,Mn,,,NA,Detection,0,NA,2187.5,2343.75,dclde/2027/dclde_2027_killer_whales/dfo_crp/audio/northbc/DFOCRP.KkHK0R2F-NML1.SM2M-3.20131011_032100Z.flac,gs://noaa-passive-bioacoustic/dclde/2027/dclde_2027_killer_whales/dfo_crp/audio/northbc/DFOCRP.KkHK0R2F-NML1.SM2M-3.20131011_032100Z.flac,https://storage.googleapis.com/noaa-passive-bioacoustic/dclde/2027/dclde_2027_killer_whales/dfo_crp/audio/northbc/DFOCRP.KkHK0R2F-NML1.SM2M-3.20131011_032100Z.flac,0,reviewed,Mn,Mn,,,,DFO_CRP:NorthBc:DFOCRP.KkHK0R2F-NML1.SM2M-3.20131011_032100Z.flac,"[{""call_type"":null,""call_type_name"":null,""review_status"":""reviewed"",""source"":""dclde_2027_DFO_CRP_NorthBc"",""species"":""Humpback whale"",""species_code"":""Mn"",""trainable"":true}]",species:Mn
dclde_DFO_CRP_NorthBc__DFOCRP.KkHK0R2F-NML1.SM2M-3.20131011_032100Z.flac_81.7s_83.6s_trainstyle,dclde_DFO_CRP_NorthBc__DFOCRP.KkHK0R2F-NML1.SM2M-3.20131011_032100Z.flac,DFOCRP.KkHK0R2F-NML1.SM2M-3.20131011_032100Z.flac,DFOCRP.KkHK0R2F-NML1.SM2M-3.20131011_032100Z.flac,81.743000,83.567000,81.743000,83.567000,81.743000,1.824000,dclde_DFO_CRP_NorthBc__DFOCRP.KkHK0R2F-NML1.SM2M-3.20131011_032100Z.flac_81.7s_83.6s_trainstyle.mat,mat_files/dclde_DFO_CRP_NorthBc__DFOCRP.KkHK0R2F-NML1.SM2M-3.20131011_032100Z.flac_81.7s_83.6s_trainstyle.mat,dclde_2027_DFO_CRP_NorthBc,46,DFO_CRP,NorthBc,DFOCRP.KkHK0R2F-NML1.SM2M-3.20131011_032100Z.flac,HW,species:Mn,species:Mn,Mn,,,NA,Detection,0,NA,1968.75,2531.25,dclde/2027/dclde_2027_killer_whales/dfo_crp/audio/northbc/DFOCRP.KkHK0R2F-NML1.SM2M-3.20131011_032100Z.flac,gs://noaa-passive-bioacoustic/dclde/2027/dclde_2027_killer_whales/dfo_crp/audio/northbc/DFOCRP.KkHK0R2F-NML1.SM2M-3.20131011_032100Z.flac,https://storage.googleapis.com/noaa-passive-bioacoustic/dclde/2027/dclde_2027_killer_whales/dfo_crp/audio/northbc/DFOCRP.KkHK0R2F-NML1.SM2M-3.20131011_032100Z.flac,0,reviewed,Mn,Mn,,,,DFO_CRP:NorthBc:DFOCRP.KkHK0R2F-NML1.SM2M-3.20131011_032100Z.flac,"[{""call_type"":null,""call_type_name"":null,""review_status"":""reviewed"",""source"":""dclde_2027_DFO_CRP_NorthBc"",""species"":""Humpback whale"",""species_code"":""Mn"",""trainable"":true}]",species:Mn
dclde_DFO_CRP_NorthBc__DFOCRP.KkHK0R2F-NML1.SM2M-3.20131011_032100Z.flac_89.2s_90.3s_trainstyle,dclde_DFO_CRP_NorthBc__DFOCRP.KkHK0R2F-NML1.SM2M-3.20131011_032100Z.flac,DFOCRP.KkHK0R2F-NML1.SM2M-3.20131011_032100Z.flac,DFOCRP.KkHK0R2F-NML1.SM2M-3.20131011_032100Z.flac,89.215000,90.288000,89.215000,90.288000,89.215000,1.073000,dclde_DFO_CRP_NorthBc__DFOCRP.KkHK0R2F-NML1.SM2M-3.20131011_032100Z.flac_89.2s_90.3s_trainstyle.mat,mat_files/dclde_DFO_CRP_NorthBc__DFOCRP.KkHK0R2F-NML1.SM2M-3.20131011_032100Z.flac_89.2s_90.3s_trainstyle.mat,dclde_2027_DFO_CRP_NorthBc,47,DFO_CRP,NorthBc,DFOCRP.KkHK0R2F-NML1.SM2M-3.20131011_032100Z.flac,HW,species:Mn,species:Mn,Mn,,,NA,Detection,0,NA,2906.25,3312.5,dclde/2027/dclde_2027_killer_whales/dfo_crp/audio/northbc/DFOCRP.KkHK0R2F-NML1.SM2M-3.20131011_032100Z.flac,gs://noaa-passive-bioacoustic/dclde/2027/dclde_2027_killer_whales/dfo_crp/audio/northbc/DFOCRP.KkHK0R2F-NML1.SM2M-3.20131011_032100Z.flac,https://storage.googleapis.com/noaa-passive-bioacoustic/dclde/2027/dclde_2027_killer_whales/dfo_crp/audio/northbc/DFOCRP.KkHK0R2F-NML1.SM2M-3.20131011_032100Z.flac,0,reviewed,Mn,Mn,,,,DFO_CRP:NorthBc:DFOCRP.KkHK0R2F-NML1.SM2M-3.20131011_032100Z.flac,"[{""call_type"":null,""call_type_name"":null,""review_status"":""reviewed"",""source"":""dclde_2027_DFO_CRP_NorthBc"",""species"":""Humpback whale"",""species_code"":""Mn"",""trainable"":true}]",species:Mn
dclde_DFO_CRP_NorthBc__DFOCRP.KkHK0R2F-NML1.SM2M-3.20131011_032100Z.flac_91.4s_91.9s_trainstyle,dclde_DFO_CRP_NorthBc__DFOCRP.KkHK0R2F-NML1.SM2M-3.20131011_032100Z.flac,DFOCRP.KkHK0R2F-NML1.SM2M-3.20131011_032100Z.flac,DFOCRP.KkHK0R2F-NML1.SM2M-3.20131011_032100Z.flac,91.439000,91.935000,91.439000,91.935000,91.439000,0.496000,dclde_DFO_CRP_NorthBc__DFOCRP.KkHK0R2F-NML1.SM2M-3.20131011_032100Z.flac_91.4s_91.9s_trainstyle.mat,mat_files/dclde_DFO_CRP_NorthBc__DFOCRP.KkHK0R2F-NML1.SM2M-3.20131011_032100Z.flac_91.4s_91.9s_trainstyle.mat,dclde_2027_DFO_CRP_NorthBc,48,DFO_CRP,NorthBc,DFOCRP.KkHK0R2F-NML1.SM2M-3.20131011_032100Z.flac,HW,species:Mn,species:Mn,Mn,,,NA,Detection,0,NA,1031.25,1187.5,dclde/2027/dclde_2027_killer_whales/dfo_crp/audio/northbc/DFOCRP.KkHK0R2F-NML1.SM2M-3.20131011_032100Z.flac,gs://noaa-passive-bioacoustic/dclde/2027/dclde_2027_killer_whales/dfo_crp/audio/northbc/DFOCRP.KkHK0R2F-NML1.SM2M-3.20131011_032100Z.flac,https://storage.googleapis.com/noaa-passive-bioacoustic/dclde/2027/dclde_2027_killer_whales/dfo_crp/audio/northbc/DFOCRP.KkHK0R2F-NML1.SM2M-3.20131011_032100Z.flac,0,reviewed,Mn,Mn,,,,DFO_CRP:NorthBc:DFOCRP.KkHK0R2F-NML1.SM2M-3.20131011_032100Z.flac,"[{""call_type"":null,""call_type_name"":null,""review_status"":""reviewed"",""source"":""dclde_2027_DFO_CRP_NorthBc"",""species"":""Humpback whale"",""species_code"":""Mn"",""trainable"":true}]",species:Mn
dclde_DFO_CRP_NorthBc__DFOCRP.KkHK0R2F-NML1.SM2M-3.20131011_032100Z.flac_93.2s_93.5s_trainstyle,dclde_DFO_CRP_NorthBc__DFOCRP.KkHK0R2F-NML1.SM2M-3.20131011_032100Z.flac,DFOCRP.KkHK0R2F-NML1.SM2M-3.20131011_032100Z.flac,DFOCRP.KkHK0R2F-NML1.SM2M-3.20131011_032100Z.flac,93.215000,93.503000,93.215000,93.503000,93.215000,0.288000,dclde_DFO_CRP_NorthBc__DFOCRP.KkHK0R2F-NML1.SM2M-3.20131011_032100Z.flac_93.2s_93.5s_trainstyle.mat,mat_files/dclde_DFO_CRP_NorthBc__DFOCRP.KkHK0R2F-NML1.SM2M-3.20131011_032100Z.flac_93.2s_93.5s_trainstyle.mat,dclde_2027_DFO_CRP_NorthBc,49,DFO_CRP,NorthBc,DFOCRP.KkHK0R2F-NML1.SM2M-3.20131011_032100Z.flac,HW,species:Mn,species:Mn,Mn,,,NA,Detection,0,NA,2031.25,2187.5,dclde/2027/dclde_2027_killer_whales/dfo_crp/audio/northbc/DFOCRP.KkHK0R2F-NML1.SM2M-3.20131011_032100Z.flac,gs://noaa-passive-bioacoustic/dclde/2027/dclde_2027_killer_whales/dfo_crp/audio/northbc/DFOCRP.KkHK0R2F-NML1.SM2M-3.20131011_032100Z.flac,https://storage.googleapis.com/noaa-passive-bioacoustic/dclde/2027/dclde_2027_killer_whales/dfo_crp/audio/northbc/DFOCRP.KkHK0R2F-NML1.SM2M-3.20131011_032100Z.flac,0,reviewed,Mn,Mn,,,,DFO_CRP:NorthBc:DFOCRP.KkHK0R2F-NML1.SM2M-3.20131011_032100Z.flac,"[{""call_type"":null,""call_type_name"":null,""review_status"":""reviewed"",""source"":""dclde_2027_DFO_CRP_NorthBc"",""species"":""Humpback whale"",""species_code"":""Mn"",""trainable"":true}]",species:Mn
dclde_DFO_CRP_NorthBc__DFOCRP.KkHK0R2F-NML1.SM2M-3.20131011_032100Z.flac_93.8s_94.7s_trainstyle,dclde_DFO_CRP_NorthBc__DFOCRP.KkHK0R2F-NML1.SM2M-3.20131011_032100Z.flac,DFOCRP.KkHK0R2F-NML1.SM2M-3.20131011_032100Z.flac,DFOCRP.KkHK0R2F-NML1.SM2M-3.20131011_032100Z.flac,93.792000,94.720000,93.792000,94.720000,93.792000,0.928000,dclde_DFO_CRP_NorthBc__DFOCRP.KkHK0R2F-NML1.SM2M-3.20131011_032100Z.flac_93.8s_94.7s_trainstyle.mat,mat_files/dclde_DFO_CRP_NorthBc__DFOCRP.KkHK0R2F-NML1.SM2M-3.20131011_032100Z.flac_93.8s_94.7s_trainstyle.mat,dclde_2027_DFO_CRP_NorthBc,50,DFO_CRP,NorthBc,DFOCRP.KkHK0R2F-NML1.SM2M-3.20131011_032100Z.flac,HW,species:Mn,species:Mn,Mn,,,NA,Detection,0,NA,3625,3750,dclde/2027/dclde_2027_killer_whales/dfo_crp/audio/northbc/DFOCRP.KkHK0R2F-NML1.SM2M-3.20131011_032100Z.flac,gs://noaa-passive-bioacoustic/dclde/2027/dclde_2027_killer_whales/dfo_crp/audio/northbc/DFOCRP.KkHK0R2F-NML1.SM2M-3.20131011_032100Z.flac,https://storage.googleapis.com/noaa-passive-bioacoustic/dclde/2027/dclde_2027_killer_whales/dfo_crp/audio/northbc/DFOCRP.KkHK0R2F-NML1.SM2M-3.20131011_032100Z.flac,0,reviewed,Mn,Mn,,,,DFO_CRP:NorthBc:DFOCRP.KkHK0R2F-NML1.SM2M-3.20131011_032100Z.flac,"[{""call_type"":null,""call_type_name"":null,""review_status"":""reviewed"",""source"":""dclde_2027_DFO_CRP_NorthBc"",""species"":""Humpback whale"",""species_code"":""Mn"",""trainable"":true}]",species:Mn
dclde_DFO_CRP_NorthBc__DFOCRP.KkHK0R2F-NML1.SM2M-3.20131011_032100Z.flac_94.9s_95.3s_trainstyle,dclde_DFO_CRP_NorthBc__DFOCRP.KkHK0R2F-NML1.SM2M-3.20131011_032100Z.flac,DFOCRP.KkHK0R2F-NML1.SM2M-3.20131011_032100Z.flac,DFOCRP.KkHK0R2F-NML1.SM2M-3.20131011_032100Z.flac,94.896000,95.296000,94.896000,95.296000,94.896000,0.400000,dclde_DFO_CRP_NorthBc__DFOCRP.KkHK0R2F-NML1.SM2M-3.20131011_032100Z.flac_94.9s_95.3s_trainstyle.mat,mat_files/dclde_DFO_CRP_NorthBc__DFOCRP.KkHK0R2F-NML1.SM2M-3.20131011_032100Z.flac_94.9s_95.3s_trainstyle.mat,dclde_2027_DFO_CRP_NorthBc,51,DFO_CRP,NorthBc,DFOCRP.KkHK0R2F-NML1.SM2M-3.20131011_032100Z.flac,HW,species:Mn,species:Mn,Mn,,,NA,Detection,0,NA,3437.5,3656.25,dclde/2027/dclde_2027_killer_whales/dfo_crp/audio/northbc/DFOCRP.KkHK0R2F-NML1.SM2M-3.20131011_032100Z.flac,gs://noaa-passive-bioacoustic/dclde/2027/dclde_2027_killer_whales/dfo_crp/audio/northbc/DFOCRP.KkHK0R2F-NML1.SM2M-3.20131011_032100Z.flac,https://storage.googleapis.com/noaa-passive-bioacoustic/dclde/2027/dclde_2027_killer_whales/dfo_crp/audio/northbc/DFOCRP.KkHK0R2F-NML1.SM2M-3.20131011_032100Z.flac,0,reviewed,Mn,Mn,,,,DFO_CRP:NorthBc:DFOCRP.KkHK0R2F-NML1.SM2M-3.20131011_032100Z.flac,"[{""call_type"":null,""call_type_name"":null,""review_status"":""reviewed"",""source"":""dclde_2027_DFO_CRP_NorthBc"",""species"":""Humpback whale"",""species_code"":""Mn"",""trainable"":true}]",species:Mn
dclde_DFO_CRP_NorthBc__DFOCRP.KkHK0R2F-NML1.SM2M-3.20131011_032100Z.flac_99.3s_99.6s_trainstyle,dclde_DFO_CRP_NorthBc__DFOCRP.KkHK0R2F-NML1.SM2M-3.20131011_032100Z.flac,DFOCRP.KkHK0R2F-NML1.SM2M-3.20131011_032100Z.flac,DFOCRP.KkHK0R2F-NML1.SM2M-3.20131011_032100Z.flac,99.263000,99.599000,99.263000,99.599000,99.263000,0.336000,dclde_DFO_CRP_NorthBc__DFOCRP.KkHK0R2F-NML1.SM2M-3.20131011_032100Z.flac_99.3s_99.6s_trainstyle.mat,mat_files/dclde_DFO_CRP_NorthBc__DFOCRP.KkHK0R2F-NML1.SM2M-3.20131011_032100Z.flac_99.3s_99.6s_trainstyle.mat,dclde_2027_DFO_CRP_NorthBc,52,DFO_CRP,NorthBc,DFOCRP.KkHK0R2F-NML1.SM2M-3.20131011_032100Z.flac,HW,species:Mn,species:Mn,Mn,,,NA,Detection,0,NA,3968.75,4093.75,dclde/2027/dclde_2027_killer_whales/dfo_crp/audio/northbc/DFOCRP.KkHK0R2F-NML1.SM2M-3.20131011_032100Z.flac,gs://noaa-passive-bioacoustic/dclde/2027/dclde_2027_killer_whales/dfo_crp/audio/northbc/DFOCRP.KkHK0R2F-NML1.SM2M-3.20131011_032100Z.flac,https://storage.googleapis.com/noaa-passive-bioacoustic/dclde/2027/dclde_2027_killer_whales/dfo_crp/audio/northbc/DFOCRP.KkHK0R2F-NML1.SM2M-3.20131011_032100Z.flac,0,reviewed,Mn,Mn,,,,DFO_CRP:NorthBc:DFOCRP.KkHK0R2F-NML1.SM2M-3.20131011_032100Z.flac,"[{""call_type"":null,""call_type_name"":null,""review_status"":""reviewed"",""source"":""dclde_2027_DFO_CRP_NorthBc"",""species"":""Humpback whale"",""species_code"":""Mn"",""trainable"":true}]",species:Mn
dclde_DFO_CRP_NorthBc__DFOCRP.KkHK0R2F-NML1.SM2M-3.20131011_032100Z.flac_101.0s_101.3s_trainstyle,dclde_DFO_CRP_NorthBc__DFOCRP.KkHK0R2F-NML1.SM2M-3.20131011_032100Z.flac,DFOCRP.KkHK0R2F-NML1.SM2M-3.20131011_032100Z.flac,DFOCRP.KkHK0R2F-NML1.SM2M-3.20131011_032100Z.flac,101.023000,101.295000,101.023000,101.295000,101.023000,0.272000,dclde_DFO_CRP_NorthBc__DFOCRP.KkHK0R2F-NML1.SM2M-3.20131011_032100Z.flac_101.0s_101.3s_trainstyle.mat,mat_files/dclde_DFO_CRP_NorthBc__DFOCRP.KkHK0R2F-NML1.SM2M-3.20131011_032100Z.flac_101.0s_101.3s_trainstyle.mat,dclde_2027_DFO_CRP_NorthBc,53,DFO_CRP,NorthBc,DFOCRP.KkHK0R2F-NML1.SM2M-3.20131011_032100Z.flac,HW,species:Mn,species:Mn,Mn,,,NA,Detection,0,NA,3812.5,3968.75,dclde/2027/dclde_2027_killer_whales/dfo_crp/audio/northbc/DFOCRP.KkHK0R2F-NML1.SM2M-3.20131011_032100Z.flac,gs://noaa-passive-bioacoustic/dclde/2027/dclde_2027_killer_whales/dfo_crp/audio/northbc/DFOCRP.KkHK0R2F-NML1.SM2M-3.20131011_032100Z.flac,https://storage.googleapis.com/noaa-passive-bioacoustic/dclde/2027/dclde_2027_killer_whales/dfo_crp/audio/northbc/DFOCRP.KkHK0R2F-NML1.SM2M-3.20131011_032100Z.flac,0,reviewed,Mn,Mn,,,,DFO_CRP:NorthBc:DFOCRP.KkHK0R2F-NML1.SM2M-3.20131011_032100Z.flac,"[{""call_type"":null,""call_type_name"":null,""review_status"":""reviewed"",""source"":""dclde_2027_DFO_CRP_NorthBc"",""species"":""Humpback whale"",""species_code"":""Mn"",""trainable"":true}]",species:Mn
dclde_DFO_CRP_NorthBc__DFOCRP.KkHK0R2F-NML1.SM2M-3.20131011_032100Z.flac_101.6s_102.3s_trainstyle,dclde_DFO_CRP_NorthBc__DFOCRP.KkHK0R2F-NML1.SM2M-3.20131011_032100Z.flac,DFOCRP.KkHK0R2F-NML1.SM2M-3.20131011_032100Z.flac,DFOCRP.KkHK0R2F-NML1.SM2M-3.20131011_032100Z.flac,101.567000,102.255000,101.567000,102.255000,101.567000,0.688000,dclde_DFO_CRP_NorthBc__DFOCRP.KkHK0R2F-NML1.SM2M-3.20131011_032100Z.flac_101.6s_102.3s_trainstyle.mat,mat_files/dclde_DFO_CRP_NorthBc__DFOCRP.KkHK0R2F-NML1.SM2M-3.20131011_032100Z.flac_101.6s_102.3s_trainstyle.mat,dclde_2027_DFO_CRP_NorthBc,54,DFO_CRP,NorthBc,DFOCRP.KkHK0R2F-NML1.SM2M-3.20131011_032100Z.flac,HW,species:Mn,species:Mn,Mn,,,NA,Detection,0,NA,2625,2781.25,dclde/2027/dclde_2027_killer_whales/dfo_crp/audio/northbc/DFOCRP.KkHK0R2F-NML1.SM2M-3.20131011_032100Z.flac,gs://noaa-passive-bioacoustic/dclde/2027/dclde_2027_killer_whales/dfo_crp/audio/northbc/DFOCRP.KkHK0R2F-NML1.SM2M-3.20131011_032100Z.flac,https://storage.googleapis.com/noaa-passive-bioacoustic/dclde/2027/dclde_2027_killer_whales/dfo_crp/audio/northbc/DFOCRP.KkHK0R2F-NML1.SM2M-3.20131011_032100Z.flac,0,reviewed,Mn,Mn,,,,DFO_CRP:NorthBc:DFOCRP.KkHK0R2F-NML1.SM2M-3.20131011_032100Z.flac,"[{""call_type"":null,""call_type_name"":null,""review_status"":""reviewed"",""source"":""dclde_2027_DFO_CRP_NorthBc"",""species"":""Humpback whale"",""species_code"":""Mn"",""trainable"":true}]",species:Mn
dclde_DFO_CRP_NorthBc__DFOCRP.KkHK0R2F-NML1.SM2M-3.20131011_032100Z.flac_110.2s_111.0s_trainstyle,dclde_DFO_CRP_NorthBc__DFOCRP.KkHK0R2F-NML1.SM2M-3.20131011_032100Z.flac,DFOCRP.KkHK0R2F-NML1.SM2M-3.20131011_032100Z.flac,DFOCRP.KkHK0R2F-NML1.SM2M-3.20131011_032100Z.flac,110.192000,111.008000,110.192000,111.008000,110.192000,0.816000,dclde_DFO_CRP_NorthBc__DFOCRP.KkHK0R2F-NML1.SM2M-3.20131011_032100Z.flac_110.2s_111.0s_trainstyle.mat,mat_files/dclde_DFO_CRP_NorthBc__DFOCRP.KkHK0R2F-NML1.SM2M-3.20131011_032100Z.flac_110.2s_111.0s_trainstyle.mat,dclde_2027_DFO_CRP_NorthBc,55,DFO_CRP,NorthBc,DFOCRP.KkHK0R2F-NML1.SM2M-3.20131011_032100Z.flac,HW,species:Mn,species:Mn,Mn,,,NA,Detection,0,NA,1500,1593.75,dclde/2027/dclde_2027_killer_whales/dfo_crp/audio/northbc/DFOCRP.KkHK0R2F-NML1.SM2M-3.20131011_032100Z.flac,gs://noaa-passive-bioacoustic/dclde/2027/dclde_2027_killer_whales/dfo_crp/audio/northbc/DFOCRP.KkHK0R2F-NML1.SM2M-3.20131011_032100Z.flac,https://storage.googleapis.com/noaa-passive-bioacoustic/dclde/2027/dclde_2027_killer_whales/dfo_crp/audio/northbc/DFOCRP.KkHK0R2F-NML1.SM2M-3.20131011_032100Z.flac,0,reviewed,Mn,Mn,,,,DFO_CRP:NorthBc:DFOCRP.KkHK0R2F-NML1.SM2M-3.20131011_032100Z.flac,"[{""call_type"":null,""call_type_name"":null,""review_status"":""reviewed"",""source"":""dclde_2027_DFO_CRP_NorthBc"",""species"":""Humpback whale"",""species_code"":""Mn"",""trainable"":true}]",species:Mn
dclde_DFO_CRP_NorthBc__DFOCRP.KkHK0R2F-NML1.SM2M-3.20131011_032100Z.flac_111.1s_111.4s_trainstyle,dclde_DFO_CRP_NorthBc__DFOCRP.KkHK0R2F-NML1.SM2M-3.20131011_032100Z.flac,DFOCRP.KkHK0R2F-NML1.SM2M-3.20131011_032100Z.flac,DFOCRP.KkHK0R2F-NML1.SM2M-3.20131011_032100Z.flac,111.119000,111.375000,111.119000,111.375000,111.119000,0.256000,dclde_DFO_CRP_NorthBc__DFOCRP.KkHK0R2F-NML1.SM2M-3.20131011_032100Z.flac_111.1s_111.4s_trainstyle.mat,mat_files/dclde_DFO_CRP_NorthBc__DFOCRP.KkHK0R2F-NML1.SM2M-3.20131011_032100Z.flac_111.1s_111.4s_trainstyle.mat,dclde_2027_DFO_CRP_NorthBc,56,DFO_CRP,NorthBc,DFOCRP.KkHK0R2F-NML1.SM2M-3.20131011_032100Z.flac,HW,species:Mn,species:Mn,Mn,,,NA,Detection,0,NA,906.25,1093.75,dclde/2027/dclde_2027_killer_whales/dfo_crp/audio/northbc/DFOCRP.KkHK0R2F-NML1.SM2M-3.20131011_032100Z.flac,gs://noaa-passive-bioacoustic/dclde/2027/dclde_2027_killer_whales/dfo_crp/audio/northbc/DFOCRP.KkHK0R2F-NML1.SM2M-3.20131011_032100Z.flac,https://storage.googleapis.com/noaa-passive-bioacoustic/dclde/2027/dclde_2027_killer_whales/dfo_crp/audio/northbc/DFOCRP.KkHK0R2F-NML1.SM2M-3.20131011_032100Z.flac,0,reviewed,Mn,Mn,,,,DFO_CRP:NorthBc:DFOCRP.KkHK0R2F-NML1.SM2M-3.20131011_032100Z.flac,"[{""call_type"":null,""call_type_name"":null,""review_status"":""reviewed"",""source"":""dclde_2027_DFO_CRP_NorthBc"",""species"":""Humpback whale"",""species_code"":""Mn"",""trainable"":true}]",species:Mn
dclde_DFO_CRP_NorthBc__DFOCRP.KkHK0R2F-NML1.SM2M-3.20131011_032100Z.flac_113.5s_114.0s_trainstyle,dclde_DFO_CRP_NorthBc__DFOCRP.KkHK0R2F-NML1.SM2M-3.20131011_032100Z.flac,DFOCRP.KkHK0R2F-NML1.SM2M-3.20131011_032100Z.flac,DFOCRP.KkHK0R2F-NML1.SM2M-3.20131011_032100Z.flac,113.455000,113.967000,113.455000,113.967000,113.455000,0.512000,dclde_DFO_CRP_NorthBc__DFOCRP.KkHK0R2F-NML1.SM2M-3.20131011_032100Z.flac_113.5s_114.0s_trainstyle.mat,mat_files/dclde_DFO_CRP_NorthBc__DFOCRP.KkHK0R2F-NML1.SM2M-3.20131011_032100Z.flac_113.5s_114.0s_trainstyle.mat,dclde_2027_DFO_CRP_NorthBc,57,DFO_CRP,NorthBc,DFOCRP.KkHK0R2F-NML1.SM2M-3.20131011_032100Z.flac,HW,species:Mn,species:Mn,Mn,,,NA,Detection,0,NA,906.25,1187.5,dclde/2027/dclde_2027_killer_whales/dfo_crp/audio/northbc/DFOCRP.KkHK0R2F-NML1.SM2M-3.20131011_032100Z.flac,gs://noaa-passive-bioacoustic/dclde/2027/dclde_2027_killer_whales/dfo_crp/audio/northbc/DFOCRP.KkHK0R2F-NML1.SM2M-3.20131011_032100Z.flac,https://storage.googleapis.com/noaa-passive-bioacoustic/dclde/2027/dclde_2027_killer_whales/dfo_crp/audio/northbc/DFOCRP.KkHK0R2F-NML1.SM2M-3.20131011_032100Z.flac,0,reviewed,Mn,Mn,,,,DFO_CRP:NorthBc:DFOCRP.KkHK0R2F-NML1.SM2M-3.20131011_032100Z.flac,"[{""call_type"":null,""call_type_name"":null,""review_status"":""reviewed"",""source"":""dclde_2027_DFO_CRP_NorthBc"",""species"":""Humpback whale"",""species_code"":""Mn"",""trainable"":true}]",species:Mn
dclde_DFO_CRP_NorthBc__DFOCRP.KkHK0R2F-NML1.SM2M-3.20131011_032100Z.flac_116.0s_116.3s_trainstyle,dclde_DFO_CRP_NorthBc__DFOCRP.KkHK0R2F-NML1.SM2M-3.20131011_032100Z.flac,DFOCRP.KkHK0R2F-NML1.SM2M-3.20131011_032100Z.flac,DFOCRP.KkHK0R2F-NML1.SM2M-3.20131011_032100Z.flac,116.031000,116.303000,116.031000,116.303000,116.031000,0.272000,dclde_DFO_CRP_NorthBc__DFOCRP.KkHK0R2F-NML1.SM2M-3.20131011_032100Z.flac_116.0s_116.3s_trainstyle.mat,mat_files/dclde_DFO_CRP_NorthBc__DFOCRP.KkHK0R2F-NML1.SM2M-3.20131011_032100Z.flac_116.0s_116.3s_trainstyle.mat,dclde_2027_DFO_CRP_NorthBc,58,DFO_CRP,NorthBc,DFOCRP.KkHK0R2F-NML1.SM2M-3.20131011_032100Z.flac,HW,species:Mn,species:Mn,Mn,,,NA,Detection,0,NA,1062.5,1218.75,dclde/2027/dclde_2027_killer_whales/dfo_crp/audio/northbc/DFOCRP.KkHK0R2F-NML1.SM2M-3.20131011_032100Z.flac,gs://noaa-passive-bioacoustic/dclde/2027/dclde_2027_killer_whales/dfo_crp/audio/northbc/DFOCRP.KkHK0R2F-NML1.SM2M-3.20131011_032100Z.flac,https://storage.googleapis.com/noaa-passive-bioacoustic/dclde/2027/dclde_2027_killer_whales/dfo_crp/audio/northbc/DFOCRP.KkHK0R2F-NML1.SM2M-3.20131011_032100Z.flac,0,reviewed,Mn,Mn,,,,DFO_CRP:NorthBc:DFOCRP.KkHK0R2F-NML1.SM2M-3.20131011_032100Z.flac,"[{""call_type"":null,""call_type_name"":null,""review_status"":""reviewed"",""source"":""dclde_2027_DFO_CRP_NorthBc"",""species"":""Humpback whale"",""species_code"":""Mn"",""trainable"":true}]",species:Mn
dclde_DFO_CRP_NorthBc__DFOCRP.KkHK0R2F-NML1.SM2M-3.20131011_032100Z.flac_118.6s_118.8s_trainstyle,dclde_DFO_CRP_NorthBc__DFOCRP.KkHK0R2F-NML1.SM2M-3.20131011_032100Z.flac,DFOCRP.KkHK0R2F-NML1.SM2M-3.20131011_032100Z.flac,DFOCRP.KkHK0R2F-NML1.SM2M-3.20131011_032100Z.flac,118.592000,118.848000,118.592000,118.848000,118.592000,0.256000,dclde_DFO_CRP_NorthBc__DFOCRP.KkHK0R2F-NML1.SM2M-3.20131011_032100Z.flac_118.6s_118.8s_trainstyle.mat,mat_files/dclde_DFO_CRP_NorthBc__DFOCRP.KkHK0R2F-NML1.SM2M-3.20131011_032100Z.flac_118.6s_118.8s_trainstyle.mat,dclde_2027_DFO_CRP_NorthBc,59,DFO_CRP,NorthBc,DFOCRP.KkHK0R2F-NML1.SM2M-3.20131011_032100Z.flac,HW,species:Mn,species:Mn,Mn,,,NA,Detection,0,NA,937.5,1218.75,dclde/2027/dclde_2027_killer_whales/dfo_crp/audio/northbc/DFOCRP.KkHK0R2F-NML1.SM2M-3.20131011_032100Z.flac,gs://noaa-passive-bioacoustic/dclde/2027/dclde_2027_killer_whales/dfo_crp/audio/northbc/DFOCRP.KkHK0R2F-NML1.SM2M-3.20131011_032100Z.flac,https://storage.googleapis.com/noaa-passive-bioacoustic/dclde/2027/dclde_2027_killer_whales/dfo_crp/audio/northbc/DFOCRP.KkHK0R2F-NML1.SM2M-3.20131011_032100Z.flac,0,reviewed,Mn,Mn,,,,DFO_CRP:NorthBc:DFOCRP.KkHK0R2F-NML1.SM2M-3.20131011_032100Z.flac,"[{""call_type"":null,""call_type_name"":null,""review_status"":""reviewed"",""source"":""dclde_2027_DFO_CRP_NorthBc"",""species"":""Humpback whale"",""species_code"":""Mn"",""trainable"":true}]",species:Mn
dclde_DFO_CRP_NorthBc__DFOCRP.KkHK0R2F-NML1.SM2M-3.20131011_032100Z.flac_120.9s_121.2s_trainstyle,dclde_DFO_CRP_NorthBc__DFOCRP.KkHK0R2F-NML1.SM2M-3.20131011_032100Z.flac,DFOCRP.KkHK0R2F-NML1.SM2M-3.20131011_032100Z.flac,DFOCRP.KkHK0R2F-NML1.SM2M-3.20131011_032100Z.flac,120.863000,121.151000,120.863000,121.151000,120.863000,0.288000,dclde_DFO_CRP_NorthBc__DFOCRP.KkHK0R2F-NML1.SM2M-3.20131011_032100Z.flac_120.9s_121.2s_trainstyle.mat,mat_files/dclde_DFO_CRP_NorthBc__DFOCRP.KkHK0R2F-NML1.SM2M-3.20131011_032100Z.flac_120.9s_121.2s_trainstyle.mat,dclde_2027_DFO_CRP_NorthBc,60,DFO_CRP,NorthBc,DFOCRP.KkHK0R2F-NML1.SM2M-3.20131011_032100Z.flac,HW,species:Mn,species:Mn,Mn,,,NA,Detection,0,NA,2156.25,2281.25,dclde/2027/dclde_2027_killer_whales/dfo_crp/audio/northbc/DFOCRP.KkHK0R2F-NML1.SM2M-3.20131011_032100Z.flac,gs://noaa-passive-bioacoustic/dclde/2027/dclde_2027_killer_whales/dfo_crp/audio/northbc/DFOCRP.KkHK0R2F-NML1.SM2M-3.20131011_032100Z.flac,https://storage.googleapis.com/noaa-passive-bioacoustic/dclde/2027/dclde_2027_killer_whales/dfo_crp/audio/northbc/DFOCRP.KkHK0R2F-NML1.SM2M-3.20131011_032100Z.flac,0,reviewed,Mn,Mn,,,,DFO_CRP:NorthBc:DFOCRP.KkHK0R2F-NML1.SM2M-3.20131011_032100Z.flac,"[{""call_type"":null,""call_type_name"":null,""review_status"":""reviewed"",""source"":""dclde_2027_DFO_CRP_NorthBc"",""species"":""Humpback whale"",""species_code"":""Mn"",""trainable"":true}]",species:Mn
dclde_DFO_CRP_NorthBc__DFOCRP.KkHK0R2F-NML1.SM2M-3.20131011_032100Z.flac_122.8s_123.2s_trainstyle,dclde_DFO_CRP_NorthBc__DFOCRP.KkHK0R2F-NML1.SM2M-3.20131011_032100Z.flac,DFOCRP.KkHK0R2F-NML1.SM2M-3.20131011_032100Z.flac,DFOCRP.KkHK0R2F-NML1.SM2M-3.20131011_032100Z.flac,122.831000,123.183000,122.831000,123.183000,122.831000,0.352000,dclde_DFO_CRP_NorthBc__DFOCRP.KkHK0R2F-NML1.SM2M-3.20131011_032100Z.flac_122.8s_123.2s_trainstyle.mat,mat_files/dclde_DFO_CRP_NorthBc__DFOCRP.KkHK0R2F-NML1.SM2M-3.20131011_032100Z.flac_122.8s_123.2s_trainstyle.mat,dclde_2027_DFO_CRP_NorthBc,61,DFO_CRP,NorthBc,DFOCRP.KkHK0R2F-NML1.SM2M-3.20131011_032100Z.flac,HW,species:Mn,species:Mn,Mn,,,NA,Detection,0,NA,1937.5,2593.75,dclde/2027/dclde_2027_killer_whales/dfo_crp/audio/northbc/DFOCRP.KkHK0R2F-NML1.SM2M-3.20131011_032100Z.flac,gs://noaa-passive-bioacoustic/dclde/2027/dclde_2027_killer_whales/dfo_crp/audio/northbc/DFOCRP.KkHK0R2F-NML1.SM2M-3.20131011_032100Z.flac,https://storage.googleapis.com/noaa-passive-bioacoustic/dclde/2027/dclde_2027_killer_whales/dfo_crp/audio/northbc/DFOCRP.KkHK0R2F-NML1.SM2M-3.20131011_032100Z.flac,0,reviewed,Mn,Mn,,,,DFO_CRP:NorthBc:DFOCRP.KkHK0R2F-NML1.SM2M-3.20131011_032100Z.flac,"[{""call_type"":null,""call_type_name"":null,""review_status"":""reviewed"",""source"":""dclde_2027_DFO_CRP_NorthBc"",""species"":""Humpback whale"",""species_code"":""Mn"",""trainable"":true}]",species:Mn
dclde_DFO_CRP_NorthBc__DFOCRP.KkHK0R2F-NML1.SM2M-3.20131011_032100Z.flac_178.8s_179.1s_trainstyle,dclde_DFO_CRP_NorthBc__DFOCRP.KkHK0R2F-NML1.SM2M-3.20131011_032100Z.flac,DFOCRP.KkHK0R2F-NML1.SM2M-3.20131011_032100Z.flac,DFOCRP.KkHK0R2F-NML1.SM2M-3.20131011_032100Z.flac,178.751000,179.071000,178.751000,179.071000,178.751000,0.320000,dclde_DFO_CRP_NorthBc__DFOCRP.KkHK0R2F-NML1.SM2M-3.20131011_032100Z.flac_178.8s_179.1s_trainstyle.mat,mat_files/dclde_DFO_CRP_NorthBc__DFOCRP.KkHK0R2F-NML1.SM2M-3.20131011_032100Z.flac_178.8s_179.1s_trainstyle.mat,dclde_2027_DFO_CRP_NorthBc,62,DFO_CRP,NorthBc,DFOCRP.KkHK0R2F-NML1.SM2M-3.20131011_032100Z.flac,HW,species:Mn,species:Mn,Mn,,,NA,Detection,0,NA,781.25,1031.25,dclde/2027/dclde_2027_killer_whales/dfo_crp/audio/northbc/DFOCRP.KkHK0R2F-NML1.SM2M-3.20131011_032100Z.flac,gs://noaa-passive-bioacoustic/dclde/2027/dclde_2027_killer_whales/dfo_crp/audio/northbc/DFOCRP.KkHK0R2F-NML1.SM2M-3.20131011_032100Z.flac,https://storage.googleapis.com/noaa-passive-bioacoustic/dclde/2027/dclde_2027_killer_whales/dfo_crp/audio/northbc/DFOCRP.KkHK0R2F-NML1.SM2M-3.20131011_032100Z.flac,0,reviewed,Mn,Mn,,,,DFO_CRP:NorthBc:DFOCRP.KkHK0R2F-NML1.SM2M-3.20131011_032100Z.flac,"[{""call_type"":null,""call_type_name"":null,""review_status"":""reviewed"",""source"":""dclde_2027_DFO_CRP_NorthBc"",""species"":""Humpback whale"",""species_code"":""Mn"",""trainable"":true}]",species:Mn
dclde_DFO_CRP_NorthBc__DFOCRP.KkHK0R2F-NML1.SM2M-3.20131011_053600Z.flac_44.7s_44.9s_trainstyle,dclde_DFO_CRP_NorthBc__DFOCRP.KkHK0R2F-NML1.SM2M-3.20131011_053600Z.flac,DFOCRP.KkHK0R2F-NML1.SM2M-3.20131011_053600Z.flac,DFOCRP.KkHK0R2F-NML1.SM2M-3.20131011_053600Z.flac,44.688000,44.944000,44.688000,44.944000,44.688000,0.256000,dclde_DFO_CRP_NorthBc__DFOCRP.KkHK0R2F-NML1.SM2M-3.20131011_053600Z.flac_44.7s_44.9s_trainstyle.mat,mat_files/dclde_DFO_CRP_NorthBc__DFOCRP.KkHK0R2F-NML1.SM2M-3.20131011_053600Z.flac_44.7s_44.9s_trainstyle.mat,dclde_2027_DFO_CRP_NorthBc,73,DFO_CRP,NorthBc,DFOCRP.KkHK0R2F-NML1.SM2M-3.20131011_053600Z.flac,HW,species:Mn,species:Mn,Mn,,,NA,Detection,0,NA,968.75,1156.25,dclde/2027/dclde_2027_killer_whales/dfo_crp/audio/northbc/DFOCRP.KkHK0R2F-NML1.SM2M-3.20131011_053600Z.flac,gs://noaa-passive-bioacoustic/dclde/2027/dclde_2027_killer_whales/dfo_crp/audio/northbc/DFOCRP.KkHK0R2F-NML1.SM2M-3.20131011_053600Z.flac,https://storage.googleapis.com/noaa-passive-bioacoustic/dclde/2027/dclde_2027_killer_whales/dfo_crp/audio/northbc/DFOCRP.KkHK0R2F-NML1.SM2M-3.20131011_053600Z.flac,0,reviewed,Mn,Mn,,,,DFO_CRP:NorthBc:DFOCRP.KkHK0R2F-NML1.SM2M-3.20131011_053600Z.flac,"[{""call_type"":null,""call_type_name"":null,""review_status"":""reviewed"",""source"":""dclde_2027_DFO_CRP_NorthBc"",""species"":""Humpback whale"",""species_code"":""Mn"",""trainable"":true}]",species:Mn
dclde_DFO_CRP_NorthBc__DFOCRP.KkHK0R2F-NML1.SM2M-3.20131011_060600Z.flac_139.4s_140.1s_trainstyle,dclde_DFO_CRP_NorthBc__DFOCRP.KkHK0R2F-NML1.SM2M-3.20131011_060600Z.flac,DFOCRP.KkHK0R2F-NML1.SM2M-3.20131011_060600Z.flac,DFOCRP.KkHK0R2F-NML1.SM2M-3.20131011_060600Z.flac,139.439000,140.096000,139.439000,140.096000,139.439000,0.657000,dclde_DFO_CRP_NorthBc__DFOCRP.KkHK0R2F-NML1.SM2M-3.20131011_060600Z.flac_139.4s_140.1s_trainstyle.mat,mat_files/dclde_DFO_CRP_NorthBc__DFOCRP.KkHK0R2F-NML1.SM2M-3.20131011_060600Z.flac_139.4s_140.1s_trainstyle.mat,dclde_2027_DFO_CRP_NorthBc,74,DFO_CRP,NorthBc,DFOCRP.KkHK0R2F-NML1.SM2M-3.20131011_060600Z.flac,HW,species:Mn,species:Mn,Mn,,,NA,Detection,0,NA,1281.25,1562.5,dclde/2027/dclde_2027_killer_whales/dfo_crp/audio/northbc/DFOCRP.KkHK0R2F-NML1.SM2M-3.20131011_060600Z.flac,gs://noaa-passive-bioacoustic/dclde/2027/dclde_2027_killer_whales/dfo_crp/audio/northbc/DFOCRP.KkHK0R2F-NML1.SM2M-3.20131011_060600Z.flac,https://storage.googleapis.com/noaa-passive-bioacoustic/dclde/2027/dclde_2027_killer_whales/dfo_crp/audio/northbc/DFOCRP.KkHK0R2F-NML1.SM2M-3.20131011_060600Z.flac,0,reviewed,Mn,Mn,,,,DFO_CRP:NorthBc:DFOCRP.KkHK0R2F-NML1.SM2M-3.20131011_060600Z.flac,"[{""call_type"":null,""call_type_name"":null,""review_status"":""reviewed"",""source"":""dclde_2027_DFO_CRP_NorthBc"",""species"":""Humpback whale"",""species_code"":""Mn"",""trainable"":true}]",species:Mn
dclde_DFO_CRP_NorthBc__DFOCRP.KkHK0R2F-NML1.SM2M-3.20131011_060600Z.flac_145.8s_146.5s_trainstyle,dclde_DFO_CRP_NorthBc__DFOCRP.KkHK0R2F-NML1.SM2M-3.20131011_060600Z.flac,DFOCRP.KkHK0R2F-NML1.SM2M-3.20131011_060600Z.flac,DFOCRP.KkHK0R2F-NML1.SM2M-3.20131011_060600Z.flac,145.792000,146.496000,145.792000,146.496000,145.792000,0.704000,dclde_DFO_CRP_NorthBc__DFOCRP.KkHK0R2F-NML1.SM2M-3.20131011_060600Z.flac_145.8s_146.5s_trainstyle.mat,mat_files/dclde_DFO_CRP_NorthBc__DFOCRP.KkHK0R2F-NML1.SM2M-3.20131011_060600Z.flac_145.8s_146.5s_trainstyle.mat,dclde_2027_DFO_CRP_NorthBc,75,DFO_CRP,NorthBc,DFOCRP.KkHK0R2F-NML1.SM2M-3.20131011_060600Z.flac,HW,species:Mn,species:Mn,Mn,,,NA,Detection,0,NA,1000,1343.75,dclde/2027/dclde_2027_killer_whales/dfo_crp/audio/northbc/DFOCRP.KkHK0R2F-NML1.SM2M-3.20131011_060600Z.flac,gs://noaa-passive-bioacoustic/dclde/2027/dclde_2027_killer_whales/dfo_crp/audio/northbc/DFOCRP.KkHK0R2F-NML1.SM2M-3.20131011_060600Z.flac,https://storage.googleapis.com/noaa-passive-bioacoustic/dclde/2027/dclde_2027_killer_whales/dfo_crp/audio/northbc/DFOCRP.KkHK0R2F-NML1.SM2M-3.20131011_060600Z.flac,0,reviewed,Mn,Mn,,,,DFO_CRP:NorthBc:DFOCRP.KkHK0R2F-NML1.SM2M-3.20131011_060600Z.flac,"[{""call_type"":null,""call_type_name"":null,""review_status"":""reviewed"",""source"":""dclde_2027_DFO_CRP_NorthBc"",""species"":""Humpback whale"",""species_code"":""Mn"",""trainable"":true}]",species:Mn
dclde_DFO_CRP_NorthBc__DFOCRP.KkHK0R2F-NML1.SM2M-3.20131011_060600Z.flac_153.5s_153.9s_trainstyle,dclde_DFO_CRP_NorthBc__DFOCRP.KkHK0R2F-NML1.SM2M-3.20131011_060600Z.flac,DFOCRP.KkHK0R2F-NML1.SM2M-3.20131011_060600Z.flac,DFOCRP.KkHK0R2F-NML1.SM2M-3.20131011_060600Z.flac,153.535000,153.887000,153.535000,153.887000,153.535000,0.352000,dclde_DFO_CRP_NorthBc__DFOCRP.KkHK0R2F-NML1.SM2M-3.20131011_060600Z.flac_153.5s_153.9s_trainstyle.mat,mat_files/dclde_DFO_CRP_NorthBc__DFOCRP.KkHK0R2F-NML1.SM2M-3.20131011_060600Z.flac_153.5s_153.9s_trainstyle.mat,dclde_2027_DFO_CRP_NorthBc,76,DFO_CRP,NorthBc,DFOCRP.KkHK0R2F-NML1.SM2M-3.20131011_060600Z.flac,HW,species:Mn,species:Mn,Mn,,,NA,Detection,0,NA,906.25,1281.25,dclde/2027/dclde_2027_killer_whales/dfo_crp/audio/northbc/DFOCRP.KkHK0R2F-NML1.SM2M-3.20131011_060600Z.flac,gs://noaa-passive-bioacoustic/dclde/2027/dclde_2027_killer_whales/dfo_crp/audio/northbc/DFOCRP.KkHK0R2F-NML1.SM2M-3.20131011_060600Z.flac,https://storage.googleapis.com/noaa-passive-bioacoustic/dclde/2027/dclde_2027_killer_whales/dfo_crp/audio/northbc/DFOCRP.KkHK0R2F-NML1.SM2M-3.20131011_060600Z.flac,0,reviewed,Mn,Mn,,,,DFO_CRP:NorthBc:DFOCRP.KkHK0R2F-NML1.SM2M-3.20131011_060600Z.flac,"[{""call_type"":null,""call_type_name"":null,""review_status"":""reviewed"",""source"":""dclde_2027_DFO_CRP_NorthBc"",""species"":""Humpback whale"",""species_code"":""Mn"",""trainable"":true}]",species:Mn
dclde_DFO_CRP_NorthBc__DFOCRP.KkHK0R2F-NML1.SM2M-3.20131011_060600Z.flac_154.8s_155.4s_trainstyle,dclde_DFO_CRP_NorthBc__DFOCRP.KkHK0R2F-NML1.SM2M-3.20131011_060600Z.flac,DFOCRP.KkHK0R2F-NML1.SM2M-3.20131011_060600Z.flac,DFOCRP.KkHK0R2F-NML1.SM2M-3.20131011_060600Z.flac,154.847000,155.439000,154.847000,155.439000,154.847000,0.592000,dclde_DFO_CRP_NorthBc__DFOCRP.KkHK0R2F-NML1.SM2M-3.20131011_060600Z.flac_154.8s_155.4s_trainstyle.mat,mat_files/dclde_DFO_CRP_NorthBc__DFOCRP.KkHK0R2F-NML1.SM2M-3.20131011_060600Z.flac_154.8s_155.4s_trainstyle.mat,dclde_2027_DFO_CRP_NorthBc,77,DFO_CRP,NorthBc,DFOCRP.KkHK0R2F-NML1.SM2M-3.20131011_060600Z.flac,HW,species:Mn,species:Mn,Mn,,,NA,Detection,0,NA,1000,1156.25,dclde/2027/dclde_2027_killer_whales/dfo_crp/audio/northbc/DFOCRP.KkHK0R2F-NML1.SM2M-3.20131011_060600Z.flac,gs://noaa-passive-bioacoustic/dclde/2027/dclde_2027_killer_whales/dfo_crp/audio/northbc/DFOCRP.KkHK0R2F-NML1.SM2M-3.20131011_060600Z.flac,https://storage.googleapis.com/noaa-passive-bioacoustic/dclde/2027/dclde_2027_killer_whales/dfo_crp/audio/northbc/DFOCRP.KkHK0R2F-NML1.SM2M-3.20131011_060600Z.flac,0,reviewed,Mn,Mn,,,,DFO_CRP:NorthBc:DFOCRP.KkHK0R2F-NML1.SM2M-3.20131011_060600Z.flac,"[{""call_type"":null,""call_type_name"":null,""review_status"":""reviewed"",""source"":""dclde_2027_DFO_CRP_NorthBc"",""species"":""Humpback whale"",""species_code"":""Mn"",""trainable"":true}]",species:Mn
dclde_DFO_CRP_NorthBc__DFOCRP.KkHK0R2F-NML1.SM2M-3.20131011_060600Z.flac_226.3s_226.7s_trainstyle,dclde_DFO_CRP_NorthBc__DFOCRP.KkHK0R2F-NML1.SM2M-3.20131011_060600Z.flac,DFOCRP.KkHK0R2F-NML1.SM2M-3.20131011_060600Z.flac,DFOCRP.KkHK0R2F-NML1.SM2M-3.20131011_060600Z.flac,226.288000,226.720000,226.288000,226.720000,226.288000,0.432000,dclde_DFO_CRP_NorthBc__DFOCRP.KkHK0R2F-NML1.SM2M-3.20131011_060600Z.flac_226.3s_226.7s_trainstyle.mat,mat_files/dclde_DFO_CRP_NorthBc__DFOCRP.KkHK0R2F-NML1.SM2M-3.20131011_060600Z.flac_226.3s_226.7s_trainstyle.mat,dclde_2027_DFO_CRP_NorthBc,78,DFO_CRP,NorthBc,DFOCRP.KkHK0R2F-NML1.SM2M-3.20131011_060600Z.flac,HW,species:Mn,species:Mn,Mn,,,NA,Detection,0,NA,781.25,1031.25,dclde/2027/dclde_2027_killer_whales/dfo_crp/audio/northbc/DFOCRP.KkHK0R2F-NML1.SM2M-3.20131011_060600Z.flac,gs://noaa-passive-bioacoustic/dclde/2027/dclde_2027_killer_whales/dfo_crp/audio/northbc/DFOCRP.KkHK0R2F-NML1.SM2M-3.20131011_060600Z.flac,https://storage.googleapis.com/noaa-passive-bioacoustic/dclde/2027/dclde_2027_killer_whales/dfo_crp/audio/northbc/DFOCRP.KkHK0R2F-NML1.SM2M-3.20131011_060600Z.flac,0,reviewed,Mn,Mn,,,,DFO_CRP:NorthBc:DFOCRP.KkHK0R2F-NML1.SM2M-3.20131011_060600Z.flac,"[{""call_type"":null,""call_type_name"":null,""review_status"":""reviewed"",""source"":""dclde_2027_DFO_CRP_NorthBc"",""species"":""Humpback whale"",""species_code"":""Mn"",""trainable"":true}]",species:Mn
dclde_DFO_CRP_NorthBc__DFOCRP.KkHK0R2F-NML1.SM2M-3.20131011_060600Z.flac_244.1s_244.5s_trainstyle,dclde_DFO_CRP_NorthBc__DFOCRP.KkHK0R2F-NML1.SM2M-3.20131011_060600Z.flac,DFOCRP.KkHK0R2F-NML1.SM2M-3.20131011_060600Z.flac,DFOCRP.KkHK0R2F-NML1.SM2M-3.20131011_060600Z.flac,244.080000,244.496000,244.080000,244.496000,244.080000,0.416000,dclde_DFO_CRP_NorthBc__DFOCRP.KkHK0R2F-NML1.SM2M-3.20131011_060600Z.flac_244.1s_244.5s_trainstyle.mat,mat_files/dclde_DFO_CRP_NorthBc__DFOCRP.KkHK0R2F-NML1.SM2M-3.20131011_060600Z.flac_244.1s_244.5s_trainstyle.mat,dclde_2027_DFO_CRP_NorthBc,79,DFO_CRP,NorthBc,DFOCRP.KkHK0R2F-NML1.SM2M-3.20131011_060600Z.flac,HW,species:Mn,species:Mn,Mn,,,NA,Detection,0,NA,2031.25,2156.25,dclde/2027/dclde_2027_killer_whales/dfo_crp/audio/northbc/DFOCRP.KkHK0R2F-NML1.SM2M-3.20131011_060600Z.flac,gs://noaa-passive-bioacoustic/dclde/2027/dclde_2027_killer_whales/dfo_crp/audio/northbc/DFOCRP.KkHK0R2F-NML1.SM2M-3.20131011_060600Z.flac,https://storage.googleapis.com/noaa-passive-bioacoustic/dclde/2027/dclde_2027_killer_whales/dfo_crp/audio/northbc/DFOCRP.KkHK0R2F-NML1.SM2M-3.20131011_060600Z.flac,0,reviewed,Mn,Mn,,,,DFO_CRP:NorthBc:DFOCRP.KkHK0R2F-NML1.SM2M-3.20131011_060600Z.flac,"[{""call_type"":null,""call_type_name"":null,""review_status"":""reviewed"",""source"":""dclde_2027_DFO_CRP_NorthBc"",""species"":""Humpback whale"",""species_code"":""Mn"",""trainable"":true}]",species:Mn
dclde_DFO_CRP_NorthBc__DFOCRP.KkHK0R2F-NML1.SM2M-3.20131011_060600Z.flac_253.3s_254.0s_trainstyle,dclde_DFO_CRP_NorthBc__DFOCRP.KkHK0R2F-NML1.SM2M-3.20131011_060600Z.flac,DFOCRP.KkHK0R2F-NML1.SM2M-3.20131011_060600Z.flac,DFOCRP.KkHK0R2F-NML1.SM2M-3.20131011_060600Z.flac,253.343000,253.983000,253.343000,253.983000,253.343000,0.640000,dclde_DFO_CRP_NorthBc__DFOCRP.KkHK0R2F-NML1.SM2M-3.20131011_060600Z.flac_253.3s_254.0s_trainstyle.mat,mat_files/dclde_DFO_CRP_NorthBc__DFOCRP.KkHK0R2F-NML1.SM2M-3.20131011_060600Z.flac_253.3s_254.0s_trainstyle.mat,dclde_2027_DFO_CRP_NorthBc,80,DFO_CRP,NorthBc,DFOCRP.KkHK0R2F-NML1.SM2M-3.20131011_060600Z.flac,HW,species:Mn,species:Mn,Mn,,,NA,Detection,0,NA,1968.75,2156.25,dclde/2027/dclde_2027_killer_whales/dfo_crp/audio/northbc/DFOCRP.KkHK0R2F-NML1.SM2M-3.20131011_060600Z.flac,gs://noaa-passive-bioacoustic/dclde/2027/dclde_2027_killer_whales/dfo_crp/audio/northbc/DFOCRP.KkHK0R2F-NML1.SM2M-3.20131011_060600Z.flac,https://storage.googleapis.com/noaa-passive-bioacoustic/dclde/2027/dclde_2027_killer_whales/dfo_crp/audio/northbc/DFOCRP.KkHK0R2F-NML1.SM2M-3.20131011_060600Z.flac,0,reviewed,Mn,Mn,,,,DFO_CRP:NorthBc:DFOCRP.KkHK0R2F-NML1.SM2M-3.20131011_060600Z.flac,"[{""call_type"":null,""call_type_name"":null,""review_status"":""reviewed"",""source"":""dclde_2027_DFO_CRP_NorthBc"",""species"":""Humpback whale"",""species_code"":""Mn"",""trainable"":true}]",species:Mn
dclde_DFO_CRP_NorthBc__DFOCRP.KkHK0R2F-NML1.SM2M-3.20131011_060600Z.flac_263.5s_264.0s_trainstyle,dclde_DFO_CRP_NorthBc__DFOCRP.KkHK0R2F-NML1.SM2M-3.20131011_060600Z.flac,DFOCRP.KkHK0R2F-NML1.SM2M-3.20131011_060600Z.flac,DFOCRP.KkHK0R2F-NML1.SM2M-3.20131011_060600Z.flac,263.535000,263.967000,263.535000,263.967000,263.535000,0.432000,dclde_DFO_CRP_NorthBc__DFOCRP.KkHK0R2F-NML1.SM2M-3.20131011_060600Z.flac_263.5s_264.0s_trainstyle.mat,mat_files/dclde_DFO_CRP_NorthBc__DFOCRP.KkHK0R2F-NML1.SM2M-3.20131011_060600Z.flac_263.5s_264.0s_trainstyle.mat,dclde_2027_DFO_CRP_NorthBc,81,DFO_CRP,NorthBc,DFOCRP.KkHK0R2F-NML1.SM2M-3.20131011_060600Z.flac,HW,species:Mn,species:Mn,Mn,,,NA,Detection,0,NA,1937.5,2187.5,dclde/2027/dclde_2027_killer_whales/dfo_crp/audio/northbc/DFOCRP.KkHK0R2F-NML1.SM2M-3.20131011_060600Z.flac,gs://noaa-passive-bioacoustic/dclde/2027/dclde_2027_killer_whales/dfo_crp/audio/northbc/DFOCRP.KkHK0R2F-NML1.SM2M-3.20131011_060600Z.flac,https://storage.googleapis.com/noaa-passive-bioacoustic/dclde/2027/dclde_2027_killer_whales/dfo_crp/audio/northbc/DFOCRP.KkHK0R2F-NML1.SM2M-3.20131011_060600Z.flac,0,reviewed,Mn,Mn,,,,DFO_CRP:NorthBc:DFOCRP.KkHK0R2F-NML1.SM2M-3.20131011_060600Z.flac,"[{""call_type"":null,""call_type_name"":null,""review_status"":""reviewed"",""source"":""dclde_2027_DFO_CRP_NorthBc"",""species"":""Humpback whale"",""species_code"":""Mn"",""trainable"":true}]",species:Mn
dclde_DFO_CRP_NorthBc__DFOCRP.KkHK0R2F-NML1.SM2M-3.20131011_060600Z.flac_288.8s_289.4s_trainstyle,dclde_DFO_CRP_NorthBc__DFOCRP.KkHK0R2F-NML1.SM2M-3.20131011_060600Z.flac,DFOCRP.KkHK0R2F-NML1.SM2M-3.20131011_060600Z.flac,DFOCRP.KkHK0R2F-NML1.SM2M-3.20131011_060600Z.flac,288.767000,289.375000,288.767000,289.375000,288.767000,0.608000,dclde_DFO_CRP_NorthBc__DFOCRP.KkHK0R2F-NML1.SM2M-3.20131011_060600Z.flac_288.8s_289.4s_trainstyle.mat,mat_files/dclde_DFO_CRP_NorthBc__DFOCRP.KkHK0R2F-NML1.SM2M-3.20131011_060600Z.flac_288.8s_289.4s_trainstyle.mat,dclde_2027_DFO_CRP_NorthBc,82,DFO_CRP,NorthBc,DFOCRP.KkHK0R2F-NML1.SM2M-3.20131011_060600Z.flac,HW,species:Mn,species:Mn,Mn,,,NA,Detection,0,NA,1000,1250,dclde/2027/dclde_2027_killer_whales/dfo_crp/audio/northbc/DFOCRP.KkHK0R2F-NML1.SM2M-3.20131011_060600Z.flac,gs://noaa-passive-bioacoustic/dclde/2027/dclde_2027_killer_whales/dfo_crp/audio/northbc/DFOCRP.KkHK0R2F-NML1.SM2M-3.20131011_060600Z.flac,https://storage.googleapis.com/noaa-passive-bioacoustic/dclde/2027/dclde_2027_killer_whales/dfo_crp/audio/northbc/DFOCRP.KkHK0R2F-NML1.SM2M-3.20131011_060600Z.flac,0,reviewed,Mn,Mn,,,,DFO_CRP:NorthBc:DFOCRP.KkHK0R2F-NML1.SM2M-3.20131011_060600Z.flac,"[{""call_type"":null,""call_type_name"":null,""review_status"":""reviewed"",""source"":""dclde_2027_DFO_CRP_NorthBc"",""species"":""Humpback whale"",""species_code"":""Mn"",""trainable"":true}]",species:Mn
dclde_DFO_CRP_NorthBc__DFOCRP.KkHK0R2F-NML1.SM2M-3.20131011_060600Z.flac_297.8s_298.4s_trainstyle,dclde_DFO_CRP_NorthBc__DFOCRP.KkHK0R2F-NML1.SM2M-3.20131011_060600Z.flac,DFOCRP.KkHK0R2F-NML1.SM2M-3.20131011_060600Z.flac,DFOCRP.KkHK0R2F-NML1.SM2M-3.20131011_060600Z.flac,297.792000,298.352000,297.792000,298.352000,297.792000,0.560000,dclde_DFO_CRP_NorthBc__DFOCRP.KkHK0R2F-NML1.SM2M-3.20131011_060600Z.flac_297.8s_298.4s_trainstyle.mat,mat_files/dclde_DFO_CRP_NorthBc__DFOCRP.KkHK0R2F-NML1.SM2M-3.20131011_060600Z.flac_297.8s_298.4s_trainstyle.mat,dclde_2027_DFO_CRP_NorthBc,83,DFO_CRP,NorthBc,DFOCRP.KkHK0R2F-NML1.SM2M-3.20131011_060600Z.flac,HW,species:Mn,species:Mn,Mn,,,NA,Detection,0,NA,1281.25,1562.5,dclde/2027/dclde_2027_killer_whales/dfo_crp/audio/northbc/DFOCRP.KkHK0R2F-NML1.SM2M-3.20131011_060600Z.flac,gs://noaa-passive-bioacoustic/dclde/2027/dclde_2027_killer_whales/dfo_crp/audio/northbc/DFOCRP.KkHK0R2F-NML1.SM2M-3.20131011_060600Z.flac,https://storage.googleapis.com/noaa-passive-bioacoustic/dclde/2027/dclde_2027_killer_whales/dfo_crp/audio/northbc/DFOCRP.KkHK0R2F-NML1.SM2M-3.20131011_060600Z.flac,0,reviewed,Mn,Mn,,,,DFO_CRP:NorthBc:DFOCRP.KkHK0R2F-NML1.SM2M-3.20131011_060600Z.flac,"[{""call_type"":null,""call_type_name"":null,""review_status"":""reviewed"",""source"":""dclde_2027_DFO_CRP_NorthBc"",""species"":""Humpback whale"",""species_code"":""Mn"",""trainable"":true}]",species:Mn
dclde_DFO_CRP_NorthBc__DFOCRP.KkHK0R2F-NML1.SM2M-3.20131011_062100Z.flac_162.3s_162.6s_trainstyle,dclde_DFO_CRP_NorthBc__DFOCRP.KkHK0R2F-NML1.SM2M-3.20131011_062100Z.flac,DFOCRP.KkHK0R2F-NML1.SM2M-3.20131011_062100Z.flac,DFOCRP.KkHK0R2F-NML1.SM2M-3.20131011_062100Z.flac,162.303000,162.559000,162.303000,162.559000,162.303000,0.256000,dclde_DFO_CRP_NorthBc__DFOCRP.KkHK0R2F-NML1.SM2M-3.20131011_062100Z.flac_162.3s_162.6s_trainstyle.mat,mat_files/dclde_DFO_CRP_NorthBc__DFOCRP.KkHK0R2F-NML1.SM2M-3.20131011_062100Z.flac_162.3s_162.6s_trainstyle.mat,dclde_2027_DFO_CRP_NorthBc,84,DFO_CRP,NorthBc,DFOCRP.KkHK0R2F-NML1.SM2M-3.20131011_062100Z.flac,HW,species:Mn,species:Mn,Mn,,,NA,Detection,0,NA,843.75,1093.75,dclde/2027/dclde_2027_killer_whales/dfo_crp/audio/northbc/DFOCRP.KkHK0R2F-NML1.SM2M-3.20131011_062100Z.flac,gs://noaa-passive-bioacoustic/dclde/2027/dclde_2027_killer_whales/dfo_crp/audio/northbc/DFOCRP.KkHK0R2F-NML1.SM2M-3.20131011_062100Z.flac,https://storage.googleapis.com/noaa-passive-bioacoustic/dclde/2027/dclde_2027_killer_whales/dfo_crp/audio/northbc/DFOCRP.KkHK0R2F-NML1.SM2M-3.20131011_062100Z.flac,0,reviewed,Mn,Mn,,,,DFO_CRP:NorthBc:DFOCRP.KkHK0R2F-NML1.SM2M-3.20131011_062100Z.flac,"[{""call_type"":null,""call_type_name"":null,""review_status"":""reviewed"",""source"":""dclde_2027_DFO_CRP_NorthBc"",""species"":""Humpback whale"",""species_code"":""Mn"",""trainable"":true}]",species:Mn
dclde_DFO_CRP_NorthBc__DFOCRP.KkHK0R2F-NML1.SM2M-3.20131011_062100Z.flac_290.2s_290.5s_trainstyle,dclde_DFO_CRP_NorthBc__DFOCRP.KkHK0R2F-NML1.SM2M-3.20131011_062100Z.flac,DFOCRP.KkHK0R2F-NML1.SM2M-3.20131011_062100Z.flac,DFOCRP.KkHK0R2F-NML1.SM2M-3.20131011_062100Z.flac,290.239000,290.543000,290.239000,290.543000,290.239000,0.304000,dclde_DFO_CRP_NorthBc__DFOCRP.KkHK0R2F-NML1.SM2M-3.20131011_062100Z.flac_290.2s_290.5s_trainstyle.mat,mat_files/dclde_DFO_CRP_NorthBc__DFOCRP.KkHK0R2F-NML1.SM2M-3.20131011_062100Z.flac_290.2s_290.5s_trainstyle.mat,dclde_2027_DFO_CRP_NorthBc,85,DFO_CRP,NorthBc,DFOCRP.KkHK0R2F-NML1.SM2M-3.20131011_062100Z.flac,HW,species:Mn,species:Mn,Mn,,,NA,Detection,0,NA,843.75,1156.25,dclde/2027/dclde_2027_killer_whales/dfo_crp/audio/northbc/DFOCRP.KkHK0R2F-NML1.SM2M-3.20131011_062100Z.flac,gs://noaa-passive-bioacoustic/dclde/2027/dclde_2027_killer_whales/dfo_crp/audio/northbc/DFOCRP.KkHK0R2F-NML1.SM2M-3.20131011_062100Z.flac,https://storage.googleapis.com/noaa-passive-bioacoustic/dclde/2027/dclde_2027_killer_whales/dfo_crp/audio/northbc/DFOCRP.KkHK0R2F-NML1.SM2M-3.20131011_062100Z.flac,0,reviewed,Mn,Mn,,,,DFO_CRP:NorthBc:DFOCRP.KkHK0R2F-NML1.SM2M-3.20131011_062100Z.flac,"[{""call_type"":null,""call_type_name"":null,""review_status"":""reviewed"",""source"":""dclde_2027_DFO_CRP_NorthBc"",""species"":""Humpback whale"",""species_code"":""Mn"",""trainable"":true}]",species:Mn
dclde_DFO_CRP_NorthBc__DFOCRP.KkHK0R2F-NML1.SM2M-3.20131011_063600Z.flac_129.3s_129.8s_trainstyle,dclde_DFO_CRP_NorthBc__DFOCRP.KkHK0R2F-NML1.SM2M-3.20131011_063600Z.flac,DFOCRP.KkHK0R2F-NML1.SM2M-3.20131011_063600Z.flac,DFOCRP.KkHK0R2F-NML1.SM2M-3.20131011_063600Z.flac,129.343000,129.791000,129.343000,129.791000,129.343000,0.448000,dclde_DFO_CRP_NorthBc__DFOCRP.KkHK0R2F-NML1.SM2M-3.20131011_063600Z.flac_129.3s_129.8s_trainstyle.mat,mat_files/dclde_DFO_CRP_NorthBc__DFOCRP.KkHK0R2F-NML1.SM2M-3.20131011_063600Z.flac_129.3s_129.8s_trainstyle.mat,dclde_2027_DFO_CRP_NorthBc,86,DFO_CRP,NorthBc,DFOCRP.KkHK0R2F-NML1.SM2M-3.20131011_063600Z.flac,HW,species:Mn,species:Mn,Mn,,,NA,Detection,0,NA,1218.75,1687.5,dclde/2027/dclde_2027_killer_whales/dfo_crp/audio/northbc/DFOCRP.KkHK0R2F-NML1.SM2M-3.20131011_063600Z.flac,gs://noaa-passive-bioacoustic/dclde/2027/dclde_2027_killer_whales/dfo_crp/audio/northbc/DFOCRP.KkHK0R2F-NML1.SM2M-3.20131011_063600Z.flac,https://storage.googleapis.com/noaa-passive-bioacoustic/dclde/2027/dclde_2027_killer_whales/dfo_crp/audio/northbc/DFOCRP.KkHK0R2F-NML1.SM2M-3.20131011_063600Z.flac,0,reviewed,Mn,Mn,,,,DFO_CRP:NorthBc:DFOCRP.KkHK0R2F-NML1.SM2M-3.20131011_063600Z.flac,"[{""call_type"":null,""call_type_name"":null,""review_status"":""reviewed"",""source"":""dclde_2027_DFO_CRP_NorthBc"",""species"":""Humpback whale"",""species_code"":""Mn"",""trainable"":true}]",species:Mn
dclde_DFO_CRP_NorthBc__DFOCRP.KkHK0R2F-NML1.SM2M-3.20131011_063600Z.flac_149.3s_149.8s_trainstyle,dclde_DFO_CRP_NorthBc__DFOCRP.KkHK0R2F-NML1.SM2M-3.20131011_063600Z.flac,DFOCRP.KkHK0R2F-NML1.SM2M-3.20131011_063600Z.flac,DFOCRP.KkHK0R2F-NML1.SM2M-3.20131011_063600Z.flac,149.280000,149.792000,149.280000,149.792000,149.280000,0.512000,dclde_DFO_CRP_NorthBc__DFOCRP.KkHK0R2F-NML1.SM2M-3.20131011_063600Z.flac_149.3s_149.8s_trainstyle.mat,mat_files/dclde_DFO_CRP_NorthBc__DFOCRP.KkHK0R2F-NML1.SM2M-3.20131011_063600Z.flac_149.3s_149.8s_trainstyle.mat,dclde_2027_DFO_CRP_NorthBc,87,DFO_CRP,NorthBc,DFOCRP.KkHK0R2F-NML1.SM2M-3.20131011_063600Z.flac,HW,species:Mn,species:Mn,Mn,,,NA,Detection,0,NA,1218.75,1781.25,dclde/2027/dclde_2027_killer_whales/dfo_crp/audio/northbc/DFOCRP.KkHK0R2F-NML1.SM2M-3.20131011_063600Z.flac,gs://noaa-passive-bioacoustic/dclde/2027/dclde_2027_killer_whales/dfo_crp/audio/northbc/DFOCRP.KkHK0R2F-NML1.SM2M-3.20131011_063600Z.flac,https://storage.googleapis.com/noaa-passive-bioacoustic/dclde/2027/dclde_2027_killer_whales/dfo_crp/audio/northbc/DFOCRP.KkHK0R2F-NML1.SM2M-3.20131011_063600Z.flac,0,reviewed,Mn,Mn,,,,DFO_CRP:NorthBc:DFOCRP.KkHK0R2F-NML1.SM2M-3.20131011_063600Z.flac,"[{""call_type"":null,""call_type_name"":null,""review_status"":""reviewed"",""source"":""dclde_2027_DFO_CRP_NorthBc"",""species"":""Humpback whale"",""species_code"":""Mn"",""trainable"":true}]",species:Mn
dclde_DFO_CRP_NorthBc__DFOCRP.KkHK0R2F-NML1.SM2M-3.20131011_063600Z.flac_247.4s_247.8s_trainstyle,dclde_DFO_CRP_NorthBc__DFOCRP.KkHK0R2F-NML1.SM2M-3.20131011_063600Z.flac,DFOCRP.KkHK0R2F-NML1.SM2M-3.20131011_063600Z.flac,DFOCRP.KkHK0R2F-NML1.SM2M-3.20131011_063600Z.flac,247.376000,247.776000,247.376000,247.776000,247.376000,0.400000,dclde_DFO_CRP_NorthBc__DFOCRP.KkHK0R2F-NML1.SM2M-3.20131011_063600Z.flac_247.4s_247.8s_trainstyle.mat,mat_files/dclde_DFO_CRP_NorthBc__DFOCRP.KkHK0R2F-NML1.SM2M-3.20131011_063600Z.flac_247.4s_247.8s_trainstyle.mat,dclde_2027_DFO_CRP_NorthBc,88,DFO_CRP,NorthBc,DFOCRP.KkHK0R2F-NML1.SM2M-3.20131011_063600Z.flac,HW,species:Mn,species:Mn,Mn,,,NA,Detection,0,NA,875,1218.75,dclde/2027/dclde_2027_killer_whales/dfo_crp/audio/northbc/DFOCRP.KkHK0R2F-NML1.SM2M-3.20131011_063600Z.flac,gs://noaa-passive-bioacoustic/dclde/2027/dclde_2027_killer_whales/dfo_crp/audio/northbc/DFOCRP.KkHK0R2F-NML1.SM2M-3.20131011_063600Z.flac,https://storage.googleapis.com/noaa-passive-bioacoustic/dclde/2027/dclde_2027_killer_whales/dfo_crp/audio/northbc/DFOCRP.KkHK0R2F-NML1.SM2M-3.20131011_063600Z.flac,0,reviewed,Mn,Mn,,,,DFO_CRP:NorthBc:DFOCRP.KkHK0R2F-NML1.SM2M-3.20131011_063600Z.flac,"[{""call_type"":null,""call_type_name"":null,""review_status"":""reviewed"",""source"":""dclde_2027_DFO_CRP_NorthBc"",""species"":""Humpback whale"",""species_code"":""Mn"",""trainable"":true}]",species:Mn
dclde_DFO_CRP_NorthBc__DFOCRP.KkHK0R2F-NML1.SM2M-3.20131011_063600Z.flac_249.5s_250.0s_trainstyle,dclde_DFO_CRP_NorthBc__DFOCRP.KkHK0R2F-NML1.SM2M-3.20131011_063600Z.flac,DFOCRP.KkHK0R2F-NML1.SM2M-3.20131011_063600Z.flac,DFOCRP.KkHK0R2F-NML1.SM2M-3.20131011_063600Z.flac,249.455000,250.048000,249.455000,250.048000,249.455000,0.593000,dclde_DFO_CRP_NorthBc__DFOCRP.KkHK0R2F-NML1.SM2M-3.20131011_063600Z.flac_249.5s_250.0s_trainstyle.mat,mat_files/dclde_DFO_CRP_NorthBc__DFOCRP.KkHK0R2F-NML1.SM2M-3.20131011_063600Z.flac_249.5s_250.0s_trainstyle.mat,dclde_2027_DFO_CRP_NorthBc,89,DFO_CRP,NorthBc,DFOCRP.KkHK0R2F-NML1.SM2M-3.20131011_063600Z.flac,HW,species:Mn,species:Mn,Mn,,,NA,Detection,0,NA,1468.75,1906.25,dclde/2027/dclde_2027_killer_whales/dfo_crp/audio/northbc/DFOCRP.KkHK0R2F-NML1.SM2M-3.20131011_063600Z.flac,gs://noaa-passive-bioacoustic/dclde/2027/dclde_2027_killer_whales/dfo_crp/audio/northbc/DFOCRP.KkHK0R2F-NML1.SM2M-3.20131011_063600Z.flac,https://storage.googleapis.com/noaa-passive-bioacoustic/dclde/2027/dclde_2027_killer_whales/dfo_crp/audio/northbc/DFOCRP.KkHK0R2F-NML1.SM2M-3.20131011_063600Z.flac,0,reviewed,Mn,Mn,,,,DFO_CRP:NorthBc:DFOCRP.KkHK0R2F-NML1.SM2M-3.20131011_063600Z.flac,"[{""call_type"":null,""call_type_name"":null,""review_status"":""reviewed"",""source"":""dclde_2027_DFO_CRP_NorthBc"",""species"":""Humpback whale"",""species_code"":""Mn"",""trainable"":true}]",species:Mn
dclde_DFO_CRP_NorthBc__DFOCRP.KkHK0R2F-NML1.SM2M-3.20131011_063600Z.flac_277.4s_277.9s_trainstyle,dclde_DFO_CRP_NorthBc__DFOCRP.KkHK0R2F-NML1.SM2M-3.20131011_063600Z.flac,DFOCRP.KkHK0R2F-NML1.SM2M-3.20131011_063600Z.flac,DFOCRP.KkHK0R2F-NML1.SM2M-3.20131011_063600Z.flac,277.376000,277.936000,277.376000,277.936000,277.376000,0.560000,dclde_DFO_CRP_NorthBc__DFOCRP.KkHK0R2F-NML1.SM2M-3.20131011_063600Z.flac_277.4s_277.9s_trainstyle.mat,mat_files/dclde_DFO_CRP_NorthBc__DFOCRP.KkHK0R2F-NML1.SM2M-3.20131011_063600Z.flac_277.4s_277.9s_trainstyle.mat,dclde_2027_DFO_CRP_NorthBc,90,DFO_CRP,NorthBc,DFOCRP.KkHK0R2F-NML1.SM2M-3.20131011_063600Z.flac,HW,species:Mn,species:Mn,Mn,,,NA,Detection,0,NA,781.25,1093.75,dclde/2027/dclde_2027_killer_whales/dfo_crp/audio/northbc/DFOCRP.KkHK0R2F-NML1.SM2M-3.20131011_063600Z.flac,gs://noaa-passive-bioacoustic/dclde/2027/dclde_2027_killer_whales/dfo_crp/audio/northbc/DFOCRP.KkHK0R2F-NML1.SM2M-3.20131011_063600Z.flac,https://storage.googleapis.com/noaa-passive-bioacoustic/dclde/2027/dclde_2027_killer_whales/dfo_crp/audio/northbc/DFOCRP.KkHK0R2F-NML1.SM2M-3.20131011_063600Z.flac,0,reviewed,Mn,Mn,,,,DFO_CRP:NorthBc:DFOCRP.KkHK0R2F-NML1.SM2M-3.20131011_063600Z.flac,"[{""call_type"":null,""call_type_name"":null,""review_status"":""reviewed"",""source"":""dclde_2027_DFO_CRP_NorthBc"",""species"":""Humpback whale"",""species_code"":""Mn"",""trainable"":true}]",species:Mn
dclde_DFO_CRP_NorthBc__DFOCRP.KkHK0R2F-NML1.SM2M-3.20131011_063600Z.flac_296.8s_297.1s_trainstyle,dclde_DFO_CRP_NorthBc__DFOCRP.KkHK0R2F-NML1.SM2M-3.20131011_063600Z.flac,DFOCRP.KkHK0R2F-NML1.SM2M-3.20131011_063600Z.flac,DFOCRP.KkHK0R2F-NML1.SM2M-3.20131011_063600Z.flac,296.815000,297.087000,296.815000,297.087000,296.815000,0.272000,dclde_DFO_CRP_NorthBc__DFOCRP.KkHK0R2F-NML1.SM2M-3.20131011_063600Z.flac_296.8s_297.1s_trainstyle.mat,mat_files/dclde_DFO_CRP_NorthBc__DFOCRP.KkHK0R2F-NML1.SM2M-3.20131011_063600Z.flac_296.8s_297.1s_trainstyle.mat,dclde_2027_DFO_CRP_NorthBc,91,DFO_CRP,NorthBc,DFOCRP.KkHK0R2F-NML1.SM2M-3.20131011_063600Z.flac,HW,species:Mn,species:Mn,Mn,,,NA,Detection,0,NA,1093.75,1343.75,dclde/2027/dclde_2027_killer_whales/dfo_crp/audio/northbc/DFOCRP.KkHK0R2F-NML1.SM2M-3.20131011_063600Z.flac,gs://noaa-passive-bioacoustic/dclde/2027/dclde_2027_killer_whales/dfo_crp/audio/northbc/DFOCRP.KkHK0R2F-NML1.SM2M-3.20131011_063600Z.flac,https://storage.googleapis.com/noaa-passive-bioacoustic/dclde/2027/dclde_2027_killer_whales/dfo_crp/audio/northbc/DFOCRP.KkHK0R2F-NML1.SM2M-3.20131011_063600Z.flac,0,reviewed,Mn,Mn,,,,DFO_CRP:NorthBc:DFOCRP.KkHK0R2F-NML1.SM2M-3.20131011_063600Z.flac,"[{""call_type"":null,""call_type_name"":null,""review_status"":""reviewed"",""source"":""dclde_2027_DFO_CRP_NorthBc"",""species"":""Humpback whale"",""species_code"":""Mn"",""trainable"":true}]",species:Mn
dclde_DFO_CRP_NorthBc__DFOCRP.KkHK0R2F-NML1.SM2M-3.20131011_063600Z.flac_298.0s_298.7s_trainstyle,dclde_DFO_CRP_NorthBc__DFOCRP.KkHK0R2F-NML1.SM2M-3.20131011_063600Z.flac,DFOCRP.KkHK0R2F-NML1.SM2M-3.20131011_063600Z.flac,DFOCRP.KkHK0R2F-NML1.SM2M-3.20131011_063600Z.flac,298.031000,298.736000,298.031000,298.736000,298.031000,0.705000,dclde_DFO_CRP_NorthBc__DFOCRP.KkHK0R2F-NML1.SM2M-3.20131011_063600Z.flac_298.0s_298.7s_trainstyle.mat,mat_files/dclde_DFO_CRP_NorthBc__DFOCRP.KkHK0R2F-NML1.SM2M-3.20131011_063600Z.flac_298.0s_298.7s_trainstyle.mat,dclde_2027_DFO_CRP_NorthBc,92,DFO_CRP,NorthBc,DFOCRP.KkHK0R2F-NML1.SM2M-3.20131011_063600Z.flac,HW,species:Mn,species:Mn,Mn,,,NA,Detection,0,NA,1250,1562.5,dclde/2027/dclde_2027_killer_whales/dfo_crp/audio/northbc/DFOCRP.KkHK0R2F-NML1.SM2M-3.20131011_063600Z.flac,gs://noaa-passive-bioacoustic/dclde/2027/dclde_2027_killer_whales/dfo_crp/audio/northbc/DFOCRP.KkHK0R2F-NML1.SM2M-3.20131011_063600Z.flac,https://storage.googleapis.com/noaa-passive-bioacoustic/dclde/2027/dclde_2027_killer_whales/dfo_crp/audio/northbc/DFOCRP.KkHK0R2F-NML1.SM2M-3.20131011_063600Z.flac,0,reviewed,Mn,Mn,,,,DFO_CRP:NorthBc:DFOCRP.KkHK0R2F-NML1.SM2M-3.20131011_063600Z.flac,"[{""call_type"":null,""call_type_name"":null,""review_status"":""reviewed"",""source"":""dclde_2027_DFO_CRP_NorthBc"",""species"":""Humpback whale"",""species_code"":""Mn"",""trainable"":true}]",species:Mn
dclde_DFO_CRP_NorthBc__DFOCRP.KkHK0R2F-NML1.SM2M-3.20131011_070600Z.flac_70.7s_71.5s_trainstyle,dclde_DFO_CRP_NorthBc__DFOCRP.KkHK0R2F-NML1.SM2M-3.20131011_070600Z.flac,DFOCRP.KkHK0R2F-NML1.SM2M-3.20131011_070600Z.flac,DFOCRP.KkHK0R2F-NML1.SM2M-3.20131011_070600Z.flac,70.655000,71.520000,70.655000,71.520000,70.655000,0.865000,dclde_DFO_CRP_NorthBc__DFOCRP.KkHK0R2F-NML1.SM2M-3.20131011_070600Z.flac_70.7s_71.5s_trainstyle.mat,mat_files/dclde_DFO_CRP_NorthBc__DFOCRP.KkHK0R2F-NML1.SM2M-3.20131011_070600Z.flac_70.7s_71.5s_trainstyle.mat,dclde_2027_DFO_CRP_NorthBc,93,DFO_CRP,NorthBc,DFOCRP.KkHK0R2F-NML1.SM2M-3.20131011_070600Z.flac,KW,species:Oo|call:orca_call,call:orca_call|species:Oo,Oo,orca_call,,NA,Detection,1,0,1031.25,1343.75,dclde/2027/dclde_2027_killer_whales/dfo_crp/audio/northbc/DFOCRP.KkHK0R2F-NML1.SM2M-3.20131011_070600Z.flac,gs://noaa-passive-bioacoustic/dclde/2027/dclde_2027_killer_whales/dfo_crp/audio/northbc/DFOCRP.KkHK0R2F-NML1.SM2M-3.20131011_070600Z.flac,https://storage.googleapis.com/noaa-passive-bioacoustic/dclde/2027/dclde_2027_killer_whales/dfo_crp/audio/northbc/DFOCRP.KkHK0R2F-NML1.SM2M-3.20131011_070600Z.flac,0,reviewed,Oo,Oo,orca_call,orca_call,orca_call,DFO_CRP:NorthBc:DFOCRP.KkHK0R2F-NML1.SM2M-3.20131011_070600Z.flac,"[{""call_type"":""orca_call"",""call_type_name"":""Killer whale call"",""review_status"":""reviewed"",""source"":""dclde_2027_DFO_CRP_NorthBc"",""species"":""Killer whale"",""species_code"":""Oo"",""trainable"":true}]",call:orca_call|species:Oo
dclde_DFO_CRP_NorthBc__DFOCRP.KkHK0R2F-NML1.SM2M-3.20131011_070600Z.flac_96.1s_96.4s_trainstyle,dclde_DFO_CRP_NorthBc__DFOCRP.KkHK0R2F-NML1.SM2M-3.20131011_070600Z.flac,DFOCRP.KkHK0R2F-NML1.SM2M-3.20131011_070600Z.flac,DFOCRP.KkHK0R2F-NML1.SM2M-3.20131011_070600Z.flac,96.127000,96.399000,96.127000,96.399000,96.127000,0.272000,dclde_DFO_CRP_NorthBc__DFOCRP.KkHK0R2F-NML1.SM2M-3.20131011_070600Z.flac_96.1s_96.4s_trainstyle.mat,mat_files/dclde_DFO_CRP_NorthBc__DFOCRP.KkHK0R2F-NML1.SM2M-3.20131011_070600Z.flac_96.1s_96.4s_trainstyle.mat,dclde_2027_DFO_CRP_NorthBc,94,DFO_CRP,NorthBc,DFOCRP.KkHK0R2F-NML1.SM2M-3.20131011_070600Z.flac,HW,species:Mn,species:Mn,Mn,,,NA,Detection,0,NA,781.25,1000,dclde/2027/dclde_2027_killer_whales/dfo_crp/audio/northbc/DFOCRP.KkHK0R2F-NML1.SM2M-3.20131011_070600Z.flac,gs://noaa-passive-bioacoustic/dclde/2027/dclde_2027_killer_whales/dfo_crp/audio/northbc/DFOCRP.KkHK0R2F-NML1.SM2M-3.20131011_070600Z.flac,https://storage.googleapis.com/noaa-passive-bioacoustic/dclde/2027/dclde_2027_killer_whales/dfo_crp/audio/northbc/DFOCRP.KkHK0R2F-NML1.SM2M-3.20131011_070600Z.flac,0,reviewed,Mn,Mn,,,,DFO_CRP:NorthBc:DFOCRP.KkHK0R2F-NML1.SM2M-3.20131011_070600Z.flac,"[{""call_type"":null,""call_type_name"":null,""review_status"":""reviewed"",""source"":""dclde_2027_DFO_CRP_NorthBc"",""species"":""Humpback whale"",""species_code"":""Mn"",""trainable"":true}]",species:Mn
dclde_DFO_CRP_NorthBc__DFOCRP.KkHK0R2F-NML1.SM2M-3.20131011_070600Z.flac_120.1s_120.4s_trainstyle,dclde_DFO_CRP_NorthBc__DFOCRP.KkHK0R2F-NML1.SM2M-3.20131011_070600Z.flac,DFOCRP.KkHK0R2F-NML1.SM2M-3.20131011_070600Z.flac,DFOCRP.KkHK0R2F-NML1.SM2M-3.20131011_070600Z.flac,120.080000,120.352000,120.080000,120.352000,120.080000,0.272000,dclde_DFO_CRP_NorthBc__DFOCRP.KkHK0R2F-NML1.SM2M-3.20131011_070600Z.flac_120.1s_120.4s_trainstyle.mat,mat_files/dclde_DFO_CRP_NorthBc__DFOCRP.KkHK0R2F-NML1.SM2M-3.20131011_070600Z.flac_120.1s_120.4s_trainstyle.mat,dclde_2027_DFO_CRP_NorthBc,95,DFO_CRP,NorthBc,DFOCRP.KkHK0R2F-NML1.SM2M-3.20131011_070600Z.flac,HW,species:Mn,species:Mn,Mn,,,NA,Detection,0,NA,1125,1437.5,dclde/2027/dclde_2027_killer_whales/dfo_crp/audio/northbc/DFOCRP.KkHK0R2F-NML1.SM2M-3.20131011_070600Z.flac,gs://noaa-passive-bioacoustic/dclde/2027/dclde_2027_killer_whales/dfo_crp/audio/northbc/DFOCRP.KkHK0R2F-NML1.SM2M-3.20131011_070600Z.flac,https://storage.googleapis.com/noaa-passive-bioacoustic/dclde/2027/dclde_2027_killer_whales/dfo_crp/audio/northbc/DFOCRP.KkHK0R2F-NML1.SM2M-3.20131011_070600Z.flac,0,reviewed,Mn,Mn,,,,DFO_CRP:NorthBc:DFOCRP.KkHK0R2F-NML1.SM2M-3.20131011_070600Z.flac,"[{""call_type"":null,""call_type_name"":null,""review_status"":""reviewed"",""source"":""dclde_2027_DFO_CRP_NorthBc"",""species"":""Humpback whale"",""species_code"":""Mn"",""trainable"":true}]",species:Mn
dclde_DFO_CRP_NorthBc__DFOCRP.KkHK0R2F-NML1.SM2M-3.20131011_072100Z.flac_8.0s_8.3s_trainstyle,dclde_DFO_CRP_NorthBc__DFOCRP.KkHK0R2F-NML1.SM2M-3.20131011_072100Z.flac,DFOCRP.KkHK0R2F-NML1.SM2M-3.20131011_072100Z.flac,DFOCRP.KkHK0R2F-NML1.SM2M-3.20131011_072100Z.flac,8.047000,8.303000,8.047000,8.303000,8.047000,0.256000,dclde_DFO_CRP_NorthBc__DFOCRP.KkHK0R2F-NML1.SM2M-3.20131011_072100Z.flac_8.0s_8.3s_trainstyle.mat,mat_files/dclde_DFO_CRP_NorthBc__DFOCRP.KkHK0R2F-NML1.SM2M-3.20131011_072100Z.flac_8.0s_8.3s_trainstyle.mat,dclde_2027_DFO_CRP_NorthBc,96,DFO_CRP,NorthBc,DFOCRP.KkHK0R2F-NML1.SM2M-3.20131011_072100Z.flac,HW,species:Mn,species:Mn,Mn,,,NA,Detection,0,NA,781.25,1062.5,dclde/2027/dclde_2027_killer_whales/dfo_crp/audio/northbc/DFOCRP.KkHK0R2F-NML1.SM2M-3.20131011_072100Z.flac,gs://noaa-passive-bioacoustic/dclde/2027/dclde_2027_killer_whales/dfo_crp/audio/northbc/DFOCRP.KkHK0R2F-NML1.SM2M-3.20131011_072100Z.flac,https://storage.googleapis.com/noaa-passive-bioacoustic/dclde/2027/dclde_2027_killer_whales/dfo_crp/audio/northbc/DFOCRP.KkHK0R2F-NML1.SM2M-3.20131011_072100Z.flac,0,reviewed,Mn,Mn,,,,DFO_CRP:NorthBc:DFOCRP.KkHK0R2F-NML1.SM2M-3.20131011_072100Z.flac,"[{""call_type"":null,""call_type_name"":null,""review_status"":""reviewed"",""source"":""dclde_2027_DFO_CRP_NorthBc"",""species"":""Humpback whale"",""species_code"":""Mn"",""trainable"":true}]",species:Mn
dclde_DFO_CRP_NorthBc__DFOCRP.KkHK0R2F-NML1.SM2M-3.20131011_072100Z.flac_90.0s_90.3s_trainstyle,dclde_DFO_CRP_NorthBc__DFOCRP.KkHK0R2F-NML1.SM2M-3.20131011_072100Z.flac,DFOCRP.KkHK0R2F-NML1.SM2M-3.20131011_072100Z.flac,DFOCRP.KkHK0R2F-NML1.SM2M-3.20131011_072100Z.flac,90.015000,90.271000,90.015000,90.271000,90.015000,0.256000,dclde_DFO_CRP_NorthBc__DFOCRP.KkHK0R2F-NML1.SM2M-3.20131011_072100Z.flac_90.0s_90.3s_trainstyle.mat,mat_files/dclde_DFO_CRP_NorthBc__DFOCRP.KkHK0R2F-NML1.SM2M-3.20131011_072100Z.flac_90.0s_90.3s_trainstyle.mat,dclde_2027_DFO_CRP_NorthBc,97,DFO_CRP,NorthBc,DFOCRP.KkHK0R2F-NML1.SM2M-3.20131011_072100Z.flac,HW,species:Mn,species:Mn,Mn,,,NA,Detection,0,NA,781.25,1031.25,dclde/2027/dclde_2027_killer_whales/dfo_crp/audio/northbc/DFOCRP.KkHK0R2F-NML1.SM2M-3.20131011_072100Z.flac,gs://noaa-passive-bioacoustic/dclde/2027/dclde_2027_killer_whales/dfo_crp/audio/northbc/DFOCRP.KkHK0R2F-NML1.SM2M-3.20131011_072100Z.flac,https://storage.googleapis.com/noaa-passive-bioacoustic/dclde/2027/dclde_2027_killer_whales/dfo_crp/audio/northbc/DFOCRP.KkHK0R2F-NML1.SM2M-3.20131011_072100Z.flac,0,reviewed,Mn,Mn,,,,DFO_CRP:NorthBc:DFOCRP.KkHK0R2F-NML1.SM2M-3.20131011_072100Z.flac,"[{""call_type"":null,""call_type_name"":null,""review_status"":""reviewed"",""source"":""dclde_2027_DFO_CRP_NorthBc"",""species"":""Humpback whale"",""species_code"":""Mn"",""trainable"":true}]",species:Mn
dclde_DFO_CRP_NorthBc__DFOCRP.KkHK0R2F-NML1.SM2M-3.20131011_072100Z.flac_200.2s_200.5s_trainstyle,dclde_DFO_CRP_NorthBc__DFOCRP.KkHK0R2F-NML1.SM2M-3.20131011_072100Z.flac,DFOCRP.KkHK0R2F-NML1.SM2M-3.20131011_072100Z.flac,DFOCRP.KkHK0R2F-NML1.SM2M-3.20131011_072100Z.flac,200.239000,200.511000,200.239000,200.511000,200.239000,0.272000,dclde_DFO_CRP_NorthBc__DFOCRP.KkHK0R2F-NML1.SM2M-3.20131011_072100Z.flac_200.2s_200.5s_trainstyle.mat,mat_files/dclde_DFO_CRP_NorthBc__DFOCRP.KkHK0R2F-NML1.SM2M-3.20131011_072100Z.flac_200.2s_200.5s_trainstyle.mat,dclde_2027_DFO_CRP_NorthBc,98,DFO_CRP,NorthBc,DFOCRP.KkHK0R2F-NML1.SM2M-3.20131011_072100Z.flac,HW,species:Mn,species:Mn,Mn,,,NA,Detection,0,NA,781.25,1062.5,dclde/2027/dclde_2027_killer_whales/dfo_crp/audio/northbc/DFOCRP.KkHK0R2F-NML1.SM2M-3.20131011_072100Z.flac,gs://noaa-passive-bioacoustic/dclde/2027/dclde_2027_killer_whales/dfo_crp/audio/northbc/DFOCRP.KkHK0R2F-NML1.SM2M-3.20131011_072100Z.flac,https://storage.googleapis.com/noaa-passive-bioacoustic/dclde/2027/dclde_2027_killer_whales/dfo_crp/audio/northbc/DFOCRP.KkHK0R2F-NML1.SM2M-3.20131011_072100Z.flac,0,reviewed,Mn,Mn,,,,DFO_CRP:NorthBc:DFOCRP.KkHK0R2F-NML1.SM2M-3.20131011_072100Z.flac,"[{""call_type"":null,""call_type_name"":null,""review_status"":""reviewed"",""source"":""dclde_2027_DFO_CRP_NorthBc"",""species"":""Humpback whale"",""species_code"":""Mn"",""trainable"":true}]",species:Mn
dclde_DFO_CRP_NorthBc__DFOCRP.KkHK0R2F-NML1.SM2M-3.20131011_080600Z.flac_119.0s_119.6s_trainstyle,dclde_DFO_CRP_NorthBc__DFOCRP.KkHK0R2F-NML1.SM2M-3.20131011_080600Z.flac,DFOCRP.KkHK0R2F-NML1.SM2M-3.20131011_080600Z.flac,DFOCRP.KkHK0R2F-NML1.SM2M-3.20131011_080600Z.flac,118.959000,119.583000,118.959000,119.583000,118.959000,0.624000,dclde_DFO_CRP_NorthBc__DFOCRP.KkHK0R2F-NML1.SM2M-3.20131011_080600Z.flac_119.0s_119.6s_trainstyle.mat,mat_files/dclde_DFO_CRP_NorthBc__DFOCRP.KkHK0R2F-NML1.SM2M-3.20131011_080600Z.flac_119.0s_119.6s_trainstyle.mat,dclde_2027_DFO_CRP_NorthBc,99,DFO_CRP,NorthBc,DFOCRP.KkHK0R2F-NML1.SM2M-3.20131011_080600Z.flac,HW,species:Mn,species:Mn,Mn,,,NA,Detection,0,NA,781.25,1093.75,dclde/2027/dclde_2027_killer_whales/dfo_crp/audio/northbc/DFOCRP.KkHK0R2F-NML1.SM2M-3.20131011_080600Z.flac,gs://noaa-passive-bioacoustic/dclde/2027/dclde_2027_killer_whales/dfo_crp/audio/northbc/DFOCRP.KkHK0R2F-NML1.SM2M-3.20131011_080600Z.flac,https://storage.googleapis.com/noaa-passive-bioacoustic/dclde/2027/dclde_2027_killer_whales/dfo_crp/audio/northbc/DFOCRP.KkHK0R2F-NML1.SM2M-3.20131011_080600Z.flac,0,reviewed,Mn,Mn,,,,DFO_CRP:NorthBc:DFOCRP.KkHK0R2F-NML1.SM2M-3.20131011_080600Z.flac,"[{""call_type"":null,""call_type_name"":null,""review_status"":""reviewed"",""source"":""dclde_2027_DFO_CRP_NorthBc"",""species"":""Humpback whale"",""species_code"":""Mn"",""trainable"":true}]",species:Mn
dclde_DFO_CRP_NorthBc__DFOCRP.KkHK0R2F-NML1.SM2M-3.20131011_080600Z.flac_151.4s_151.6s_trainstyle,dclde_DFO_CRP_NorthBc__DFOCRP.KkHK0R2F-NML1.SM2M-3.20131011_080600Z.flac,DFOCRP.KkHK0R2F-NML1.SM2M-3.20131011_080600Z.flac,DFOCRP.KkHK0R2F-NML1.SM2M-3.20131011_080600Z.flac,151.376000,151.648000,151.376000,151.648000,151.376000,0.272000,dclde_DFO_CRP_NorthBc__DFOCRP.KkHK0R2F-NML1.SM2M-3.20131011_080600Z.flac_151.4s_151.6s_trainstyle.mat,mat_files/dclde_DFO_CRP_NorthBc__DFOCRP.KkHK0R2F-NML1.SM2M-3.20131011_080600Z.flac_151.4s_151.6s_trainstyle.mat,dclde_2027_DFO_CRP_NorthBc,100,DFO_CRP,NorthBc,DFOCRP.KkHK0R2F-NML1.SM2M-3.20131011_080600Z.flac,HW,species:Mn,species:Mn,Mn,,,NA,Detection,0,NA,781.25,1062.5,dclde/2027/dclde_2027_killer_whales/dfo_crp/audio/northbc/DFOCRP.KkHK0R2F-NML1.SM2M-3.20131011_080600Z.flac,gs://noaa-passive-bioacoustic/dclde/2027/dclde_2027_killer_whales/dfo_crp/audio/northbc/DFOCRP.KkHK0R2F-NML1.SM2M-3.20131011_080600Z.flac,https://storage.googleapis.com/noaa-passive-bioacoustic/dclde/2027/dclde_2027_killer_whales/dfo_crp/audio/northbc/DFOCRP.KkHK0R2F-NML1.SM2M-3.20131011_080600Z.flac,0,reviewed,Mn,Mn,,,,DFO_CRP:NorthBc:DFOCRP.KkHK0R2F-NML1.SM2M-3.20131011_080600Z.flac,"[{""call_type"":null,""call_type_name"":null,""review_status"":""reviewed"",""source"":""dclde_2027_DFO_CRP_NorthBc"",""species"":""Humpback whale"",""species_code"":""Mn"",""trainable"":true}]",species:Mn
dclde_DFO_CRP_NorthBc__DFOCRP.KkHK0R2F-NML1.SM2M-3.20131011_082100Z.flac_127.2s_127.9s_trainstyle,dclde_DFO_CRP_NorthBc__DFOCRP.KkHK0R2F-NML1.SM2M-3.20131011_082100Z.flac,DFOCRP.KkHK0R2F-NML1.SM2M-3.20131011_082100Z.flac,DFOCRP.KkHK0R2F-NML1.SM2M-3.20131011_082100Z.flac,127.151000,127.919000,127.151000,127.919000,127.151000,0.768000,dclde_DFO_CRP_NorthBc__DFOCRP.KkHK0R2F-NML1.SM2M-3.20131011_082100Z.flac_127.2s_127.9s_trainstyle.mat,mat_files/dclde_DFO_CRP_NorthBc__DFOCRP.KkHK0R2F-NML1.SM2M-3.20131011_082100Z.flac_127.2s_127.9s_trainstyle.mat,dclde_2027_DFO_CRP_NorthBc,101,DFO_CRP,NorthBc,DFOCRP.KkHK0R2F-NML1.SM2M-3.20131011_082100Z.flac,HW,species:Mn,species:Mn,Mn,,,NA,Detection,0,NA,781.25,968.75,dclde/2027/dclde_2027_killer_whales/dfo_crp/audio/northbc/DFOCRP.KkHK0R2F-NML1.SM2M-3.20131011_082100Z.flac,gs://noaa-passive-bioacoustic/dclde/2027/dclde_2027_killer_whales/dfo_crp/audio/northbc/DFOCRP.KkHK0R2F-NML1.SM2M-3.20131011_082100Z.flac,https://storage.googleapis.com/noaa-passive-bioacoustic/dclde/2027/dclde_2027_killer_whales/dfo_crp/audio/northbc/DFOCRP.KkHK0R2F-NML1.SM2M-3.20131011_082100Z.flac,0,reviewed,Mn,Mn,,,,DFO_CRP:NorthBc:DFOCRP.KkHK0R2F-NML1.SM2M-3.20131011_082100Z.flac,"[{""call_type"":null,""call_type_name"":null,""review_status"":""reviewed"",""source"":""dclde_2027_DFO_CRP_NorthBc"",""species"":""Humpback whale"",""species_code"":""Mn"",""trainable"":true}]",species:Mn
dclde_DFO_CRP_NorthBc__DFOCRP.KkHK0R2F-NML1.SM2M-3.20131011_082100Z.flac_130.5s_131.3s_trainstyle,dclde_DFO_CRP_NorthBc__DFOCRP.KkHK0R2F-NML1.SM2M-3.20131011_082100Z.flac,DFOCRP.KkHK0R2F-NML1.SM2M-3.20131011_082100Z.flac,DFOCRP.KkHK0R2F-NML1.SM2M-3.20131011_082100Z.flac,130.511000,131.311000,130.511000,131.311000,130.511000,0.800000,dclde_DFO_CRP_NorthBc__DFOCRP.KkHK0R2F-NML1.SM2M-3.20131011_082100Z.flac_130.5s_131.3s_trainstyle.mat,mat_files/dclde_DFO_CRP_NorthBc__DFOCRP.KkHK0R2F-NML1.SM2M-3.20131011_082100Z.flac_130.5s_131.3s_trainstyle.mat,dclde_2027_DFO_CRP_NorthBc,102,DFO_CRP,NorthBc,DFOCRP.KkHK0R2F-NML1.SM2M-3.20131011_082100Z.flac,HW,species:Mn,species:Mn,Mn,,,NA,Detection,0,NA,968.75,1531.25,dclde/2027/dclde_2027_killer_whales/dfo_crp/audio/northbc/DFOCRP.KkHK0R2F-NML1.SM2M-3.20131011_082100Z.flac,gs://noaa-passive-bioacoustic/dclde/2027/dclde_2027_killer_whales/dfo_crp/audio/northbc/DFOCRP.KkHK0R2F-NML1.SM2M-3.20131011_082100Z.flac,https://storage.googleapis.com/noaa-passive-bioacoustic/dclde/2027/dclde_2027_killer_whales/dfo_crp/audio/northbc/DFOCRP.KkHK0R2F-NML1.SM2M-3.20131011_082100Z.flac,0,reviewed,Mn,Mn,,,,DFO_CRP:NorthBc:DFOCRP.KkHK0R2F-NML1.SM2M-3.20131011_082100Z.flac,"[{""call_type"":null,""call_type_name"":null,""review_status"":""reviewed"",""source"":""dclde_2027_DFO_CRP_NorthBc"",""species"":""Humpback whale"",""species_code"":""Mn"",""trainable"":true}]",species:Mn
dclde_DFO_CRP_NorthBc__DFOCRP.KkHK0R2F-NML1.SM2M-3.20131011_082100Z.flac_133.0s_134.2s_trainstyle,dclde_DFO_CRP_NorthBc__DFOCRP.KkHK0R2F-NML1.SM2M-3.20131011_082100Z.flac,DFOCRP.KkHK0R2F-NML1.SM2M-3.20131011_082100Z.flac,DFOCRP.KkHK0R2F-NML1.SM2M-3.20131011_082100Z.flac,132.992000,134.239000,132.992000,134.239000,132.992000,1.247000,dclde_DFO_CRP_NorthBc__DFOCRP.KkHK0R2F-NML1.SM2M-3.20131011_082100Z.flac_133.0s_134.2s_trainstyle.mat,mat_files/dclde_DFO_CRP_NorthBc__DFOCRP.KkHK0R2F-NML1.SM2M-3.20131011_082100Z.flac_133.0s_134.2s_trainstyle.mat,dclde_2027_DFO_CRP_NorthBc,103,DFO_CRP,NorthBc,DFOCRP.KkHK0R2F-NML1.SM2M-3.20131011_082100Z.flac,HW,species:Mn,species:Mn,Mn,,,NA,Detection,0,NA,781.25,906.25,dclde/2027/dclde_2027_killer_whales/dfo_crp/audio/northbc/DFOCRP.KkHK0R2F-NML1.SM2M-3.20131011_082100Z.flac,gs://noaa-passive-bioacoustic/dclde/2027/dclde_2027_killer_whales/dfo_crp/audio/northbc/DFOCRP.KkHK0R2F-NML1.SM2M-3.20131011_082100Z.flac,https://storage.googleapis.com/noaa-passive-bioacoustic/dclde/2027/dclde_2027_killer_whales/dfo_crp/audio/northbc/DFOCRP.KkHK0R2F-NML1.SM2M-3.20131011_082100Z.flac,0,reviewed,Mn,Mn,,,,DFO_CRP:NorthBc:DFOCRP.KkHK0R2F-NML1.SM2M-3.20131011_082100Z.flac,"[{""call_type"":null,""call_type_name"":null,""review_status"":""reviewed"",""source"":""dclde_2027_DFO_CRP_NorthBc"",""species"":""Humpback whale"",""species_code"":""Mn"",""trainable"":true}]",species:Mn
dclde_DFO_CRP_NorthBc__DFOCRP.KkHK0R2F-NML1.SM2M-3.20131011_082100Z.flac_141.6s_142.2s_trainstyle,dclde_DFO_CRP_NorthBc__DFOCRP.KkHK0R2F-NML1.SM2M-3.20131011_082100Z.flac,DFOCRP.KkHK0R2F-NML1.SM2M-3.20131011_082100Z.flac,DFOCRP.KkHK0R2F-NML1.SM2M-3.20131011_082100Z.flac,141.584000,142.240000,141.584000,142.240000,141.584000,0.656000,dclde_DFO_CRP_NorthBc__DFOCRP.KkHK0R2F-NML1.SM2M-3.20131011_082100Z.flac_141.6s_142.2s_trainstyle.mat,mat_files/dclde_DFO_CRP_NorthBc__DFOCRP.KkHK0R2F-NML1.SM2M-3.20131011_082100Z.flac_141.6s_142.2s_trainstyle.mat,dclde_2027_DFO_CRP_NorthBc,104,DFO_CRP,NorthBc,DFOCRP.KkHK0R2F-NML1.SM2M-3.20131011_082100Z.flac,HW,species:Mn,species:Mn,Mn,,,NA,Detection,0,NA,1031.25,1312.5,dclde/2027/dclde_2027_killer_whales/dfo_crp/audio/northbc/DFOCRP.KkHK0R2F-NML1.SM2M-3.20131011_082100Z.flac,gs://noaa-passive-bioacoustic/dclde/2027/dclde_2027_killer_whales/dfo_crp/audio/northbc/DFOCRP.KkHK0R2F-NML1.SM2M-3.20131011_082100Z.flac,https://storage.googleapis.com/noaa-passive-bioacoustic/dclde/2027/dclde_2027_killer_whales/dfo_crp/audio/northbc/DFOCRP.KkHK0R2F-NML1.SM2M-3.20131011_082100Z.flac,0,reviewed,Mn,Mn,,,,DFO_CRP:NorthBc:DFOCRP.KkHK0R2F-NML1.SM2M-3.20131011_082100Z.flac,"[{""call_type"":null,""call_type_name"":null,""review_status"":""reviewed"",""source"":""dclde_2027_DFO_CRP_NorthBc"",""species"":""Humpback whale"",""species_code"":""Mn"",""trainable"":true}]",species:Mn
dclde_DFO_CRP_NorthBc__DFOCRP.KkHK0R2F-NML1.SM2M-3.20131011_082100Z.flac_162.4s_162.9s_trainstyle,dclde_DFO_CRP_NorthBc__DFOCRP.KkHK0R2F-NML1.SM2M-3.20131011_082100Z.flac,DFOCRP.KkHK0R2F-NML1.SM2M-3.20131011_082100Z.flac,DFOCRP.KkHK0R2F-NML1.SM2M-3.20131011_082100Z.flac,162.431000,162.911000,162.431000,162.911000,162.431000,0.480000,dclde_DFO_CRP_NorthBc__DFOCRP.KkHK0R2F-NML1.SM2M-3.20131011_082100Z.flac_162.4s_162.9s_trainstyle.mat,mat_files/dclde_DFO_CRP_NorthBc__DFOCRP.KkHK0R2F-NML1.SM2M-3.20131011_082100Z.flac_162.4s_162.9s_trainstyle.mat,dclde_2027_DFO_CRP_NorthBc,105,DFO_CRP,NorthBc,DFOCRP.KkHK0R2F-NML1.SM2M-3.20131011_082100Z.flac,HW,species:Mn,species:Mn,Mn,,,NA,Detection,0,NA,1343.75,1656.25,dclde/2027/dclde_2027_killer_whales/dfo_crp/audio/northbc/DFOCRP.KkHK0R2F-NML1.SM2M-3.20131011_082100Z.flac,gs://noaa-passive-bioacoustic/dclde/2027/dclde_2027_killer_whales/dfo_crp/audio/northbc/DFOCRP.KkHK0R2F-NML1.SM2M-3.20131011_082100Z.flac,https://storage.googleapis.com/noaa-passive-bioacoustic/dclde/2027/dclde_2027_killer_whales/dfo_crp/audio/northbc/DFOCRP.KkHK0R2F-NML1.SM2M-3.20131011_082100Z.flac,0,reviewed,Mn,Mn,,,,DFO_CRP:NorthBc:DFOCRP.KkHK0R2F-NML1.SM2M-3.20131011_082100Z.flac,"[{""call_type"":null,""call_type_name"":null,""review_status"":""reviewed"",""source"":""dclde_2027_DFO_CRP_NorthBc"",""species"":""Humpback whale"",""species_code"":""Mn"",""trainable"":true}]",species:Mn
dclde_DFO_CRP_NorthBc__DFOCRP.KkHK0R2F-NML1.SM2M-3.20131011_082100Z.flac_165.4s_165.8s_trainstyle,dclde_DFO_CRP_NorthBc__DFOCRP.KkHK0R2F-NML1.SM2M-3.20131011_082100Z.flac,DFOCRP.KkHK0R2F-NML1.SM2M-3.20131011_082100Z.flac,DFOCRP.KkHK0R2F-NML1.SM2M-3.20131011_082100Z.flac,165.439000,165.775000,165.439000,165.775000,165.439000,0.336000,dclde_DFO_CRP_NorthBc__DFOCRP.KkHK0R2F-NML1.SM2M-3.20131011_082100Z.flac_165.4s_165.8s_trainstyle.mat,mat_files/dclde_DFO_CRP_NorthBc__DFOCRP.KkHK0R2F-NML1.SM2M-3.20131011_082100Z.flac_165.4s_165.8s_trainstyle.mat,dclde_2027_DFO_CRP_NorthBc,106,DFO_CRP,NorthBc,DFOCRP.KkHK0R2F-NML1.SM2M-3.20131011_082100Z.flac,HW,species:Mn,species:Mn,Mn,,,NA,Detection,0,NA,875,1093.75,dclde/2027/dclde_2027_killer_whales/dfo_crp/audio/northbc/DFOCRP.KkHK0R2F-NML1.SM2M-3.20131011_082100Z.flac,gs://noaa-passive-bioacoustic/dclde/2027/dclde_2027_killer_whales/dfo_crp/audio/northbc/DFOCRP.KkHK0R2F-NML1.SM2M-3.20131011_082100Z.flac,https://storage.googleapis.com/noaa-passive-bioacoustic/dclde/2027/dclde_2027_killer_whales/dfo_crp/audio/northbc/DFOCRP.KkHK0R2F-NML1.SM2M-3.20131011_082100Z.flac,0,reviewed,Mn,Mn,,,,DFO_CRP:NorthBc:DFOCRP.KkHK0R2F-NML1.SM2M-3.20131011_082100Z.flac,"[{""call_type"":null,""call_type_name"":null,""review_status"":""reviewed"",""source"":""dclde_2027_DFO_CRP_NorthBc"",""species"":""Humpback whale"",""species_code"":""Mn"",""trainable"":true}]",species:Mn
dclde_DFO_CRP_NorthBc__DFOCRP.KkHK0R2F-NML1.SM2M-3.20131011_082100Z.flac_167.6s_168.0s_trainstyle,dclde_DFO_CRP_NorthBc__DFOCRP.KkHK0R2F-NML1.SM2M-3.20131011_082100Z.flac,DFOCRP.KkHK0R2F-NML1.SM2M-3.20131011_082100Z.flac,DFOCRP.KkHK0R2F-NML1.SM2M-3.20131011_082100Z.flac,167.567000,167.967000,167.567000,167.967000,167.567000,0.400000,dclde_DFO_CRP_NorthBc__DFOCRP.KkHK0R2F-NML1.SM2M-3.20131011_082100Z.flac_167.6s_168.0s_trainstyle.mat,mat_files/dclde_DFO_CRP_NorthBc__DFOCRP.KkHK0R2F-NML1.SM2M-3.20131011_082100Z.flac_167.6s_168.0s_trainstyle.mat,dclde_2027_DFO_CRP_NorthBc,107,DFO_CRP,NorthBc,DFOCRP.KkHK0R2F-NML1.SM2M-3.20131011_082100Z.flac,HW,species:Mn,species:Mn,Mn,,,NA,Detection,0,NA,843.75,1125,dclde/2027/dclde_2027_killer_whales/dfo_crp/audio/northbc/DFOCRP.KkHK0R2F-NML1.SM2M-3.20131011_082100Z.flac,gs://noaa-passive-bioacoustic/dclde/2027/dclde_2027_killer_whales/dfo_crp/audio/northbc/DFOCRP.KkHK0R2F-NML1.SM2M-3.20131011_082100Z.flac,https://storage.googleapis.com/noaa-passive-bioacoustic/dclde/2027/dclde_2027_killer_whales/dfo_crp/audio/northbc/DFOCRP.KkHK0R2F-NML1.SM2M-3.20131011_082100Z.flac,0,reviewed,Mn,Mn,,,,DFO_CRP:NorthBc:DFOCRP.KkHK0R2F-NML1.SM2M-3.20131011_082100Z.flac,"[{""call_type"":null,""call_type_name"":null,""review_status"":""reviewed"",""source"":""dclde_2027_DFO_CRP_NorthBc"",""species"":""Humpback whale"",""species_code"":""Mn"",""trainable"":true}]",species:Mn
dclde_DFO_CRP_NorthBc__DFOCRP.KkHK0R2F-NML1.SM2M-3.20131011_082100Z.flac_274.1s_274.5s_trainstyle,dclde_DFO_CRP_NorthBc__DFOCRP.KkHK0R2F-NML1.SM2M-3.20131011_082100Z.flac,DFOCRP.KkHK0R2F-NML1.SM2M-3.20131011_082100Z.flac,DFOCRP.KkHK0R2F-NML1.SM2M-3.20131011_082100Z.flac,274.111000,274.463000,274.111000,274.463000,274.111000,0.352000,dclde_DFO_CRP_NorthBc__DFOCRP.KkHK0R2F-NML1.SM2M-3.20131011_082100Z.flac_274.1s_274.5s_trainstyle.mat,mat_files/dclde_DFO_CRP_NorthBc__DFOCRP.KkHK0R2F-NML1.SM2M-3.20131011_082100Z.flac_274.1s_274.5s_trainstyle.mat,dclde_2027_DFO_CRP_NorthBc,108,DFO_CRP,NorthBc,DFOCRP.KkHK0R2F-NML1.SM2M-3.20131011_082100Z.flac,HW,species:Mn,species:Mn,Mn,,,NA,Detection,0,NA,1156.25,1562.5,dclde/2027/dclde_2027_killer_whales/dfo_crp/audio/northbc/DFOCRP.KkHK0R2F-NML1.SM2M-3.20131011_082100Z.flac,gs://noaa-passive-bioacoustic/dclde/2027/dclde_2027_killer_whales/dfo_crp/audio/northbc/DFOCRP.KkHK0R2F-NML1.SM2M-3.20131011_082100Z.flac,https://storage.googleapis.com/noaa-passive-bioacoustic/dclde/2027/dclde_2027_killer_whales/dfo_crp/audio/northbc/DFOCRP.KkHK0R2F-NML1.SM2M-3.20131011_082100Z.flac,0,reviewed,Mn,Mn,,,,DFO_CRP:NorthBc:DFOCRP.KkHK0R2F-NML1.SM2M-3.20131011_082100Z.flac,"[{""call_type"":null,""call_type_name"":null,""review_status"":""reviewed"",""source"":""dclde_2027_DFO_CRP_NorthBc"",""species"":""Humpback whale"",""species_code"":""Mn"",""trainable"":true}]",species:Mn
dclde_DFO_CRP_NorthBc__DFOCRP.KkHK0R2F-NML1.SM2M-3.20131011_082100Z.flac_296.6s_297.3s_trainstyle,dclde_DFO_CRP_NorthBc__DFOCRP.KkHK0R2F-NML1.SM2M-3.20131011_082100Z.flac,DFOCRP.KkHK0R2F-NML1.SM2M-3.20131011_082100Z.flac,DFOCRP.KkHK0R2F-NML1.SM2M-3.20131011_082100Z.flac,296.607000,297.343000,296.607000,297.343000,296.607000,0.736000,dclde_DFO_CRP_NorthBc__DFOCRP.KkHK0R2F-NML1.SM2M-3.20131011_082100Z.flac_296.6s_297.3s_trainstyle.mat,mat_files/dclde_DFO_CRP_NorthBc__DFOCRP.KkHK0R2F-NML1.SM2M-3.20131011_082100Z.flac_296.6s_297.3s_trainstyle.mat,dclde_2027_DFO_CRP_NorthBc,109,DFO_CRP,NorthBc,DFOCRP.KkHK0R2F-NML1.SM2M-3.20131011_082100Z.flac,HW,species:Mn,species:Mn,Mn,,,NA,Detection,0,NA,1031.25,1406.25,dclde/2027/dclde_2027_killer_whales/dfo_crp/audio/northbc/DFOCRP.KkHK0R2F-NML1.SM2M-3.20131011_082100Z.flac,gs://noaa-passive-bioacoustic/dclde/2027/dclde_2027_killer_whales/dfo_crp/audio/northbc/DFOCRP.KkHK0R2F-NML1.SM2M-3.20131011_082100Z.flac,https://storage.googleapis.com/noaa-passive-bioacoustic/dclde/2027/dclde_2027_killer_whales/dfo_crp/audio/northbc/DFOCRP.KkHK0R2F-NML1.SM2M-3.20131011_082100Z.flac,0,reviewed,Mn,Mn,,,,DFO_CRP:NorthBc:DFOCRP.KkHK0R2F-NML1.SM2M-3.20131011_082100Z.flac,"[{""call_type"":null,""call_type_name"":null,""review_status"":""reviewed"",""source"":""dclde_2027_DFO_CRP_NorthBc"",""species"":""Humpback whale"",""species_code"":""Mn"",""trainable"":true}]",species:Mn
dclde_DFO_CRP_NorthBc__DFOCRP.KkHK0R2F-NML1.SM2M-3.20131011_085100Z.flac_147.6s_149.4s_trainstyle,dclde_DFO_CRP_NorthBc__DFOCRP.KkHK0R2F-NML1.SM2M-3.20131011_085100Z.flac,DFOCRP.KkHK0R2F-NML1.SM2M-3.20131011_085100Z.flac,DFOCRP.KkHK0R2F-NML1.SM2M-3.20131011_085100Z.flac,147.600000,149.423000,147.600000,149.423000,147.600000,1.823000,dclde_DFO_CRP_NorthBc__DFOCRP.KkHK0R2F-NML1.SM2M-3.20131011_085100Z.flac_147.6s_149.4s_trainstyle.mat,mat_files/dclde_DFO_CRP_NorthBc__DFOCRP.KkHK0R2F-NML1.SM2M-3.20131011_085100Z.flac_147.6s_149.4s_trainstyle.mat,dclde_2027_DFO_CRP_NorthBc,110,DFO_CRP,NorthBc,DFOCRP.KkHK0R2F-NML1.SM2M-3.20131011_085100Z.flac,HW,species:Mn,species:Mn,Mn,,,NA,Detection,0,NA,3000,3468.75,dclde/2027/dclde_2027_killer_whales/dfo_crp/audio/northbc/DFOCRP.KkHK0R2F-NML1.SM2M-3.20131011_085100Z.flac,gs://noaa-passive-bioacoustic/dclde/2027/dclde_2027_killer_whales/dfo_crp/audio/northbc/DFOCRP.KkHK0R2F-NML1.SM2M-3.20131011_085100Z.flac,https://storage.googleapis.com/noaa-passive-bioacoustic/dclde/2027/dclde_2027_killer_whales/dfo_crp/audio/northbc/DFOCRP.KkHK0R2F-NML1.SM2M-3.20131011_085100Z.flac,0,reviewed,Mn,Mn,,,,DFO_CRP:NorthBc:DFOCRP.KkHK0R2F-NML1.SM2M-3.20131011_085100Z.flac,"[{""call_type"":null,""call_type_name"":null,""review_status"":""reviewed"",""source"":""dclde_2027_DFO_CRP_NorthBc"",""species"":""Humpback whale"",""species_code"":""Mn"",""trainable"":true}]",species:Mn
dclde_DFO_CRP_NorthBc__DFOCRP.KkHK0R2F-NML1.SM2M-3.20131011_085100Z.flac_148.6s_148.9s_trainstyle,dclde_DFO_CRP_NorthBc__DFOCRP.KkHK0R2F-NML1.SM2M-3.20131011_085100Z.flac,DFOCRP.KkHK0R2F-NML1.SM2M-3.20131011_085100Z.flac,DFOCRP.KkHK0R2F-NML1.SM2M-3.20131011_085100Z.flac,148.592000,148.928000,148.592000,148.928000,148.592000,0.336000,dclde_DFO_CRP_NorthBc__DFOCRP.KkHK0R2F-NML1.SM2M-3.20131011_085100Z.flac_148.6s_148.9s_trainstyle.mat,mat_files/dclde_DFO_CRP_NorthBc__DFOCRP.KkHK0R2F-NML1.SM2M-3.20131011_085100Z.flac_148.6s_148.9s_trainstyle.mat,dclde_2027_DFO_CRP_NorthBc,111,DFO_CRP,NorthBc,DFOCRP.KkHK0R2F-NML1.SM2M-3.20131011_085100Z.flac,HW,species:Mn,species:Mn,Mn,,,NA,Detection,0,NA,6687.5,7187.5,dclde/2027/dclde_2027_killer_whales/dfo_crp/audio/northbc/DFOCRP.KkHK0R2F-NML1.SM2M-3.20131011_085100Z.flac,gs://noaa-passive-bioacoustic/dclde/2027/dclde_2027_killer_whales/dfo_crp/audio/northbc/DFOCRP.KkHK0R2F-NML1.SM2M-3.20131011_085100Z.flac,https://storage.googleapis.com/noaa-passive-bioacoustic/dclde/2027/dclde_2027_killer_whales/dfo_crp/audio/northbc/DFOCRP.KkHK0R2F-NML1.SM2M-3.20131011_085100Z.flac,0,reviewed,Mn,Mn,,,,DFO_CRP:NorthBc:DFOCRP.KkHK0R2F-NML1.SM2M-3.20131011_085100Z.flac,"[{""call_type"":null,""call_type_name"":null,""review_status"":""reviewed"",""source"":""dclde_2027_DFO_CRP_NorthBc"",""species"":""Humpback whale"",""species_code"":""Mn"",""trainable"":true}]",species:Mn
dclde_DFO_CRP_NorthBc__DFOCRP.KkHK0R2F-NML1.SM2M-3.20131011_085100Z.flac_189.5s_190.5s_trainstyle,dclde_DFO_CRP_NorthBc__DFOCRP.KkHK0R2F-NML1.SM2M-3.20131011_085100Z.flac,DFOCRP.KkHK0R2F-NML1.SM2M-3.20131011_085100Z.flac,DFOCRP.KkHK0R2F-NML1.SM2M-3.20131011_085100Z.flac,189.535000,190.463000,189.535000,190.463000,189.535000,0.928000,dclde_DFO_CRP_NorthBc__DFOCRP.KkHK0R2F-NML1.SM2M-3.20131011_085100Z.flac_189.5s_190.5s_trainstyle.mat,mat_files/dclde_DFO_CRP_NorthBc__DFOCRP.KkHK0R2F-NML1.SM2M-3.20131011_085100Z.flac_189.5s_190.5s_trainstyle.mat,dclde_2027_DFO_CRP_NorthBc,112,DFO_CRP,NorthBc,DFOCRP.KkHK0R2F-NML1.SM2M-3.20131011_085100Z.flac,HW,species:Mn,species:Mn,Mn,,,NA,Detection,0,NA,3062.5,3500,dclde/2027/dclde_2027_killer_whales/dfo_crp/audio/northbc/DFOCRP.KkHK0R2F-NML1.SM2M-3.20131011_085100Z.flac,gs://noaa-passive-bioacoustic/dclde/2027/dclde_2027_killer_whales/dfo_crp/audio/northbc/DFOCRP.KkHK0R2F-NML1.SM2M-3.20131011_085100Z.flac,https://storage.googleapis.com/noaa-passive-bioacoustic/dclde/2027/dclde_2027_killer_whales/dfo_crp/audio/northbc/DFOCRP.KkHK0R2F-NML1.SM2M-3.20131011_085100Z.flac,0,reviewed,Mn,Mn,,,,DFO_CRP:NorthBc:DFOCRP.KkHK0R2F-NML1.SM2M-3.20131011_085100Z.flac,"[{""call_type"":null,""call_type_name"":null,""review_status"":""reviewed"",""source"":""dclde_2027_DFO_CRP_NorthBc"",""species"":""Humpback whale"",""species_code"":""Mn"",""trainable"":true}]",species:Mn
dclde_DFO_CRP_NorthBc__DFOCRP.KkHK0R2F-NML1.SM2M-3.20131011_085100Z.flac_274.2s_274.5s_trainstyle,dclde_DFO_CRP_NorthBc__DFOCRP.KkHK0R2F-NML1.SM2M-3.20131011_085100Z.flac,DFOCRP.KkHK0R2F-NML1.SM2M-3.20131011_085100Z.flac,DFOCRP.KkHK0R2F-NML1.SM2M-3.20131011_085100Z.flac,274.192000,274.512000,274.192000,274.512000,274.192000,0.320000,dclde_DFO_CRP_NorthBc__DFOCRP.KkHK0R2F-NML1.SM2M-3.20131011_085100Z.flac_274.2s_274.5s_trainstyle.mat,mat_files/dclde_DFO_CRP_NorthBc__DFOCRP.KkHK0R2F-NML1.SM2M-3.20131011_085100Z.flac_274.2s_274.5s_trainstyle.mat,dclde_2027_DFO_CRP_NorthBc,113,DFO_CRP,NorthBc,DFOCRP.KkHK0R2F-NML1.SM2M-3.20131011_085100Z.flac,HW,species:Mn,species:Mn,Mn,,,NA,Detection,0,NA,843.75,937.5,dclde/2027/dclde_2027_killer_whales/dfo_crp/audio/northbc/DFOCRP.KkHK0R2F-NML1.SM2M-3.20131011_085100Z.flac,gs://noaa-passive-bioacoustic/dclde/2027/dclde_2027_killer_whales/dfo_crp/audio/northbc/DFOCRP.KkHK0R2F-NML1.SM2M-3.20131011_085100Z.flac,https://storage.googleapis.com/noaa-passive-bioacoustic/dclde/2027/dclde_2027_killer_whales/dfo_crp/audio/northbc/DFOCRP.KkHK0R2F-NML1.SM2M-3.20131011_085100Z.flac,0,reviewed,Mn,Mn,,,,DFO_CRP:NorthBc:DFOCRP.KkHK0R2F-NML1.SM2M-3.20131011_085100Z.flac,"[{""call_type"":null,""call_type_name"":null,""review_status"":""reviewed"",""source"":""dclde_2027_DFO_CRP_NorthBc"",""species"":""Humpback whale"",""species_code"":""Mn"",""trainable"":true}]",species:Mn
dclde_DFO_CRP_NorthBc__DFOCRP.KkHK0R2F-NML1.SM2M-3.20131011_090600Z.flac_50.5s_51.6s_trainstyle,dclde_DFO_CRP_NorthBc__DFOCRP.KkHK0R2F-NML1.SM2M-3.20131011_090600Z.flac,DFOCRP.KkHK0R2F-NML1.SM2M-3.20131011_090600Z.flac,DFOCRP.KkHK0R2F-NML1.SM2M-3.20131011_090600Z.flac,50.496000,51.568000,50.496000,51.568000,50.496000,1.072000,dclde_DFO_CRP_NorthBc__DFOCRP.KkHK0R2F-NML1.SM2M-3.20131011_090600Z.flac_50.5s_51.6s_trainstyle.mat,mat_files/dclde_DFO_CRP_NorthBc__DFOCRP.KkHK0R2F-NML1.SM2M-3.20131011_090600Z.flac_50.5s_51.6s_trainstyle.mat,dclde_2027_DFO_CRP_NorthBc,114,DFO_CRP,NorthBc,DFOCRP.KkHK0R2F-NML1.SM2M-3.20131011_090600Z.flac,HW,species:Mn,species:Mn,Mn,,,NA,Detection,0,NA,1718.75,2468.75,dclde/2027/dclde_2027_killer_whales/dfo_crp/audio/northbc/DFOCRP.KkHK0R2F-NML1.SM2M-3.20131011_090600Z.flac,gs://noaa-passive-bioacoustic/dclde/2027/dclde_2027_killer_whales/dfo_crp/audio/northbc/DFOCRP.KkHK0R2F-NML1.SM2M-3.20131011_090600Z.flac,https://storage.googleapis.com/noaa-passive-bioacoustic/dclde/2027/dclde_2027_killer_whales/dfo_crp/audio/northbc/DFOCRP.KkHK0R2F-NML1.SM2M-3.20131011_090600Z.flac,0,reviewed,Mn,Mn,,,,DFO_CRP:NorthBc:DFOCRP.KkHK0R2F-NML1.SM2M-3.20131011_090600Z.flac,"[{""call_type"":null,""call_type_name"":null,""review_status"":""reviewed"",""source"":""dclde_2027_DFO_CRP_NorthBc"",""species"":""Humpback whale"",""species_code"":""Mn"",""trainable"":true}]",species:Mn
dclde_DFO_CRP_NorthBc__DFOCRP.KkHK0R2F-NML1.SM2M-3.20131011_090600Z.flac_205.4s_206.3s_trainstyle,dclde_DFO_CRP_NorthBc__DFOCRP.KkHK0R2F-NML1.SM2M-3.20131011_090600Z.flac,DFOCRP.KkHK0R2F-NML1.SM2M-3.20131011_090600Z.flac,DFOCRP.KkHK0R2F-NML1.SM2M-3.20131011_090600Z.flac,205.439000,206.304000,205.439000,206.304000,205.439000,0.865000,dclde_DFO_CRP_NorthBc__DFOCRP.KkHK0R2F-NML1.SM2M-3.20131011_090600Z.flac_205.4s_206.3s_trainstyle.mat,mat_files/dclde_DFO_CRP_NorthBc__DFOCRP.KkHK0R2F-NML1.SM2M-3.20131011_090600Z.flac_205.4s_206.3s_trainstyle.mat,dclde_2027_DFO_CRP_NorthBc,115,DFO_CRP,NorthBc,DFOCRP.KkHK0R2F-NML1.SM2M-3.20131011_090600Z.flac,HW,species:Mn,species:Mn,Mn,,,NA,Detection,0,NA,3031.25,3531.25,dclde/2027/dclde_2027_killer_whales/dfo_crp/audio/northbc/DFOCRP.KkHK0R2F-NML1.SM2M-3.20131011_090600Z.flac,gs://noaa-passive-bioacoustic/dclde/2027/dclde_2027_killer_whales/dfo_crp/audio/northbc/DFOCRP.KkHK0R2F-NML1.SM2M-3.20131011_090600Z.flac,https://storage.googleapis.com/noaa-passive-bioacoustic/dclde/2027/dclde_2027_killer_whales/dfo_crp/audio/northbc/DFOCRP.KkHK0R2F-NML1.SM2M-3.20131011_090600Z.flac,0,reviewed,Mn,Mn,,,,DFO_CRP:NorthBc:DFOCRP.KkHK0R2F-NML1.SM2M-3.20131011_090600Z.flac,"[{""call_type"":null,""call_type_name"":null,""review_status"":""reviewed"",""source"":""dclde_2027_DFO_CRP_NorthBc"",""species"":""Humpback whale"",""species_code"":""Mn"",""trainable"":true}]",species:Mn
dclde_DFO_CRP_NorthBc__DFOCRP.KkHK0R2F-NML1.SM2M-3.20131011_090600Z.flac_207.2s_207.5s_trainstyle,dclde_DFO_CRP_NorthBc__DFOCRP.KkHK0R2F-NML1.SM2M-3.20131011_090600Z.flac,DFOCRP.KkHK0R2F-NML1.SM2M-3.20131011_090600Z.flac,DFOCRP.KkHK0R2F-NML1.SM2M-3.20131011_090600Z.flac,207.184000,207.536000,207.184000,207.536000,207.184000,0.352000,dclde_DFO_CRP_NorthBc__DFOCRP.KkHK0R2F-NML1.SM2M-3.20131011_090600Z.flac_207.2s_207.5s_trainstyle.mat,mat_files/dclde_DFO_CRP_NorthBc__DFOCRP.KkHK0R2F-NML1.SM2M-3.20131011_090600Z.flac_207.2s_207.5s_trainstyle.mat,dclde_2027_DFO_CRP_NorthBc,116,DFO_CRP,NorthBc,DFOCRP.KkHK0R2F-NML1.SM2M-3.20131011_090600Z.flac,HW,species:Mn,species:Mn,Mn,,,NA,Detection,0,NA,781.25,1062.5,dclde/2027/dclde_2027_killer_whales/dfo_crp/audio/northbc/DFOCRP.KkHK0R2F-NML1.SM2M-3.20131011_090600Z.flac,gs://noaa-passive-bioacoustic/dclde/2027/dclde_2027_killer_whales/dfo_crp/audio/northbc/DFOCRP.KkHK0R2F-NML1.SM2M-3.20131011_090600Z.flac,https://storage.googleapis.com/noaa-passive-bioacoustic/dclde/2027/dclde_2027_killer_whales/dfo_crp/audio/northbc/DFOCRP.KkHK0R2F-NML1.SM2M-3.20131011_090600Z.flac,0,reviewed,Mn,Mn,,,,DFO_CRP:NorthBc:DFOCRP.KkHK0R2F-NML1.SM2M-3.20131011_090600Z.flac,"[{""call_type"":null,""call_type_name"":null,""review_status"":""reviewed"",""source"":""dclde_2027_DFO_CRP_NorthBc"",""species"":""Humpback whale"",""species_code"":""Mn"",""trainable"":true}]",species:Mn
dclde_DFO_CRP_NorthBc__DFOCRP.KkHK0R2F-NML1.SM2M-3.20131011_090600Z.flac_208.1s_208.5s_trainstyle,dclde_DFO_CRP_NorthBc__DFOCRP.KkHK0R2F-NML1.SM2M-3.20131011_090600Z.flac,DFOCRP.KkHK0R2F-NML1.SM2M-3.20131011_090600Z.flac,DFOCRP.KkHK0R2F-NML1.SM2M-3.20131011_090600Z.flac,208.111000,208.511000,208.111000,208.511000,208.111000,0.400000,dclde_DFO_CRP_NorthBc__DFOCRP.KkHK0R2F-NML1.SM2M-3.20131011_090600Z.flac_208.1s_208.5s_trainstyle.mat,mat_files/dclde_DFO_CRP_NorthBc__DFOCRP.KkHK0R2F-NML1.SM2M-3.20131011_090600Z.flac_208.1s_208.5s_trainstyle.mat,dclde_2027_DFO_CRP_NorthBc,117,DFO_CRP,NorthBc,DFOCRP.KkHK0R2F-NML1.SM2M-3.20131011_090600Z.flac,HW,species:Mn,species:Mn,Mn,,,NA,Detection,0,NA,875,1031.25,dclde/2027/dclde_2027_killer_whales/dfo_crp/audio/northbc/DFOCRP.KkHK0R2F-NML1.SM2M-3.20131011_090600Z.flac,gs://noaa-passive-bioacoustic/dclde/2027/dclde_2027_killer_whales/dfo_crp/audio/northbc/DFOCRP.KkHK0R2F-NML1.SM2M-3.20131011_090600Z.flac,https://storage.googleapis.com/noaa-passive-bioacoustic/dclde/2027/dclde_2027_killer_whales/dfo_crp/audio/northbc/DFOCRP.KkHK0R2F-NML1.SM2M-3.20131011_090600Z.flac,0,reviewed,Mn,Mn,,,,DFO_CRP:NorthBc:DFOCRP.KkHK0R2F-NML1.SM2M-3.20131011_090600Z.flac,"[{""call_type"":null,""call_type_name"":null,""review_status"":""reviewed"",""source"":""dclde_2027_DFO_CRP_NorthBc"",""species"":""Humpback whale"",""species_code"":""Mn"",""trainable"":true}]",species:Mn
dclde_DFO_CRP_NorthBc__DFOCRP.KkHK0R2F-NML1.SM2M-3.20131011_090600Z.flac_209.8s_210.7s_trainstyle,dclde_DFO_CRP_NorthBc__DFOCRP.KkHK0R2F-NML1.SM2M-3.20131011_090600Z.flac,DFOCRP.KkHK0R2F-NML1.SM2M-3.20131011_090600Z.flac,DFOCRP.KkHK0R2F-NML1.SM2M-3.20131011_090600Z.flac,209.823000,210.655000,209.823000,210.655000,209.823000,0.832000,dclde_DFO_CRP_NorthBc__DFOCRP.KkHK0R2F-NML1.SM2M-3.20131011_090600Z.flac_209.8s_210.7s_trainstyle.mat,mat_files/dclde_DFO_CRP_NorthBc__DFOCRP.KkHK0R2F-NML1.SM2M-3.20131011_090600Z.flac_209.8s_210.7s_trainstyle.mat,dclde_2027_DFO_CRP_NorthBc,118,DFO_CRP,NorthBc,DFOCRP.KkHK0R2F-NML1.SM2M-3.20131011_090600Z.flac,HW,species:Mn,species:Mn,Mn,,,NA,Detection,0,NA,781.25,1531.25,dclde/2027/dclde_2027_killer_whales/dfo_crp/audio/northbc/DFOCRP.KkHK0R2F-NML1.SM2M-3.20131011_090600Z.flac,gs://noaa-passive-bioacoustic/dclde/2027/dclde_2027_killer_whales/dfo_crp/audio/northbc/DFOCRP.KkHK0R2F-NML1.SM2M-3.20131011_090600Z.flac,https://storage.googleapis.com/noaa-passive-bioacoustic/dclde/2027/dclde_2027_killer_whales/dfo_crp/audio/northbc/DFOCRP.KkHK0R2F-NML1.SM2M-3.20131011_090600Z.flac,0,reviewed,Mn,Mn,,,,DFO_CRP:NorthBc:DFOCRP.KkHK0R2F-NML1.SM2M-3.20131011_090600Z.flac,"[{""call_type"":null,""call_type_name"":null,""review_status"":""reviewed"",""source"":""dclde_2027_DFO_CRP_NorthBc"",""species"":""Humpback whale"",""species_code"":""Mn"",""trainable"":true}]",species:Mn
dclde_DFO_CRP_NorthBc__DFOCRP.KkHK0R2F-NML1.SM2M-3.20131011_090600Z.flac_212.3s_212.6s_trainstyle,dclde_DFO_CRP_NorthBc__DFOCRP.KkHK0R2F-NML1.SM2M-3.20131011_090600Z.flac,DFOCRP.KkHK0R2F-NML1.SM2M-3.20131011_090600Z.flac,DFOCRP.KkHK0R2F-NML1.SM2M-3.20131011_090600Z.flac,212.335000,212.591000,212.335000,212.591000,212.335000,0.256000,dclde_DFO_CRP_NorthBc__DFOCRP.KkHK0R2F-NML1.SM2M-3.20131011_090600Z.flac_212.3s_212.6s_trainstyle.mat,mat_files/dclde_DFO_CRP_NorthBc__DFOCRP.KkHK0R2F-NML1.SM2M-3.20131011_090600Z.flac_212.3s_212.6s_trainstyle.mat,dclde_2027_DFO_CRP_NorthBc,119,DFO_CRP,NorthBc,DFOCRP.KkHK0R2F-NML1.SM2M-3.20131011_090600Z.flac,HW,species:Mn,species:Mn,Mn,,,NA,Detection,0,NA,968.75,1218.75,dclde/2027/dclde_2027_killer_whales/dfo_crp/audio/northbc/DFOCRP.KkHK0R2F-NML1.SM2M-3.20131011_090600Z.flac,gs://noaa-passive-bioacoustic/dclde/2027/dclde_2027_killer_whales/dfo_crp/audio/northbc/DFOCRP.KkHK0R2F-NML1.SM2M-3.20131011_090600Z.flac,https://storage.googleapis.com/noaa-passive-bioacoustic/dclde/2027/dclde_2027_killer_whales/dfo_crp/audio/northbc/DFOCRP.KkHK0R2F-NML1.SM2M-3.20131011_090600Z.flac,0,reviewed,Mn,Mn,,,,DFO_CRP:NorthBc:DFOCRP.KkHK0R2F-NML1.SM2M-3.20131011_090600Z.flac,"[{""call_type"":null,""call_type_name"":null,""review_status"":""reviewed"",""source"":""dclde_2027_DFO_CRP_NorthBc"",""species"":""Humpback whale"",""species_code"":""Mn"",""trainable"":true}]",species:Mn
dclde_DFO_CRP_NorthBc__DFOCRP.KkHK0R2F-NML1.SM2M-3.20131011_090600Z.flac_240.5s_240.9s_trainstyle,dclde_DFO_CRP_NorthBc__DFOCRP.KkHK0R2F-NML1.SM2M-3.20131011_090600Z.flac,DFOCRP.KkHK0R2F-NML1.SM2M-3.20131011_090600Z.flac,DFOCRP.KkHK0R2F-NML1.SM2M-3.20131011_090600Z.flac,240.543000,240.927000,240.543000,240.927000,240.543000,0.384000,dclde_DFO_CRP_NorthBc__DFOCRP.KkHK0R2F-NML1.SM2M-3.20131011_090600Z.flac_240.5s_240.9s_trainstyle.mat,mat_files/dclde_DFO_CRP_NorthBc__DFOCRP.KkHK0R2F-NML1.SM2M-3.20131011_090600Z.flac_240.5s_240.9s_trainstyle.mat,dclde_2027_DFO_CRP_NorthBc,120,DFO_CRP,NorthBc,DFOCRP.KkHK0R2F-NML1.SM2M-3.20131011_090600Z.flac,HW,species:Mn,species:Mn,Mn,,,NA,Detection,0,NA,781.25,1187.5,dclde/2027/dclde_2027_killer_whales/dfo_crp/audio/northbc/DFOCRP.KkHK0R2F-NML1.SM2M-3.20131011_090600Z.flac,gs://noaa-passive-bioacoustic/dclde/2027/dclde_2027_killer_whales/dfo_crp/audio/northbc/DFOCRP.KkHK0R2F-NML1.SM2M-3.20131011_090600Z.flac,https://storage.googleapis.com/noaa-passive-bioacoustic/dclde/2027/dclde_2027_killer_whales/dfo_crp/audio/northbc/DFOCRP.KkHK0R2F-NML1.SM2M-3.20131011_090600Z.flac,0,reviewed,Mn,Mn,,,,DFO_CRP:NorthBc:DFOCRP.KkHK0R2F-NML1.SM2M-3.20131011_090600Z.flac,"[{""call_type"":null,""call_type_name"":null,""review_status"":""reviewed"",""source"":""dclde_2027_DFO_CRP_NorthBc"",""species"":""Humpback whale"",""species_code"":""Mn"",""trainable"":true}]",species:Mn
dclde_DFO_CRP_NorthBc__DFOCRP.KkHK0R2F-NML1.SM2M-3.20131011_092100Z.flac_1.5s_2.0s_trainstyle,dclde_DFO_CRP_NorthBc__DFOCRP.KkHK0R2F-NML1.SM2M-3.20131011_092100Z.flac,DFOCRP.KkHK0R2F-NML1.SM2M-3.20131011_092100Z.flac,DFOCRP.KkHK0R2F-NML1.SM2M-3.20131011_092100Z.flac,1.472000,2.016000,1.472000,2.016000,1.472000,0.544000,dclde_DFO_CRP_NorthBc__DFOCRP.KkHK0R2F-NML1.SM2M-3.20131011_092100Z.flac_1.5s_2.0s_trainstyle.mat,mat_files/dclde_DFO_CRP_NorthBc__DFOCRP.KkHK0R2F-NML1.SM2M-3.20131011_092100Z.flac_1.5s_2.0s_trainstyle.mat,dclde_2027_DFO_CRP_NorthBc,121,DFO_CRP,NorthBc,DFOCRP.KkHK0R2F-NML1.SM2M-3.20131011_092100Z.flac,HW,species:Mn,species:Mn,Mn,,,NA,Detection,0,NA,1531.25,1875,dclde/2027/dclde_2027_killer_whales/dfo_crp/audio/northbc/DFOCRP.KkHK0R2F-NML1.SM2M-3.20131011_092100Z.flac,gs://noaa-passive-bioacoustic/dclde/2027/dclde_2027_killer_whales/dfo_crp/audio/northbc/DFOCRP.KkHK0R2F-NML1.SM2M-3.20131011_092100Z.flac,https://storage.googleapis.com/noaa-passive-bioacoustic/dclde/2027/dclde_2027_killer_whales/dfo_crp/audio/northbc/DFOCRP.KkHK0R2F-NML1.SM2M-3.20131011_092100Z.flac,0,reviewed,Mn,Mn,,,,DFO_CRP:NorthBc:DFOCRP.KkHK0R2F-NML1.SM2M-3.20131011_092100Z.flac,"[{""call_type"":null,""call_type_name"":null,""review_status"":""reviewed"",""source"":""dclde_2027_DFO_CRP_NorthBc"",""species"":""Humpback whale"",""species_code"":""Mn"",""trainable"":true}]",species:Mn
dclde_DFO_CRP_NorthBc__DFOCRP.KkHK0R2F-NML1.SM2M-3.20131011_092100Z.flac_60.9s_62.3s_trainstyle,dclde_DFO_CRP_NorthBc__DFOCRP.KkHK0R2F-NML1.SM2M-3.20131011_092100Z.flac,DFOCRP.KkHK0R2F-NML1.SM2M-3.20131011_092100Z.flac,DFOCRP.KkHK0R2F-NML1.SM2M-3.20131011_092100Z.flac,60.927000,62.319000,60.927000,62.319000,60.927000,1.392000,dclde_DFO_CRP_NorthBc__DFOCRP.KkHK0R2F-NML1.SM2M-3.20131011_092100Z.flac_60.9s_62.3s_trainstyle.mat,mat_files/dclde_DFO_CRP_NorthBc__DFOCRP.KkHK0R2F-NML1.SM2M-3.20131011_092100Z.flac_60.9s_62.3s_trainstyle.mat,dclde_2027_DFO_CRP_NorthBc,122,DFO_CRP,NorthBc,DFOCRP.KkHK0R2F-NML1.SM2M-3.20131011_092100Z.flac,HW,species:Mn,species:Mn,Mn,,,NA,Detection,0,NA,906.25,1218.75,dclde/2027/dclde_2027_killer_whales/dfo_crp/audio/northbc/DFOCRP.KkHK0R2F-NML1.SM2M-3.20131011_092100Z.flac,gs://noaa-passive-bioacoustic/dclde/2027/dclde_2027_killer_whales/dfo_crp/audio/northbc/DFOCRP.KkHK0R2F-NML1.SM2M-3.20131011_092100Z.flac,https://storage.googleapis.com/noaa-passive-bioacoustic/dclde/2027/dclde_2027_killer_whales/dfo_crp/audio/northbc/DFOCRP.KkHK0R2F-NML1.SM2M-3.20131011_092100Z.flac,0,reviewed,Mn,Mn,,,,DFO_CRP:NorthBc:DFOCRP.KkHK0R2F-NML1.SM2M-3.20131011_092100Z.flac,"[{""call_type"":null,""call_type_name"":null,""review_status"":""reviewed"",""source"":""dclde_2027_DFO_CRP_NorthBc"",""species"":""Humpback whale"",""species_code"":""Mn"",""trainable"":true}]",species:Mn
dclde_DFO_CRP_NorthBc__DFOCRP.KkHK0R2F-NML1.SM2M-3.20131011_092100Z.flac_63.1s_63.4s_trainstyle,dclde_DFO_CRP_NorthBc__DFOCRP.KkHK0R2F-NML1.SM2M-3.20131011_092100Z.flac,DFOCRP.KkHK0R2F-NML1.SM2M-3.20131011_092100Z.flac,DFOCRP.KkHK0R2F-NML1.SM2M-3.20131011_092100Z.flac,63.088000,63.360000,63.088000,63.360000,63.088000,0.272000,dclde_DFO_CRP_NorthBc__DFOCRP.KkHK0R2F-NML1.SM2M-3.20131011_092100Z.flac_63.1s_63.4s_trainstyle.mat,mat_files/dclde_DFO_CRP_NorthBc__DFOCRP.KkHK0R2F-NML1.SM2M-3.20131011_092100Z.flac_63.1s_63.4s_trainstyle.mat,dclde_2027_DFO_CRP_NorthBc,123,DFO_CRP,NorthBc,DFOCRP.KkHK0R2F-NML1.SM2M-3.20131011_092100Z.flac,HW,species:Mn,species:Mn,Mn,,,NA,Detection,0,NA,875,1375,dclde/2027/dclde_2027_killer_whales/dfo_crp/audio/northbc/DFOCRP.KkHK0R2F-NML1.SM2M-3.20131011_092100Z.flac,gs://noaa-passive-bioacoustic/dclde/2027/dclde_2027_killer_whales/dfo_crp/audio/northbc/DFOCRP.KkHK0R2F-NML1.SM2M-3.20131011_092100Z.flac,https://storage.googleapis.com/noaa-passive-bioacoustic/dclde/2027/dclde_2027_killer_whales/dfo_crp/audio/northbc/DFOCRP.KkHK0R2F-NML1.SM2M-3.20131011_092100Z.flac,0,reviewed,Mn,Mn,,,,DFO_CRP:NorthBc:DFOCRP.KkHK0R2F-NML1.SM2M-3.20131011_092100Z.flac,"[{""call_type"":null,""call_type_name"":null,""review_status"":""reviewed"",""source"":""dclde_2027_DFO_CRP_NorthBc"",""species"":""Humpback whale"",""species_code"":""Mn"",""trainable"":true}]",species:Mn
dclde_DFO_CRP_NorthBc__DFOCRP.KkHK0R2F-NML1.SM2M-3.20131011_092100Z.flac_64.2s_64.5s_trainstyle,dclde_DFO_CRP_NorthBc__DFOCRP.KkHK0R2F-NML1.SM2M-3.20131011_092100Z.flac,DFOCRP.KkHK0R2F-NML1.SM2M-3.20131011_092100Z.flac,DFOCRP.KkHK0R2F-NML1.SM2M-3.20131011_092100Z.flac,64.223000,64.495000,64.223000,64.495000,64.223000,0.272000,dclde_DFO_CRP_NorthBc__DFOCRP.KkHK0R2F-NML1.SM2M-3.20131011_092100Z.flac_64.2s_64.5s_trainstyle.mat,mat_files/dclde_DFO_CRP_NorthBc__DFOCRP.KkHK0R2F-NML1.SM2M-3.20131011_092100Z.flac_64.2s_64.5s_trainstyle.mat,dclde_2027_DFO_CRP_NorthBc,124,DFO_CRP,NorthBc,DFOCRP.KkHK0R2F-NML1.SM2M-3.20131011_092100Z.flac,HW,species:Mn,species:Mn,Mn,,,NA,Detection,0,NA,1187.5,1531.25,dclde/2027/dclde_2027_killer_whales/dfo_crp/audio/northbc/DFOCRP.KkHK0R2F-NML1.SM2M-3.20131011_092100Z.flac,gs://noaa-passive-bioacoustic/dclde/2027/dclde_2027_killer_whales/dfo_crp/audio/northbc/DFOCRP.KkHK0R2F-NML1.SM2M-3.20131011_092100Z.flac,https://storage.googleapis.com/noaa-passive-bioacoustic/dclde/2027/dclde_2027_killer_whales/dfo_crp/audio/northbc/DFOCRP.KkHK0R2F-NML1.SM2M-3.20131011_092100Z.flac,0,reviewed,Mn,Mn,,,,DFO_CRP:NorthBc:DFOCRP.KkHK0R2F-NML1.SM2M-3.20131011_092100Z.flac,"[{""call_type"":null,""call_type_name"":null,""review_status"":""reviewed"",""source"":""dclde_2027_DFO_CRP_NorthBc"",""species"":""Humpback whale"",""species_code"":""Mn"",""trainable"":true}]",species:Mn
dclde_DFO_CRP_NorthBc__DFOCRP.KkHK0R2F-NML1.SM2M-3.20131011_092100Z.flac_65.4s_65.6s_trainstyle,dclde_DFO_CRP_NorthBc__DFOCRP.KkHK0R2F-NML1.SM2M-3.20131011_092100Z.flac,DFOCRP.KkHK0R2F-NML1.SM2M-3.20131011_092100Z.flac,DFOCRP.KkHK0R2F-NML1.SM2M-3.20131011_092100Z.flac,65.392000,65.648000,65.392000,65.648000,65.392000,0.256000,dclde_DFO_CRP_NorthBc__DFOCRP.KkHK0R2F-NML1.SM2M-3.20131011_092100Z.flac_65.4s_65.6s_trainstyle.mat,mat_files/dclde_DFO_CRP_NorthBc__DFOCRP.KkHK0R2F-NML1.SM2M-3.20131011_092100Z.flac_65.4s_65.6s_trainstyle.mat,dclde_2027_DFO_CRP_NorthBc,125,DFO_CRP,NorthBc,DFOCRP.KkHK0R2F-NML1.SM2M-3.20131011_092100Z.flac,HW,species:Mn,species:Mn,Mn,,,NA,Detection,0,NA,1125,1406.25,dclde/2027/dclde_2027_killer_whales/dfo_crp/audio/northbc/DFOCRP.KkHK0R2F-NML1.SM2M-3.20131011_092100Z.flac,gs://noaa-passive-bioacoustic/dclde/2027/dclde_2027_killer_whales/dfo_crp/audio/northbc/DFOCRP.KkHK0R2F-NML1.SM2M-3.20131011_092100Z.flac,https://storage.googleapis.com/noaa-passive-bioacoustic/dclde/2027/dclde_2027_killer_whales/dfo_crp/audio/northbc/DFOCRP.KkHK0R2F-NML1.SM2M-3.20131011_092100Z.flac,0,reviewed,Mn,Mn,,,,DFO_CRP:NorthBc:DFOCRP.KkHK0R2F-NML1.SM2M-3.20131011_092100Z.flac,"[{""call_type"":null,""call_type_name"":null,""review_status"":""reviewed"",""source"":""dclde_2027_DFO_CRP_NorthBc"",""species"":""Humpback whale"",""species_code"":""Mn"",""trainable"":true}]",species:Mn
dclde_DFO_CRP_NorthBc__DFOCRP.KkHK0R2F-NML1.SM2M-3.20131011_092100Z.flac_66.5s_66.8s_trainstyle,dclde_DFO_CRP_NorthBc__DFOCRP.KkHK0R2F-NML1.SM2M-3.20131011_092100Z.flac,DFOCRP.KkHK0R2F-NML1.SM2M-3.20131011_092100Z.flac,DFOCRP.KkHK0R2F-NML1.SM2M-3.20131011_092100Z.flac,66.496000,66.816000,66.496000,66.816000,66.496000,0.320000,dclde_DFO_CRP_NorthBc__DFOCRP.KkHK0R2F-NML1.SM2M-3.20131011_092100Z.flac_66.5s_66.8s_trainstyle.mat,mat_files/dclde_DFO_CRP_NorthBc__DFOCRP.KkHK0R2F-NML1.SM2M-3.20131011_092100Z.flac_66.5s_66.8s_trainstyle.mat,dclde_2027_DFO_CRP_NorthBc,126,DFO_CRP,NorthBc,DFOCRP.KkHK0R2F-NML1.SM2M-3.20131011_092100Z.flac,HW,species:Mn,species:Mn,Mn,,,NA,Detection,0,NA,1156.25,1656.25,dclde/2027/dclde_2027_killer_whales/dfo_crp/audio/northbc/DFOCRP.KkHK0R2F-NML1.SM2M-3.20131011_092100Z.flac,gs://noaa-passive-bioacoustic/dclde/2027/dclde_2027_killer_whales/dfo_crp/audio/northbc/DFOCRP.KkHK0R2F-NML1.SM2M-3.20131011_092100Z.flac,https://storage.googleapis.com/noaa-passive-bioacoustic/dclde/2027/dclde_2027_killer_whales/dfo_crp/audio/northbc/DFOCRP.KkHK0R2F-NML1.SM2M-3.20131011_092100Z.flac,0,reviewed,Mn,Mn,,,,DFO_CRP:NorthBc:DFOCRP.KkHK0R2F-NML1.SM2M-3.20131011_092100Z.flac,"[{""call_type"":null,""call_type_name"":null,""review_status"":""reviewed"",""source"":""dclde_2027_DFO_CRP_NorthBc"",""species"":""Humpback whale"",""species_code"":""Mn"",""trainable"":true}]",species:Mn
dclde_DFO_CRP_NorthBc__DFOCRP.KkHK0R2F-NML1.SM2M-3.20131011_092100Z.flac_67.5s_67.8s_trainstyle,dclde_DFO_CRP_NorthBc__DFOCRP.KkHK0R2F-NML1.SM2M-3.20131011_092100Z.flac,DFOCRP.KkHK0R2F-NML1.SM2M-3.20131011_092100Z.flac,DFOCRP.KkHK0R2F-NML1.SM2M-3.20131011_092100Z.flac,67.535000,67.839000,67.535000,67.839000,67.535000,0.304000,dclde_DFO_CRP_NorthBc__DFOCRP.KkHK0R2F-NML1.SM2M-3.20131011_092100Z.flac_67.5s_67.8s_trainstyle.mat,mat_files/dclde_DFO_CRP_NorthBc__DFOCRP.KkHK0R2F-NML1.SM2M-3.20131011_092100Z.flac_67.5s_67.8s_trainstyle.mat,dclde_2027_DFO_CRP_NorthBc,127,DFO_CRP,NorthBc,DFOCRP.KkHK0R2F-NML1.SM2M-3.20131011_092100Z.flac,HW,species:Mn,species:Mn,Mn,,,NA,Detection,0,NA,1156.25,1781.25,dclde/2027/dclde_2027_killer_whales/dfo_crp/audio/northbc/DFOCRP.KkHK0R2F-NML1.SM2M-3.20131011_092100Z.flac,gs://noaa-passive-bioacoustic/dclde/2027/dclde_2027_killer_whales/dfo_crp/audio/northbc/DFOCRP.KkHK0R2F-NML1.SM2M-3.20131011_092100Z.flac,https://storage.googleapis.com/noaa-passive-bioacoustic/dclde/2027/dclde_2027_killer_whales/dfo_crp/audio/northbc/DFOCRP.KkHK0R2F-NML1.SM2M-3.20131011_092100Z.flac,0,reviewed,Mn,Mn,,,,DFO_CRP:NorthBc:DFOCRP.KkHK0R2F-NML1.SM2M-3.20131011_092100Z.flac,"[{""call_type"":null,""call_type_name"":null,""review_status"":""reviewed"",""source"":""dclde_2027_DFO_CRP_NorthBc"",""species"":""Humpback whale"",""species_code"":""Mn"",""trainable"":true}]",species:Mn
dclde_DFO_CRP_NorthBc__DFOCRP.KkHK0R2F-NML1.SM2M-3.20131011_093600Z.flac_147.5s_148.3s_trainstyle,dclde_DFO_CRP_NorthBc__DFOCRP.KkHK0R2F-NML1.SM2M-3.20131011_093600Z.flac,DFOCRP.KkHK0R2F-NML1.SM2M-3.20131011_093600Z.flac,DFOCRP.KkHK0R2F-NML1.SM2M-3.20131011_093600Z.flac,147.488000,148.271000,147.488000,148.271000,147.488000,0.783000,dclde_DFO_CRP_NorthBc__DFOCRP.KkHK0R2F-NML1.SM2M-3.20131011_093600Z.flac_147.5s_148.3s_trainstyle.mat,mat_files/dclde_DFO_CRP_NorthBc__DFOCRP.KkHK0R2F-NML1.SM2M-3.20131011_093600Z.flac_147.5s_148.3s_trainstyle.mat,dclde_2027_DFO_CRP_NorthBc,129,DFO_CRP,NorthBc,DFOCRP.KkHK0R2F-NML1.SM2M-3.20131011_093600Z.flac,HW,species:Mn,species:Mn,Mn,,,NA,Detection,0,NA,1531.25,1781.25,dclde/2027/dclde_2027_killer_whales/dfo_crp/audio/northbc/DFOCRP.KkHK0R2F-NML1.SM2M-3.20131011_093600Z.flac,gs://noaa-passive-bioacoustic/dclde/2027/dclde_2027_killer_whales/dfo_crp/audio/northbc/DFOCRP.KkHK0R2F-NML1.SM2M-3.20131011_093600Z.flac,https://storage.googleapis.com/noaa-passive-bioacoustic/dclde/2027/dclde_2027_killer_whales/dfo_crp/audio/northbc/DFOCRP.KkHK0R2F-NML1.SM2M-3.20131011_093600Z.flac,0,reviewed,Mn,Mn,,,,DFO_CRP:NorthBc:DFOCRP.KkHK0R2F-NML1.SM2M-3.20131011_093600Z.flac,"[{""call_type"":null,""call_type_name"":null,""review_status"":""reviewed"",""source"":""dclde_2027_DFO_CRP_NorthBc"",""species"":""Humpback whale"",""species_code"":""Mn"",""trainable"":true}]",species:Mn
dclde_DFO_CRP_NorthBc__DFOCRP.KkHK0R2F-NML1.SM2M-3.20131011_093600Z.flac_225.5s_226.0s_trainstyle,dclde_DFO_CRP_NorthBc__DFOCRP.KkHK0R2F-NML1.SM2M-3.20131011_093600Z.flac,DFOCRP.KkHK0R2F-NML1.SM2M-3.20131011_093600Z.flac,DFOCRP.KkHK0R2F-NML1.SM2M-3.20131011_093600Z.flac,225.503000,226.000000,225.503000,226.000000,225.503000,0.497000,dclde_DFO_CRP_NorthBc__DFOCRP.KkHK0R2F-NML1.SM2M-3.20131011_093600Z.flac_225.5s_226.0s_trainstyle.mat,mat_files/dclde_DFO_CRP_NorthBc__DFOCRP.KkHK0R2F-NML1.SM2M-3.20131011_093600Z.flac_225.5s_226.0s_trainstyle.mat,dclde_2027_DFO_CRP_NorthBc,130,DFO_CRP,NorthBc,DFOCRP.KkHK0R2F-NML1.SM2M-3.20131011_093600Z.flac,HW,species:Mn,species:Mn,Mn,,,NA,Detection,0,NA,2562.5,3062.5,dclde/2027/dclde_2027_killer_whales/dfo_crp/audio/northbc/DFOCRP.KkHK0R2F-NML1.SM2M-3.20131011_093600Z.flac,gs://noaa-passive-bioacoustic/dclde/2027/dclde_2027_killer_whales/dfo_crp/audio/northbc/DFOCRP.KkHK0R2F-NML1.SM2M-3.20131011_093600Z.flac,https://storage.googleapis.com/noaa-passive-bioacoustic/dclde/2027/dclde_2027_killer_whales/dfo_crp/audio/northbc/DFOCRP.KkHK0R2F-NML1.SM2M-3.20131011_093600Z.flac,0,reviewed,Mn,Mn,,,,DFO_CRP:NorthBc:DFOCRP.KkHK0R2F-NML1.SM2M-3.20131011_093600Z.flac,"[{""call_type"":null,""call_type_name"":null,""review_status"":""reviewed"",""source"":""dclde_2027_DFO_CRP_NorthBc"",""species"":""Humpback whale"",""species_code"":""Mn"",""trainable"":true}]",species:Mn
dclde_DFO_CRP_NorthBc__DFOCRP.KkHK0R2F-NML1.SM2M-3.20131011_093600Z.flac_226.8s_227.2s_trainstyle,dclde_DFO_CRP_NorthBc__DFOCRP.KkHK0R2F-NML1.SM2M-3.20131011_093600Z.flac,DFOCRP.KkHK0R2F-NML1.SM2M-3.20131011_093600Z.flac,DFOCRP.KkHK0R2F-NML1.SM2M-3.20131011_093600Z.flac,226.800000,227.184000,226.800000,227.184000,226.800000,0.384000,dclde_DFO_CRP_NorthBc__DFOCRP.KkHK0R2F-NML1.SM2M-3.20131011_093600Z.flac_226.8s_227.2s_trainstyle.mat,mat_files/dclde_DFO_CRP_NorthBc__DFOCRP.KkHK0R2F-NML1.SM2M-3.20131011_093600Z.flac_226.8s_227.2s_trainstyle.mat,dclde_2027_DFO_CRP_NorthBc,131,DFO_CRP,NorthBc,DFOCRP.KkHK0R2F-NML1.SM2M-3.20131011_093600Z.flac,HW,species:Mn,species:Mn,Mn,,,NA,Detection,0,NA,1656.25,2031.25,dclde/2027/dclde_2027_killer_whales/dfo_crp/audio/northbc/DFOCRP.KkHK0R2F-NML1.SM2M-3.20131011_093600Z.flac,gs://noaa-passive-bioacoustic/dclde/2027/dclde_2027_killer_whales/dfo_crp/audio/northbc/DFOCRP.KkHK0R2F-NML1.SM2M-3.20131011_093600Z.flac,https://storage.googleapis.com/noaa-passive-bioacoustic/dclde/2027/dclde_2027_killer_whales/dfo_crp/audio/northbc/DFOCRP.KkHK0R2F-NML1.SM2M-3.20131011_093600Z.flac,0,reviewed,Mn,Mn,,,,DFO_CRP:NorthBc:DFOCRP.KkHK0R2F-NML1.SM2M-3.20131011_093600Z.flac,"[{""call_type"":null,""call_type_name"":null,""review_status"":""reviewed"",""source"":""dclde_2027_DFO_CRP_NorthBc"",""species"":""Humpback whale"",""species_code"":""Mn"",""trainable"":true}]",species:Mn
dclde_DFO_CRP_NorthBc__DFOCRP.KkHK0R2F-NML1.SM2M-3.20131011_095100Z.flac_148.5s_149.2s_trainstyle,dclde_DFO_CRP_NorthBc__DFOCRP.KkHK0R2F-NML1.SM2M-3.20131011_095100Z.flac,DFOCRP.KkHK0R2F-NML1.SM2M-3.20131011_095100Z.flac,DFOCRP.KkHK0R2F-NML1.SM2M-3.20131011_095100Z.flac,148.543000,149.167000,148.543000,149.167000,148.543000,0.624000,dclde_DFO_CRP_NorthBc__DFOCRP.KkHK0R2F-NML1.SM2M-3.20131011_095100Z.flac_148.5s_149.2s_trainstyle.mat,mat_files/dclde_DFO_CRP_NorthBc__DFOCRP.KkHK0R2F-NML1.SM2M-3.20131011_095100Z.flac_148.5s_149.2s_trainstyle.mat,dclde_2027_DFO_CRP_NorthBc,132,DFO_CRP,NorthBc,DFOCRP.KkHK0R2F-NML1.SM2M-3.20131011_095100Z.flac,HW,species:Mn,species:Mn,Mn,,,NA,Detection,0,NA,906.25,1062.5,dclde/2027/dclde_2027_killer_whales/dfo_crp/audio/northbc/DFOCRP.KkHK0R2F-NML1.SM2M-3.20131011_095100Z.flac,gs://noaa-passive-bioacoustic/dclde/2027/dclde_2027_killer_whales/dfo_crp/audio/northbc/DFOCRP.KkHK0R2F-NML1.SM2M-3.20131011_095100Z.flac,https://storage.googleapis.com/noaa-passive-bioacoustic/dclde/2027/dclde_2027_killer_whales/dfo_crp/audio/northbc/DFOCRP.KkHK0R2F-NML1.SM2M-3.20131011_095100Z.flac,0,reviewed,Mn,Mn,,,,DFO_CRP:NorthBc:DFOCRP.KkHK0R2F-NML1.SM2M-3.20131011_095100Z.flac,"[{""call_type"":null,""call_type_name"":null,""review_status"":""reviewed"",""source"":""dclde_2027_DFO_CRP_NorthBc"",""species"":""Humpback whale"",""species_code"":""Mn"",""trainable"":true}]",species:Mn
dclde_DFO_CRP_NorthBc__DFOCRP.KkHK0R2F-NML1.SM2M-3.20131011_100600Z.flac_210.9s_211.2s_trainstyle,dclde_DFO_CRP_NorthBc__DFOCRP.KkHK0R2F-NML1.SM2M-3.20131011_100600Z.flac,DFOCRP.KkHK0R2F-NML1.SM2M-3.20131011_100600Z.flac,DFOCRP.KkHK0R2F-NML1.SM2M-3.20131011_100600Z.flac,210.880000,211.248000,210.880000,211.248000,210.880000,0.368000,dclde_DFO_CRP_NorthBc__DFOCRP.KkHK0R2F-NML1.SM2M-3.20131011_100600Z.flac_210.9s_211.2s_trainstyle.mat,mat_files/dclde_DFO_CRP_NorthBc__DFOCRP.KkHK0R2F-NML1.SM2M-3.20131011_100600Z.flac_210.9s_211.2s_trainstyle.mat,dclde_2027_DFO_CRP_NorthBc,133,DFO_CRP,NorthBc,DFOCRP.KkHK0R2F-NML1.SM2M-3.20131011_100600Z.flac,HW,species:Mn,species:Mn,Mn,,,NA,Detection,0,NA,906.25,1218.75,dclde/2027/dclde_2027_killer_whales/dfo_crp/audio/northbc/DFOCRP.KkHK0R2F-NML1.SM2M-3.20131011_100600Z.flac,gs://noaa-passive-bioacoustic/dclde/2027/dclde_2027_killer_whales/dfo_crp/audio/northbc/DFOCRP.KkHK0R2F-NML1.SM2M-3.20131011_100600Z.flac,https://storage.googleapis.com/noaa-passive-bioacoustic/dclde/2027/dclde_2027_killer_whales/dfo_crp/audio/northbc/DFOCRP.KkHK0R2F-NML1.SM2M-3.20131011_100600Z.flac,0,reviewed,Mn,Mn,,,,DFO_CRP:NorthBc:DFOCRP.KkHK0R2F-NML1.SM2M-3.20131011_100600Z.flac,"[{""call_type"":null,""call_type_name"":null,""review_status"":""reviewed"",""source"":""dclde_2027_DFO_CRP_NorthBc"",""species"":""Humpback whale"",""species_code"":""Mn"",""trainable"":true}]",species:Mn
dclde_DFO_CRP_NorthBc__DFOCRP.KkHK0R2F-NML1.SM2M-3.20131011_100600Z.flac_215.8s_216.1s_trainstyle,dclde_DFO_CRP_NorthBc__DFOCRP.KkHK0R2F-NML1.SM2M-3.20131011_100600Z.flac,DFOCRP.KkHK0R2F-NML1.SM2M-3.20131011_100600Z.flac,DFOCRP.KkHK0R2F-NML1.SM2M-3.20131011_100600Z.flac,215.776000,216.064000,215.776000,216.064000,215.776000,0.288000,dclde_DFO_CRP_NorthBc__DFOCRP.KkHK0R2F-NML1.SM2M-3.20131011_100600Z.flac_215.8s_216.1s_trainstyle.mat,mat_files/dclde_DFO_CRP_NorthBc__DFOCRP.KkHK0R2F-NML1.SM2M-3.20131011_100600Z.flac_215.8s_216.1s_trainstyle.mat,dclde_2027_DFO_CRP_NorthBc,134,DFO_CRP,NorthBc,DFOCRP.KkHK0R2F-NML1.SM2M-3.20131011_100600Z.flac,HW,species:Mn,species:Mn,Mn,,,NA,Detection,0,NA,812.5,1406.25,dclde/2027/dclde_2027_killer_whales/dfo_crp/audio/northbc/DFOCRP.KkHK0R2F-NML1.SM2M-3.20131011_100600Z.flac,gs://noaa-passive-bioacoustic/dclde/2027/dclde_2027_killer_whales/dfo_crp/audio/northbc/DFOCRP.KkHK0R2F-NML1.SM2M-3.20131011_100600Z.flac,https://storage.googleapis.com/noaa-passive-bioacoustic/dclde/2027/dclde_2027_killer_whales/dfo_crp/audio/northbc/DFOCRP.KkHK0R2F-NML1.SM2M-3.20131011_100600Z.flac,0,reviewed,Mn,Mn,,,,DFO_CRP:NorthBc:DFOCRP.KkHK0R2F-NML1.SM2M-3.20131011_100600Z.flac,"[{""call_type"":null,""call_type_name"":null,""review_status"":""reviewed"",""source"":""dclde_2027_DFO_CRP_NorthBc"",""species"":""Humpback whale"",""species_code"":""Mn"",""trainable"":true}]",species:Mn
dclde_DFO_CRP_NorthBc__DFOCRP.KkHK0R2F-NML1.SM2M-3.20131011_100600Z.flac_218.2s_218.5s_trainstyle,dclde_DFO_CRP_NorthBc__DFOCRP.KkHK0R2F-NML1.SM2M-3.20131011_100600Z.flac,DFOCRP.KkHK0R2F-NML1.SM2M-3.20131011_100600Z.flac,DFOCRP.KkHK0R2F-NML1.SM2M-3.20131011_100600Z.flac,218.223000,218.479000,218.223000,218.479000,218.223000,0.256000,dclde_DFO_CRP_NorthBc__DFOCRP.KkHK0R2F-NML1.SM2M-3.20131011_100600Z.flac_218.2s_218.5s_trainstyle.mat,mat_files/dclde_DFO_CRP_NorthBc__DFOCRP.KkHK0R2F-NML1.SM2M-3.20131011_100600Z.flac_218.2s_218.5s_trainstyle.mat,dclde_2027_DFO_CRP_NorthBc,135,DFO_CRP,NorthBc,DFOCRP.KkHK0R2F-NML1.SM2M-3.20131011_100600Z.flac,HW,species:Mn,species:Mn,Mn,,,NA,Detection,0,NA,1031.25,1218.75,dclde/2027/dclde_2027_killer_whales/dfo_crp/audio/northbc/DFOCRP.KkHK0R2F-NML1.SM2M-3.20131011_100600Z.flac,gs://noaa-passive-bioacoustic/dclde/2027/dclde_2027_killer_whales/dfo_crp/audio/northbc/DFOCRP.KkHK0R2F-NML1.SM2M-3.20131011_100600Z.flac,https://storage.googleapis.com/noaa-passive-bioacoustic/dclde/2027/dclde_2027_killer_whales/dfo_crp/audio/northbc/DFOCRP.KkHK0R2F-NML1.SM2M-3.20131011_100600Z.flac,0,reviewed,Mn,Mn,,,,DFO_CRP:NorthBc:DFOCRP.KkHK0R2F-NML1.SM2M-3.20131011_100600Z.flac,"[{""call_type"":null,""call_type_name"":null,""review_status"":""reviewed"",""source"":""dclde_2027_DFO_CRP_NorthBc"",""species"":""Humpback whale"",""species_code"":""Mn"",""trainable"":true}]",species:Mn
dclde_DFO_CRP_NorthBc__DFOCRP.KkHK0R2F-NML1.SM2M-3.20131011_102100Z.flac_16.2s_16.4s_trainstyle,dclde_DFO_CRP_NorthBc__DFOCRP.KkHK0R2F-NML1.SM2M-3.20131011_102100Z.flac,DFOCRP.KkHK0R2F-NML1.SM2M-3.20131011_102100Z.flac,DFOCRP.KkHK0R2F-NML1.SM2M-3.20131011_102100Z.flac,16.159000,16.431000,16.159000,16.431000,16.159000,0.272000,dclde_DFO_CRP_NorthBc__DFOCRP.KkHK0R2F-NML1.SM2M-3.20131011_102100Z.flac_16.2s_16.4s_trainstyle.mat,mat_files/dclde_DFO_CRP_NorthBc__DFOCRP.KkHK0R2F-NML1.SM2M-3.20131011_102100Z.flac_16.2s_16.4s_trainstyle.mat,dclde_2027_DFO_CRP_NorthBc,136,DFO_CRP,NorthBc,DFOCRP.KkHK0R2F-NML1.SM2M-3.20131011_102100Z.flac,HW,species:Mn,species:Mn,Mn,,,NA,Detection,0,NA,1562.5,1843.75,dclde/2027/dclde_2027_killer_whales/dfo_crp/audio/northbc/DFOCRP.KkHK0R2F-NML1.SM2M-3.20131011_102100Z.flac,gs://noaa-passive-bioacoustic/dclde/2027/dclde_2027_killer_whales/dfo_crp/audio/northbc/DFOCRP.KkHK0R2F-NML1.SM2M-3.20131011_102100Z.flac,https://storage.googleapis.com/noaa-passive-bioacoustic/dclde/2027/dclde_2027_killer_whales/dfo_crp/audio/northbc/DFOCRP.KkHK0R2F-NML1.SM2M-3.20131011_102100Z.flac,0,reviewed,Mn,Mn,,,,DFO_CRP:NorthBc:DFOCRP.KkHK0R2F-NML1.SM2M-3.20131011_102100Z.flac,"[{""call_type"":null,""call_type_name"":null,""review_status"":""reviewed"",""source"":""dclde_2027_DFO_CRP_NorthBc"",""species"":""Humpback whale"",""species_code"":""Mn"",""trainable"":true}]",species:Mn
dclde_DFO_CRP_NorthBc__DFOCRP.KkHK0R2F-NML1.SM2M-3.20131011_102100Z.flac_19.8s_20.0s_trainstyle,dclde_DFO_CRP_NorthBc__DFOCRP.KkHK0R2F-NML1.SM2M-3.20131011_102100Z.flac,DFOCRP.KkHK0R2F-NML1.SM2M-3.20131011_102100Z.flac,DFOCRP.KkHK0R2F-NML1.SM2M-3.20131011_102100Z.flac,19.759000,20.031000,19.759000,20.031000,19.759000,0.272000,dclde_DFO_CRP_NorthBc__DFOCRP.KkHK0R2F-NML1.SM2M-3.20131011_102100Z.flac_19.8s_20.0s_trainstyle.mat,mat_files/dclde_DFO_CRP_NorthBc__DFOCRP.KkHK0R2F-NML1.SM2M-3.20131011_102100Z.flac_19.8s_20.0s_trainstyle.mat,dclde_2027_DFO_CRP_NorthBc,137,DFO_CRP,NorthBc,DFOCRP.KkHK0R2F-NML1.SM2M-3.20131011_102100Z.flac,HW,species:Mn,species:Mn,Mn,,,NA,Detection,0,NA,1343.75,1562.5,dclde/2027/dclde_2027_killer_whales/dfo_crp/audio/northbc/DFOCRP.KkHK0R2F-NML1.SM2M-3.20131011_102100Z.flac,gs://noaa-passive-bioacoustic/dclde/2027/dclde_2027_killer_whales/dfo_crp/audio/northbc/DFOCRP.KkHK0R2F-NML1.SM2M-3.20131011_102100Z.flac,https://storage.googleapis.com/noaa-passive-bioacoustic/dclde/2027/dclde_2027_killer_whales/dfo_crp/audio/northbc/DFOCRP.KkHK0R2F-NML1.SM2M-3.20131011_102100Z.flac,0,reviewed,Mn,Mn,,,,DFO_CRP:NorthBc:DFOCRP.KkHK0R2F-NML1.SM2M-3.20131011_102100Z.flac,"[{""call_type"":null,""call_type_name"":null,""review_status"":""reviewed"",""source"":""dclde_2027_DFO_CRP_NorthBc"",""species"":""Humpback whale"",""species_code"":""Mn"",""trainable"":true}]",species:Mn
dclde_DFO_CRP_NorthBc__DFOCRP.KkHK0R2F-NML1.SM2M-3.20131011_102100Z.flac_27.3s_27.6s_trainstyle,dclde_DFO_CRP_NorthBc__DFOCRP.KkHK0R2F-NML1.SM2M-3.20131011_102100Z.flac,DFOCRP.KkHK0R2F-NML1.SM2M-3.20131011_102100Z.flac,DFOCRP.KkHK0R2F-NML1.SM2M-3.20131011_102100Z.flac,27.311000,27.647000,27.311000,27.647000,27.311000,0.336000,dclde_DFO_CRP_NorthBc__DFOCRP.KkHK0R2F-NML1.SM2M-3.20131011_102100Z.flac_27.3s_27.6s_trainstyle.mat,mat_files/dclde_DFO_CRP_NorthBc__DFOCRP.KkHK0R2F-NML1.SM2M-3.20131011_102100Z.flac_27.3s_27.6s_trainstyle.mat,dclde_2027_DFO_CRP_NorthBc,138,DFO_CRP,NorthBc,DFOCRP.KkHK0R2F-NML1.SM2M-3.20131011_102100Z.flac,HW,species:Mn,species:Mn,Mn,,,NA,Detection,0,NA,968.75,1125,dclde/2027/dclde_2027_killer_whales/dfo_crp/audio/northbc/DFOCRP.KkHK0R2F-NML1.SM2M-3.20131011_102100Z.flac,gs://noaa-passive-bioacoustic/dclde/2027/dclde_2027_killer_whales/dfo_crp/audio/northbc/DFOCRP.KkHK0R2F-NML1.SM2M-3.20131011_102100Z.flac,https://storage.googleapis.com/noaa-passive-bioacoustic/dclde/2027/dclde_2027_killer_whales/dfo_crp/audio/northbc/DFOCRP.KkHK0R2F-NML1.SM2M-3.20131011_102100Z.flac,0,reviewed,Mn,Mn,,,,DFO_CRP:NorthBc:DFOCRP.KkHK0R2F-NML1.SM2M-3.20131011_102100Z.flac,"[{""call_type"":null,""call_type_name"":null,""review_status"":""reviewed"",""source"":""dclde_2027_DFO_CRP_NorthBc"",""species"":""Humpback whale"",""species_code"":""Mn"",""trainable"":true}]",species:Mn
dclde_DFO_CRP_NorthBc__DFOCRP.KkHK0R2F-NML1.SM2M-3.20131011_102100Z.flac_69.5s_71.0s_trainstyle,dclde_DFO_CRP_NorthBc__DFOCRP.KkHK0R2F-NML1.SM2M-3.20131011_102100Z.flac,DFOCRP.KkHK0R2F-NML1.SM2M-3.20131011_102100Z.flac,DFOCRP.KkHK0R2F-NML1.SM2M-3.20131011_102100Z.flac,69.535000,71.023000,69.535000,71.023000,69.535000,1.488000,dclde_DFO_CRP_NorthBc__DFOCRP.KkHK0R2F-NML1.SM2M-3.20131011_102100Z.flac_69.5s_71.0s_trainstyle.mat,mat_files/dclde_DFO_CRP_NorthBc__DFOCRP.KkHK0R2F-NML1.SM2M-3.20131011_102100Z.flac_69.5s_71.0s_trainstyle.mat,dclde_2027_DFO_CRP_NorthBc,139,DFO_CRP,NorthBc,DFOCRP.KkHK0R2F-NML1.SM2M-3.20131011_102100Z.flac,HW,species:Mn,species:Mn,Mn,,,NA,Detection,0,NA,781.25,1156.25,dclde/2027/dclde_2027_killer_whales/dfo_crp/audio/northbc/DFOCRP.KkHK0R2F-NML1.SM2M-3.20131011_102100Z.flac,gs://noaa-passive-bioacoustic/dclde/2027/dclde_2027_killer_whales/dfo_crp/audio/northbc/DFOCRP.KkHK0R2F-NML1.SM2M-3.20131011_102100Z.flac,https://storage.googleapis.com/noaa-passive-bioacoustic/dclde/2027/dclde_2027_killer_whales/dfo_crp/audio/northbc/DFOCRP.KkHK0R2F-NML1.SM2M-3.20131011_102100Z.flac,0,reviewed,Mn,Mn,,,,DFO_CRP:NorthBc:DFOCRP.KkHK0R2F-NML1.SM2M-3.20131011_102100Z.flac,"[{""call_type"":null,""call_type_name"":null,""review_status"":""reviewed"",""source"":""dclde_2027_DFO_CRP_NorthBc"",""species"":""Humpback whale"",""species_code"":""Mn"",""trainable"":true}]",species:Mn
dclde_DFO_CRP_NorthBc__DFOCRP.KkHK0R2F-NML1.SM2M-3.20131011_102100Z.flac_71.7s_72.7s_trainstyle,dclde_DFO_CRP_NorthBc__DFOCRP.KkHK0R2F-NML1.SM2M-3.20131011_102100Z.flac,DFOCRP.KkHK0R2F-NML1.SM2M-3.20131011_102100Z.flac,DFOCRP.KkHK0R2F-NML1.SM2M-3.20131011_102100Z.flac,71.727000,72.672000,71.727000,72.672000,71.727000,0.945000,dclde_DFO_CRP_NorthBc__DFOCRP.KkHK0R2F-NML1.SM2M-3.20131011_102100Z.flac_71.7s_72.7s_trainstyle.mat,mat_files/dclde_DFO_CRP_NorthBc__DFOCRP.KkHK0R2F-NML1.SM2M-3.20131011_102100Z.flac_71.7s_72.7s_trainstyle.mat,dclde_2027_DFO_CRP_NorthBc,140,DFO_CRP,NorthBc,DFOCRP.KkHK0R2F-NML1.SM2M-3.20131011_102100Z.flac,HW,species:Mn,species:Mn,Mn,,,NA,Detection,0,NA,843.75,1218.75,dclde/2027/dclde_2027_killer_whales/dfo_crp/audio/northbc/DFOCRP.KkHK0R2F-NML1.SM2M-3.20131011_102100Z.flac,gs://noaa-passive-bioacoustic/dclde/2027/dclde_2027_killer_whales/dfo_crp/audio/northbc/DFOCRP.KkHK0R2F-NML1.SM2M-3.20131011_102100Z.flac,https://storage.googleapis.com/noaa-passive-bioacoustic/dclde/2027/dclde_2027_killer_whales/dfo_crp/audio/northbc/DFOCRP.KkHK0R2F-NML1.SM2M-3.20131011_102100Z.flac,0,reviewed,Mn,Mn,,,,DFO_CRP:NorthBc:DFOCRP.KkHK0R2F-NML1.SM2M-3.20131011_102100Z.flac,"[{""call_type"":null,""call_type_name"":null,""review_status"":""reviewed"",""source"":""dclde_2027_DFO_CRP_NorthBc"",""species"":""Humpback whale"",""species_code"":""Mn"",""trainable"":true}]",species:Mn
dclde_DFO_CRP_NorthBc__DFOCRP.KkHK0R2F-NML1.SM2M-3.20131011_102100Z.flac_73.8s_74.0s_trainstyle,dclde_DFO_CRP_NorthBc__DFOCRP.KkHK0R2F-NML1.SM2M-3.20131011_102100Z.flac,DFOCRP.KkHK0R2F-NML1.SM2M-3.20131011_102100Z.flac,DFOCRP.KkHK0R2F-NML1.SM2M-3.20131011_102100Z.flac,73.759000,74.015000,73.759000,74.015000,73.759000,0.256000,dclde_DFO_CRP_NorthBc__DFOCRP.KkHK0R2F-NML1.SM2M-3.20131011_102100Z.flac_73.8s_74.0s_trainstyle.mat,mat_files/dclde_DFO_CRP_NorthBc__DFOCRP.KkHK0R2F-NML1.SM2M-3.20131011_102100Z.flac_73.8s_74.0s_trainstyle.mat,dclde_2027_DFO_CRP_NorthBc,141,DFO_CRP,NorthBc,DFOCRP.KkHK0R2F-NML1.SM2M-3.20131011_102100Z.flac,HW,species:Mn,species:Mn,Mn,,,NA,Detection,0,NA,1500,1687.5,dclde/2027/dclde_2027_killer_whales/dfo_crp/audio/northbc/DFOCRP.KkHK0R2F-NML1.SM2M-3.20131011_102100Z.flac,gs://noaa-passive-bioacoustic/dclde/2027/dclde_2027_killer_whales/dfo_crp/audio/northbc/DFOCRP.KkHK0R2F-NML1.SM2M-3.20131011_102100Z.flac,https://storage.googleapis.com/noaa-passive-bioacoustic/dclde/2027/dclde_2027_killer_whales/dfo_crp/audio/northbc/DFOCRP.KkHK0R2F-NML1.SM2M-3.20131011_102100Z.flac,0,reviewed,Mn,Mn,,,,DFO_CRP:NorthBc:DFOCRP.KkHK0R2F-NML1.SM2M-3.20131011_102100Z.flac,"[{""call_type"":null,""call_type_name"":null,""review_status"":""reviewed"",""source"":""dclde_2027_DFO_CRP_NorthBc"",""species"":""Humpback whale"",""species_code"":""Mn"",""trainable"":true}]",species:Mn
dclde_DFO_CRP_NorthBc__DFOCRP.KkHK0R2F-NML1.SM2M-3.20131011_102100Z.flac_74.8s_75.2s_trainstyle,dclde_DFO_CRP_NorthBc__DFOCRP.KkHK0R2F-NML1.SM2M-3.20131011_102100Z.flac,DFOCRP.KkHK0R2F-NML1.SM2M-3.20131011_102100Z.flac,DFOCRP.KkHK0R2F-NML1.SM2M-3.20131011_102100Z.flac,74.831000,75.199000,74.831000,75.199000,74.831000,0.368000,dclde_DFO_CRP_NorthBc__DFOCRP.KkHK0R2F-NML1.SM2M-3.20131011_102100Z.flac_74.8s_75.2s_trainstyle.mat,mat_files/dclde_DFO_CRP_NorthBc__DFOCRP.KkHK0R2F-NML1.SM2M-3.20131011_102100Z.flac_74.8s_75.2s_trainstyle.mat,dclde_2027_DFO_CRP_NorthBc,142,DFO_CRP,NorthBc,DFOCRP.KkHK0R2F-NML1.SM2M-3.20131011_102100Z.flac,HW,species:Mn,species:Mn,Mn,,,NA,Detection,0,NA,781.25,1093.75,dclde/2027/dclde_2027_killer_whales/dfo_crp/audio/northbc/DFOCRP.KkHK0R2F-NML1.SM2M-3.20131011_102100Z.flac,gs://noaa-passive-bioacoustic/dclde/2027/dclde_2027_killer_whales/dfo_crp/audio/northbc/DFOCRP.KkHK0R2F-NML1.SM2M-3.20131011_102100Z.flac,https://storage.googleapis.com/noaa-passive-bioacoustic/dclde/2027/dclde_2027_killer_whales/dfo_crp/audio/northbc/DFOCRP.KkHK0R2F-NML1.SM2M-3.20131011_102100Z.flac,0,reviewed,Mn,Mn,,,,DFO_CRP:NorthBc:DFOCRP.KkHK0R2F-NML1.SM2M-3.20131011_102100Z.flac,"[{""call_type"":null,""call_type_name"":null,""review_status"":""reviewed"",""source"":""dclde_2027_DFO_CRP_NorthBc"",""species"":""Humpback whale"",""species_code"":""Mn"",""trainable"":true}]",species:Mn
dclde_DFO_CRP_NorthBc__DFOCRP.KkHK0R2F-NML1.SM2M-3.20131011_102100Z.flac_78.4s_78.7s_trainstyle,dclde_DFO_CRP_NorthBc__DFOCRP.KkHK0R2F-NML1.SM2M-3.20131011_102100Z.flac,DFOCRP.KkHK0R2F-NML1.SM2M-3.20131011_102100Z.flac,DFOCRP.KkHK0R2F-NML1.SM2M-3.20131011_102100Z.flac,78.415000,78.671000,78.415000,78.671000,78.415000,0.256000,dclde_DFO_CRP_NorthBc__DFOCRP.KkHK0R2F-NML1.SM2M-3.20131011_102100Z.flac_78.4s_78.7s_trainstyle.mat,mat_files/dclde_DFO_CRP_NorthBc__DFOCRP.KkHK0R2F-NML1.SM2M-3.20131011_102100Z.flac_78.4s_78.7s_trainstyle.mat,dclde_2027_DFO_CRP_NorthBc,143,DFO_CRP,NorthBc,DFOCRP.KkHK0R2F-NML1.SM2M-3.20131011_102100Z.flac,HW,species:Mn,species:Mn,Mn,,,NA,Detection,0,NA,812.5,1250,dclde/2027/dclde_2027_killer_whales/dfo_crp/audio/northbc/DFOCRP.KkHK0R2F-NML1.SM2M-3.20131011_102100Z.flac,gs://noaa-passive-bioacoustic/dclde/2027/dclde_2027_killer_whales/dfo_crp/audio/northbc/DFOCRP.KkHK0R2F-NML1.SM2M-3.20131011_102100Z.flac,https://storage.googleapis.com/noaa-passive-bioacoustic/dclde/2027/dclde_2027_killer_whales/dfo_crp/audio/northbc/DFOCRP.KkHK0R2F-NML1.SM2M-3.20131011_102100Z.flac,0,reviewed,Mn,Mn,,,,DFO_CRP:NorthBc:DFOCRP.KkHK0R2F-NML1.SM2M-3.20131011_102100Z.flac,"[{""call_type"":null,""call_type_name"":null,""review_status"":""reviewed"",""source"":""dclde_2027_DFO_CRP_NorthBc"",""species"":""Humpback whale"",""species_code"":""Mn"",""trainable"":true}]",species:Mn
dclde_DFO_CRP_NorthBc__DFOCRP.KkHK0R2F-NML1.SM2M-3.20131011_102100Z.flac_80.0s_80.3s_trainstyle,dclde_DFO_CRP_NorthBc__DFOCRP.KkHK0R2F-NML1.SM2M-3.20131011_102100Z.flac,DFOCRP.KkHK0R2F-NML1.SM2M-3.20131011_102100Z.flac,DFOCRP.KkHK0R2F-NML1.SM2M-3.20131011_102100Z.flac,80.031000,80.335000,80.031000,80.335000,80.031000,0.304000,dclde_DFO_CRP_NorthBc__DFOCRP.KkHK0R2F-NML1.SM2M-3.20131011_102100Z.flac_80.0s_80.3s_trainstyle.mat,mat_files/dclde_DFO_CRP_NorthBc__DFOCRP.KkHK0R2F-NML1.SM2M-3.20131011_102100Z.flac_80.0s_80.3s_trainstyle.mat,dclde_2027_DFO_CRP_NorthBc,144,DFO_CRP,NorthBc,DFOCRP.KkHK0R2F-NML1.SM2M-3.20131011_102100Z.flac,HW,species:Mn,species:Mn,Mn,,,NA,Detection,0,NA,843.75,1156.25,dclde/2027/dclde_2027_killer_whales/dfo_crp/audio/northbc/DFOCRP.KkHK0R2F-NML1.SM2M-3.20131011_102100Z.flac,gs://noaa-passive-bioacoustic/dclde/2027/dclde_2027_killer_whales/dfo_crp/audio/northbc/DFOCRP.KkHK0R2F-NML1.SM2M-3.20131011_102100Z.flac,https://storage.googleapis.com/noaa-passive-bioacoustic/dclde/2027/dclde_2027_killer_whales/dfo_crp/audio/northbc/DFOCRP.KkHK0R2F-NML1.SM2M-3.20131011_102100Z.flac,0,reviewed,Mn,Mn,,,,DFO_CRP:NorthBc:DFOCRP.KkHK0R2F-NML1.SM2M-3.20131011_102100Z.flac,"[{""call_type"":null,""call_type_name"":null,""review_status"":""reviewed"",""source"":""dclde_2027_DFO_CRP_NorthBc"",""species"":""Humpback whale"",""species_code"":""Mn"",""trainable"":true}]",species:Mn
dclde_DFO_CRP_NorthBc__DFOCRP.KkHK0R2F-NML1.SM2M-3.20131011_102100Z.flac_81.5s_81.8s_trainstyle,dclde_DFO_CRP_NorthBc__DFOCRP.KkHK0R2F-NML1.SM2M-3.20131011_102100Z.flac,DFOCRP.KkHK0R2F-NML1.SM2M-3.20131011_102100Z.flac,DFOCRP.KkHK0R2F-NML1.SM2M-3.20131011_102100Z.flac,81.503000,81.775000,81.503000,81.775000,81.503000,0.272000,dclde_DFO_CRP_NorthBc__DFOCRP.KkHK0R2F-NML1.SM2M-3.20131011_102100Z.flac_81.5s_81.8s_trainstyle.mat,mat_files/dclde_DFO_CRP_NorthBc__DFOCRP.KkHK0R2F-NML1.SM2M-3.20131011_102100Z.flac_81.5s_81.8s_trainstyle.mat,dclde_2027_DFO_CRP_NorthBc,145,DFO_CRP,NorthBc,DFOCRP.KkHK0R2F-NML1.SM2M-3.20131011_102100Z.flac,HW,species:Mn,species:Mn,Mn,,,NA,Detection,0,NA,1000,1218.75,dclde/2027/dclde_2027_killer_whales/dfo_crp/audio/northbc/DFOCRP.KkHK0R2F-NML1.SM2M-3.20131011_102100Z.flac,gs://noaa-passive-bioacoustic/dclde/2027/dclde_2027_killer_whales/dfo_crp/audio/northbc/DFOCRP.KkHK0R2F-NML1.SM2M-3.20131011_102100Z.flac,https://storage.googleapis.com/noaa-passive-bioacoustic/dclde/2027/dclde_2027_killer_whales/dfo_crp/audio/northbc/DFOCRP.KkHK0R2F-NML1.SM2M-3.20131011_102100Z.flac,0,reviewed,Mn,Mn,,,,DFO_CRP:NorthBc:DFOCRP.KkHK0R2F-NML1.SM2M-3.20131011_102100Z.flac,"[{""call_type"":null,""call_type_name"":null,""review_status"":""reviewed"",""source"":""dclde_2027_DFO_CRP_NorthBc"",""species"":""Humpback whale"",""species_code"":""Mn"",""trainable"":true}]",species:Mn
dclde_DFO_CRP_NorthBc__DFOCRP.KkHK0R2F-NML1.SM2M-3.20131011_102100Z.flac_82.9s_83.1s_trainstyle,dclde_DFO_CRP_NorthBc__DFOCRP.KkHK0R2F-NML1.SM2M-3.20131011_102100Z.flac,DFOCRP.KkHK0R2F-NML1.SM2M-3.20131011_102100Z.flac,DFOCRP.KkHK0R2F-NML1.SM2M-3.20131011_102100Z.flac,82.880000,83.136000,82.880000,83.136000,82.880000,0.256000,dclde_DFO_CRP_NorthBc__DFOCRP.KkHK0R2F-NML1.SM2M-3.20131011_102100Z.flac_82.9s_83.1s_trainstyle.mat,mat_files/dclde_DFO_CRP_NorthBc__DFOCRP.KkHK0R2F-NML1.SM2M-3.20131011_102100Z.flac_82.9s_83.1s_trainstyle.mat,dclde_2027_DFO_CRP_NorthBc,146,DFO_CRP,NorthBc,DFOCRP.KkHK0R2F-NML1.SM2M-3.20131011_102100Z.flac,HW,species:Mn,species:Mn,Mn,,,NA,Detection,0,NA,1593.75,1718.75,dclde/2027/dclde_2027_killer_whales/dfo_crp/audio/northbc/DFOCRP.KkHK0R2F-NML1.SM2M-3.20131011_102100Z.flac,gs://noaa-passive-bioacoustic/dclde/2027/dclde_2027_killer_whales/dfo_crp/audio/northbc/DFOCRP.KkHK0R2F-NML1.SM2M-3.20131011_102100Z.flac,https://storage.googleapis.com/noaa-passive-bioacoustic/dclde/2027/dclde_2027_killer_whales/dfo_crp/audio/northbc/DFOCRP.KkHK0R2F-NML1.SM2M-3.20131011_102100Z.flac,0,reviewed,Mn,Mn,,,,DFO_CRP:NorthBc:DFOCRP.KkHK0R2F-NML1.SM2M-3.20131011_102100Z.flac,"[{""call_type"":null,""call_type_name"":null,""review_status"":""reviewed"",""source"":""dclde_2027_DFO_CRP_NorthBc"",""species"":""Humpback whale"",""species_code"":""Mn"",""trainable"":true}]",species:Mn
dclde_DFO_CRP_NorthBc__DFOCRP.KkHK0R2F-NML1.SM2M-3.20131011_102100Z.flac_84.3s_84.8s_trainstyle,dclde_DFO_CRP_NorthBc__DFOCRP.KkHK0R2F-NML1.SM2M-3.20131011_102100Z.flac,DFOCRP.KkHK0R2F-NML1.SM2M-3.20131011_102100Z.flac,DFOCRP.KkHK0R2F-NML1.SM2M-3.20131011_102100Z.flac,84.303000,84.783000,84.303000,84.783000,84.303000,0.480000,dclde_DFO_CRP_NorthBc__DFOCRP.KkHK0R2F-NML1.SM2M-3.20131011_102100Z.flac_84.3s_84.8s_trainstyle.mat,mat_files/dclde_DFO_CRP_NorthBc__DFOCRP.KkHK0R2F-NML1.SM2M-3.20131011_102100Z.flac_84.3s_84.8s_trainstyle.mat,dclde_2027_DFO_CRP_NorthBc,147,DFO_CRP,NorthBc,DFOCRP.KkHK0R2F-NML1.SM2M-3.20131011_102100Z.flac,HW,species:Mn,species:Mn,Mn,,,NA,Detection,0,NA,906.25,1062.5,dclde/2027/dclde_2027_killer_whales/dfo_crp/audio/northbc/DFOCRP.KkHK0R2F-NML1.SM2M-3.20131011_102100Z.flac,gs://noaa-passive-bioacoustic/dclde/2027/dclde_2027_killer_whales/dfo_crp/audio/northbc/DFOCRP.KkHK0R2F-NML1.SM2M-3.20131011_102100Z.flac,https://storage.googleapis.com/noaa-passive-bioacoustic/dclde/2027/dclde_2027_killer_whales/dfo_crp/audio/northbc/DFOCRP.KkHK0R2F-NML1.SM2M-3.20131011_102100Z.flac,0,reviewed,Mn,Mn,,,,DFO_CRP:NorthBc:DFOCRP.KkHK0R2F-NML1.SM2M-3.20131011_102100Z.flac,"[{""call_type"":null,""call_type_name"":null,""review_status"":""reviewed"",""source"":""dclde_2027_DFO_CRP_NorthBc"",""species"":""Humpback whale"",""species_code"":""Mn"",""trainable"":true}]",species:Mn
dclde_DFO_CRP_NorthBc__DFOCRP.KkHK0R2F-NML1.SM2M-3.20131011_102100Z.flac_117.3s_118.2s_trainstyle,dclde_DFO_CRP_NorthBc__DFOCRP.KkHK0R2F-NML1.SM2M-3.20131011_102100Z.flac,DFOCRP.KkHK0R2F-NML1.SM2M-3.20131011_102100Z.flac,DFOCRP.KkHK0R2F-NML1.SM2M-3.20131011_102100Z.flac,117.296000,118.191000,117.296000,118.191000,117.296000,0.895000,dclde_DFO_CRP_NorthBc__DFOCRP.KkHK0R2F-NML1.SM2M-3.20131011_102100Z.flac_117.3s_118.2s_trainstyle.mat,mat_files/dclde_DFO_CRP_NorthBc__DFOCRP.KkHK0R2F-NML1.SM2M-3.20131011_102100Z.flac_117.3s_118.2s_trainstyle.mat,dclde_2027_DFO_CRP_NorthBc,148,DFO_CRP,NorthBc,DFOCRP.KkHK0R2F-NML1.SM2M-3.20131011_102100Z.flac,HW,species:Mn,species:Mn,Mn,,,NA,Detection,0,NA,1000,1218.75,dclde/2027/dclde_2027_killer_whales/dfo_crp/audio/northbc/DFOCRP.KkHK0R2F-NML1.SM2M-3.20131011_102100Z.flac,gs://noaa-passive-bioacoustic/dclde/2027/dclde_2027_killer_whales/dfo_crp/audio/northbc/DFOCRP.KkHK0R2F-NML1.SM2M-3.20131011_102100Z.flac,https://storage.googleapis.com/noaa-passive-bioacoustic/dclde/2027/dclde_2027_killer_whales/dfo_crp/audio/northbc/DFOCRP.KkHK0R2F-NML1.SM2M-3.20131011_102100Z.flac,0,reviewed,Mn,Mn,,,,DFO_CRP:NorthBc:DFOCRP.KkHK0R2F-NML1.SM2M-3.20131011_102100Z.flac,"[{""call_type"":null,""call_type_name"":null,""review_status"":""reviewed"",""source"":""dclde_2027_DFO_CRP_NorthBc"",""species"":""Humpback whale"",""species_code"":""Mn"",""trainable"":true}]",species:Mn
dclde_DFO_CRP_NorthBc__DFOCRP.KkHK0R2F-NML1.SM2M-3.20131011_102100Z.flac_118.5s_118.9s_trainstyle,dclde_DFO_CRP_NorthBc__DFOCRP.KkHK0R2F-NML1.SM2M-3.20131011_102100Z.flac,DFOCRP.KkHK0R2F-NML1.SM2M-3.20131011_102100Z.flac,DFOCRP.KkHK0R2F-NML1.SM2M-3.20131011_102100Z.flac,118.463000,118.863000,118.463000,118.863000,118.463000,0.400000,dclde_DFO_CRP_NorthBc__DFOCRP.KkHK0R2F-NML1.SM2M-3.20131011_102100Z.flac_118.5s_118.9s_trainstyle.mat,mat_files/dclde_DFO_CRP_NorthBc__DFOCRP.KkHK0R2F-NML1.SM2M-3.20131011_102100Z.flac_118.5s_118.9s_trainstyle.mat,dclde_2027_DFO_CRP_NorthBc,149,DFO_CRP,NorthBc,DFOCRP.KkHK0R2F-NML1.SM2M-3.20131011_102100Z.flac,HW,species:Mn,species:Mn,Mn,,,NA,Detection,0,NA,937.5,1156.25,dclde/2027/dclde_2027_killer_whales/dfo_crp/audio/northbc/DFOCRP.KkHK0R2F-NML1.SM2M-3.20131011_102100Z.flac,gs://noaa-passive-bioacoustic/dclde/2027/dclde_2027_killer_whales/dfo_crp/audio/northbc/DFOCRP.KkHK0R2F-NML1.SM2M-3.20131011_102100Z.flac,https://storage.googleapis.com/noaa-passive-bioacoustic/dclde/2027/dclde_2027_killer_whales/dfo_crp/audio/northbc/DFOCRP.KkHK0R2F-NML1.SM2M-3.20131011_102100Z.flac,0,reviewed,Mn,Mn,,,,DFO_CRP:NorthBc:DFOCRP.KkHK0R2F-NML1.SM2M-3.20131011_102100Z.flac,"[{""call_type"":null,""call_type_name"":null,""review_status"":""reviewed"",""source"":""dclde_2027_DFO_CRP_NorthBc"",""species"":""Humpback whale"",""species_code"":""Mn"",""trainable"":true}]",species:Mn
dclde_DFO_CRP_NorthBc__DFOCRP.KkHK0R2F-NML1.SM2M-3.20131011_102100Z.flac_120.5s_120.7s_trainstyle,dclde_DFO_CRP_NorthBc__DFOCRP.KkHK0R2F-NML1.SM2M-3.20131011_102100Z.flac,DFOCRP.KkHK0R2F-NML1.SM2M-3.20131011_102100Z.flac,DFOCRP.KkHK0R2F-NML1.SM2M-3.20131011_102100Z.flac,120.480000,120.736000,120.480000,120.736000,120.480000,0.256000,dclde_DFO_CRP_NorthBc__DFOCRP.KkHK0R2F-NML1.SM2M-3.20131011_102100Z.flac_120.5s_120.7s_trainstyle.mat,mat_files/dclde_DFO_CRP_NorthBc__DFOCRP.KkHK0R2F-NML1.SM2M-3.20131011_102100Z.flac_120.5s_120.7s_trainstyle.mat,dclde_2027_DFO_CRP_NorthBc,150,DFO_CRP,NorthBc,DFOCRP.KkHK0R2F-NML1.SM2M-3.20131011_102100Z.flac,HW,species:Mn,species:Mn,Mn,,,NA,Detection,0,NA,1375,1562.5,dclde/2027/dclde_2027_killer_whales/dfo_crp/audio/northbc/DFOCRP.KkHK0R2F-NML1.SM2M-3.20131011_102100Z.flac,gs://noaa-passive-bioacoustic/dclde/2027/dclde_2027_killer_whales/dfo_crp/audio/northbc/DFOCRP.KkHK0R2F-NML1.SM2M-3.20131011_102100Z.flac,https://storage.googleapis.com/noaa-passive-bioacoustic/dclde/2027/dclde_2027_killer_whales/dfo_crp/audio/northbc/DFOCRP.KkHK0R2F-NML1.SM2M-3.20131011_102100Z.flac,0,reviewed,Mn,Mn,,,,DFO_CRP:NorthBc:DFOCRP.KkHK0R2F-NML1.SM2M-3.20131011_102100Z.flac,"[{""call_type"":null,""call_type_name"":null,""review_status"":""reviewed"",""source"":""dclde_2027_DFO_CRP_NorthBc"",""species"":""Humpback whale"",""species_code"":""Mn"",""trainable"":true}]",species:Mn
dclde_DFO_CRP_NorthBc__DFOCRP.KkHK0R2F-NML1.SM2M-3.20131011_102100Z.flac_121.5s_121.8s_trainstyle,dclde_DFO_CRP_NorthBc__DFOCRP.KkHK0R2F-NML1.SM2M-3.20131011_102100Z.flac,DFOCRP.KkHK0R2F-NML1.SM2M-3.20131011_102100Z.flac,DFOCRP.KkHK0R2F-NML1.SM2M-3.20131011_102100Z.flac,121.455000,121.759000,121.455000,121.759000,121.455000,0.304000,dclde_DFO_CRP_NorthBc__DFOCRP.KkHK0R2F-NML1.SM2M-3.20131011_102100Z.flac_121.5s_121.8s_trainstyle.mat,mat_files/dclde_DFO_CRP_NorthBc__DFOCRP.KkHK0R2F-NML1.SM2M-3.20131011_102100Z.flac_121.5s_121.8s_trainstyle.mat,dclde_2027_DFO_CRP_NorthBc,151,DFO_CRP,NorthBc,DFOCRP.KkHK0R2F-NML1.SM2M-3.20131011_102100Z.flac,HW,species:Mn,species:Mn,Mn,,,NA,Detection,0,NA,968.75,1187.5,dclde/2027/dclde_2027_killer_whales/dfo_crp/audio/northbc/DFOCRP.KkHK0R2F-NML1.SM2M-3.20131011_102100Z.flac,gs://noaa-passive-bioacoustic/dclde/2027/dclde_2027_killer_whales/dfo_crp/audio/northbc/DFOCRP.KkHK0R2F-NML1.SM2M-3.20131011_102100Z.flac,https://storage.googleapis.com/noaa-passive-bioacoustic/dclde/2027/dclde_2027_killer_whales/dfo_crp/audio/northbc/DFOCRP.KkHK0R2F-NML1.SM2M-3.20131011_102100Z.flac,0,reviewed,Mn,Mn,,,,DFO_CRP:NorthBc:DFOCRP.KkHK0R2F-NML1.SM2M-3.20131011_102100Z.flac,"[{""call_type"":null,""call_type_name"":null,""review_status"":""reviewed"",""source"":""dclde_2027_DFO_CRP_NorthBc"",""species"":""Humpback whale"",""species_code"":""Mn"",""trainable"":true}]",species:Mn
dclde_DFO_CRP_NorthBc__DFOCRP.KkHK0R2F-NML1.SM2M-3.20131011_102100Z.flac_158.4s_158.7s_trainstyle,dclde_DFO_CRP_NorthBc__DFOCRP.KkHK0R2F-NML1.SM2M-3.20131011_102100Z.flac,DFOCRP.KkHK0R2F-NML1.SM2M-3.20131011_102100Z.flac,DFOCRP.KkHK0R2F-NML1.SM2M-3.20131011_102100Z.flac,158.351000,158.655000,158.351000,158.655000,158.351000,0.304000,dclde_DFO_CRP_NorthBc__DFOCRP.KkHK0R2F-NML1.SM2M-3.20131011_102100Z.flac_158.4s_158.7s_trainstyle.mat,mat_files/dclde_DFO_CRP_NorthBc__DFOCRP.KkHK0R2F-NML1.SM2M-3.20131011_102100Z.flac_158.4s_158.7s_trainstyle.mat,dclde_2027_DFO_CRP_NorthBc,152,DFO_CRP,NorthBc,DFOCRP.KkHK0R2F-NML1.SM2M-3.20131011_102100Z.flac,HW,species:Mn,species:Mn,Mn,,,NA,Detection,0,NA,781.25,1062.5,dclde/2027/dclde_2027_killer_whales/dfo_crp/audio/northbc/DFOCRP.KkHK0R2F-NML1.SM2M-3.20131011_102100Z.flac,gs://noaa-passive-bioacoustic/dclde/2027/dclde_2027_killer_whales/dfo_crp/audio/northbc/DFOCRP.KkHK0R2F-NML1.SM2M-3.20131011_102100Z.flac,https://storage.googleapis.com/noaa-passive-bioacoustic/dclde/2027/dclde_2027_killer_whales/dfo_crp/audio/northbc/DFOCRP.KkHK0R2F-NML1.SM2M-3.20131011_102100Z.flac,0,reviewed,Mn,Mn,,,,DFO_CRP:NorthBc:DFOCRP.KkHK0R2F-NML1.SM2M-3.20131011_102100Z.flac,"[{""call_type"":null,""call_type_name"":null,""review_status"":""reviewed"",""source"":""dclde_2027_DFO_CRP_NorthBc"",""species"":""Humpback whale"",""species_code"":""Mn"",""trainable"":true}]",species:Mn
dclde_DFO_CRP_NorthBc__DFOCRP.KkHK0R2F-NML1.SM2M-3.20131011_102100Z.flac_185.1s_185.4s_trainstyle,dclde_DFO_CRP_NorthBc__DFOCRP.KkHK0R2F-NML1.SM2M-3.20131011_102100Z.flac,DFOCRP.KkHK0R2F-NML1.SM2M-3.20131011_102100Z.flac,DFOCRP.KkHK0R2F-NML1.SM2M-3.20131011_102100Z.flac,185.072000,185.392000,185.072000,185.392000,185.072000,0.320000,dclde_DFO_CRP_NorthBc__DFOCRP.KkHK0R2F-NML1.SM2M-3.20131011_102100Z.flac_185.1s_185.4s_trainstyle.mat,mat_files/dclde_DFO_CRP_NorthBc__DFOCRP.KkHK0R2F-NML1.SM2M-3.20131011_102100Z.flac_185.1s_185.4s_trainstyle.mat,dclde_2027_DFO_CRP_NorthBc,153,DFO_CRP,NorthBc,DFOCRP.KkHK0R2F-NML1.SM2M-3.20131011_102100Z.flac,HW,species:Mn,species:Mn,Mn,,,NA,Detection,0,NA,843.75,1093.75,dclde/2027/dclde_2027_killer_whales/dfo_crp/audio/northbc/DFOCRP.KkHK0R2F-NML1.SM2M-3.20131011_102100Z.flac,gs://noaa-passive-bioacoustic/dclde/2027/dclde_2027_killer_whales/dfo_crp/audio/northbc/DFOCRP.KkHK0R2F-NML1.SM2M-3.20131011_102100Z.flac,https://storage.googleapis.com/noaa-passive-bioacoustic/dclde/2027/dclde_2027_killer_whales/dfo_crp/audio/northbc/DFOCRP.KkHK0R2F-NML1.SM2M-3.20131011_102100Z.flac,0,reviewed,Mn,Mn,,,,DFO_CRP:NorthBc:DFOCRP.KkHK0R2F-NML1.SM2M-3.20131011_102100Z.flac,"[{""call_type"":null,""call_type_name"":null,""review_status"":""reviewed"",""source"":""dclde_2027_DFO_CRP_NorthBc"",""species"":""Humpback whale"",""species_code"":""Mn"",""trainable"":true}]",species:Mn
dclde_DFO_CRP_NorthBc__DFOCRP.KkHK0R2F-NML1.SM2M-3.20131011_102100Z.flac_221.1s_221.4s_trainstyle,dclde_DFO_CRP_NorthBc__DFOCRP.KkHK0R2F-NML1.SM2M-3.20131011_102100Z.flac,DFOCRP.KkHK0R2F-NML1.SM2M-3.20131011_102100Z.flac,DFOCRP.KkHK0R2F-NML1.SM2M-3.20131011_102100Z.flac,221.072000,221.392000,221.072000,221.392000,221.072000,0.320000,dclde_DFO_CRP_NorthBc__DFOCRP.KkHK0R2F-NML1.SM2M-3.20131011_102100Z.flac_221.1s_221.4s_trainstyle.mat,mat_files/dclde_DFO_CRP_NorthBc__DFOCRP.KkHK0R2F-NML1.SM2M-3.20131011_102100Z.flac_221.1s_221.4s_trainstyle.mat,dclde_2027_DFO_CRP_NorthBc,154,DFO_CRP,NorthBc,DFOCRP.KkHK0R2F-NML1.SM2M-3.20131011_102100Z.flac,HW,species:Mn,species:Mn,Mn,,,NA,Detection,0,NA,781.25,1031.25,dclde/2027/dclde_2027_killer_whales/dfo_crp/audio/northbc/DFOCRP.KkHK0R2F-NML1.SM2M-3.20131011_102100Z.flac,gs://noaa-passive-bioacoustic/dclde/2027/dclde_2027_killer_whales/dfo_crp/audio/northbc/DFOCRP.KkHK0R2F-NML1.SM2M-3.20131011_102100Z.flac,https://storage.googleapis.com/noaa-passive-bioacoustic/dclde/2027/dclde_2027_killer_whales/dfo_crp/audio/northbc/DFOCRP.KkHK0R2F-NML1.SM2M-3.20131011_102100Z.flac,0,reviewed,Mn,Mn,,,,DFO_CRP:NorthBc:DFOCRP.KkHK0R2F-NML1.SM2M-3.20131011_102100Z.flac,"[{""call_type"":null,""call_type_name"":null,""review_status"":""reviewed"",""source"":""dclde_2027_DFO_CRP_NorthBc"",""species"":""Humpback whale"",""species_code"":""Mn"",""trainable"":true}]",species:Mn
dclde_DFO_CRP_NorthBc__DFOCRP.KkHK0R2F-NML1.SM2M-3.20131011_102100Z.flac_289.6s_290.4s_trainstyle,dclde_DFO_CRP_NorthBc__DFOCRP.KkHK0R2F-NML1.SM2M-3.20131011_102100Z.flac,DFOCRP.KkHK0R2F-NML1.SM2M-3.20131011_102100Z.flac,DFOCRP.KkHK0R2F-NML1.SM2M-3.20131011_102100Z.flac,289.584000,290.383000,289.584000,290.383000,289.584000,0.799000,dclde_DFO_CRP_NorthBc__DFOCRP.KkHK0R2F-NML1.SM2M-3.20131011_102100Z.flac_289.6s_290.4s_trainstyle.mat,mat_files/dclde_DFO_CRP_NorthBc__DFOCRP.KkHK0R2F-NML1.SM2M-3.20131011_102100Z.flac_289.6s_290.4s_trainstyle.mat,dclde_2027_DFO_CRP_NorthBc,155,DFO_CRP,NorthBc,DFOCRP.KkHK0R2F-NML1.SM2M-3.20131011_102100Z.flac,HW,species:Mn,species:Mn,Mn,,,NA,Detection,0,NA,781.25,937.5,dclde/2027/dclde_2027_killer_whales/dfo_crp/audio/northbc/DFOCRP.KkHK0R2F-NML1.SM2M-3.20131011_102100Z.flac,gs://noaa-passive-bioacoustic/dclde/2027/dclde_2027_killer_whales/dfo_crp/audio/northbc/DFOCRP.KkHK0R2F-NML1.SM2M-3.20131011_102100Z.flac,https://storage.googleapis.com/noaa-passive-bioacoustic/dclde/2027/dclde_2027_killer_whales/dfo_crp/audio/northbc/DFOCRP.KkHK0R2F-NML1.SM2M-3.20131011_102100Z.flac,0,reviewed,Mn,Mn,,,,DFO_CRP:NorthBc:DFOCRP.KkHK0R2F-NML1.SM2M-3.20131011_102100Z.flac,"[{""call_type"":null,""call_type_name"":null,""review_status"":""reviewed"",""source"":""dclde_2027_DFO_CRP_NorthBc"",""species"":""Humpback whale"",""species_code"":""Mn"",""trainable"":true}]",species:Mn
dclde_DFO_CRP_NorthBc__DFOCRP.KkHK0R2F-NML1.SM2M-3.20131011_103600Z.flac_4.9s_5.3s_trainstyle,dclde_DFO_CRP_NorthBc__DFOCRP.KkHK0R2F-NML1.SM2M-3.20131011_103600Z.flac,DFOCRP.KkHK0R2F-NML1.SM2M-3.20131011_103600Z.flac,DFOCRP.KkHK0R2F-NML1.SM2M-3.20131011_103600Z.flac,4.863000,5.311000,4.863000,5.311000,4.863000,0.448000,dclde_DFO_CRP_NorthBc__DFOCRP.KkHK0R2F-NML1.SM2M-3.20131011_103600Z.flac_4.9s_5.3s_trainstyle.mat,mat_files/dclde_DFO_CRP_NorthBc__DFOCRP.KkHK0R2F-NML1.SM2M-3.20131011_103600Z.flac_4.9s_5.3s_trainstyle.mat,dclde_2027_DFO_CRP_NorthBc,156,DFO_CRP,NorthBc,DFOCRP.KkHK0R2F-NML1.SM2M-3.20131011_103600Z.flac,HW,species:Mn,species:Mn,Mn,,,NA,Detection,0,NA,781.25,1156.25,dclde/2027/dclde_2027_killer_whales/dfo_crp/audio/northbc/DFOCRP.KkHK0R2F-NML1.SM2M-3.20131011_103600Z.flac,gs://noaa-passive-bioacoustic/dclde/2027/dclde_2027_killer_whales/dfo_crp/audio/northbc/DFOCRP.KkHK0R2F-NML1.SM2M-3.20131011_103600Z.flac,https://storage.googleapis.com/noaa-passive-bioacoustic/dclde/2027/dclde_2027_killer_whales/dfo_crp/audio/northbc/DFOCRP.KkHK0R2F-NML1.SM2M-3.20131011_103600Z.flac,0,reviewed,Mn,Mn,,,,DFO_CRP:NorthBc:DFOCRP.KkHK0R2F-NML1.SM2M-3.20131011_103600Z.flac,"[{""call_type"":null,""call_type_name"":null,""review_status"":""reviewed"",""source"":""dclde_2027_DFO_CRP_NorthBc"",""species"":""Humpback whale"",""species_code"":""Mn"",""trainable"":true}]",species:Mn
dclde_DFO_CRP_NorthBc__DFOCRP.KkHK0R2F-NML1.SM2M-3.20131011_103600Z.flac_134.2s_134.6s_trainstyle,dclde_DFO_CRP_NorthBc__DFOCRP.KkHK0R2F-NML1.SM2M-3.20131011_103600Z.flac,DFOCRP.KkHK0R2F-NML1.SM2M-3.20131011_103600Z.flac,DFOCRP.KkHK0R2F-NML1.SM2M-3.20131011_103600Z.flac,134.239000,134.607000,134.239000,134.607000,134.239000,0.368000,dclde_DFO_CRP_NorthBc__DFOCRP.KkHK0R2F-NML1.SM2M-3.20131011_103600Z.flac_134.2s_134.6s_trainstyle.mat,mat_files/dclde_DFO_CRP_NorthBc__DFOCRP.KkHK0R2F-NML1.SM2M-3.20131011_103600Z.flac_134.2s_134.6s_trainstyle.mat,dclde_2027_DFO_CRP_NorthBc,157,DFO_CRP,NorthBc,DFOCRP.KkHK0R2F-NML1.SM2M-3.20131011_103600Z.flac,HW,species:Mn,species:Mn,Mn,,,NA,Detection,0,NA,2250,2562.5,dclde/2027/dclde_2027_killer_whales/dfo_crp/audio/northbc/DFOCRP.KkHK0R2F-NML1.SM2M-3.20131011_103600Z.flac,gs://noaa-passive-bioacoustic/dclde/2027/dclde_2027_killer_whales/dfo_crp/audio/northbc/DFOCRP.KkHK0R2F-NML1.SM2M-3.20131011_103600Z.flac,https://storage.googleapis.com/noaa-passive-bioacoustic/dclde/2027/dclde_2027_killer_whales/dfo_crp/audio/northbc/DFOCRP.KkHK0R2F-NML1.SM2M-3.20131011_103600Z.flac,0,reviewed,Mn,Mn,,,,DFO_CRP:NorthBc:DFOCRP.KkHK0R2F-NML1.SM2M-3.20131011_103600Z.flac,"[{""call_type"":null,""call_type_name"":null,""review_status"":""reviewed"",""source"":""dclde_2027_DFO_CRP_NorthBc"",""species"":""Humpback whale"",""species_code"":""Mn"",""trainable"":true}]",species:Mn
dclde_DFO_CRP_NorthBc__DFOCRP.KkHK0R2F-NML1.SM2M-3.20131011_103600Z.flac_140.7s_141.7s_trainstyle,dclde_DFO_CRP_NorthBc__DFOCRP.KkHK0R2F-NML1.SM2M-3.20131011_103600Z.flac,DFOCRP.KkHK0R2F-NML1.SM2M-3.20131011_103600Z.flac,DFOCRP.KkHK0R2F-NML1.SM2M-3.20131011_103600Z.flac,140.703000,141.711000,140.703000,141.711000,140.703000,1.008000,dclde_DFO_CRP_NorthBc__DFOCRP.KkHK0R2F-NML1.SM2M-3.20131011_103600Z.flac_140.7s_141.7s_trainstyle.mat,mat_files/dclde_DFO_CRP_NorthBc__DFOCRP.KkHK0R2F-NML1.SM2M-3.20131011_103600Z.flac_140.7s_141.7s_trainstyle.mat,dclde_2027_DFO_CRP_NorthBc,158,DFO_CRP,NorthBc,DFOCRP.KkHK0R2F-NML1.SM2M-3.20131011_103600Z.flac,HW,species:Mn,species:Mn,Mn,,,NA,Detection,0,NA,781.25,1187.5,dclde/2027/dclde_2027_killer_whales/dfo_crp/audio/northbc/DFOCRP.KkHK0R2F-NML1.SM2M-3.20131011_103600Z.flac,gs://noaa-passive-bioacoustic/dclde/2027/dclde_2027_killer_whales/dfo_crp/audio/northbc/DFOCRP.KkHK0R2F-NML1.SM2M-3.20131011_103600Z.flac,https://storage.googleapis.com/noaa-passive-bioacoustic/dclde/2027/dclde_2027_killer_whales/dfo_crp/audio/northbc/DFOCRP.KkHK0R2F-NML1.SM2M-3.20131011_103600Z.flac,0,reviewed,Mn,Mn,,,,DFO_CRP:NorthBc:DFOCRP.KkHK0R2F-NML1.SM2M-3.20131011_103600Z.flac,"[{""call_type"":null,""call_type_name"":null,""review_status"":""reviewed"",""source"":""dclde_2027_DFO_CRP_NorthBc"",""species"":""Humpback whale"",""species_code"":""Mn"",""trainable"":true}]",species:Mn
dclde_DFO_CRP_NorthBc__DFOCRP.KkHK0R2F-NML1.SM2M-3.20131011_103600Z.flac_146.9s_147.2s_trainstyle,dclde_DFO_CRP_NorthBc__DFOCRP.KkHK0R2F-NML1.SM2M-3.20131011_103600Z.flac,DFOCRP.KkHK0R2F-NML1.SM2M-3.20131011_103600Z.flac,DFOCRP.KkHK0R2F-NML1.SM2M-3.20131011_103600Z.flac,146.880000,147.152000,146.880000,147.152000,146.880000,0.272000,dclde_DFO_CRP_NorthBc__DFOCRP.KkHK0R2F-NML1.SM2M-3.20131011_103600Z.flac_146.9s_147.2s_trainstyle.mat,mat_files/dclde_DFO_CRP_NorthBc__DFOCRP.KkHK0R2F-NML1.SM2M-3.20131011_103600Z.flac_146.9s_147.2s_trainstyle.mat,dclde_2027_DFO_CRP_NorthBc,159,DFO_CRP,NorthBc,DFOCRP.KkHK0R2F-NML1.SM2M-3.20131011_103600Z.flac,HW,species:Mn,species:Mn,Mn,,,NA,Detection,0,NA,968.75,1093.75,dclde/2027/dclde_2027_killer_whales/dfo_crp/audio/northbc/DFOCRP.KkHK0R2F-NML1.SM2M-3.20131011_103600Z.flac,gs://noaa-passive-bioacoustic/dclde/2027/dclde_2027_killer_whales/dfo_crp/audio/northbc/DFOCRP.KkHK0R2F-NML1.SM2M-3.20131011_103600Z.flac,https://storage.googleapis.com/noaa-passive-bioacoustic/dclde/2027/dclde_2027_killer_whales/dfo_crp/audio/northbc/DFOCRP.KkHK0R2F-NML1.SM2M-3.20131011_103600Z.flac,0,reviewed,Mn,Mn,,,,DFO_CRP:NorthBc:DFOCRP.KkHK0R2F-NML1.SM2M-3.20131011_103600Z.flac,"[{""call_type"":null,""call_type_name"":null,""review_status"":""reviewed"",""source"":""dclde_2027_DFO_CRP_NorthBc"",""species"":""Humpback whale"",""species_code"":""Mn"",""trainable"":true}]",species:Mn
dclde_DFO_CRP_NorthBc__DFOCRP.KkHK0R2F-NML1.SM2M-3.20131011_103600Z.flac_180.6s_180.9s_trainstyle,dclde_DFO_CRP_NorthBc__DFOCRP.KkHK0R2F-NML1.SM2M-3.20131011_103600Z.flac,DFOCRP.KkHK0R2F-NML1.SM2M-3.20131011_103600Z.flac,DFOCRP.KkHK0R2F-NML1.SM2M-3.20131011_103600Z.flac,180.592000,180.864000,180.592000,180.864000,180.592000,0.272000,dclde_DFO_CRP_NorthBc__DFOCRP.KkHK0R2F-NML1.SM2M-3.20131011_103600Z.flac_180.6s_180.9s_trainstyle.mat,mat_files/dclde_DFO_CRP_NorthBc__DFOCRP.KkHK0R2F-NML1.SM2M-3.20131011_103600Z.flac_180.6s_180.9s_trainstyle.mat,dclde_2027_DFO_CRP_NorthBc,160,DFO_CRP,NorthBc,DFOCRP.KkHK0R2F-NML1.SM2M-3.20131011_103600Z.flac,HW,species:Mn,species:Mn,Mn,,,NA,Detection,0,NA,781.25,1000,dclde/2027/dclde_2027_killer_whales/dfo_crp/audio/northbc/DFOCRP.KkHK0R2F-NML1.SM2M-3.20131011_103600Z.flac,gs://noaa-passive-bioacoustic/dclde/2027/dclde_2027_killer_whales/dfo_crp/audio/northbc/DFOCRP.KkHK0R2F-NML1.SM2M-3.20131011_103600Z.flac,https://storage.googleapis.com/noaa-passive-bioacoustic/dclde/2027/dclde_2027_killer_whales/dfo_crp/audio/northbc/DFOCRP.KkHK0R2F-NML1.SM2M-3.20131011_103600Z.flac,0,reviewed,Mn,Mn,,,,DFO_CRP:NorthBc:DFOCRP.KkHK0R2F-NML1.SM2M-3.20131011_103600Z.flac,"[{""call_type"":null,""call_type_name"":null,""review_status"":""reviewed"",""source"":""dclde_2027_DFO_CRP_NorthBc"",""species"":""Humpback whale"",""species_code"":""Mn"",""trainable"":true}]",species:Mn
dclde_DFO_CRP_NorthBc__DFOCRP.KkHK0R2F-NML1.SM2M-3.20131011_103600Z.flac_181.7s_182.2s_trainstyle,dclde_DFO_CRP_NorthBc__DFOCRP.KkHK0R2F-NML1.SM2M-3.20131011_103600Z.flac,DFOCRP.KkHK0R2F-NML1.SM2M-3.20131011_103600Z.flac,DFOCRP.KkHK0R2F-NML1.SM2M-3.20131011_103600Z.flac,181.711000,182.223000,181.711000,182.223000,181.711000,0.512000,dclde_DFO_CRP_NorthBc__DFOCRP.KkHK0R2F-NML1.SM2M-3.20131011_103600Z.flac_181.7s_182.2s_trainstyle.mat,mat_files/dclde_DFO_CRP_NorthBc__DFOCRP.KkHK0R2F-NML1.SM2M-3.20131011_103600Z.flac_181.7s_182.2s_trainstyle.mat,dclde_2027_DFO_CRP_NorthBc,161,DFO_CRP,NorthBc,DFOCRP.KkHK0R2F-NML1.SM2M-3.20131011_103600Z.flac,HW,species:Mn,species:Mn,Mn,,,NA,Detection,0,NA,781.25,1281.25,dclde/2027/dclde_2027_killer_whales/dfo_crp/audio/northbc/DFOCRP.KkHK0R2F-NML1.SM2M-3.20131011_103600Z.flac,gs://noaa-passive-bioacoustic/dclde/2027/dclde_2027_killer_whales/dfo_crp/audio/northbc/DFOCRP.KkHK0R2F-NML1.SM2M-3.20131011_103600Z.flac,https://storage.googleapis.com/noaa-passive-bioacoustic/dclde/2027/dclde_2027_killer_whales/dfo_crp/audio/northbc/DFOCRP.KkHK0R2F-NML1.SM2M-3.20131011_103600Z.flac,0,reviewed,Mn,Mn,,,,DFO_CRP:NorthBc:DFOCRP.KkHK0R2F-NML1.SM2M-3.20131011_103600Z.flac,"[{""call_type"":null,""call_type_name"":null,""review_status"":""reviewed"",""source"":""dclde_2027_DFO_CRP_NorthBc"",""species"":""Humpback whale"",""species_code"":""Mn"",""trainable"":true}]",species:Mn
dclde_DFO_CRP_NorthBc__DFOCRP.KkHK0R2F-NML1.SM2M-3.20131011_103600Z.flac_198.6s_199.2s_trainstyle,dclde_DFO_CRP_NorthBc__DFOCRP.KkHK0R2F-NML1.SM2M-3.20131011_103600Z.flac,DFOCRP.KkHK0R2F-NML1.SM2M-3.20131011_103600Z.flac,DFOCRP.KkHK0R2F-NML1.SM2M-3.20131011_103600Z.flac,198.639000,199.183000,198.639000,199.183000,198.639000,0.544000,dclde_DFO_CRP_NorthBc__DFOCRP.KkHK0R2F-NML1.SM2M-3.20131011_103600Z.flac_198.6s_199.2s_trainstyle.mat,mat_files/dclde_DFO_CRP_NorthBc__DFOCRP.KkHK0R2F-NML1.SM2M-3.20131011_103600Z.flac_198.6s_199.2s_trainstyle.mat,dclde_2027_DFO_CRP_NorthBc,162,DFO_CRP,NorthBc,DFOCRP.KkHK0R2F-NML1.SM2M-3.20131011_103600Z.flac,HW,species:Mn,species:Mn,Mn,,,NA,Detection,0,NA,812.5,1125,dclde/2027/dclde_2027_killer_whales/dfo_crp/audio/northbc/DFOCRP.KkHK0R2F-NML1.SM2M-3.20131011_103600Z.flac,gs://noaa-passive-bioacoustic/dclde/2027/dclde_2027_killer_whales/dfo_crp/audio/northbc/DFOCRP.KkHK0R2F-NML1.SM2M-3.20131011_103600Z.flac,https://storage.googleapis.com/noaa-passive-bioacoustic/dclde/2027/dclde_2027_killer_whales/dfo_crp/audio/northbc/DFOCRP.KkHK0R2F-NML1.SM2M-3.20131011_103600Z.flac,0,reviewed,Mn,Mn,,,,DFO_CRP:NorthBc:DFOCRP.KkHK0R2F-NML1.SM2M-3.20131011_103600Z.flac,"[{""call_type"":null,""call_type_name"":null,""review_status"":""reviewed"",""source"":""dclde_2027_DFO_CRP_NorthBc"",""species"":""Humpback whale"",""species_code"":""Mn"",""trainable"":true}]",species:Mn
dclde_DFO_CRP_NorthBc__DFOCRP.KkHK0R2F-NML1.SM2M-3.20131011_103600Z.flac_207.3s_207.8s_trainstyle,dclde_DFO_CRP_NorthBc__DFOCRP.KkHK0R2F-NML1.SM2M-3.20131011_103600Z.flac,DFOCRP.KkHK0R2F-NML1.SM2M-3.20131011_103600Z.flac,DFOCRP.KkHK0R2F-NML1.SM2M-3.20131011_103600Z.flac,207.311000,207.791000,207.311000,207.791000,207.311000,0.480000,dclde_DFO_CRP_NorthBc__DFOCRP.KkHK0R2F-NML1.SM2M-3.20131011_103600Z.flac_207.3s_207.8s_trainstyle.mat,mat_files/dclde_DFO_CRP_NorthBc__DFOCRP.KkHK0R2F-NML1.SM2M-3.20131011_103600Z.flac_207.3s_207.8s_trainstyle.mat,dclde_2027_DFO_CRP_NorthBc,163,DFO_CRP,NorthBc,DFOCRP.KkHK0R2F-NML1.SM2M-3.20131011_103600Z.flac,HW,species:Mn,species:Mn,Mn,,,NA,Detection,0,NA,781.25,1062.5,dclde/2027/dclde_2027_killer_whales/dfo_crp/audio/northbc/DFOCRP.KkHK0R2F-NML1.SM2M-3.20131011_103600Z.flac,gs://noaa-passive-bioacoustic/dclde/2027/dclde_2027_killer_whales/dfo_crp/audio/northbc/DFOCRP.KkHK0R2F-NML1.SM2M-3.20131011_103600Z.flac,https://storage.googleapis.com/noaa-passive-bioacoustic/dclde/2027/dclde_2027_killer_whales/dfo_crp/audio/northbc/DFOCRP.KkHK0R2F-NML1.SM2M-3.20131011_103600Z.flac,0,reviewed,Mn,Mn,,,,DFO_CRP:NorthBc:DFOCRP.KkHK0R2F-NML1.SM2M-3.20131011_103600Z.flac,"[{""call_type"":null,""call_type_name"":null,""review_status"":""reviewed"",""source"":""dclde_2027_DFO_CRP_NorthBc"",""species"":""Humpback whale"",""species_code"":""Mn"",""trainable"":true}]",species:Mn
dclde_DFO_CRP_NorthBc__DFOCRP.KkHK0R2F-NML1.SM2M-3.20131011_103600Z.flac_214.0s_214.4s_trainstyle,dclde_DFO_CRP_NorthBc__DFOCRP.KkHK0R2F-NML1.SM2M-3.20131011_103600Z.flac,DFOCRP.KkHK0R2F-NML1.SM2M-3.20131011_103600Z.flac,DFOCRP.KkHK0R2F-NML1.SM2M-3.20131011_103600Z.flac,214.015000,214.383000,214.015000,214.383000,214.015000,0.368000,dclde_DFO_CRP_NorthBc__DFOCRP.KkHK0R2F-NML1.SM2M-3.20131011_103600Z.flac_214.0s_214.4s_trainstyle.mat,mat_files/dclde_DFO_CRP_NorthBc__DFOCRP.KkHK0R2F-NML1.SM2M-3.20131011_103600Z.flac_214.0s_214.4s_trainstyle.mat,dclde_2027_DFO_CRP_NorthBc,164,DFO_CRP,NorthBc,DFOCRP.KkHK0R2F-NML1.SM2M-3.20131011_103600Z.flac,HW,species:Mn,species:Mn,Mn,,,NA,Detection,0,NA,781.25,937.5,dclde/2027/dclde_2027_killer_whales/dfo_crp/audio/northbc/DFOCRP.KkHK0R2F-NML1.SM2M-3.20131011_103600Z.flac,gs://noaa-passive-bioacoustic/dclde/2027/dclde_2027_killer_whales/dfo_crp/audio/northbc/DFOCRP.KkHK0R2F-NML1.SM2M-3.20131011_103600Z.flac,https://storage.googleapis.com/noaa-passive-bioacoustic/dclde/2027/dclde_2027_killer_whales/dfo_crp/audio/northbc/DFOCRP.KkHK0R2F-NML1.SM2M-3.20131011_103600Z.flac,0,reviewed,Mn,Mn,,,,DFO_CRP:NorthBc:DFOCRP.KkHK0R2F-NML1.SM2M-3.20131011_103600Z.flac,"[{""call_type"":null,""call_type_name"":null,""review_status"":""reviewed"",""source"":""dclde_2027_DFO_CRP_NorthBc"",""species"":""Humpback whale"",""species_code"":""Mn"",""trainable"":true}]",species:Mn
dclde_DFO_CRP_NorthBc__DFOCRP.KkHK0R2F-NML1.SM2M-3.20131011_103600Z.flac_217.1s_217.5s_trainstyle,dclde_DFO_CRP_NorthBc__DFOCRP.KkHK0R2F-NML1.SM2M-3.20131011_103600Z.flac,DFOCRP.KkHK0R2F-NML1.SM2M-3.20131011_103600Z.flac,DFOCRP.KkHK0R2F-NML1.SM2M-3.20131011_103600Z.flac,217.088000,217.456000,217.088000,217.456000,217.088000,0.368000,dclde_DFO_CRP_NorthBc__DFOCRP.KkHK0R2F-NML1.SM2M-3.20131011_103600Z.flac_217.1s_217.5s_trainstyle.mat,mat_files/dclde_DFO_CRP_NorthBc__DFOCRP.KkHK0R2F-NML1.SM2M-3.20131011_103600Z.flac_217.1s_217.5s_trainstyle.mat,dclde_2027_DFO_CRP_NorthBc,165,DFO_CRP,NorthBc,DFOCRP.KkHK0R2F-NML1.SM2M-3.20131011_103600Z.flac,HW,species:Mn,species:Mn,Mn,,,NA,Detection,0,NA,781.25,1250,dclde/2027/dclde_2027_killer_whales/dfo_crp/audio/northbc/DFOCRP.KkHK0R2F-NML1.SM2M-3.20131011_103600Z.flac,gs://noaa-passive-bioacoustic/dclde/2027/dclde_2027_killer_whales/dfo_crp/audio/northbc/DFOCRP.KkHK0R2F-NML1.SM2M-3.20131011_103600Z.flac,https://storage.googleapis.com/noaa-passive-bioacoustic/dclde/2027/dclde_2027_killer_whales/dfo_crp/audio/northbc/DFOCRP.KkHK0R2F-NML1.SM2M-3.20131011_103600Z.flac,0,reviewed,Mn,Mn,,,,DFO_CRP:NorthBc:DFOCRP.KkHK0R2F-NML1.SM2M-3.20131011_103600Z.flac,"[{""call_type"":null,""call_type_name"":null,""review_status"":""reviewed"",""source"":""dclde_2027_DFO_CRP_NorthBc"",""species"":""Humpback whale"",""species_code"":""Mn"",""trainable"":true}]",species:Mn
dclde_DFO_CRP_NorthBc__DFOCRP.KkHK0R2F-NML1.SM2M-3.20131011_103600Z.flac_218.5s_218.9s_trainstyle,dclde_DFO_CRP_NorthBc__DFOCRP.KkHK0R2F-NML1.SM2M-3.20131011_103600Z.flac,DFOCRP.KkHK0R2F-NML1.SM2M-3.20131011_103600Z.flac,DFOCRP.KkHK0R2F-NML1.SM2M-3.20131011_103600Z.flac,218.543000,218.911000,218.543000,218.911000,218.543000,0.368000,dclde_DFO_CRP_NorthBc__DFOCRP.KkHK0R2F-NML1.SM2M-3.20131011_103600Z.flac_218.5s_218.9s_trainstyle.mat,mat_files/dclde_DFO_CRP_NorthBc__DFOCRP.KkHK0R2F-NML1.SM2M-3.20131011_103600Z.flac_218.5s_218.9s_trainstyle.mat,dclde_2027_DFO_CRP_NorthBc,166,DFO_CRP,NorthBc,DFOCRP.KkHK0R2F-NML1.SM2M-3.20131011_103600Z.flac,HW,species:Mn,species:Mn,Mn,,,NA,Detection,0,NA,781.25,1125,dclde/2027/dclde_2027_killer_whales/dfo_crp/audio/northbc/DFOCRP.KkHK0R2F-NML1.SM2M-3.20131011_103600Z.flac,gs://noaa-passive-bioacoustic/dclde/2027/dclde_2027_killer_whales/dfo_crp/audio/northbc/DFOCRP.KkHK0R2F-NML1.SM2M-3.20131011_103600Z.flac,https://storage.googleapis.com/noaa-passive-bioacoustic/dclde/2027/dclde_2027_killer_whales/dfo_crp/audio/northbc/DFOCRP.KkHK0R2F-NML1.SM2M-3.20131011_103600Z.flac,0,reviewed,Mn,Mn,,,,DFO_CRP:NorthBc:DFOCRP.KkHK0R2F-NML1.SM2M-3.20131011_103600Z.flac,"[{""call_type"":null,""call_type_name"":null,""review_status"":""reviewed"",""source"":""dclde_2027_DFO_CRP_NorthBc"",""species"":""Humpback whale"",""species_code"":""Mn"",""trainable"":true}]",species:Mn
dclde_DFO_CRP_NorthBc__DFOCRP.KkHK0R2F-NML1.SM2M-3.20131011_103600Z.flac_220.1s_220.4s_trainstyle,dclde_DFO_CRP_NorthBc__DFOCRP.KkHK0R2F-NML1.SM2M-3.20131011_103600Z.flac,DFOCRP.KkHK0R2F-NML1.SM2M-3.20131011_103600Z.flac,DFOCRP.KkHK0R2F-NML1.SM2M-3.20131011_103600Z.flac,220.063000,220.351000,220.063000,220.351000,220.063000,0.288000,dclde_DFO_CRP_NorthBc__DFOCRP.KkHK0R2F-NML1.SM2M-3.20131011_103600Z.flac_220.1s_220.4s_trainstyle.mat,mat_files/dclde_DFO_CRP_NorthBc__DFOCRP.KkHK0R2F-NML1.SM2M-3.20131011_103600Z.flac_220.1s_220.4s_trainstyle.mat,dclde_2027_DFO_CRP_NorthBc,167,DFO_CRP,NorthBc,DFOCRP.KkHK0R2F-NML1.SM2M-3.20131011_103600Z.flac,HW,species:Mn,species:Mn,Mn,,,NA,Detection,0,NA,1343.75,1562.5,dclde/2027/dclde_2027_killer_whales/dfo_crp/audio/northbc/DFOCRP.KkHK0R2F-NML1.SM2M-3.20131011_103600Z.flac,gs://noaa-passive-bioacoustic/dclde/2027/dclde_2027_killer_whales/dfo_crp/audio/northbc/DFOCRP.KkHK0R2F-NML1.SM2M-3.20131011_103600Z.flac,https://storage.googleapis.com/noaa-passive-bioacoustic/dclde/2027/dclde_2027_killer_whales/dfo_crp/audio/northbc/DFOCRP.KkHK0R2F-NML1.SM2M-3.20131011_103600Z.flac,0,reviewed,Mn,Mn,,,,DFO_CRP:NorthBc:DFOCRP.KkHK0R2F-NML1.SM2M-3.20131011_103600Z.flac,"[{""call_type"":null,""call_type_name"":null,""review_status"":""reviewed"",""source"":""dclde_2027_DFO_CRP_NorthBc"",""species"":""Humpback whale"",""species_code"":""Mn"",""trainable"":true}]",species:Mn
dclde_DFO_CRP_NorthBc__DFOCRP.KkHK0R2F-NML1.SM2M-3.20131011_103600Z.flac_221.2s_221.6s_trainstyle,dclde_DFO_CRP_NorthBc__DFOCRP.KkHK0R2F-NML1.SM2M-3.20131011_103600Z.flac,DFOCRP.KkHK0R2F-NML1.SM2M-3.20131011_103600Z.flac,DFOCRP.KkHK0R2F-NML1.SM2M-3.20131011_103600Z.flac,221.215000,221.599000,221.215000,221.599000,221.215000,0.384000,dclde_DFO_CRP_NorthBc__DFOCRP.KkHK0R2F-NML1.SM2M-3.20131011_103600Z.flac_221.2s_221.6s_trainstyle.mat,mat_files/dclde_DFO_CRP_NorthBc__DFOCRP.KkHK0R2F-NML1.SM2M-3.20131011_103600Z.flac_221.2s_221.6s_trainstyle.mat,dclde_2027_DFO_CRP_NorthBc,168,DFO_CRP,NorthBc,DFOCRP.KkHK0R2F-NML1.SM2M-3.20131011_103600Z.flac,HW,species:Mn,species:Mn,Mn,,,NA,Detection,0,NA,1250,1468.75,dclde/2027/dclde_2027_killer_whales/dfo_crp/audio/northbc/DFOCRP.KkHK0R2F-NML1.SM2M-3.20131011_103600Z.flac,gs://noaa-passive-bioacoustic/dclde/2027/dclde_2027_killer_whales/dfo_crp/audio/northbc/DFOCRP.KkHK0R2F-NML1.SM2M-3.20131011_103600Z.flac,https://storage.googleapis.com/noaa-passive-bioacoustic/dclde/2027/dclde_2027_killer_whales/dfo_crp/audio/northbc/DFOCRP.KkHK0R2F-NML1.SM2M-3.20131011_103600Z.flac,0,reviewed,Mn,Mn,,,,DFO_CRP:NorthBc:DFOCRP.KkHK0R2F-NML1.SM2M-3.20131011_103600Z.flac,"[{""call_type"":null,""call_type_name"":null,""review_status"":""reviewed"",""source"":""dclde_2027_DFO_CRP_NorthBc"",""species"":""Humpback whale"",""species_code"":""Mn"",""trainable"":true}]",species:Mn
dclde_DFO_CRP_NorthBc__DFOCRP.KkHK0R2F-NML1.SM2M-3.20131011_103600Z.flac_257.7s_258.0s_trainstyle,dclde_DFO_CRP_NorthBc__DFOCRP.KkHK0R2F-NML1.SM2M-3.20131011_103600Z.flac,DFOCRP.KkHK0R2F-NML1.SM2M-3.20131011_103600Z.flac,DFOCRP.KkHK0R2F-NML1.SM2M-3.20131011_103600Z.flac,257.727000,258.047000,257.727000,258.047000,257.727000,0.320000,dclde_DFO_CRP_NorthBc__DFOCRP.KkHK0R2F-NML1.SM2M-3.20131011_103600Z.flac_257.7s_258.0s_trainstyle.mat,mat_files/dclde_DFO_CRP_NorthBc__DFOCRP.KkHK0R2F-NML1.SM2M-3.20131011_103600Z.flac_257.7s_258.0s_trainstyle.mat,dclde_2027_DFO_CRP_NorthBc,169,DFO_CRP,NorthBc,DFOCRP.KkHK0R2F-NML1.SM2M-3.20131011_103600Z.flac,HW,species:Mn,species:Mn,Mn,,,NA,Detection,0,NA,2312.5,2687.5,dclde/2027/dclde_2027_killer_whales/dfo_crp/audio/northbc/DFOCRP.KkHK0R2F-NML1.SM2M-3.20131011_103600Z.flac,gs://noaa-passive-bioacoustic/dclde/2027/dclde_2027_killer_whales/dfo_crp/audio/northbc/DFOCRP.KkHK0R2F-NML1.SM2M-3.20131011_103600Z.flac,https://storage.googleapis.com/noaa-passive-bioacoustic/dclde/2027/dclde_2027_killer_whales/dfo_crp/audio/northbc/DFOCRP.KkHK0R2F-NML1.SM2M-3.20131011_103600Z.flac,0,reviewed,Mn,Mn,,,,DFO_CRP:NorthBc:DFOCRP.KkHK0R2F-NML1.SM2M-3.20131011_103600Z.flac,"[{""call_type"":null,""call_type_name"":null,""review_status"":""reviewed"",""source"":""dclde_2027_DFO_CRP_NorthBc"",""species"":""Humpback whale"",""species_code"":""Mn"",""trainable"":true}]",species:Mn
dclde_DFO_CRP_NorthBc__DFOCRP.KkHK0R2F-NML1.SM2M-3.20131011_103600Z.flac_260.3s_260.6s_trainstyle,dclde_DFO_CRP_NorthBc__DFOCRP.KkHK0R2F-NML1.SM2M-3.20131011_103600Z.flac,DFOCRP.KkHK0R2F-NML1.SM2M-3.20131011_103600Z.flac,DFOCRP.KkHK0R2F-NML1.SM2M-3.20131011_103600Z.flac,260.272000,260.608000,260.272000,260.608000,260.272000,0.336000,dclde_DFO_CRP_NorthBc__DFOCRP.KkHK0R2F-NML1.SM2M-3.20131011_103600Z.flac_260.3s_260.6s_trainstyle.mat,mat_files/dclde_DFO_CRP_NorthBc__DFOCRP.KkHK0R2F-NML1.SM2M-3.20131011_103600Z.flac_260.3s_260.6s_trainstyle.mat,dclde_2027_DFO_CRP_NorthBc,170,DFO_CRP,NorthBc,DFOCRP.KkHK0R2F-NML1.SM2M-3.20131011_103600Z.flac,HW,species:Mn,species:Mn,Mn,,,NA,Detection,0,NA,843.75,1031.25,dclde/2027/dclde_2027_killer_whales/dfo_crp/audio/northbc/DFOCRP.KkHK0R2F-NML1.SM2M-3.20131011_103600Z.flac,gs://noaa-passive-bioacoustic/dclde/2027/dclde_2027_killer_whales/dfo_crp/audio/northbc/DFOCRP.KkHK0R2F-NML1.SM2M-3.20131011_103600Z.flac,https://storage.googleapis.com/noaa-passive-bioacoustic/dclde/2027/dclde_2027_killer_whales/dfo_crp/audio/northbc/DFOCRP.KkHK0R2F-NML1.SM2M-3.20131011_103600Z.flac,0,reviewed,Mn,Mn,,,,DFO_CRP:NorthBc:DFOCRP.KkHK0R2F-NML1.SM2M-3.20131011_103600Z.flac,"[{""call_type"":null,""call_type_name"":null,""review_status"":""reviewed"",""source"":""dclde_2027_DFO_CRP_NorthBc"",""species"":""Humpback whale"",""species_code"":""Mn"",""trainable"":true}]",species:Mn
dclde_DFO_CRP_NorthBc__DFOCRP.KkHK0R2F-NML1.SM2M-3.20131011_103600Z.flac_270.3s_270.6s_trainstyle,dclde_DFO_CRP_NorthBc__DFOCRP.KkHK0R2F-NML1.SM2M-3.20131011_103600Z.flac,DFOCRP.KkHK0R2F-NML1.SM2M-3.20131011_103600Z.flac,DFOCRP.KkHK0R2F-NML1.SM2M-3.20131011_103600Z.flac,270.303000,270.591000,270.303000,270.591000,270.303000,0.288000,dclde_DFO_CRP_NorthBc__DFOCRP.KkHK0R2F-NML1.SM2M-3.20131011_103600Z.flac_270.3s_270.6s_trainstyle.mat,mat_files/dclde_DFO_CRP_NorthBc__DFOCRP.KkHK0R2F-NML1.SM2M-3.20131011_103600Z.flac_270.3s_270.6s_trainstyle.mat,dclde_2027_DFO_CRP_NorthBc,171,DFO_CRP,NorthBc,DFOCRP.KkHK0R2F-NML1.SM2M-3.20131011_103600Z.flac,HW,species:Mn,species:Mn,Mn,,,NA,Detection,0,NA,968.75,1312.5,dclde/2027/dclde_2027_killer_whales/dfo_crp/audio/northbc/DFOCRP.KkHK0R2F-NML1.SM2M-3.20131011_103600Z.flac,gs://noaa-passive-bioacoustic/dclde/2027/dclde_2027_killer_whales/dfo_crp/audio/northbc/DFOCRP.KkHK0R2F-NML1.SM2M-3.20131011_103600Z.flac,https://storage.googleapis.com/noaa-passive-bioacoustic/dclde/2027/dclde_2027_killer_whales/dfo_crp/audio/northbc/DFOCRP.KkHK0R2F-NML1.SM2M-3.20131011_103600Z.flac,0,reviewed,Mn,Mn,,,,DFO_CRP:NorthBc:DFOCRP.KkHK0R2F-NML1.SM2M-3.20131011_103600Z.flac,"[{""call_type"":null,""call_type_name"":null,""review_status"":""reviewed"",""source"":""dclde_2027_DFO_CRP_NorthBc"",""species"":""Humpback whale"",""species_code"":""Mn"",""trainable"":true}]",species:Mn
dclde_DFO_CRP_NorthBc__DFOCRP.KkHK0R2F-NML1.SM2M-3.20131011_103600Z.flac_275.3s_275.8s_trainstyle,dclde_DFO_CRP_NorthBc__DFOCRP.KkHK0R2F-NML1.SM2M-3.20131011_103600Z.flac,DFOCRP.KkHK0R2F-NML1.SM2M-3.20131011_103600Z.flac,DFOCRP.KkHK0R2F-NML1.SM2M-3.20131011_103600Z.flac,275.343000,275.807000,275.343000,275.807000,275.343000,0.464000,dclde_DFO_CRP_NorthBc__DFOCRP.KkHK0R2F-NML1.SM2M-3.20131011_103600Z.flac_275.3s_275.8s_trainstyle.mat,mat_files/dclde_DFO_CRP_NorthBc__DFOCRP.KkHK0R2F-NML1.SM2M-3.20131011_103600Z.flac_275.3s_275.8s_trainstyle.mat,dclde_2027_DFO_CRP_NorthBc,172,DFO_CRP,NorthBc,DFOCRP.KkHK0R2F-NML1.SM2M-3.20131011_103600Z.flac,HW,species:Mn,species:Mn,Mn,,,NA,Detection,0,NA,843.75,1187.5,dclde/2027/dclde_2027_killer_whales/dfo_crp/audio/northbc/DFOCRP.KkHK0R2F-NML1.SM2M-3.20131011_103600Z.flac,gs://noaa-passive-bioacoustic/dclde/2027/dclde_2027_killer_whales/dfo_crp/audio/northbc/DFOCRP.KkHK0R2F-NML1.SM2M-3.20131011_103600Z.flac,https://storage.googleapis.com/noaa-passive-bioacoustic/dclde/2027/dclde_2027_killer_whales/dfo_crp/audio/northbc/DFOCRP.KkHK0R2F-NML1.SM2M-3.20131011_103600Z.flac,0,reviewed,Mn,Mn,,,,DFO_CRP:NorthBc:DFOCRP.KkHK0R2F-NML1.SM2M-3.20131011_103600Z.flac,"[{""call_type"":null,""call_type_name"":null,""review_status"":""reviewed"",""source"":""dclde_2027_DFO_CRP_NorthBc"",""species"":""Humpback whale"",""species_code"":""Mn"",""trainable"":true}]",species:Mn
dclde_DFO_CRP_NorthBc__DFOCRP.KkHK0R2F-NML1.SM2M-3.20131011_103600Z.flac_277.1s_277.4s_trainstyle,dclde_DFO_CRP_NorthBc__DFOCRP.KkHK0R2F-NML1.SM2M-3.20131011_103600Z.flac,DFOCRP.KkHK0R2F-NML1.SM2M-3.20131011_103600Z.flac,DFOCRP.KkHK0R2F-NML1.SM2M-3.20131011_103600Z.flac,277.088000,277.392000,277.088000,277.392000,277.088000,0.304000,dclde_DFO_CRP_NorthBc__DFOCRP.KkHK0R2F-NML1.SM2M-3.20131011_103600Z.flac_277.1s_277.4s_trainstyle.mat,mat_files/dclde_DFO_CRP_NorthBc__DFOCRP.KkHK0R2F-NML1.SM2M-3.20131011_103600Z.flac_277.1s_277.4s_trainstyle.mat,dclde_2027_DFO_CRP_NorthBc,173,DFO_CRP,NorthBc,DFOCRP.KkHK0R2F-NML1.SM2M-3.20131011_103600Z.flac,HW,species:Mn,species:Mn,Mn,,,NA,Detection,0,NA,1156.25,1406.25,dclde/2027/dclde_2027_killer_whales/dfo_crp/audio/northbc/DFOCRP.KkHK0R2F-NML1.SM2M-3.20131011_103600Z.flac,gs://noaa-passive-bioacoustic/dclde/2027/dclde_2027_killer_whales/dfo_crp/audio/northbc/DFOCRP.KkHK0R2F-NML1.SM2M-3.20131011_103600Z.flac,https://storage.googleapis.com/noaa-passive-bioacoustic/dclde/2027/dclde_2027_killer_whales/dfo_crp/audio/northbc/DFOCRP.KkHK0R2F-NML1.SM2M-3.20131011_103600Z.flac,0,reviewed,Mn,Mn,,,,DFO_CRP:NorthBc:DFOCRP.KkHK0R2F-NML1.SM2M-3.20131011_103600Z.flac,"[{""call_type"":null,""call_type_name"":null,""review_status"":""reviewed"",""source"":""dclde_2027_DFO_CRP_NorthBc"",""species"":""Humpback whale"",""species_code"":""Mn"",""trainable"":true}]",species:Mn
dclde_DFO_CRP_NorthBc__DFOCRP.KkHK0R2F-NML1.SM2M-3.20131011_103600Z.flac_285.6s_285.9s_trainstyle,dclde_DFO_CRP_NorthBc__DFOCRP.KkHK0R2F-NML1.SM2M-3.20131011_103600Z.flac,DFOCRP.KkHK0R2F-NML1.SM2M-3.20131011_103600Z.flac,DFOCRP.KkHK0R2F-NML1.SM2M-3.20131011_103600Z.flac,285.600000,285.888000,285.600000,285.888000,285.600000,0.288000,dclde_DFO_CRP_NorthBc__DFOCRP.KkHK0R2F-NML1.SM2M-3.20131011_103600Z.flac_285.6s_285.9s_trainstyle.mat,mat_files/dclde_DFO_CRP_NorthBc__DFOCRP.KkHK0R2F-NML1.SM2M-3.20131011_103600Z.flac_285.6s_285.9s_trainstyle.mat,dclde_2027_DFO_CRP_NorthBc,174,DFO_CRP,NorthBc,DFOCRP.KkHK0R2F-NML1.SM2M-3.20131011_103600Z.flac,HW,species:Mn,species:Mn,Mn,,,NA,Detection,0,NA,781.25,1062.5,dclde/2027/dclde_2027_killer_whales/dfo_crp/audio/northbc/DFOCRP.KkHK0R2F-NML1.SM2M-3.20131011_103600Z.flac,gs://noaa-passive-bioacoustic/dclde/2027/dclde_2027_killer_whales/dfo_crp/audio/northbc/DFOCRP.KkHK0R2F-NML1.SM2M-3.20131011_103600Z.flac,https://storage.googleapis.com/noaa-passive-bioacoustic/dclde/2027/dclde_2027_killer_whales/dfo_crp/audio/northbc/DFOCRP.KkHK0R2F-NML1.SM2M-3.20131011_103600Z.flac,0,reviewed,Mn,Mn,,,,DFO_CRP:NorthBc:DFOCRP.KkHK0R2F-NML1.SM2M-3.20131011_103600Z.flac,"[{""call_type"":null,""call_type_name"":null,""review_status"":""reviewed"",""source"":""dclde_2027_DFO_CRP_NorthBc"",""species"":""Humpback whale"",""species_code"":""Mn"",""trainable"":true}]",species:Mn
dclde_DFO_CRP_NorthBc__DFOCRP.KkHK0R2F-NML1.SM2M-3.20131011_103600Z.flac_288.0s_288.3s_trainstyle,dclde_DFO_CRP_NorthBc__DFOCRP.KkHK0R2F-NML1.SM2M-3.20131011_103600Z.flac,DFOCRP.KkHK0R2F-NML1.SM2M-3.20131011_103600Z.flac,DFOCRP.KkHK0R2F-NML1.SM2M-3.20131011_103600Z.flac,287.984000,288.256000,287.984000,288.256000,287.984000,0.272000,dclde_DFO_CRP_NorthBc__DFOCRP.KkHK0R2F-NML1.SM2M-3.20131011_103600Z.flac_288.0s_288.3s_trainstyle.mat,mat_files/dclde_DFO_CRP_NorthBc__DFOCRP.KkHK0R2F-NML1.SM2M-3.20131011_103600Z.flac_288.0s_288.3s_trainstyle.mat,dclde_2027_DFO_CRP_NorthBc,175,DFO_CRP,NorthBc,DFOCRP.KkHK0R2F-NML1.SM2M-3.20131011_103600Z.flac,HW,species:Mn,species:Mn,Mn,,,NA,Detection,0,NA,781.25,875,dclde/2027/dclde_2027_killer_whales/dfo_crp/audio/northbc/DFOCRP.KkHK0R2F-NML1.SM2M-3.20131011_103600Z.flac,gs://noaa-passive-bioacoustic/dclde/2027/dclde_2027_killer_whales/dfo_crp/audio/northbc/DFOCRP.KkHK0R2F-NML1.SM2M-3.20131011_103600Z.flac,https://storage.googleapis.com/noaa-passive-bioacoustic/dclde/2027/dclde_2027_killer_whales/dfo_crp/audio/northbc/DFOCRP.KkHK0R2F-NML1.SM2M-3.20131011_103600Z.flac,0,reviewed,Mn,Mn,,,,DFO_CRP:NorthBc:DFOCRP.KkHK0R2F-NML1.SM2M-3.20131011_103600Z.flac,"[{""call_type"":null,""call_type_name"":null,""review_status"":""reviewed"",""source"":""dclde_2027_DFO_CRP_NorthBc"",""species"":""Humpback whale"",""species_code"":""Mn"",""trainable"":true}]",species:Mn
dclde_DFO_CRP_NorthBc__DFOCRP.KkHK0R2F-NML1.SM2M-3.20131011_103600Z.flac_291.2s_291.5s_trainstyle,dclde_DFO_CRP_NorthBc__DFOCRP.KkHK0R2F-NML1.SM2M-3.20131011_103600Z.flac,DFOCRP.KkHK0R2F-NML1.SM2M-3.20131011_103600Z.flac,DFOCRP.KkHK0R2F-NML1.SM2M-3.20131011_103600Z.flac,291.200000,291.504000,291.200000,291.504000,291.200000,0.304000,dclde_DFO_CRP_NorthBc__DFOCRP.KkHK0R2F-NML1.SM2M-3.20131011_103600Z.flac_291.2s_291.5s_trainstyle.mat,mat_files/dclde_DFO_CRP_NorthBc__DFOCRP.KkHK0R2F-NML1.SM2M-3.20131011_103600Z.flac_291.2s_291.5s_trainstyle.mat,dclde_2027_DFO_CRP_NorthBc,176,DFO_CRP,NorthBc,DFOCRP.KkHK0R2F-NML1.SM2M-3.20131011_103600Z.flac,HW,species:Mn,species:Mn,Mn,,,NA,Detection,0,NA,812.5,1062.5,dclde/2027/dclde_2027_killer_whales/dfo_crp/audio/northbc/DFOCRP.KkHK0R2F-NML1.SM2M-3.20131011_103600Z.flac,gs://noaa-passive-bioacoustic/dclde/2027/dclde_2027_killer_whales/dfo_crp/audio/northbc/DFOCRP.KkHK0R2F-NML1.SM2M-3.20131011_103600Z.flac,https://storage.googleapis.com/noaa-passive-bioacoustic/dclde/2027/dclde_2027_killer_whales/dfo_crp/audio/northbc/DFOCRP.KkHK0R2F-NML1.SM2M-3.20131011_103600Z.flac,0,reviewed,Mn,Mn,,,,DFO_CRP:NorthBc:DFOCRP.KkHK0R2F-NML1.SM2M-3.20131011_103600Z.flac,"[{""call_type"":null,""call_type_name"":null,""review_status"":""reviewed"",""source"":""dclde_2027_DFO_CRP_NorthBc"",""species"":""Humpback whale"",""species_code"":""Mn"",""trainable"":true}]",species:Mn
dclde_DFO_CRP_NorthBc__DFOCRP.KkHK0R2F-NML1.SM2M-3.20131011_103600Z.flac_297.3s_297.6s_trainstyle,dclde_DFO_CRP_NorthBc__DFOCRP.KkHK0R2F-NML1.SM2M-3.20131011_103600Z.flac,DFOCRP.KkHK0R2F-NML1.SM2M-3.20131011_103600Z.flac,DFOCRP.KkHK0R2F-NML1.SM2M-3.20131011_103600Z.flac,297.280000,297.584000,297.280000,297.584000,297.280000,0.304000,dclde_DFO_CRP_NorthBc__DFOCRP.KkHK0R2F-NML1.SM2M-3.20131011_103600Z.flac_297.3s_297.6s_trainstyle.mat,mat_files/dclde_DFO_CRP_NorthBc__DFOCRP.KkHK0R2F-NML1.SM2M-3.20131011_103600Z.flac_297.3s_297.6s_trainstyle.mat,dclde_2027_DFO_CRP_NorthBc,177,DFO_CRP,NorthBc,DFOCRP.KkHK0R2F-NML1.SM2M-3.20131011_103600Z.flac,HW,species:Mn,species:Mn,Mn,,,NA,Detection,0,NA,2218.75,2687.5,dclde/2027/dclde_2027_killer_whales/dfo_crp/audio/northbc/DFOCRP.KkHK0R2F-NML1.SM2M-3.20131011_103600Z.flac,gs://noaa-passive-bioacoustic/dclde/2027/dclde_2027_killer_whales/dfo_crp/audio/northbc/DFOCRP.KkHK0R2F-NML1.SM2M-3.20131011_103600Z.flac,https://storage.googleapis.com/noaa-passive-bioacoustic/dclde/2027/dclde_2027_killer_whales/dfo_crp/audio/northbc/DFOCRP.KkHK0R2F-NML1.SM2M-3.20131011_103600Z.flac,0,reviewed,Mn,Mn,,,,DFO_CRP:NorthBc:DFOCRP.KkHK0R2F-NML1.SM2M-3.20131011_103600Z.flac,"[{""call_type"":null,""call_type_name"":null,""review_status"":""reviewed"",""source"":""dclde_2027_DFO_CRP_NorthBc"",""species"":""Humpback whale"",""species_code"":""Mn"",""trainable"":true}]",species:Mn
dclde_DFO_CRP_NorthBc__DFOCRP.KkHK0R2F-NML1.SM2M-3.20131011_105100Z.flac_18.3s_18.5s_trainstyle,dclde_DFO_CRP_NorthBc__DFOCRP.KkHK0R2F-NML1.SM2M-3.20131011_105100Z.flac,DFOCRP.KkHK0R2F-NML1.SM2M-3.20131011_105100Z.flac,DFOCRP.KkHK0R2F-NML1.SM2M-3.20131011_105100Z.flac,18.255000,18.543000,18.255000,18.543000,18.255000,0.288000,dclde_DFO_CRP_NorthBc__DFOCRP.KkHK0R2F-NML1.SM2M-3.20131011_105100Z.flac_18.3s_18.5s_trainstyle.mat,mat_files/dclde_DFO_CRP_NorthBc__DFOCRP.KkHK0R2F-NML1.SM2M-3.20131011_105100Z.flac_18.3s_18.5s_trainstyle.mat,dclde_2027_DFO_CRP_NorthBc,178,DFO_CRP,NorthBc,DFOCRP.KkHK0R2F-NML1.SM2M-3.20131011_105100Z.flac,HW,species:Mn,species:Mn,Mn,,,NA,Detection,0,NA,906.25,1031.25,dclde/2027/dclde_2027_killer_whales/dfo_crp/audio/northbc/DFOCRP.KkHK0R2F-NML1.SM2M-3.20131011_105100Z.flac,gs://noaa-passive-bioacoustic/dclde/2027/dclde_2027_killer_whales/dfo_crp/audio/northbc/DFOCRP.KkHK0R2F-NML1.SM2M-3.20131011_105100Z.flac,https://storage.googleapis.com/noaa-passive-bioacoustic/dclde/2027/dclde_2027_killer_whales/dfo_crp/audio/northbc/DFOCRP.KkHK0R2F-NML1.SM2M-3.20131011_105100Z.flac,0,reviewed,Mn,Mn,,,,DFO_CRP:NorthBc:DFOCRP.KkHK0R2F-NML1.SM2M-3.20131011_105100Z.flac,"[{""call_type"":null,""call_type_name"":null,""review_status"":""reviewed"",""source"":""dclde_2027_DFO_CRP_NorthBc"",""species"":""Humpback whale"",""species_code"":""Mn"",""trainable"":true}]",species:Mn
dclde_DFO_CRP_NorthBc__DFOCRP.KkHK0R2F-NML1.SM2M-3.20131011_105100Z.flac_21.2s_22.2s_trainstyle,dclde_DFO_CRP_NorthBc__DFOCRP.KkHK0R2F-NML1.SM2M-3.20131011_105100Z.flac,DFOCRP.KkHK0R2F-NML1.SM2M-3.20131011_105100Z.flac,DFOCRP.KkHK0R2F-NML1.SM2M-3.20131011_105100Z.flac,21.215000,22.207000,21.215000,22.207000,21.215000,0.992000,dclde_DFO_CRP_NorthBc__DFOCRP.KkHK0R2F-NML1.SM2M-3.20131011_105100Z.flac_21.2s_22.2s_trainstyle.mat,mat_files/dclde_DFO_CRP_NorthBc__DFOCRP.KkHK0R2F-NML1.SM2M-3.20131011_105100Z.flac_21.2s_22.2s_trainstyle.mat,dclde_2027_DFO_CRP_NorthBc,179,DFO_CRP,NorthBc,DFOCRP.KkHK0R2F-NML1.SM2M-3.20131011_105100Z.flac,HW,species:Mn,species:Mn,Mn,,,NA,Detection,0,NA,843.75,1218.75,dclde/2027/dclde_2027_killer_whales/dfo_crp/audio/northbc/DFOCRP.KkHK0R2F-NML1.SM2M-3.20131011_105100Z.flac,gs://noaa-passive-bioacoustic/dclde/2027/dclde_2027_killer_whales/dfo_crp/audio/northbc/DFOCRP.KkHK0R2F-NML1.SM2M-3.20131011_105100Z.flac,https://storage.googleapis.com/noaa-passive-bioacoustic/dclde/2027/dclde_2027_killer_whales/dfo_crp/audio/northbc/DFOCRP.KkHK0R2F-NML1.SM2M-3.20131011_105100Z.flac,0,reviewed,Mn,Mn,,,,DFO_CRP:NorthBc:DFOCRP.KkHK0R2F-NML1.SM2M-3.20131011_105100Z.flac,"[{""call_type"":null,""call_type_name"":null,""review_status"":""reviewed"",""source"":""dclde_2027_DFO_CRP_NorthBc"",""species"":""Humpback whale"",""species_code"":""Mn"",""trainable"":true}]",species:Mn
dclde_DFO_CRP_NorthBc__DFOCRP.KkHK0R2F-NML1.SM2M-3.20131011_105100Z.flac_38.7s_39.0s_trainstyle,dclde_DFO_CRP_NorthBc__DFOCRP.KkHK0R2F-NML1.SM2M-3.20131011_105100Z.flac,DFOCRP.KkHK0R2F-NML1.SM2M-3.20131011_105100Z.flac,DFOCRP.KkHK0R2F-NML1.SM2M-3.20131011_105100Z.flac,38.719000,39.023000,38.719000,39.023000,38.719000,0.304000,dclde_DFO_CRP_NorthBc__DFOCRP.KkHK0R2F-NML1.SM2M-3.20131011_105100Z.flac_38.7s_39.0s_trainstyle.mat,mat_files/dclde_DFO_CRP_NorthBc__DFOCRP.KkHK0R2F-NML1.SM2M-3.20131011_105100Z.flac_38.7s_39.0s_trainstyle.mat,dclde_2027_DFO_CRP_NorthBc,180,DFO_CRP,NorthBc,DFOCRP.KkHK0R2F-NML1.SM2M-3.20131011_105100Z.flac,HW,species:Mn,species:Mn,Mn,,,NA,Detection,0,NA,875,1281.25,dclde/2027/dclde_2027_killer_whales/dfo_crp/audio/northbc/DFOCRP.KkHK0R2F-NML1.SM2M-3.20131011_105100Z.flac,gs://noaa-passive-bioacoustic/dclde/2027/dclde_2027_killer_whales/dfo_crp/audio/northbc/DFOCRP.KkHK0R2F-NML1.SM2M-3.20131011_105100Z.flac,https://storage.googleapis.com/noaa-passive-bioacoustic/dclde/2027/dclde_2027_killer_whales/dfo_crp/audio/northbc/DFOCRP.KkHK0R2F-NML1.SM2M-3.20131011_105100Z.flac,0,reviewed,Mn,Mn,,,,DFO_CRP:NorthBc:DFOCRP.KkHK0R2F-NML1.SM2M-3.20131011_105100Z.flac,"[{""call_type"":null,""call_type_name"":null,""review_status"":""reviewed"",""source"":""dclde_2027_DFO_CRP_NorthBc"",""species"":""Humpback whale"",""species_code"":""Mn"",""trainable"":true}]",species:Mn
dclde_DFO_CRP_NorthBc__DFOCRP.KkHK0R2F-NML1.SM2M-3.20131011_105100Z.flac_40.4s_40.8s_trainstyle,dclde_DFO_CRP_NorthBc__DFOCRP.KkHK0R2F-NML1.SM2M-3.20131011_105100Z.flac,DFOCRP.KkHK0R2F-NML1.SM2M-3.20131011_105100Z.flac,DFOCRP.KkHK0R2F-NML1.SM2M-3.20131011_105100Z.flac,40.431000,40.751000,40.431000,40.751000,40.431000,0.320000,dclde_DFO_CRP_NorthBc__DFOCRP.KkHK0R2F-NML1.SM2M-3.20131011_105100Z.flac_40.4s_40.8s_trainstyle.mat,mat_files/dclde_DFO_CRP_NorthBc__DFOCRP.KkHK0R2F-NML1.SM2M-3.20131011_105100Z.flac_40.4s_40.8s_trainstyle.mat,dclde_2027_DFO_CRP_NorthBc,181,DFO_CRP,NorthBc,DFOCRP.KkHK0R2F-NML1.SM2M-3.20131011_105100Z.flac,HW,species:Mn,species:Mn,Mn,,,NA,Detection,0,NA,781.25,937.5,dclde/2027/dclde_2027_killer_whales/dfo_crp/audio/northbc/DFOCRP.KkHK0R2F-NML1.SM2M-3.20131011_105100Z.flac,gs://noaa-passive-bioacoustic/dclde/2027/dclde_2027_killer_whales/dfo_crp/audio/northbc/DFOCRP.KkHK0R2F-NML1.SM2M-3.20131011_105100Z.flac,https://storage.googleapis.com/noaa-passive-bioacoustic/dclde/2027/dclde_2027_killer_whales/dfo_crp/audio/northbc/DFOCRP.KkHK0R2F-NML1.SM2M-3.20131011_105100Z.flac,0,reviewed,Mn,Mn,,,,DFO_CRP:NorthBc:DFOCRP.KkHK0R2F-NML1.SM2M-3.20131011_105100Z.flac,"[{""call_type"":null,""call_type_name"":null,""review_status"":""reviewed"",""source"":""dclde_2027_DFO_CRP_NorthBc"",""species"":""Humpback whale"",""species_code"":""Mn"",""trainable"":true}]",species:Mn
dclde_DFO_CRP_NorthBc__DFOCRP.KkHK0R2F-NML1.SM2M-3.20131011_105100Z.flac_274.1s_274.5s_trainstyle,dclde_DFO_CRP_NorthBc__DFOCRP.KkHK0R2F-NML1.SM2M-3.20131011_105100Z.flac,DFOCRP.KkHK0R2F-NML1.SM2M-3.20131011_105100Z.flac,DFOCRP.KkHK0R2F-NML1.SM2M-3.20131011_105100Z.flac,274.127000,274.479000,274.127000,274.479000,274.127000,0.352000,dclde_DFO_CRP_NorthBc__DFOCRP.KkHK0R2F-NML1.SM2M-3.20131011_105100Z.flac_274.1s_274.5s_trainstyle.mat,mat_files/dclde_DFO_CRP_NorthBc__DFOCRP.KkHK0R2F-NML1.SM2M-3.20131011_105100Z.flac_274.1s_274.5s_trainstyle.mat,dclde_2027_DFO_CRP_NorthBc,182,DFO_CRP,NorthBc,DFOCRP.KkHK0R2F-NML1.SM2M-3.20131011_105100Z.flac,HW,species:Mn,species:Mn,Mn,,,NA,Detection,0,NA,906.25,1093.75,dclde/2027/dclde_2027_killer_whales/dfo_crp/audio/northbc/DFOCRP.KkHK0R2F-NML1.SM2M-3.20131011_105100Z.flac,gs://noaa-passive-bioacoustic/dclde/2027/dclde_2027_killer_whales/dfo_crp/audio/northbc/DFOCRP.KkHK0R2F-NML1.SM2M-3.20131011_105100Z.flac,https://storage.googleapis.com/noaa-passive-bioacoustic/dclde/2027/dclde_2027_killer_whales/dfo_crp/audio/northbc/DFOCRP.KkHK0R2F-NML1.SM2M-3.20131011_105100Z.flac,0,reviewed,Mn,Mn,,,,DFO_CRP:NorthBc:DFOCRP.KkHK0R2F-NML1.SM2M-3.20131011_105100Z.flac,"[{""call_type"":null,""call_type_name"":null,""review_status"":""reviewed"",""source"":""dclde_2027_DFO_CRP_NorthBc"",""species"":""Humpback whale"",""species_code"":""Mn"",""trainable"":true}]",species:Mn
dclde_DFO_CRP_NorthBc__DFOCRP.KkHK0R2F-NML1.SM2M-3.20131011_105100Z.flac_277.4s_277.7s_trainstyle,dclde_DFO_CRP_NorthBc__DFOCRP.KkHK0R2F-NML1.SM2M-3.20131011_105100Z.flac,DFOCRP.KkHK0R2F-NML1.SM2M-3.20131011_105100Z.flac,DFOCRP.KkHK0R2F-NML1.SM2M-3.20131011_105100Z.flac,277.407000,277.743000,277.407000,277.743000,277.407000,0.336000,dclde_DFO_CRP_NorthBc__DFOCRP.KkHK0R2F-NML1.SM2M-3.20131011_105100Z.flac_277.4s_277.7s_trainstyle.mat,mat_files/dclde_DFO_CRP_NorthBc__DFOCRP.KkHK0R2F-NML1.SM2M-3.20131011_105100Z.flac_277.4s_277.7s_trainstyle.mat,dclde_2027_DFO_CRP_NorthBc,183,DFO_CRP,NorthBc,DFOCRP.KkHK0R2F-NML1.SM2M-3.20131011_105100Z.flac,HW,species:Mn,species:Mn,Mn,,,NA,Detection,0,NA,1625,2187.5,dclde/2027/dclde_2027_killer_whales/dfo_crp/audio/northbc/DFOCRP.KkHK0R2F-NML1.SM2M-3.20131011_105100Z.flac,gs://noaa-passive-bioacoustic/dclde/2027/dclde_2027_killer_whales/dfo_crp/audio/northbc/DFOCRP.KkHK0R2F-NML1.SM2M-3.20131011_105100Z.flac,https://storage.googleapis.com/noaa-passive-bioacoustic/dclde/2027/dclde_2027_killer_whales/dfo_crp/audio/northbc/DFOCRP.KkHK0R2F-NML1.SM2M-3.20131011_105100Z.flac,0,reviewed,Mn,Mn,,,,DFO_CRP:NorthBc:DFOCRP.KkHK0R2F-NML1.SM2M-3.20131011_105100Z.flac,"[{""call_type"":null,""call_type_name"":null,""review_status"":""reviewed"",""source"":""dclde_2027_DFO_CRP_NorthBc"",""species"":""Humpback whale"",""species_code"":""Mn"",""trainable"":true}]",species:Mn
dclde_DFO_CRP_NorthBc__DFOCRP.KkHK0R2F-NML1.SM2M-3.20131011_105100Z.flac_279.3s_279.6s_trainstyle,dclde_DFO_CRP_NorthBc__DFOCRP.KkHK0R2F-NML1.SM2M-3.20131011_105100Z.flac,DFOCRP.KkHK0R2F-NML1.SM2M-3.20131011_105100Z.flac,DFOCRP.KkHK0R2F-NML1.SM2M-3.20131011_105100Z.flac,279.343000,279.615000,279.343000,279.615000,279.343000,0.272000,dclde_DFO_CRP_NorthBc__DFOCRP.KkHK0R2F-NML1.SM2M-3.20131011_105100Z.flac_279.3s_279.6s_trainstyle.mat,mat_files/dclde_DFO_CRP_NorthBc__DFOCRP.KkHK0R2F-NML1.SM2M-3.20131011_105100Z.flac_279.3s_279.6s_trainstyle.mat,dclde_2027_DFO_CRP_NorthBc,184,DFO_CRP,NorthBc,DFOCRP.KkHK0R2F-NML1.SM2M-3.20131011_105100Z.flac,HW,species:Mn,species:Mn,Mn,,,NA,Detection,0,NA,2250,2468.75,dclde/2027/dclde_2027_killer_whales/dfo_crp/audio/northbc/DFOCRP.KkHK0R2F-NML1.SM2M-3.20131011_105100Z.flac,gs://noaa-passive-bioacoustic/dclde/2027/dclde_2027_killer_whales/dfo_crp/audio/northbc/DFOCRP.KkHK0R2F-NML1.SM2M-3.20131011_105100Z.flac,https://storage.googleapis.com/noaa-passive-bioacoustic/dclde/2027/dclde_2027_killer_whales/dfo_crp/audio/northbc/DFOCRP.KkHK0R2F-NML1.SM2M-3.20131011_105100Z.flac,0,reviewed,Mn,Mn,,,,DFO_CRP:NorthBc:DFOCRP.KkHK0R2F-NML1.SM2M-3.20131011_105100Z.flac,"[{""call_type"":null,""call_type_name"":null,""review_status"":""reviewed"",""source"":""dclde_2027_DFO_CRP_NorthBc"",""species"":""Humpback whale"",""species_code"":""Mn"",""trainable"":true}]",species:Mn
dclde_DFO_CRP_NorthBc__DFOCRP.KkHK0R2F-NML1.SM2M-3.20131011_110600Z.flac_10.0s_10.4s_trainstyle,dclde_DFO_CRP_NorthBc__DFOCRP.KkHK0R2F-NML1.SM2M-3.20131011_110600Z.flac,DFOCRP.KkHK0R2F-NML1.SM2M-3.20131011_110600Z.flac,DFOCRP.KkHK0R2F-NML1.SM2M-3.20131011_110600Z.flac,10.000000,10.432000,10.000000,10.432000,10.000000,0.432000,dclde_DFO_CRP_NorthBc__DFOCRP.KkHK0R2F-NML1.SM2M-3.20131011_110600Z.flac_10.0s_10.4s_trainstyle.mat,mat_files/dclde_DFO_CRP_NorthBc__DFOCRP.KkHK0R2F-NML1.SM2M-3.20131011_110600Z.flac_10.0s_10.4s_trainstyle.mat,dclde_2027_DFO_CRP_NorthBc,185,DFO_CRP,NorthBc,DFOCRP.KkHK0R2F-NML1.SM2M-3.20131011_110600Z.flac,HW,species:Mn,species:Mn,Mn,,,NA,Detection,0,NA,875,1187.5,dclde/2027/dclde_2027_killer_whales/dfo_crp/audio/northbc/DFOCRP.KkHK0R2F-NML1.SM2M-3.20131011_110600Z.flac,gs://noaa-passive-bioacoustic/dclde/2027/dclde_2027_killer_whales/dfo_crp/audio/northbc/DFOCRP.KkHK0R2F-NML1.SM2M-3.20131011_110600Z.flac,https://storage.googleapis.com/noaa-passive-bioacoustic/dclde/2027/dclde_2027_killer_whales/dfo_crp/audio/northbc/DFOCRP.KkHK0R2F-NML1.SM2M-3.20131011_110600Z.flac,0,reviewed,Mn,Mn,,,,DFO_CRP:NorthBc:DFOCRP.KkHK0R2F-NML1.SM2M-3.20131011_110600Z.flac,"[{""call_type"":null,""call_type_name"":null,""review_status"":""reviewed"",""source"":""dclde_2027_DFO_CRP_NorthBc"",""species"":""Humpback whale"",""species_code"":""Mn"",""trainable"":true}]",species:Mn
dclde_DFO_CRP_NorthBc__DFOCRP.KkHK0R2F-NML1.SM2M-3.20131011_110600Z.flac_12.5s_13.2s_trainstyle,dclde_DFO_CRP_NorthBc__DFOCRP.KkHK0R2F-NML1.SM2M-3.20131011_110600Z.flac,DFOCRP.KkHK0R2F-NML1.SM2M-3.20131011_110600Z.flac,DFOCRP.KkHK0R2F-NML1.SM2M-3.20131011_110600Z.flac,12.480000,13.151000,12.480000,13.151000,12.480000,0.671000,dclde_DFO_CRP_NorthBc__DFOCRP.KkHK0R2F-NML1.SM2M-3.20131011_110600Z.flac_12.5s_13.2s_trainstyle.mat,mat_files/dclde_DFO_CRP_NorthBc__DFOCRP.KkHK0R2F-NML1.SM2M-3.20131011_110600Z.flac_12.5s_13.2s_trainstyle.mat,dclde_2027_DFO_CRP_NorthBc,186,DFO_CRP,NorthBc,DFOCRP.KkHK0R2F-NML1.SM2M-3.20131011_110600Z.flac,HW,species:Mn,species:Mn,Mn,,,NA,Detection,0,NA,2375,2843.75,dclde/2027/dclde_2027_killer_whales/dfo_crp/audio/northbc/DFOCRP.KkHK0R2F-NML1.SM2M-3.20131011_110600Z.flac,gs://noaa-passive-bioacoustic/dclde/2027/dclde_2027_killer_whales/dfo_crp/audio/northbc/DFOCRP.KkHK0R2F-NML1.SM2M-3.20131011_110600Z.flac,https://storage.googleapis.com/noaa-passive-bioacoustic/dclde/2027/dclde_2027_killer_whales/dfo_crp/audio/northbc/DFOCRP.KkHK0R2F-NML1.SM2M-3.20131011_110600Z.flac,0,reviewed,Mn,Mn,,,,DFO_CRP:NorthBc:DFOCRP.KkHK0R2F-NML1.SM2M-3.20131011_110600Z.flac,"[{""call_type"":null,""call_type_name"":null,""review_status"":""reviewed"",""source"":""dclde_2027_DFO_CRP_NorthBc"",""species"":""Humpback whale"",""species_code"":""Mn"",""trainable"":true}]",species:Mn
dclde_DFO_CRP_NorthBc__DFOCRP.KkHK0R2F-NML1.SM2M-3.20131011_110600Z.flac_19.0s_19.8s_trainstyle,dclde_DFO_CRP_NorthBc__DFOCRP.KkHK0R2F-NML1.SM2M-3.20131011_110600Z.flac,DFOCRP.KkHK0R2F-NML1.SM2M-3.20131011_110600Z.flac,DFOCRP.KkHK0R2F-NML1.SM2M-3.20131011_110600Z.flac,19.007000,19.759000,19.007000,19.759000,19.007000,0.752000,dclde_DFO_CRP_NorthBc__DFOCRP.KkHK0R2F-NML1.SM2M-3.20131011_110600Z.flac_19.0s_19.8s_trainstyle.mat,mat_files/dclde_DFO_CRP_NorthBc__DFOCRP.KkHK0R2F-NML1.SM2M-3.20131011_110600Z.flac_19.0s_19.8s_trainstyle.mat,dclde_2027_DFO_CRP_NorthBc,187,DFO_CRP,NorthBc,DFOCRP.KkHK0R2F-NML1.SM2M-3.20131011_110600Z.flac,HW,species:Mn,species:Mn,Mn,,,NA,Detection,0,NA,2781.25,3593.75,dclde/2027/dclde_2027_killer_whales/dfo_crp/audio/northbc/DFOCRP.KkHK0R2F-NML1.SM2M-3.20131011_110600Z.flac,gs://noaa-passive-bioacoustic/dclde/2027/dclde_2027_killer_whales/dfo_crp/audio/northbc/DFOCRP.KkHK0R2F-NML1.SM2M-3.20131011_110600Z.flac,https://storage.googleapis.com/noaa-passive-bioacoustic/dclde/2027/dclde_2027_killer_whales/dfo_crp/audio/northbc/DFOCRP.KkHK0R2F-NML1.SM2M-3.20131011_110600Z.flac,0,reviewed,Mn,Mn,,,,DFO_CRP:NorthBc:DFOCRP.KkHK0R2F-NML1.SM2M-3.20131011_110600Z.flac,"[{""call_type"":null,""call_type_name"":null,""review_status"":""reviewed"",""source"":""dclde_2027_DFO_CRP_NorthBc"",""species"":""Humpback whale"",""species_code"":""Mn"",""trainable"":true}]",species:Mn
dclde_DFO_CRP_NorthBc__DFOCRP.KkHK0R2F-NML1.SM2M-3.20131011_110600Z.flac_32.8s_33.5s_trainstyle,dclde_DFO_CRP_NorthBc__DFOCRP.KkHK0R2F-NML1.SM2M-3.20131011_110600Z.flac,DFOCRP.KkHK0R2F-NML1.SM2M-3.20131011_110600Z.flac,DFOCRP.KkHK0R2F-NML1.SM2M-3.20131011_110600Z.flac,32.800000,33.503000,32.800000,33.503000,32.800000,0.703000,dclde_DFO_CRP_NorthBc__DFOCRP.KkHK0R2F-NML1.SM2M-3.20131011_110600Z.flac_32.8s_33.5s_trainstyle.mat,mat_files/dclde_DFO_CRP_NorthBc__DFOCRP.KkHK0R2F-NML1.SM2M-3.20131011_110600Z.flac_32.8s_33.5s_trainstyle.mat,dclde_2027_DFO_CRP_NorthBc,188,DFO_CRP,NorthBc,DFOCRP.KkHK0R2F-NML1.SM2M-3.20131011_110600Z.flac,HW,species:Mn,species:Mn,Mn,,,NA,Detection,0,NA,968.75,1281.25,dclde/2027/dclde_2027_killer_whales/dfo_crp/audio/northbc/DFOCRP.KkHK0R2F-NML1.SM2M-3.20131011_110600Z.flac,gs://noaa-passive-bioacoustic/dclde/2027/dclde_2027_killer_whales/dfo_crp/audio/northbc/DFOCRP.KkHK0R2F-NML1.SM2M-3.20131011_110600Z.flac,https://storage.googleapis.com/noaa-passive-bioacoustic/dclde/2027/dclde_2027_killer_whales/dfo_crp/audio/northbc/DFOCRP.KkHK0R2F-NML1.SM2M-3.20131011_110600Z.flac,0,reviewed,Mn,Mn,,,,DFO_CRP:NorthBc:DFOCRP.KkHK0R2F-NML1.SM2M-3.20131011_110600Z.flac,"[{""call_type"":null,""call_type_name"":null,""review_status"":""reviewed"",""source"":""dclde_2027_DFO_CRP_NorthBc"",""species"":""Humpback whale"",""species_code"":""Mn"",""trainable"":true}]",species:Mn
dclde_DFO_CRP_NorthBc__DFOCRP.KkHK0R2F-NML1.SM2M-3.20131011_110600Z.flac_34.7s_35.1s_trainstyle,dclde_DFO_CRP_NorthBc__DFOCRP.KkHK0R2F-NML1.SM2M-3.20131011_110600Z.flac,DFOCRP.KkHK0R2F-NML1.SM2M-3.20131011_110600Z.flac,DFOCRP.KkHK0R2F-NML1.SM2M-3.20131011_110600Z.flac,34.719000,35.055000,34.719000,35.055000,34.719000,0.336000,dclde_DFO_CRP_NorthBc__DFOCRP.KkHK0R2F-NML1.SM2M-3.20131011_110600Z.flac_34.7s_35.1s_trainstyle.mat,mat_files/dclde_DFO_CRP_NorthBc__DFOCRP.KkHK0R2F-NML1.SM2M-3.20131011_110600Z.flac_34.7s_35.1s_trainstyle.mat,dclde_2027_DFO_CRP_NorthBc,189,DFO_CRP,NorthBc,DFOCRP.KkHK0R2F-NML1.SM2M-3.20131011_110600Z.flac,HW,species:Mn,species:Mn,Mn,,,NA,Detection,0,NA,3718.75,4062.5,dclde/2027/dclde_2027_killer_whales/dfo_crp/audio/northbc/DFOCRP.KkHK0R2F-NML1.SM2M-3.20131011_110600Z.flac,gs://noaa-passive-bioacoustic/dclde/2027/dclde_2027_killer_whales/dfo_crp/audio/northbc/DFOCRP.KkHK0R2F-NML1.SM2M-3.20131011_110600Z.flac,https://storage.googleapis.com/noaa-passive-bioacoustic/dclde/2027/dclde_2027_killer_whales/dfo_crp/audio/northbc/DFOCRP.KkHK0R2F-NML1.SM2M-3.20131011_110600Z.flac,0,reviewed,Mn,Mn,,,,DFO_CRP:NorthBc:DFOCRP.KkHK0R2F-NML1.SM2M-3.20131011_110600Z.flac,"[{""call_type"":null,""call_type_name"":null,""review_status"":""reviewed"",""source"":""dclde_2027_DFO_CRP_NorthBc"",""species"":""Humpback whale"",""species_code"":""Mn"",""trainable"":true}]",species:Mn
dclde_DFO_CRP_NorthBc__DFOCRP.KkHK0R2F-NML1.SM2M-3.20131011_110600Z.flac_57.3s_57.7s_trainstyle,dclde_DFO_CRP_NorthBc__DFOCRP.KkHK0R2F-NML1.SM2M-3.20131011_110600Z.flac,DFOCRP.KkHK0R2F-NML1.SM2M-3.20131011_110600Z.flac,DFOCRP.KkHK0R2F-NML1.SM2M-3.20131011_110600Z.flac,57.296000,57.728000,57.296000,57.728000,57.296000,0.432000,dclde_DFO_CRP_NorthBc__DFOCRP.KkHK0R2F-NML1.SM2M-3.20131011_110600Z.flac_57.3s_57.7s_trainstyle.mat,mat_files/dclde_DFO_CRP_NorthBc__DFOCRP.KkHK0R2F-NML1.SM2M-3.20131011_110600Z.flac_57.3s_57.7s_trainstyle.mat,dclde_2027_DFO_CRP_NorthBc,190,DFO_CRP,NorthBc,DFOCRP.KkHK0R2F-NML1.SM2M-3.20131011_110600Z.flac,HW,species:Mn,species:Mn,Mn,,,NA,Detection,0,NA,968.75,1187.5,dclde/2027/dclde_2027_killer_whales/dfo_crp/audio/northbc/DFOCRP.KkHK0R2F-NML1.SM2M-3.20131011_110600Z.flac,gs://noaa-passive-bioacoustic/dclde/2027/dclde_2027_killer_whales/dfo_crp/audio/northbc/DFOCRP.KkHK0R2F-NML1.SM2M-3.20131011_110600Z.flac,https://storage.googleapis.com/noaa-passive-bioacoustic/dclde/2027/dclde_2027_killer_whales/dfo_crp/audio/northbc/DFOCRP.KkHK0R2F-NML1.SM2M-3.20131011_110600Z.flac,0,reviewed,Mn,Mn,,,,DFO_CRP:NorthBc:DFOCRP.KkHK0R2F-NML1.SM2M-3.20131011_110600Z.flac,"[{""call_type"":null,""call_type_name"":null,""review_status"":""reviewed"",""source"":""dclde_2027_DFO_CRP_NorthBc"",""species"":""Humpback whale"",""species_code"":""Mn"",""trainable"":true}]",species:Mn
dclde_DFO_CRP_NorthBc__DFOCRP.KkHK0R2F-NML1.SM2M-3.20131011_110600Z.flac_116.8s_117.0s_trainstyle,dclde_DFO_CRP_NorthBc__DFOCRP.KkHK0R2F-NML1.SM2M-3.20131011_110600Z.flac,DFOCRP.KkHK0R2F-NML1.SM2M-3.20131011_110600Z.flac,DFOCRP.KkHK0R2F-NML1.SM2M-3.20131011_110600Z.flac,116.767000,117.023000,116.767000,117.023000,116.767000,0.256000,dclde_DFO_CRP_NorthBc__DFOCRP.KkHK0R2F-NML1.SM2M-3.20131011_110600Z.flac_116.8s_117.0s_trainstyle.mat,mat_files/dclde_DFO_CRP_NorthBc__DFOCRP.KkHK0R2F-NML1.SM2M-3.20131011_110600Z.flac_116.8s_117.0s_trainstyle.mat,dclde_2027_DFO_CRP_NorthBc,191,DFO_CRP,NorthBc,DFOCRP.KkHK0R2F-NML1.SM2M-3.20131011_110600Z.flac,HW,species:Mn,species:Mn,Mn,,,NA,Detection,0,NA,1218.75,1468.75,dclde/2027/dclde_2027_killer_whales/dfo_crp/audio/northbc/DFOCRP.KkHK0R2F-NML1.SM2M-3.20131011_110600Z.flac,gs://noaa-passive-bioacoustic/dclde/2027/dclde_2027_killer_whales/dfo_crp/audio/northbc/DFOCRP.KkHK0R2F-NML1.SM2M-3.20131011_110600Z.flac,https://storage.googleapis.com/noaa-passive-bioacoustic/dclde/2027/dclde_2027_killer_whales/dfo_crp/audio/northbc/DFOCRP.KkHK0R2F-NML1.SM2M-3.20131011_110600Z.flac,0,reviewed,Mn,Mn,,,,DFO_CRP:NorthBc:DFOCRP.KkHK0R2F-NML1.SM2M-3.20131011_110600Z.flac,"[{""call_type"":null,""call_type_name"":null,""review_status"":""reviewed"",""source"":""dclde_2027_DFO_CRP_NorthBc"",""species"":""Humpback whale"",""species_code"":""Mn"",""trainable"":true}]",species:Mn
dclde_DFO_CRP_NorthBc__DFOCRP.KkHK0R2F-NML1.SM2M-3.20131011_110600Z.flac_146.2s_146.7s_trainstyle,dclde_DFO_CRP_NorthBc__DFOCRP.KkHK0R2F-NML1.SM2M-3.20131011_110600Z.flac,DFOCRP.KkHK0R2F-NML1.SM2M-3.20131011_110600Z.flac,DFOCRP.KkHK0R2F-NML1.SM2M-3.20131011_110600Z.flac,146.239000,146.703000,146.239000,146.703000,146.239000,0.464000,dclde_DFO_CRP_NorthBc__DFOCRP.KkHK0R2F-NML1.SM2M-3.20131011_110600Z.flac_146.2s_146.7s_trainstyle.mat,mat_files/dclde_DFO_CRP_NorthBc__DFOCRP.KkHK0R2F-NML1.SM2M-3.20131011_110600Z.flac_146.2s_146.7s_trainstyle.mat,dclde_2027_DFO_CRP_NorthBc,192,DFO_CRP,NorthBc,DFOCRP.KkHK0R2F-NML1.SM2M-3.20131011_110600Z.flac,HW,species:Mn,species:Mn,Mn,,,NA,Detection,0,NA,781.25,1031.25,dclde/2027/dclde_2027_killer_whales/dfo_crp/audio/northbc/DFOCRP.KkHK0R2F-NML1.SM2M-3.20131011_110600Z.flac,gs://noaa-passive-bioacoustic/dclde/2027/dclde_2027_killer_whales/dfo_crp/audio/northbc/DFOCRP.KkHK0R2F-NML1.SM2M-3.20131011_110600Z.flac,https://storage.googleapis.com/noaa-passive-bioacoustic/dclde/2027/dclde_2027_killer_whales/dfo_crp/audio/northbc/DFOCRP.KkHK0R2F-NML1.SM2M-3.20131011_110600Z.flac,0,reviewed,Mn,Mn,,,,DFO_CRP:NorthBc:DFOCRP.KkHK0R2F-NML1.SM2M-3.20131011_110600Z.flac,"[{""call_type"":null,""call_type_name"":null,""review_status"":""reviewed"",""source"":""dclde_2027_DFO_CRP_NorthBc"",""species"":""Humpback whale"",""species_code"":""Mn"",""trainable"":true}]",species:Mn
dclde_DFO_CRP_NorthBc__DFOCRP.KkHK0R2F-NML1.SM2M-3.20131011_110600Z.flac_190.1s_190.5s_trainstyle,dclde_DFO_CRP_NorthBc__DFOCRP.KkHK0R2F-NML1.SM2M-3.20131011_110600Z.flac,DFOCRP.KkHK0R2F-NML1.SM2M-3.20131011_110600Z.flac,DFOCRP.KkHK0R2F-NML1.SM2M-3.20131011_110600Z.flac,190.127000,190.463000,190.127000,190.463000,190.127000,0.336000,dclde_DFO_CRP_NorthBc__DFOCRP.KkHK0R2F-NML1.SM2M-3.20131011_110600Z.flac_190.1s_190.5s_trainstyle.mat,mat_files/dclde_DFO_CRP_NorthBc__DFOCRP.KkHK0R2F-NML1.SM2M-3.20131011_110600Z.flac_190.1s_190.5s_trainstyle.mat,dclde_2027_DFO_CRP_NorthBc,193,DFO_CRP,NorthBc,DFOCRP.KkHK0R2F-NML1.SM2M-3.20131011_110600Z.flac,HW,species:Mn,species:Mn,Mn,,,NA,Detection,0,NA,1062.5,1437.5,dclde/2027/dclde_2027_killer_whales/dfo_crp/audio/northbc/DFOCRP.KkHK0R2F-NML1.SM2M-3.20131011_110600Z.flac,gs://noaa-passive-bioacoustic/dclde/2027/dclde_2027_killer_whales/dfo_crp/audio/northbc/DFOCRP.KkHK0R2F-NML1.SM2M-3.20131011_110600Z.flac,https://storage.googleapis.com/noaa-passive-bioacoustic/dclde/2027/dclde_2027_killer_whales/dfo_crp/audio/northbc/DFOCRP.KkHK0R2F-NML1.SM2M-3.20131011_110600Z.flac,0,reviewed,Mn,Mn,,,,DFO_CRP:NorthBc:DFOCRP.KkHK0R2F-NML1.SM2M-3.20131011_110600Z.flac,"[{""call_type"":null,""call_type_name"":null,""review_status"":""reviewed"",""source"":""dclde_2027_DFO_CRP_NorthBc"",""species"":""Humpback whale"",""species_code"":""Mn"",""trainable"":true}]",species:Mn
dclde_DFO_CRP_NorthBc__DFOCRP.KkHK0R2F-NML1.SM2M-3.20131011_110600Z.flac_208.5s_210.0s_trainstyle,dclde_DFO_CRP_NorthBc__DFOCRP.KkHK0R2F-NML1.SM2M-3.20131011_110600Z.flac,DFOCRP.KkHK0R2F-NML1.SM2M-3.20131011_110600Z.flac,DFOCRP.KkHK0R2F-NML1.SM2M-3.20131011_110600Z.flac,208.543000,209.983000,208.543000,209.983000,208.543000,1.440000,dclde_DFO_CRP_NorthBc__DFOCRP.KkHK0R2F-NML1.SM2M-3.20131011_110600Z.flac_208.5s_210.0s_trainstyle.mat,mat_files/dclde_DFO_CRP_NorthBc__DFOCRP.KkHK0R2F-NML1.SM2M-3.20131011_110600Z.flac_208.5s_210.0s_trainstyle.mat,dclde_2027_DFO_CRP_NorthBc,194,DFO_CRP,NorthBc,DFOCRP.KkHK0R2F-NML1.SM2M-3.20131011_110600Z.flac,HW,species:Mn,species:Mn,Mn,,,NA,Detection,0,NA,1062.5,1437.5,dclde/2027/dclde_2027_killer_whales/dfo_crp/audio/northbc/DFOCRP.KkHK0R2F-NML1.SM2M-3.20131011_110600Z.flac,gs://noaa-passive-bioacoustic/dclde/2027/dclde_2027_killer_whales/dfo_crp/audio/northbc/DFOCRP.KkHK0R2F-NML1.SM2M-3.20131011_110600Z.flac,https://storage.googleapis.com/noaa-passive-bioacoustic/dclde/2027/dclde_2027_killer_whales/dfo_crp/audio/northbc/DFOCRP.KkHK0R2F-NML1.SM2M-3.20131011_110600Z.flac,0,reviewed,Mn,Mn,,,,DFO_CRP:NorthBc:DFOCRP.KkHK0R2F-NML1.SM2M-3.20131011_110600Z.flac,"[{""call_type"":null,""call_type_name"":null,""review_status"":""reviewed"",""source"":""dclde_2027_DFO_CRP_NorthBc"",""species"":""Humpback whale"",""species_code"":""Mn"",""trainable"":true}]",species:Mn
dclde_DFO_CRP_NorthBc__DFOCRP.KkHK0R2F-NML1.SM2M-3.20131011_110600Z.flac_236.8s_237.4s_trainstyle,dclde_DFO_CRP_NorthBc__DFOCRP.KkHK0R2F-NML1.SM2M-3.20131011_110600Z.flac,DFOCRP.KkHK0R2F-NML1.SM2M-3.20131011_110600Z.flac,DFOCRP.KkHK0R2F-NML1.SM2M-3.20131011_110600Z.flac,236.800000,237.440000,236.800000,237.440000,236.800000,0.640000,dclde_DFO_CRP_NorthBc__DFOCRP.KkHK0R2F-NML1.SM2M-3.20131011_110600Z.flac_236.8s_237.4s_trainstyle.mat,mat_files/dclde_DFO_CRP_NorthBc__DFOCRP.KkHK0R2F-NML1.SM2M-3.20131011_110600Z.flac_236.8s_237.4s_trainstyle.mat,dclde_2027_DFO_CRP_NorthBc,195,DFO_CRP,NorthBc,DFOCRP.KkHK0R2F-NML1.SM2M-3.20131011_110600Z.flac,HW,species:Mn,species:Mn,Mn,,,NA,Detection,0,NA,1125,1343.75,dclde/2027/dclde_2027_killer_whales/dfo_crp/audio/northbc/DFOCRP.KkHK0R2F-NML1.SM2M-3.20131011_110600Z.flac,gs://noaa-passive-bioacoustic/dclde/2027/dclde_2027_killer_whales/dfo_crp/audio/northbc/DFOCRP.KkHK0R2F-NML1.SM2M-3.20131011_110600Z.flac,https://storage.googleapis.com/noaa-passive-bioacoustic/dclde/2027/dclde_2027_killer_whales/dfo_crp/audio/northbc/DFOCRP.KkHK0R2F-NML1.SM2M-3.20131011_110600Z.flac,0,reviewed,Mn,Mn,,,,DFO_CRP:NorthBc:DFOCRP.KkHK0R2F-NML1.SM2M-3.20131011_110600Z.flac,"[{""call_type"":null,""call_type_name"":null,""review_status"":""reviewed"",""source"":""dclde_2027_DFO_CRP_NorthBc"",""species"":""Humpback whale"",""species_code"":""Mn"",""trainable"":true}]",species:Mn
dclde_DFO_CRP_NorthBc__DFOCRP.KkHK0R2F-NML1.SM2M-3.20131011_110600Z.flac_254.9s_255.2s_trainstyle,dclde_DFO_CRP_NorthBc__DFOCRP.KkHK0R2F-NML1.SM2M-3.20131011_110600Z.flac,DFOCRP.KkHK0R2F-NML1.SM2M-3.20131011_110600Z.flac,DFOCRP.KkHK0R2F-NML1.SM2M-3.20131011_110600Z.flac,254.911000,255.183000,254.911000,255.183000,254.911000,0.272000,dclde_DFO_CRP_NorthBc__DFOCRP.KkHK0R2F-NML1.SM2M-3.20131011_110600Z.flac_254.9s_255.2s_trainstyle.mat,mat_files/dclde_DFO_CRP_NorthBc__DFOCRP.KkHK0R2F-NML1.SM2M-3.20131011_110600Z.flac_254.9s_255.2s_trainstyle.mat,dclde_2027_DFO_CRP_NorthBc,196,DFO_CRP,NorthBc,DFOCRP.KkHK0R2F-NML1.SM2M-3.20131011_110600Z.flac,HW,species:Mn,species:Mn,Mn,,,NA,Detection,0,NA,1562.5,1750,dclde/2027/dclde_2027_killer_whales/dfo_crp/audio/northbc/DFOCRP.KkHK0R2F-NML1.SM2M-3.20131011_110600Z.flac,gs://noaa-passive-bioacoustic/dclde/2027/dclde_2027_killer_whales/dfo_crp/audio/northbc/DFOCRP.KkHK0R2F-NML1.SM2M-3.20131011_110600Z.flac,https://storage.googleapis.com/noaa-passive-bioacoustic/dclde/2027/dclde_2027_killer_whales/dfo_crp/audio/northbc/DFOCRP.KkHK0R2F-NML1.SM2M-3.20131011_110600Z.flac,0,reviewed,Mn,Mn,,,,DFO_CRP:NorthBc:DFOCRP.KkHK0R2F-NML1.SM2M-3.20131011_110600Z.flac,"[{""call_type"":null,""call_type_name"":null,""review_status"":""reviewed"",""source"":""dclde_2027_DFO_CRP_NorthBc"",""species"":""Humpback whale"",""species_code"":""Mn"",""trainable"":true}]",species:Mn
dclde_DFO_CRP_NorthBc__DFOCRP.KkHK0R2F-NML1.SM2M-3.20131011_110600Z.flac_256.5s_256.9s_trainstyle,dclde_DFO_CRP_NorthBc__DFOCRP.KkHK0R2F-NML1.SM2M-3.20131011_110600Z.flac,DFOCRP.KkHK0R2F-NML1.SM2M-3.20131011_110600Z.flac,DFOCRP.KkHK0R2F-NML1.SM2M-3.20131011_110600Z.flac,256.543000,256.911000,256.543000,256.911000,256.543000,0.368000,dclde_DFO_CRP_NorthBc__DFOCRP.KkHK0R2F-NML1.SM2M-3.20131011_110600Z.flac_256.5s_256.9s_trainstyle.mat,mat_files/dclde_DFO_CRP_NorthBc__DFOCRP.KkHK0R2F-NML1.SM2M-3.20131011_110600Z.flac_256.5s_256.9s_trainstyle.mat,dclde_2027_DFO_CRP_NorthBc,197,DFO_CRP,NorthBc,DFOCRP.KkHK0R2F-NML1.SM2M-3.20131011_110600Z.flac,HW,species:Mn,species:Mn,Mn,,,NA,Detection,0,NA,1031.25,1531.25,dclde/2027/dclde_2027_killer_whales/dfo_crp/audio/northbc/DFOCRP.KkHK0R2F-NML1.SM2M-3.20131011_110600Z.flac,gs://noaa-passive-bioacoustic/dclde/2027/dclde_2027_killer_whales/dfo_crp/audio/northbc/DFOCRP.KkHK0R2F-NML1.SM2M-3.20131011_110600Z.flac,https://storage.googleapis.com/noaa-passive-bioacoustic/dclde/2027/dclde_2027_killer_whales/dfo_crp/audio/northbc/DFOCRP.KkHK0R2F-NML1.SM2M-3.20131011_110600Z.flac,0,reviewed,Mn,Mn,,,,DFO_CRP:NorthBc:DFOCRP.KkHK0R2F-NML1.SM2M-3.20131011_110600Z.flac,"[{""call_type"":null,""call_type_name"":null,""review_status"":""reviewed"",""source"":""dclde_2027_DFO_CRP_NorthBc"",""species"":""Humpback whale"",""species_code"":""Mn"",""trainable"":true}]",species:Mn
dclde_DFO_CRP_NorthBc__DFOCRP.KkHK0R2F-NML1.SM2M-3.20131011_110600Z.flac_259.0s_260.8s_trainstyle,dclde_DFO_CRP_NorthBc__DFOCRP.KkHK0R2F-NML1.SM2M-3.20131011_110600Z.flac,DFOCRP.KkHK0R2F-NML1.SM2M-3.20131011_110600Z.flac,DFOCRP.KkHK0R2F-NML1.SM2M-3.20131011_110600Z.flac,259.039000,260.815000,259.039000,260.815000,259.039000,1.776000,dclde_DFO_CRP_NorthBc__DFOCRP.KkHK0R2F-NML1.SM2M-3.20131011_110600Z.flac_259.0s_260.8s_trainstyle.mat,mat_files/dclde_DFO_CRP_NorthBc__DFOCRP.KkHK0R2F-NML1.SM2M-3.20131011_110600Z.flac_259.0s_260.8s_trainstyle.mat,dclde_2027_DFO_CRP_NorthBc,198,DFO_CRP,NorthBc,DFOCRP.KkHK0R2F-NML1.SM2M-3.20131011_110600Z.flac,HW,species:Mn,species:Mn,Mn,,,NA,Detection,0,NA,781.25,1375,dclde/2027/dclde_2027_killer_whales/dfo_crp/audio/northbc/DFOCRP.KkHK0R2F-NML1.SM2M-3.20131011_110600Z.flac,gs://noaa-passive-bioacoustic/dclde/2027/dclde_2027_killer_whales/dfo_crp/audio/northbc/DFOCRP.KkHK0R2F-NML1.SM2M-3.20131011_110600Z.flac,https://storage.googleapis.com/noaa-passive-bioacoustic/dclde/2027/dclde_2027_killer_whales/dfo_crp/audio/northbc/DFOCRP.KkHK0R2F-NML1.SM2M-3.20131011_110600Z.flac,0,reviewed,Mn,Mn,,,,DFO_CRP:NorthBc:DFOCRP.KkHK0R2F-NML1.SM2M-3.20131011_110600Z.flac,"[{""call_type"":null,""call_type_name"":null,""review_status"":""reviewed"",""source"":""dclde_2027_DFO_CRP_NorthBc"",""species"":""Humpback whale"",""species_code"":""Mn"",""trainable"":true}]",species:Mn
dclde_DFO_CRP_NorthBc__DFOCRP.KkHK0R2F-NML1.SM2M-3.20131011_110600Z.flac_269.2s_269.5s_trainstyle,dclde_DFO_CRP_NorthBc__DFOCRP.KkHK0R2F-NML1.SM2M-3.20131011_110600Z.flac,DFOCRP.KkHK0R2F-NML1.SM2M-3.20131011_110600Z.flac,DFOCRP.KkHK0R2F-NML1.SM2M-3.20131011_110600Z.flac,269.151000,269.535000,269.151000,269.535000,269.151000,0.384000,dclde_DFO_CRP_NorthBc__DFOCRP.KkHK0R2F-NML1.SM2M-3.20131011_110600Z.flac_269.2s_269.5s_trainstyle.mat,mat_files/dclde_DFO_CRP_NorthBc__DFOCRP.KkHK0R2F-NML1.SM2M-3.20131011_110600Z.flac_269.2s_269.5s_trainstyle.mat,dclde_2027_DFO_CRP_NorthBc,199,DFO_CRP,NorthBc,DFOCRP.KkHK0R2F-NML1.SM2M-3.20131011_110600Z.flac,HW,species:Mn,species:Mn,Mn,,,NA,Detection,0,NA,781.25,843.75,dclde/2027/dclde_2027_killer_whales/dfo_crp/audio/northbc/DFOCRP.KkHK0R2F-NML1.SM2M-3.20131011_110600Z.flac,gs://noaa-passive-bioacoustic/dclde/2027/dclde_2027_killer_whales/dfo_crp/audio/northbc/DFOCRP.KkHK0R2F-NML1.SM2M-3.20131011_110600Z.flac,https://storage.googleapis.com/noaa-passive-bioacoustic/dclde/2027/dclde_2027_killer_whales/dfo_crp/audio/northbc/DFOCRP.KkHK0R2F-NML1.SM2M-3.20131011_110600Z.flac,0,reviewed,Mn,Mn,,,,DFO_CRP:NorthBc:DFOCRP.KkHK0R2F-NML1.SM2M-3.20131011_110600Z.flac,"[{""call_type"":null,""call_type_name"":null,""review_status"":""reviewed"",""source"":""dclde_2027_DFO_CRP_NorthBc"",""species"":""Humpback whale"",""species_code"":""Mn"",""trainable"":true}]",species:Mn
dclde_DFO_CRP_NorthBc__DFOCRP.KkHK0R2F-NML1.SM2M-3.20131011_110600Z.flac_288.8s_289.2s_trainstyle,dclde_DFO_CRP_NorthBc__DFOCRP.KkHK0R2F-NML1.SM2M-3.20131011_110600Z.flac,DFOCRP.KkHK0R2F-NML1.SM2M-3.20131011_110600Z.flac,DFOCRP.KkHK0R2F-NML1.SM2M-3.20131011_110600Z.flac,288.831000,289.151000,288.831000,289.151000,288.831000,0.320000,dclde_DFO_CRP_NorthBc__DFOCRP.KkHK0R2F-NML1.SM2M-3.20131011_110600Z.flac_288.8s_289.2s_trainstyle.mat,mat_files/dclde_DFO_CRP_NorthBc__DFOCRP.KkHK0R2F-NML1.SM2M-3.20131011_110600Z.flac_288.8s_289.2s_trainstyle.mat,dclde_2027_DFO_CRP_NorthBc,200,DFO_CRP,NorthBc,DFOCRP.KkHK0R2F-NML1.SM2M-3.20131011_110600Z.flac,HW,species:Mn,species:Mn,Mn,,,NA,Detection,0,NA,968.75,1156.25,dclde/2027/dclde_2027_killer_whales/dfo_crp/audio/northbc/DFOCRP.KkHK0R2F-NML1.SM2M-3.20131011_110600Z.flac,gs://noaa-passive-bioacoustic/dclde/2027/dclde_2027_killer_whales/dfo_crp/audio/northbc/DFOCRP.KkHK0R2F-NML1.SM2M-3.20131011_110600Z.flac,https://storage.googleapis.com/noaa-passive-bioacoustic/dclde/2027/dclde_2027_killer_whales/dfo_crp/audio/northbc/DFOCRP.KkHK0R2F-NML1.SM2M-3.20131011_110600Z.flac,0,reviewed,Mn,Mn,,,,DFO_CRP:NorthBc:DFOCRP.KkHK0R2F-NML1.SM2M-3.20131011_110600Z.flac,"[{""call_type"":null,""call_type_name"":null,""review_status"":""reviewed"",""source"":""dclde_2027_DFO_CRP_NorthBc"",""species"":""Humpback whale"",""species_code"":""Mn"",""trainable"":true}]",species:Mn
dclde_DFO_CRP_NorthBc__DFOCRP.KkHK0R2F-NML1.SM2M-3.20131011_112100Z.flac_4.7s_5.0s_trainstyle,dclde_DFO_CRP_NorthBc__DFOCRP.KkHK0R2F-NML1.SM2M-3.20131011_112100Z.flac,DFOCRP.KkHK0R2F-NML1.SM2M-3.20131011_112100Z.flac,DFOCRP.KkHK0R2F-NML1.SM2M-3.20131011_112100Z.flac,4.735000,4.991000,4.735000,4.991000,4.735000,0.256000,dclde_DFO_CRP_NorthBc__DFOCRP.KkHK0R2F-NML1.SM2M-3.20131011_112100Z.flac_4.7s_5.0s_trainstyle.mat,mat_files/dclde_DFO_CRP_NorthBc__DFOCRP.KkHK0R2F-NML1.SM2M-3.20131011_112100Z.flac_4.7s_5.0s_trainstyle.mat,dclde_2027_DFO_CRP_NorthBc,201,DFO_CRP,NorthBc,DFOCRP.KkHK0R2F-NML1.SM2M-3.20131011_112100Z.flac,HW,species:Mn,species:Mn,Mn,,,NA,Detection,0,NA,1156.25,1562.5,dclde/2027/dclde_2027_killer_whales/dfo_crp/audio/northbc/DFOCRP.KkHK0R2F-NML1.SM2M-3.20131011_112100Z.flac,gs://noaa-passive-bioacoustic/dclde/2027/dclde_2027_killer_whales/dfo_crp/audio/northbc/DFOCRP.KkHK0R2F-NML1.SM2M-3.20131011_112100Z.flac,https://storage.googleapis.com/noaa-passive-bioacoustic/dclde/2027/dclde_2027_killer_whales/dfo_crp/audio/northbc/DFOCRP.KkHK0R2F-NML1.SM2M-3.20131011_112100Z.flac,0,reviewed,Mn,Mn,,,,DFO_CRP:NorthBc:DFOCRP.KkHK0R2F-NML1.SM2M-3.20131011_112100Z.flac,"[{""call_type"":null,""call_type_name"":null,""review_status"":""reviewed"",""source"":""dclde_2027_DFO_CRP_NorthBc"",""species"":""Humpback whale"",""species_code"":""Mn"",""trainable"":true}]",species:Mn
dclde_DFO_CRP_NorthBc__DFOCRP.KkHK0R2F-NML1.SM2M-3.20131011_112100Z.flac_19.1s_19.4s_trainstyle,dclde_DFO_CRP_NorthBc__DFOCRP.KkHK0R2F-NML1.SM2M-3.20131011_112100Z.flac,DFOCRP.KkHK0R2F-NML1.SM2M-3.20131011_112100Z.flac,DFOCRP.KkHK0R2F-NML1.SM2M-3.20131011_112100Z.flac,19.119000,19.391000,19.119000,19.391000,19.119000,0.272000,dclde_DFO_CRP_NorthBc__DFOCRP.KkHK0R2F-NML1.SM2M-3.20131011_112100Z.flac_19.1s_19.4s_trainstyle.mat,mat_files/dclde_DFO_CRP_NorthBc__DFOCRP.KkHK0R2F-NML1.SM2M-3.20131011_112100Z.flac_19.1s_19.4s_trainstyle.mat,dclde_2027_DFO_CRP_NorthBc,202,DFO_CRP,NorthBc,DFOCRP.KkHK0R2F-NML1.SM2M-3.20131011_112100Z.flac,HW,species:Mn,species:Mn,Mn,,,NA,Detection,0,NA,781.25,1000,dclde/2027/dclde_2027_killer_whales/dfo_crp/audio/northbc/DFOCRP.KkHK0R2F-NML1.SM2M-3.20131011_112100Z.flac,gs://noaa-passive-bioacoustic/dclde/2027/dclde_2027_killer_whales/dfo_crp/audio/northbc/DFOCRP.KkHK0R2F-NML1.SM2M-3.20131011_112100Z.flac,https://storage.googleapis.com/noaa-passive-bioacoustic/dclde/2027/dclde_2027_killer_whales/dfo_crp/audio/northbc/DFOCRP.KkHK0R2F-NML1.SM2M-3.20131011_112100Z.flac,0,reviewed,Mn,Mn,,,,DFO_CRP:NorthBc:DFOCRP.KkHK0R2F-NML1.SM2M-3.20131011_112100Z.flac,"[{""call_type"":null,""call_type_name"":null,""review_status"":""reviewed"",""source"":""dclde_2027_DFO_CRP_NorthBc"",""species"":""Humpback whale"",""species_code"":""Mn"",""trainable"":true}]",species:Mn
dclde_DFO_CRP_NorthBc__DFOCRP.KkHK0R2F-NML1.SM2M-3.20131011_112100Z.flac_20.0s_20.5s_trainstyle,dclde_DFO_CRP_NorthBc__DFOCRP.KkHK0R2F-NML1.SM2M-3.20131011_112100Z.flac,DFOCRP.KkHK0R2F-NML1.SM2M-3.20131011_112100Z.flac,DFOCRP.KkHK0R2F-NML1.SM2M-3.20131011_112100Z.flac,20.031000,20.495000,20.031000,20.495000,20.031000,0.464000,dclde_DFO_CRP_NorthBc__DFOCRP.KkHK0R2F-NML1.SM2M-3.20131011_112100Z.flac_20.0s_20.5s_trainstyle.mat,mat_files/dclde_DFO_CRP_NorthBc__DFOCRP.KkHK0R2F-NML1.SM2M-3.20131011_112100Z.flac_20.0s_20.5s_trainstyle.mat,dclde_2027_DFO_CRP_NorthBc,203,DFO_CRP,NorthBc,DFOCRP.KkHK0R2F-NML1.SM2M-3.20131011_112100Z.flac,HW,species:Mn,species:Mn,Mn,,,NA,Detection,0,NA,906.25,1125,dclde/2027/dclde_2027_killer_whales/dfo_crp/audio/northbc/DFOCRP.KkHK0R2F-NML1.SM2M-3.20131011_112100Z.flac,gs://noaa-passive-bioacoustic/dclde/2027/dclde_2027_killer_whales/dfo_crp/audio/northbc/DFOCRP.KkHK0R2F-NML1.SM2M-3.20131011_112100Z.flac,https://storage.googleapis.com/noaa-passive-bioacoustic/dclde/2027/dclde_2027_killer_whales/dfo_crp/audio/northbc/DFOCRP.KkHK0R2F-NML1.SM2M-3.20131011_112100Z.flac,0,reviewed,Mn,Mn,,,,DFO_CRP:NorthBc:DFOCRP.KkHK0R2F-NML1.SM2M-3.20131011_112100Z.flac,"[{""call_type"":null,""call_type_name"":null,""review_status"":""reviewed"",""source"":""dclde_2027_DFO_CRP_NorthBc"",""species"":""Humpback whale"",""species_code"":""Mn"",""trainable"":true}]",species:Mn
dclde_DFO_CRP_NorthBc__DFOCRP.KkHK0R2F-NML1.SM2M-3.20131011_112100Z.flac_21.1s_21.4s_trainstyle,dclde_DFO_CRP_NorthBc__DFOCRP.KkHK0R2F-NML1.SM2M-3.20131011_112100Z.flac,DFOCRP.KkHK0R2F-NML1.SM2M-3.20131011_112100Z.flac,DFOCRP.KkHK0R2F-NML1.SM2M-3.20131011_112100Z.flac,21.072000,21.360000,21.072000,21.360000,21.072000,0.288000,dclde_DFO_CRP_NorthBc__DFOCRP.KkHK0R2F-NML1.SM2M-3.20131011_112100Z.flac_21.1s_21.4s_trainstyle.mat,mat_files/dclde_DFO_CRP_NorthBc__DFOCRP.KkHK0R2F-NML1.SM2M-3.20131011_112100Z.flac_21.1s_21.4s_trainstyle.mat,dclde_2027_DFO_CRP_NorthBc,204,DFO_CRP,NorthBc,DFOCRP.KkHK0R2F-NML1.SM2M-3.20131011_112100Z.flac,HW,species:Mn,species:Mn,Mn,,,NA,Detection,0,NA,937.5,1125,dclde/2027/dclde_2027_killer_whales/dfo_crp/audio/northbc/DFOCRP.KkHK0R2F-NML1.SM2M-3.20131011_112100Z.flac,gs://noaa-passive-bioacoustic/dclde/2027/dclde_2027_killer_whales/dfo_crp/audio/northbc/DFOCRP.KkHK0R2F-NML1.SM2M-3.20131011_112100Z.flac,https://storage.googleapis.com/noaa-passive-bioacoustic/dclde/2027/dclde_2027_killer_whales/dfo_crp/audio/northbc/DFOCRP.KkHK0R2F-NML1.SM2M-3.20131011_112100Z.flac,0,reviewed,Mn,Mn,,,,DFO_CRP:NorthBc:DFOCRP.KkHK0R2F-NML1.SM2M-3.20131011_112100Z.flac,"[{""call_type"":null,""call_type_name"":null,""review_status"":""reviewed"",""source"":""dclde_2027_DFO_CRP_NorthBc"",""species"":""Humpback whale"",""species_code"":""Mn"",""trainable"":true}]",species:Mn
dclde_DFO_CRP_NorthBc__DFOCRP.KkHK0R2F-NML1.SM2M-3.20131011_112100Z.flac_34.2s_34.8s_trainstyle,dclde_DFO_CRP_NorthBc__DFOCRP.KkHK0R2F-NML1.SM2M-3.20131011_112100Z.flac,DFOCRP.KkHK0R2F-NML1.SM2M-3.20131011_112100Z.flac,DFOCRP.KkHK0R2F-NML1.SM2M-3.20131011_112100Z.flac,34.207000,34.767000,34.207000,34.767000,34.207000,0.560000,dclde_DFO_CRP_NorthBc__DFOCRP.KkHK0R2F-NML1.SM2M-3.20131011_112100Z.flac_34.2s_34.8s_trainstyle.mat,mat_files/dclde_DFO_CRP_NorthBc__DFOCRP.KkHK0R2F-NML1.SM2M-3.20131011_112100Z.flac_34.2s_34.8s_trainstyle.mat,dclde_2027_DFO_CRP_NorthBc,205,DFO_CRP,NorthBc,DFOCRP.KkHK0R2F-NML1.SM2M-3.20131011_112100Z.flac,HW,species:Mn,species:Mn,Mn,,,NA,Detection,0,NA,937.5,1250,dclde/2027/dclde_2027_killer_whales/dfo_crp/audio/northbc/DFOCRP.KkHK0R2F-NML1.SM2M-3.20131011_112100Z.flac,gs://noaa-passive-bioacoustic/dclde/2027/dclde_2027_killer_whales/dfo_crp/audio/northbc/DFOCRP.KkHK0R2F-NML1.SM2M-3.20131011_112100Z.flac,https://storage.googleapis.com/noaa-passive-bioacoustic/dclde/2027/dclde_2027_killer_whales/dfo_crp/audio/northbc/DFOCRP.KkHK0R2F-NML1.SM2M-3.20131011_112100Z.flac,0,reviewed,Mn,Mn,,,,DFO_CRP:NorthBc:DFOCRP.KkHK0R2F-NML1.SM2M-3.20131011_112100Z.flac,"[{""call_type"":null,""call_type_name"":null,""review_status"":""reviewed"",""source"":""dclde_2027_DFO_CRP_NorthBc"",""species"":""Humpback whale"",""species_code"":""Mn"",""trainable"":true}]",species:Mn
dclde_DFO_CRP_NorthBc__DFOCRP.KkHK0R2F-NML1.SM2M-3.20131011_112100Z.flac_161.4s_161.9s_trainstyle,dclde_DFO_CRP_NorthBc__DFOCRP.KkHK0R2F-NML1.SM2M-3.20131011_112100Z.flac,DFOCRP.KkHK0R2F-NML1.SM2M-3.20131011_112100Z.flac,DFOCRP.KkHK0R2F-NML1.SM2M-3.20131011_112100Z.flac,161.392000,161.872000,161.392000,161.872000,161.392000,0.480000,dclde_DFO_CRP_NorthBc__DFOCRP.KkHK0R2F-NML1.SM2M-3.20131011_112100Z.flac_161.4s_161.9s_trainstyle.mat,mat_files/dclde_DFO_CRP_NorthBc__DFOCRP.KkHK0R2F-NML1.SM2M-3.20131011_112100Z.flac_161.4s_161.9s_trainstyle.mat,dclde_2027_DFO_CRP_NorthBc,206,DFO_CRP,NorthBc,DFOCRP.KkHK0R2F-NML1.SM2M-3.20131011_112100Z.flac,HW,species:Mn,species:Mn,Mn,,,NA,Detection,0,NA,1000,1250,dclde/2027/dclde_2027_killer_whales/dfo_crp/audio/northbc/DFOCRP.KkHK0R2F-NML1.SM2M-3.20131011_112100Z.flac,gs://noaa-passive-bioacoustic/dclde/2027/dclde_2027_killer_whales/dfo_crp/audio/northbc/DFOCRP.KkHK0R2F-NML1.SM2M-3.20131011_112100Z.flac,https://storage.googleapis.com/noaa-passive-bioacoustic/dclde/2027/dclde_2027_killer_whales/dfo_crp/audio/northbc/DFOCRP.KkHK0R2F-NML1.SM2M-3.20131011_112100Z.flac,0,reviewed,Mn,Mn,,,,DFO_CRP:NorthBc:DFOCRP.KkHK0R2F-NML1.SM2M-3.20131011_112100Z.flac,"[{""call_type"":null,""call_type_name"":null,""review_status"":""reviewed"",""source"":""dclde_2027_DFO_CRP_NorthBc"",""species"":""Humpback whale"",""species_code"":""Mn"",""trainable"":true}]",species:Mn
dclde_DFO_CRP_NorthBc__DFOCRP.KkHK0R2F-NML1.SM2M-3.20131011_112100Z.flac_168.0s_168.3s_trainstyle,dclde_DFO_CRP_NorthBc__DFOCRP.KkHK0R2F-NML1.SM2M-3.20131011_112100Z.flac,DFOCRP.KkHK0R2F-NML1.SM2M-3.20131011_112100Z.flac,DFOCRP.KkHK0R2F-NML1.SM2M-3.20131011_112100Z.flac,168.000000,168.304000,168.000000,168.304000,168.000000,0.304000,dclde_DFO_CRP_NorthBc__DFOCRP.KkHK0R2F-NML1.SM2M-3.20131011_112100Z.flac_168.0s_168.3s_trainstyle.mat,mat_files/dclde_DFO_CRP_NorthBc__DFOCRP.KkHK0R2F-NML1.SM2M-3.20131011_112100Z.flac_168.0s_168.3s_trainstyle.mat,dclde_2027_DFO_CRP_NorthBc,207,DFO_CRP,NorthBc,DFOCRP.KkHK0R2F-NML1.SM2M-3.20131011_112100Z.flac,HW,species:Mn,species:Mn,Mn,,,NA,Detection,0,NA,1593.75,1968.75,dclde/2027/dclde_2027_killer_whales/dfo_crp/audio/northbc/DFOCRP.KkHK0R2F-NML1.SM2M-3.20131011_112100Z.flac,gs://noaa-passive-bioacoustic/dclde/2027/dclde_2027_killer_whales/dfo_crp/audio/northbc/DFOCRP.KkHK0R2F-NML1.SM2M-3.20131011_112100Z.flac,https://storage.googleapis.com/noaa-passive-bioacoustic/dclde/2027/dclde_2027_killer_whales/dfo_crp/audio/northbc/DFOCRP.KkHK0R2F-NML1.SM2M-3.20131011_112100Z.flac,0,reviewed,Mn,Mn,,,,DFO_CRP:NorthBc:DFOCRP.KkHK0R2F-NML1.SM2M-3.20131011_112100Z.flac,"[{""call_type"":null,""call_type_name"":null,""review_status"":""reviewed"",""source"":""dclde_2027_DFO_CRP_NorthBc"",""species"":""Humpback whale"",""species_code"":""Mn"",""trainable"":true}]",species:Mn
dclde_DFO_CRP_NorthBc__DFOCRP.KkHK0R2F-NML1.SM2M-3.20131011_113600Z.flac_13.0s_13.2s_trainstyle,dclde_DFO_CRP_NorthBc__DFOCRP.KkHK0R2F-NML1.SM2M-3.20131011_113600Z.flac,DFOCRP.KkHK0R2F-NML1.SM2M-3.20131011_113600Z.flac,DFOCRP.KkHK0R2F-NML1.SM2M-3.20131011_113600Z.flac,12.976000,13.232000,12.976000,13.232000,12.976000,0.256000,dclde_DFO_CRP_NorthBc__DFOCRP.KkHK0R2F-NML1.SM2M-3.20131011_113600Z.flac_13.0s_13.2s_trainstyle.mat,mat_files/dclde_DFO_CRP_NorthBc__DFOCRP.KkHK0R2F-NML1.SM2M-3.20131011_113600Z.flac_13.0s_13.2s_trainstyle.mat,dclde_2027_DFO_CRP_NorthBc,208,DFO_CRP,NorthBc,DFOCRP.KkHK0R2F-NML1.SM2M-3.20131011_113600Z.flac,HW,species:Mn,species:Mn,Mn,,,NA,Detection,0,NA,812.5,1125,dclde/2027/dclde_2027_killer_whales/dfo_crp/audio/northbc/DFOCRP.KkHK0R2F-NML1.SM2M-3.20131011_113600Z.flac,gs://noaa-passive-bioacoustic/dclde/2027/dclde_2027_killer_whales/dfo_crp/audio/northbc/DFOCRP.KkHK0R2F-NML1.SM2M-3.20131011_113600Z.flac,https://storage.googleapis.com/noaa-passive-bioacoustic/dclde/2027/dclde_2027_killer_whales/dfo_crp/audio/northbc/DFOCRP.KkHK0R2F-NML1.SM2M-3.20131011_113600Z.flac,0,reviewed,Mn,Mn,,,,DFO_CRP:NorthBc:DFOCRP.KkHK0R2F-NML1.SM2M-3.20131011_113600Z.flac,"[{""call_type"":null,""call_type_name"":null,""review_status"":""reviewed"",""source"":""dclde_2027_DFO_CRP_NorthBc"",""species"":""Humpback whale"",""species_code"":""Mn"",""trainable"":true}]",species:Mn
dclde_DFO_CRP_NorthBc__DFOCRP.KkHK0R2F-NML1.SM2M-3.20131011_113600Z.flac_22.5s_22.9s_trainstyle,dclde_DFO_CRP_NorthBc__DFOCRP.KkHK0R2F-NML1.SM2M-3.20131011_113600Z.flac,DFOCRP.KkHK0R2F-NML1.SM2M-3.20131011_113600Z.flac,DFOCRP.KkHK0R2F-NML1.SM2M-3.20131011_113600Z.flac,22.543000,22.879000,22.543000,22.879000,22.543000,0.336000,dclde_DFO_CRP_NorthBc__DFOCRP.KkHK0R2F-NML1.SM2M-3.20131011_113600Z.flac_22.5s_22.9s_trainstyle.mat,mat_files/dclde_DFO_CRP_NorthBc__DFOCRP.KkHK0R2F-NML1.SM2M-3.20131011_113600Z.flac_22.5s_22.9s_trainstyle.mat,dclde_2027_DFO_CRP_NorthBc,209,DFO_CRP,NorthBc,DFOCRP.KkHK0R2F-NML1.SM2M-3.20131011_113600Z.flac,HW,species:Mn,species:Mn,Mn,,,NA,Detection,0,NA,1468.75,1843.75,dclde/2027/dclde_2027_killer_whales/dfo_crp/audio/northbc/DFOCRP.KkHK0R2F-NML1.SM2M-3.20131011_113600Z.flac,gs://noaa-passive-bioacoustic/dclde/2027/dclde_2027_killer_whales/dfo_crp/audio/northbc/DFOCRP.KkHK0R2F-NML1.SM2M-3.20131011_113600Z.flac,https://storage.googleapis.com/noaa-passive-bioacoustic/dclde/2027/dclde_2027_killer_whales/dfo_crp/audio/northbc/DFOCRP.KkHK0R2F-NML1.SM2M-3.20131011_113600Z.flac,0,reviewed,Mn,Mn,,,,DFO_CRP:NorthBc:DFOCRP.KkHK0R2F-NML1.SM2M-3.20131011_113600Z.flac,"[{""call_type"":null,""call_type_name"":null,""review_status"":""reviewed"",""source"":""dclde_2027_DFO_CRP_NorthBc"",""species"":""Humpback whale"",""species_code"":""Mn"",""trainable"":true}]",species:Mn
dclde_DFO_CRP_NorthBc__DFOCRP.KkHK0R2F-NML1.SM2M-3.20131011_113600Z.flac_23.5s_24.1s_trainstyle,dclde_DFO_CRP_NorthBc__DFOCRP.KkHK0R2F-NML1.SM2M-3.20131011_113600Z.flac,DFOCRP.KkHK0R2F-NML1.SM2M-3.20131011_113600Z.flac,DFOCRP.KkHK0R2F-NML1.SM2M-3.20131011_113600Z.flac,23.455000,24.127000,23.455000,24.127000,23.455000,0.672000,dclde_DFO_CRP_NorthBc__DFOCRP.KkHK0R2F-NML1.SM2M-3.20131011_113600Z.flac_23.5s_24.1s_trainstyle.mat,mat_files/dclde_DFO_CRP_NorthBc__DFOCRP.KkHK0R2F-NML1.SM2M-3.20131011_113600Z.flac_23.5s_24.1s_trainstyle.mat,dclde_2027_DFO_CRP_NorthBc,210,DFO_CRP,NorthBc,DFOCRP.KkHK0R2F-NML1.SM2M-3.20131011_113600Z.flac,HW,species:Mn,species:Mn,Mn,,,NA,Detection,0,NA,1000,1218.75,dclde/2027/dclde_2027_killer_whales/dfo_crp/audio/northbc/DFOCRP.KkHK0R2F-NML1.SM2M-3.20131011_113600Z.flac,gs://noaa-passive-bioacoustic/dclde/2027/dclde_2027_killer_whales/dfo_crp/audio/northbc/DFOCRP.KkHK0R2F-NML1.SM2M-3.20131011_113600Z.flac,https://storage.googleapis.com/noaa-passive-bioacoustic/dclde/2027/dclde_2027_killer_whales/dfo_crp/audio/northbc/DFOCRP.KkHK0R2F-NML1.SM2M-3.20131011_113600Z.flac,0,reviewed,Mn,Mn,,,,DFO_CRP:NorthBc:DFOCRP.KkHK0R2F-NML1.SM2M-3.20131011_113600Z.flac,"[{""call_type"":null,""call_type_name"":null,""review_status"":""reviewed"",""source"":""dclde_2027_DFO_CRP_NorthBc"",""species"":""Humpback whale"",""species_code"":""Mn"",""trainable"":true}]",species:Mn
dclde_DFO_CRP_NorthBc__DFOCRP.KkHK0R2F-NML1.SM2M-3.20131011_113600Z.flac_24.8s_25.4s_trainstyle,dclde_DFO_CRP_NorthBc__DFOCRP.KkHK0R2F-NML1.SM2M-3.20131011_113600Z.flac,DFOCRP.KkHK0R2F-NML1.SM2M-3.20131011_113600Z.flac,DFOCRP.KkHK0R2F-NML1.SM2M-3.20131011_113600Z.flac,24.800000,25.359000,24.800000,25.359000,24.800000,0.559000,dclde_DFO_CRP_NorthBc__DFOCRP.KkHK0R2F-NML1.SM2M-3.20131011_113600Z.flac_24.8s_25.4s_trainstyle.mat,mat_files/dclde_DFO_CRP_NorthBc__DFOCRP.KkHK0R2F-NML1.SM2M-3.20131011_113600Z.flac_24.8s_25.4s_trainstyle.mat,dclde_2027_DFO_CRP_NorthBc,211,DFO_CRP,NorthBc,DFOCRP.KkHK0R2F-NML1.SM2M-3.20131011_113600Z.flac,HW,species:Mn,species:Mn,Mn,,,NA,Detection,0,NA,875,1031.25,dclde/2027/dclde_2027_killer_whales/dfo_crp/audio/northbc/DFOCRP.KkHK0R2F-NML1.SM2M-3.20131011_113600Z.flac,gs://noaa-passive-bioacoustic/dclde/2027/dclde_2027_killer_whales/dfo_crp/audio/northbc/DFOCRP.KkHK0R2F-NML1.SM2M-3.20131011_113600Z.flac,https://storage.googleapis.com/noaa-passive-bioacoustic/dclde/2027/dclde_2027_killer_whales/dfo_crp/audio/northbc/DFOCRP.KkHK0R2F-NML1.SM2M-3.20131011_113600Z.flac,0,reviewed,Mn,Mn,,,,DFO_CRP:NorthBc:DFOCRP.KkHK0R2F-NML1.SM2M-3.20131011_113600Z.flac,"[{""call_type"":null,""call_type_name"":null,""review_status"":""reviewed"",""source"":""dclde_2027_DFO_CRP_NorthBc"",""species"":""Humpback whale"",""species_code"":""Mn"",""trainable"":true}]",species:Mn
dclde_DFO_CRP_NorthBc__DFOCRP.KkHK0R2F-NML1.SM2M-3.20131011_113600Z.flac_31.9s_32.5s_trainstyle,dclde_DFO_CRP_NorthBc__DFOCRP.KkHK0R2F-NML1.SM2M-3.20131011_113600Z.flac,DFOCRP.KkHK0R2F-NML1.SM2M-3.20131011_113600Z.flac,DFOCRP.KkHK0R2F-NML1.SM2M-3.20131011_113600Z.flac,31.903000,32.511000,31.903000,32.511000,31.903000,0.608000,dclde_DFO_CRP_NorthBc__DFOCRP.KkHK0R2F-NML1.SM2M-3.20131011_113600Z.flac_31.9s_32.5s_trainstyle.mat,mat_files/dclde_DFO_CRP_NorthBc__DFOCRP.KkHK0R2F-NML1.SM2M-3.20131011_113600Z.flac_31.9s_32.5s_trainstyle.mat,dclde_2027_DFO_CRP_NorthBc,212,DFO_CRP,NorthBc,DFOCRP.KkHK0R2F-NML1.SM2M-3.20131011_113600Z.flac,HW,species:Mn,species:Mn,Mn,,,NA,Detection,0,NA,937.5,1312.5,dclde/2027/dclde_2027_killer_whales/dfo_crp/audio/northbc/DFOCRP.KkHK0R2F-NML1.SM2M-3.20131011_113600Z.flac,gs://noaa-passive-bioacoustic/dclde/2027/dclde_2027_killer_whales/dfo_crp/audio/northbc/DFOCRP.KkHK0R2F-NML1.SM2M-3.20131011_113600Z.flac,https://storage.googleapis.com/noaa-passive-bioacoustic/dclde/2027/dclde_2027_killer_whales/dfo_crp/audio/northbc/DFOCRP.KkHK0R2F-NML1.SM2M-3.20131011_113600Z.flac,0,reviewed,Mn,Mn,,,,DFO_CRP:NorthBc:DFOCRP.KkHK0R2F-NML1.SM2M-3.20131011_113600Z.flac,"[{""call_type"":null,""call_type_name"":null,""review_status"":""reviewed"",""source"":""dclde_2027_DFO_CRP_NorthBc"",""species"":""Humpback whale"",""species_code"":""Mn"",""trainable"":true}]",species:Mn
dclde_DFO_CRP_NorthBc__DFOCRP.KkHK0R2F-NML1.SM2M-3.20131011_113600Z.flac_35.7s_36.0s_trainstyle,dclde_DFO_CRP_NorthBc__DFOCRP.KkHK0R2F-NML1.SM2M-3.20131011_113600Z.flac,DFOCRP.KkHK0R2F-NML1.SM2M-3.20131011_113600Z.flac,DFOCRP.KkHK0R2F-NML1.SM2M-3.20131011_113600Z.flac,35.680000,35.968000,35.680000,35.968000,35.680000,0.288000,dclde_DFO_CRP_NorthBc__DFOCRP.KkHK0R2F-NML1.SM2M-3.20131011_113600Z.flac_35.7s_36.0s_trainstyle.mat,mat_files/dclde_DFO_CRP_NorthBc__DFOCRP.KkHK0R2F-NML1.SM2M-3.20131011_113600Z.flac_35.7s_36.0s_trainstyle.mat,dclde_2027_DFO_CRP_NorthBc,213,DFO_CRP,NorthBc,DFOCRP.KkHK0R2F-NML1.SM2M-3.20131011_113600Z.flac,HW,species:Mn,species:Mn,Mn,,,NA,Detection,0,NA,875,968.75,dclde/2027/dclde_2027_killer_whales/dfo_crp/audio/northbc/DFOCRP.KkHK0R2F-NML1.SM2M-3.20131011_113600Z.flac,gs://noaa-passive-bioacoustic/dclde/2027/dclde_2027_killer_whales/dfo_crp/audio/northbc/DFOCRP.KkHK0R2F-NML1.SM2M-3.20131011_113600Z.flac,https://storage.googleapis.com/noaa-passive-bioacoustic/dclde/2027/dclde_2027_killer_whales/dfo_crp/audio/northbc/DFOCRP.KkHK0R2F-NML1.SM2M-3.20131011_113600Z.flac,0,reviewed,Mn,Mn,,,,DFO_CRP:NorthBc:DFOCRP.KkHK0R2F-NML1.SM2M-3.20131011_113600Z.flac,"[{""call_type"":null,""call_type_name"":null,""review_status"":""reviewed"",""source"":""dclde_2027_DFO_CRP_NorthBc"",""species"":""Humpback whale"",""species_code"":""Mn"",""trainable"":true}]",species:Mn
dclde_DFO_CRP_NorthBc__DFOCRP.KkHK0R2F-NML1.SM2M-3.20131011_113600Z.flac_55.8s_56.0s_trainstyle,dclde_DFO_CRP_NorthBc__DFOCRP.KkHK0R2F-NML1.SM2M-3.20131011_113600Z.flac,DFOCRP.KkHK0R2F-NML1.SM2M-3.20131011_113600Z.flac,DFOCRP.KkHK0R2F-NML1.SM2M-3.20131011_113600Z.flac,55.759000,56.047000,55.759000,56.047000,55.759000,0.288000,dclde_DFO_CRP_NorthBc__DFOCRP.KkHK0R2F-NML1.SM2M-3.20131011_113600Z.flac_55.8s_56.0s_trainstyle.mat,mat_files/dclde_DFO_CRP_NorthBc__DFOCRP.KkHK0R2F-NML1.SM2M-3.20131011_113600Z.flac_55.8s_56.0s_trainstyle.mat,dclde_2027_DFO_CRP_NorthBc,214,DFO_CRP,NorthBc,DFOCRP.KkHK0R2F-NML1.SM2M-3.20131011_113600Z.flac,HW,species:Mn,species:Mn,Mn,,,NA,Detection,0,NA,843.75,1156.25,dclde/2027/dclde_2027_killer_whales/dfo_crp/audio/northbc/DFOCRP.KkHK0R2F-NML1.SM2M-3.20131011_113600Z.flac,gs://noaa-passive-bioacoustic/dclde/2027/dclde_2027_killer_whales/dfo_crp/audio/northbc/DFOCRP.KkHK0R2F-NML1.SM2M-3.20131011_113600Z.flac,https://storage.googleapis.com/noaa-passive-bioacoustic/dclde/2027/dclde_2027_killer_whales/dfo_crp/audio/northbc/DFOCRP.KkHK0R2F-NML1.SM2M-3.20131011_113600Z.flac,0,reviewed,Mn,Mn,,,,DFO_CRP:NorthBc:DFOCRP.KkHK0R2F-NML1.SM2M-3.20131011_113600Z.flac,"[{""call_type"":null,""call_type_name"":null,""review_status"":""reviewed"",""source"":""dclde_2027_DFO_CRP_NorthBc"",""species"":""Humpback whale"",""species_code"":""Mn"",""trainable"":true}]",species:Mn
dclde_DFO_CRP_NorthBc__DFOCRP.KkHK0R2F-NML1.SM2M-3.20131011_113600Z.flac_57.3s_57.8s_trainstyle,dclde_DFO_CRP_NorthBc__DFOCRP.KkHK0R2F-NML1.SM2M-3.20131011_113600Z.flac,DFOCRP.KkHK0R2F-NML1.SM2M-3.20131011_113600Z.flac,DFOCRP.KkHK0R2F-NML1.SM2M-3.20131011_113600Z.flac,57.280000,57.776000,57.280000,57.776000,57.280000,0.496000,dclde_DFO_CRP_NorthBc__DFOCRP.KkHK0R2F-NML1.SM2M-3.20131011_113600Z.flac_57.3s_57.8s_trainstyle.mat,mat_files/dclde_DFO_CRP_NorthBc__DFOCRP.KkHK0R2F-NML1.SM2M-3.20131011_113600Z.flac_57.3s_57.8s_trainstyle.mat,dclde_2027_DFO_CRP_NorthBc,215,DFO_CRP,NorthBc,DFOCRP.KkHK0R2F-NML1.SM2M-3.20131011_113600Z.flac,HW,species:Mn,species:Mn,Mn,,,NA,Detection,0,NA,875,1125,dclde/2027/dclde_2027_killer_whales/dfo_crp/audio/northbc/DFOCRP.KkHK0R2F-NML1.SM2M-3.20131011_113600Z.flac,gs://noaa-passive-bioacoustic/dclde/2027/dclde_2027_killer_whales/dfo_crp/audio/northbc/DFOCRP.KkHK0R2F-NML1.SM2M-3.20131011_113600Z.flac,https://storage.googleapis.com/noaa-passive-bioacoustic/dclde/2027/dclde_2027_killer_whales/dfo_crp/audio/northbc/DFOCRP.KkHK0R2F-NML1.SM2M-3.20131011_113600Z.flac,0,reviewed,Mn,Mn,,,,DFO_CRP:NorthBc:DFOCRP.KkHK0R2F-NML1.SM2M-3.20131011_113600Z.flac,"[{""call_type"":null,""call_type_name"":null,""review_status"":""reviewed"",""source"":""dclde_2027_DFO_CRP_NorthBc"",""species"":""Humpback whale"",""species_code"":""Mn"",""trainable"":true}]",species:Mn
dclde_DFO_CRP_NorthBc__DFOCRP.KkHK0R2F-NML1.SM2M-3.20131011_113600Z.flac_80.0s_80.3s_trainstyle,dclde_DFO_CRP_NorthBc__DFOCRP.KkHK0R2F-NML1.SM2M-3.20131011_113600Z.flac,DFOCRP.KkHK0R2F-NML1.SM2M-3.20131011_113600Z.flac,DFOCRP.KkHK0R2F-NML1.SM2M-3.20131011_113600Z.flac,79.967000,80.319000,79.967000,80.319000,79.967000,0.352000,dclde_DFO_CRP_NorthBc__DFOCRP.KkHK0R2F-NML1.SM2M-3.20131011_113600Z.flac_80.0s_80.3s_trainstyle.mat,mat_files/dclde_DFO_CRP_NorthBc__DFOCRP.KkHK0R2F-NML1.SM2M-3.20131011_113600Z.flac_80.0s_80.3s_trainstyle.mat,dclde_2027_DFO_CRP_NorthBc,216,DFO_CRP,NorthBc,DFOCRP.KkHK0R2F-NML1.SM2M-3.20131011_113600Z.flac,HW,species:Mn,species:Mn,Mn,,,NA,Detection,0,NA,781.25,1000,dclde/2027/dclde_2027_killer_whales/dfo_crp/audio/northbc/DFOCRP.KkHK0R2F-NML1.SM2M-3.20131011_113600Z.flac,gs://noaa-passive-bioacoustic/dclde/2027/dclde_2027_killer_whales/dfo_crp/audio/northbc/DFOCRP.KkHK0R2F-NML1.SM2M-3.20131011_113600Z.flac,https://storage.googleapis.com/noaa-passive-bioacoustic/dclde/2027/dclde_2027_killer_whales/dfo_crp/audio/northbc/DFOCRP.KkHK0R2F-NML1.SM2M-3.20131011_113600Z.flac,0,reviewed,Mn,Mn,,,,DFO_CRP:NorthBc:DFOCRP.KkHK0R2F-NML1.SM2M-3.20131011_113600Z.flac,"[{""call_type"":null,""call_type_name"":null,""review_status"":""reviewed"",""source"":""dclde_2027_DFO_CRP_NorthBc"",""species"":""Humpback whale"",""species_code"":""Mn"",""trainable"":true}]",species:Mn
dclde_DFO_CRP_NorthBc__DFOCRP.KkHK0R2F-NML1.SM2M-3.20131011_113600Z.flac_84.5s_85.1s_trainstyle,dclde_DFO_CRP_NorthBc__DFOCRP.KkHK0R2F-NML1.SM2M-3.20131011_113600Z.flac,DFOCRP.KkHK0R2F-NML1.SM2M-3.20131011_113600Z.flac,DFOCRP.KkHK0R2F-NML1.SM2M-3.20131011_113600Z.flac,84.511000,85.088000,84.511000,85.088000,84.511000,0.577000,dclde_DFO_CRP_NorthBc__DFOCRP.KkHK0R2F-NML1.SM2M-3.20131011_113600Z.flac_84.5s_85.1s_trainstyle.mat,mat_files/dclde_DFO_CRP_NorthBc__DFOCRP.KkHK0R2F-NML1.SM2M-3.20131011_113600Z.flac_84.5s_85.1s_trainstyle.mat,dclde_2027_DFO_CRP_NorthBc,217,DFO_CRP,NorthBc,DFOCRP.KkHK0R2F-NML1.SM2M-3.20131011_113600Z.flac,HW,species:Mn,species:Mn,Mn,,,NA,Detection,0,NA,906.25,1312.5,dclde/2027/dclde_2027_killer_whales/dfo_crp/audio/northbc/DFOCRP.KkHK0R2F-NML1.SM2M-3.20131011_113600Z.flac,gs://noaa-passive-bioacoustic/dclde/2027/dclde_2027_killer_whales/dfo_crp/audio/northbc/DFOCRP.KkHK0R2F-NML1.SM2M-3.20131011_113600Z.flac,https://storage.googleapis.com/noaa-passive-bioacoustic/dclde/2027/dclde_2027_killer_whales/dfo_crp/audio/northbc/DFOCRP.KkHK0R2F-NML1.SM2M-3.20131011_113600Z.flac,0,reviewed,Mn,Mn,,,,DFO_CRP:NorthBc:DFOCRP.KkHK0R2F-NML1.SM2M-3.20131011_113600Z.flac,"[{""call_type"":null,""call_type_name"":null,""review_status"":""reviewed"",""source"":""dclde_2027_DFO_CRP_NorthBc"",""species"":""Humpback whale"",""species_code"":""Mn"",""trainable"":true}]",species:Mn
dclde_DFO_CRP_NorthBc__DFOCRP.KkHK0R2F-NML1.SM2M-3.20131011_113600Z.flac_196.0s_197.9s_trainstyle,dclde_DFO_CRP_NorthBc__DFOCRP.KkHK0R2F-NML1.SM2M-3.20131011_113600Z.flac,DFOCRP.KkHK0R2F-NML1.SM2M-3.20131011_113600Z.flac,DFOCRP.KkHK0R2F-NML1.SM2M-3.20131011_113600Z.flac,195.951000,197.919000,195.951000,197.919000,195.951000,1.968000,dclde_DFO_CRP_NorthBc__DFOCRP.KkHK0R2F-NML1.SM2M-3.20131011_113600Z.flac_196.0s_197.9s_trainstyle.mat,mat_files/dclde_DFO_CRP_NorthBc__DFOCRP.KkHK0R2F-NML1.SM2M-3.20131011_113600Z.flac_196.0s_197.9s_trainstyle.mat,dclde_2027_DFO_CRP_NorthBc,218,DFO_CRP,NorthBc,DFOCRP.KkHK0R2F-NML1.SM2M-3.20131011_113600Z.flac,HW,species:Mn,species:Mn,Mn,,,NA,Detection,0,NA,781.25,1312.5,dclde/2027/dclde_2027_killer_whales/dfo_crp/audio/northbc/DFOCRP.KkHK0R2F-NML1.SM2M-3.20131011_113600Z.flac,gs://noaa-passive-bioacoustic/dclde/2027/dclde_2027_killer_whales/dfo_crp/audio/northbc/DFOCRP.KkHK0R2F-NML1.SM2M-3.20131011_113600Z.flac,https://storage.googleapis.com/noaa-passive-bioacoustic/dclde/2027/dclde_2027_killer_whales/dfo_crp/audio/northbc/DFOCRP.KkHK0R2F-NML1.SM2M-3.20131011_113600Z.flac,0,reviewed,Mn,Mn,,,,DFO_CRP:NorthBc:DFOCRP.KkHK0R2F-NML1.SM2M-3.20131011_113600Z.flac,"[{""call_type"":null,""call_type_name"":null,""review_status"":""reviewed"",""source"":""dclde_2027_DFO_CRP_NorthBc"",""species"":""Humpback whale"",""species_code"":""Mn"",""trainable"":true}]",species:Mn
dclde_DFO_CRP_NorthBc__DFOCRP.KkHK0R2F-NML1.SM2M-3.20131011_113600Z.flac_212.6s_212.9s_trainstyle,dclde_DFO_CRP_NorthBc__DFOCRP.KkHK0R2F-NML1.SM2M-3.20131011_113600Z.flac,DFOCRP.KkHK0R2F-NML1.SM2M-3.20131011_113600Z.flac,DFOCRP.KkHK0R2F-NML1.SM2M-3.20131011_113600Z.flac,212.592000,212.928000,212.592000,212.928000,212.592000,0.336000,dclde_DFO_CRP_NorthBc__DFOCRP.KkHK0R2F-NML1.SM2M-3.20131011_113600Z.flac_212.6s_212.9s_trainstyle.mat,mat_files/dclde_DFO_CRP_NorthBc__DFOCRP.KkHK0R2F-NML1.SM2M-3.20131011_113600Z.flac_212.6s_212.9s_trainstyle.mat,dclde_2027_DFO_CRP_NorthBc,219,DFO_CRP,NorthBc,DFOCRP.KkHK0R2F-NML1.SM2M-3.20131011_113600Z.flac,HW,species:Mn,species:Mn,Mn,,,NA,Detection,0,NA,781.25,1093.75,dclde/2027/dclde_2027_killer_whales/dfo_crp/audio/northbc/DFOCRP.KkHK0R2F-NML1.SM2M-3.20131011_113600Z.flac,gs://noaa-passive-bioacoustic/dclde/2027/dclde_2027_killer_whales/dfo_crp/audio/northbc/DFOCRP.KkHK0R2F-NML1.SM2M-3.20131011_113600Z.flac,https://storage.googleapis.com/noaa-passive-bioacoustic/dclde/2027/dclde_2027_killer_whales/dfo_crp/audio/northbc/DFOCRP.KkHK0R2F-NML1.SM2M-3.20131011_113600Z.flac,0,reviewed,Mn,Mn,,,,DFO_CRP:NorthBc:DFOCRP.KkHK0R2F-NML1.SM2M-3.20131011_113600Z.flac,"[{""call_type"":null,""call_type_name"":null,""review_status"":""reviewed"",""source"":""dclde_2027_DFO_CRP_NorthBc"",""species"":""Humpback whale"",""species_code"":""Mn"",""trainable"":true}]",species:Mn
dclde_DFO_CRP_NorthBc__DFOCRP.KkHK0R2F-NML1.SM2M-3.20131011_113600Z.flac_227.5s_228.1s_trainstyle,dclde_DFO_CRP_NorthBc__DFOCRP.KkHK0R2F-NML1.SM2M-3.20131011_113600Z.flac,DFOCRP.KkHK0R2F-NML1.SM2M-3.20131011_113600Z.flac,DFOCRP.KkHK0R2F-NML1.SM2M-3.20131011_113600Z.flac,227.503000,228.127000,227.503000,228.127000,227.503000,0.624000,dclde_DFO_CRP_NorthBc__DFOCRP.KkHK0R2F-NML1.SM2M-3.20131011_113600Z.flac_227.5s_228.1s_trainstyle.mat,mat_files/dclde_DFO_CRP_NorthBc__DFOCRP.KkHK0R2F-NML1.SM2M-3.20131011_113600Z.flac_227.5s_228.1s_trainstyle.mat,dclde_2027_DFO_CRP_NorthBc,220,DFO_CRP,NorthBc,DFOCRP.KkHK0R2F-NML1.SM2M-3.20131011_113600Z.flac,HW,species:Mn,species:Mn,Mn,,,NA,Detection,0,NA,781.25,906.25,dclde/2027/dclde_2027_killer_whales/dfo_crp/audio/northbc/DFOCRP.KkHK0R2F-NML1.SM2M-3.20131011_113600Z.flac,gs://noaa-passive-bioacoustic/dclde/2027/dclde_2027_killer_whales/dfo_crp/audio/northbc/DFOCRP.KkHK0R2F-NML1.SM2M-3.20131011_113600Z.flac,https://storage.googleapis.com/noaa-passive-bioacoustic/dclde/2027/dclde_2027_killer_whales/dfo_crp/audio/northbc/DFOCRP.KkHK0R2F-NML1.SM2M-3.20131011_113600Z.flac,0,reviewed,Mn,Mn,,,,DFO_CRP:NorthBc:DFOCRP.KkHK0R2F-NML1.SM2M-3.20131011_113600Z.flac,"[{""call_type"":null,""call_type_name"":null,""review_status"":""reviewed"",""source"":""dclde_2027_DFO_CRP_NorthBc"",""species"":""Humpback whale"",""species_code"":""Mn"",""trainable"":true}]",species:Mn
dclde_DFO_CRP_NorthBc__DFOCRP.KkHK0R2F-NML1.SM2M-3.20131011_113600Z.flac_228.9s_230.0s_trainstyle,dclde_DFO_CRP_NorthBc__DFOCRP.KkHK0R2F-NML1.SM2M-3.20131011_113600Z.flac,DFOCRP.KkHK0R2F-NML1.SM2M-3.20131011_113600Z.flac,DFOCRP.KkHK0R2F-NML1.SM2M-3.20131011_113600Z.flac,228.927000,229.951000,228.927000,229.951000,228.927000,1.024000,dclde_DFO_CRP_NorthBc__DFOCRP.KkHK0R2F-NML1.SM2M-3.20131011_113600Z.flac_228.9s_230.0s_trainstyle.mat,mat_files/dclde_DFO_CRP_NorthBc__DFOCRP.KkHK0R2F-NML1.SM2M-3.20131011_113600Z.flac_228.9s_230.0s_trainstyle.mat,dclde_2027_DFO_CRP_NorthBc,221,DFO_CRP,NorthBc,DFOCRP.KkHK0R2F-NML1.SM2M-3.20131011_113600Z.flac,HW,species:Mn,species:Mn,Mn,,,NA,Detection,0,NA,781.25,1750,dclde/2027/dclde_2027_killer_whales/dfo_crp/audio/northbc/DFOCRP.KkHK0R2F-NML1.SM2M-3.20131011_113600Z.flac,gs://noaa-passive-bioacoustic/dclde/2027/dclde_2027_killer_whales/dfo_crp/audio/northbc/DFOCRP.KkHK0R2F-NML1.SM2M-3.20131011_113600Z.flac,https://storage.googleapis.com/noaa-passive-bioacoustic/dclde/2027/dclde_2027_killer_whales/dfo_crp/audio/northbc/DFOCRP.KkHK0R2F-NML1.SM2M-3.20131011_113600Z.flac,0,reviewed,Mn,Mn,,,,DFO_CRP:NorthBc:DFOCRP.KkHK0R2F-NML1.SM2M-3.20131011_113600Z.flac,"[{""call_type"":null,""call_type_name"":null,""review_status"":""reviewed"",""source"":""dclde_2027_DFO_CRP_NorthBc"",""species"":""Humpback whale"",""species_code"":""Mn"",""trainable"":true}]",species:Mn
dclde_DFO_CRP_NorthBc__DFOCRP.KkHK0R2F-NML1.SM2M-3.20131012_013600Z.flac_41.0s_41.6s_trainstyle,dclde_DFO_CRP_NorthBc__DFOCRP.KkHK0R2F-NML1.SM2M-3.20131012_013600Z.flac,DFOCRP.KkHK0R2F-NML1.SM2M-3.20131012_013600Z.flac,DFOCRP.KkHK0R2F-NML1.SM2M-3.20131012_013600Z.flac,41.023000,41.615000,41.023000,41.615000,41.023000,0.592000,dclde_DFO_CRP_NorthBc__DFOCRP.KkHK0R2F-NML1.SM2M-3.20131012_013600Z.flac_41.0s_41.6s_trainstyle.mat,mat_files/dclde_DFO_CRP_NorthBc__DFOCRP.KkHK0R2F-NML1.SM2M-3.20131012_013600Z.flac_41.0s_41.6s_trainstyle.mat,dclde_2027_DFO_CRP_NorthBc,354,DFO_CRP,NorthBc,DFOCRP.KkHK0R2F-NML1.SM2M-3.20131012_013600Z.flac,KW,species:Oo|call:orca_call,call:orca_call|species:Oo,Oo,orca_call,,TKW,Detection,1,1,1062.5,1250,dclde/2027/dclde_2027_killer_whales/dfo_crp/audio/northbc/DFOCRP.KkHK0R2F-NML1.SM2M-3.20131012_013600Z.flac,gs://noaa-passive-bioacoustic/dclde/2027/dclde_2027_killer_whales/dfo_crp/audio/northbc/DFOCRP.KkHK0R2F-NML1.SM2M-3.20131012_013600Z.flac,https://storage.googleapis.com/noaa-passive-bioacoustic/dclde/2027/dclde_2027_killer_whales/dfo_crp/audio/northbc/DFOCRP.KkHK0R2F-NML1.SM2M-3.20131012_013600Z.flac,0,reviewed,Oo,Oo,orca_call,orca_call,orca_call,DFO_CRP:NorthBc:DFOCRP.KkHK0R2F-NML1.SM2M-3.20131012_013600Z.flac,"[{""call_type"":""orca_call"",""call_type_name"":""Killer whale call"",""review_status"":""reviewed"",""source"":""dclde_2027_DFO_CRP_NorthBc"",""species"":""Killer whale"",""species_code"":""Oo"",""trainable"":true}]",call:orca_call|species:Oo
dclde_DFO_CRP_NorthBc__DFOCRP.KkHK0R2F-NML1.SM2M-3.20131012_013600Z.flac_54.7s_55.0s_trainstyle,dclde_DFO_CRP_NorthBc__DFOCRP.KkHK0R2F-NML1.SM2M-3.20131012_013600Z.flac,DFOCRP.KkHK0R2F-NML1.SM2M-3.20131012_013600Z.flac,DFOCRP.KkHK0R2F-NML1.SM2M-3.20131012_013600Z.flac,54.735000,54.991000,54.735000,54.991000,54.735000,0.256000,dclde_DFO_CRP_NorthBc__DFOCRP.KkHK0R2F-NML1.SM2M-3.20131012_013600Z.flac_54.7s_55.0s_trainstyle.mat,mat_files/dclde_DFO_CRP_NorthBc__DFOCRP.KkHK0R2F-NML1.SM2M-3.20131012_013600Z.flac_54.7s_55.0s_trainstyle.mat,dclde_2027_DFO_CRP_NorthBc,355,DFO_CRP,NorthBc,DFOCRP.KkHK0R2F-NML1.SM2M-3.20131012_013600Z.flac,KW,species:Oo|call:orca_call,call:orca_call|species:Oo,Oo,orca_call,,TKW,Detection,1,1,1093.75,1250,dclde/2027/dclde_2027_killer_whales/dfo_crp/audio/northbc/DFOCRP.KkHK0R2F-NML1.SM2M-3.20131012_013600Z.flac,gs://noaa-passive-bioacoustic/dclde/2027/dclde_2027_killer_whales/dfo_crp/audio/northbc/DFOCRP.KkHK0R2F-NML1.SM2M-3.20131012_013600Z.flac,https://storage.googleapis.com/noaa-passive-bioacoustic/dclde/2027/dclde_2027_killer_whales/dfo_crp/audio/northbc/DFOCRP.KkHK0R2F-NML1.SM2M-3.20131012_013600Z.flac,0,reviewed,Oo,Oo,orca_call,orca_call,orca_call,DFO_CRP:NorthBc:DFOCRP.KkHK0R2F-NML1.SM2M-3.20131012_013600Z.flac,"[{""call_type"":""orca_call"",""call_type_name"":""Killer whale call"",""review_status"":""reviewed"",""source"":""dclde_2027_DFO_CRP_NorthBc"",""species"":""Killer whale"",""species_code"":""Oo"",""trainable"":true}]",call:orca_call|species:Oo
dclde_DFO_CRP_NorthBc__DFOCRP.KkHK0R2F-NML1.SM2M-3.20131012_013600Z.flac_57.8s_58.1s_trainstyle,dclde_DFO_CRP_NorthBc__DFOCRP.KkHK0R2F-NML1.SM2M-3.20131012_013600Z.flac,DFOCRP.KkHK0R2F-NML1.SM2M-3.20131012_013600Z.flac,DFOCRP.KkHK0R2F-NML1.SM2M-3.20131012_013600Z.flac,57.776000,58.096000,57.776000,58.096000,57.776000,0.320000,dclde_DFO_CRP_NorthBc__DFOCRP.KkHK0R2F-NML1.SM2M-3.20131012_013600Z.flac_57.8s_58.1s_trainstyle.mat,mat_files/dclde_DFO_CRP_NorthBc__DFOCRP.KkHK0R2F-NML1.SM2M-3.20131012_013600Z.flac_57.8s_58.1s_trainstyle.mat,dclde_2027_DFO_CRP_NorthBc,356,DFO_CRP,NorthBc,DFOCRP.KkHK0R2F-NML1.SM2M-3.20131012_013600Z.flac,KW,species:Oo|call:orca_call,call:orca_call|species:Oo,Oo,orca_call,,TKW,Detection,1,1,968.75,1062.5,dclde/2027/dclde_2027_killer_whales/dfo_crp/audio/northbc/DFOCRP.KkHK0R2F-NML1.SM2M-3.20131012_013600Z.flac,gs://noaa-passive-bioacoustic/dclde/2027/dclde_2027_killer_whales/dfo_crp/audio/northbc/DFOCRP.KkHK0R2F-NML1.SM2M-3.20131012_013600Z.flac,https://storage.googleapis.com/noaa-passive-bioacoustic/dclde/2027/dclde_2027_killer_whales/dfo_crp/audio/northbc/DFOCRP.KkHK0R2F-NML1.SM2M-3.20131012_013600Z.flac,0,reviewed,Oo,Oo,orca_call,orca_call,orca_call,DFO_CRP:NorthBc:DFOCRP.KkHK0R2F-NML1.SM2M-3.20131012_013600Z.flac,"[{""call_type"":""orca_call"",""call_type_name"":""Killer whale call"",""review_status"":""reviewed"",""source"":""dclde_2027_DFO_CRP_NorthBc"",""species"":""Killer whale"",""species_code"":""Oo"",""trainable"":true}]",call:orca_call|species:Oo
dclde_DFO_CRP_NorthBc__DFOCRP.KkHK0R2F-NML1.SM2M-3.20131012_013600Z.flac_59.6s_60.1s_trainstyle,dclde_DFO_CRP_NorthBc__DFOCRP.KkHK0R2F-NML1.SM2M-3.20131012_013600Z.flac,DFOCRP.KkHK0R2F-NML1.SM2M-3.20131012_013600Z.flac,DFOCRP.KkHK0R2F-NML1.SM2M-3.20131012_013600Z.flac,59.631000,60.063000,59.631000,60.063000,59.631000,0.432000,dclde_DFO_CRP_NorthBc__DFOCRP.KkHK0R2F-NML1.SM2M-3.20131012_013600Z.flac_59.6s_60.1s_trainstyle.mat,mat_files/dclde_DFO_CRP_NorthBc__DFOCRP.KkHK0R2F-NML1.SM2M-3.20131012_013600Z.flac_59.6s_60.1s_trainstyle.mat,dclde_2027_DFO_CRP_NorthBc,357,DFO_CRP,NorthBc,DFOCRP.KkHK0R2F-NML1.SM2M-3.20131012_013600Z.flac,KW,species:Oo|call:orca_call,call:orca_call|species:Oo,Oo,orca_call,,TKW,Detection,1,1,1375,1656.25,dclde/2027/dclde_2027_killer_whales/dfo_crp/audio/northbc/DFOCRP.KkHK0R2F-NML1.SM2M-3.20131012_013600Z.flac,gs://noaa-passive-bioacoustic/dclde/2027/dclde_2027_killer_whales/dfo_crp/audio/northbc/DFOCRP.KkHK0R2F-NML1.SM2M-3.20131012_013600Z.flac,https://storage.googleapis.com/noaa-passive-bioacoustic/dclde/2027/dclde_2027_killer_whales/dfo_crp/audio/northbc/DFOCRP.KkHK0R2F-NML1.SM2M-3.20131012_013600Z.flac,0,reviewed,Oo,Oo,orca_call,orca_call,orca_call,DFO_CRP:NorthBc:DFOCRP.KkHK0R2F-NML1.SM2M-3.20131012_013600Z.flac,"[{""call_type"":""orca_call"",""call_type_name"":""Killer whale call"",""review_status"":""reviewed"",""source"":""dclde_2027_DFO_CRP_NorthBc"",""species"":""Killer whale"",""species_code"":""Oo"",""trainable"":true}]",call:orca_call|species:Oo
dclde_DFO_CRP_NorthBc__DFOCRP.KkHK0R2F-NML1.SM2M-3.20131012_013600Z.flac_65.4s_65.7s_trainstyle,dclde_DFO_CRP_NorthBc__DFOCRP.KkHK0R2F-NML1.SM2M-3.20131012_013600Z.flac,DFOCRP.KkHK0R2F-NML1.SM2M-3.20131012_013600Z.flac,DFOCRP.KkHK0R2F-NML1.SM2M-3.20131012_013600Z.flac,65.407000,65.663000,65.407000,65.663000,65.407000,0.256000,dclde_DFO_CRP_NorthBc__DFOCRP.KkHK0R2F-NML1.SM2M-3.20131012_013600Z.flac_65.4s_65.7s_trainstyle.mat,mat_files/dclde_DFO_CRP_NorthBc__DFOCRP.KkHK0R2F-NML1.SM2M-3.20131012_013600Z.flac_65.4s_65.7s_trainstyle.mat,dclde_2027_DFO_CRP_NorthBc,358,DFO_CRP,NorthBc,DFOCRP.KkHK0R2F-NML1.SM2M-3.20131012_013600Z.flac,KW,species:Oo|call:orca_call,call:orca_call|species:Oo,Oo,orca_call,,TKW,Detection,1,1,968.75,1125,dclde/2027/dclde_2027_killer_whales/dfo_crp/audio/northbc/DFOCRP.KkHK0R2F-NML1.SM2M-3.20131012_013600Z.flac,gs://noaa-passive-bioacoustic/dclde/2027/dclde_2027_killer_whales/dfo_crp/audio/northbc/DFOCRP.KkHK0R2F-NML1.SM2M-3.20131012_013600Z.flac,https://storage.googleapis.com/noaa-passive-bioacoustic/dclde/2027/dclde_2027_killer_whales/dfo_crp/audio/northbc/DFOCRP.KkHK0R2F-NML1.SM2M-3.20131012_013600Z.flac,0,reviewed,Oo,Oo,orca_call,orca_call,orca_call,DFO_CRP:NorthBc:DFOCRP.KkHK0R2F-NML1.SM2M-3.20131012_013600Z.flac,"[{""call_type"":""orca_call"",""call_type_name"":""Killer whale call"",""review_status"":""reviewed"",""source"":""dclde_2027_DFO_CRP_NorthBc"",""species"":""Killer whale"",""species_code"":""Oo"",""trainable"":true}]",call:orca_call|species:Oo
dclde_DFO_CRP_NorthBc__DFOCRP.KkHK0R2F-NML1.SM2M-3.20131012_013600Z.flac_87.0s_87.8s_trainstyle,dclde_DFO_CRP_NorthBc__DFOCRP.KkHK0R2F-NML1.SM2M-3.20131012_013600Z.flac,DFOCRP.KkHK0R2F-NML1.SM2M-3.20131012_013600Z.flac,DFOCRP.KkHK0R2F-NML1.SM2M-3.20131012_013600Z.flac,86.976000,87.775000,86.976000,87.775000,86.976000,0.799000,dclde_DFO_CRP_NorthBc__DFOCRP.KkHK0R2F-NML1.SM2M-3.20131012_013600Z.flac_87.0s_87.8s_trainstyle.mat,mat_files/dclde_DFO_CRP_NorthBc__DFOCRP.KkHK0R2F-NML1.SM2M-3.20131012_013600Z.flac_87.0s_87.8s_trainstyle.mat,dclde_2027_DFO_CRP_NorthBc,359,DFO_CRP,NorthBc,DFOCRP.KkHK0R2F-NML1.SM2M-3.20131012_013600Z.flac,KW,species:Oo|call:orca_call,call:orca_call|species:Oo,Oo,orca_call,,TKW,Detection,1,1,1000,1343.75,dclde/2027/dclde_2027_killer_whales/dfo_crp/audio/northbc/DFOCRP.KkHK0R2F-NML1.SM2M-3.20131012_013600Z.flac,gs://noaa-passive-bioacoustic/dclde/2027/dclde_2027_killer_whales/dfo_crp/audio/northbc/DFOCRP.KkHK0R2F-NML1.SM2M-3.20131012_013600Z.flac,https://storage.googleapis.com/noaa-passive-bioacoustic/dclde/2027/dclde_2027_killer_whales/dfo_crp/audio/northbc/DFOCRP.KkHK0R2F-NML1.SM2M-3.20131012_013600Z.flac,0,reviewed,Oo,Oo,orca_call,orca_call,orca_call,DFO_CRP:NorthBc:DFOCRP.KkHK0R2F-NML1.SM2M-3.20131012_013600Z.flac,"[{""call_type"":""orca_call"",""call_type_name"":""Killer whale call"",""review_status"":""reviewed"",""source"":""dclde_2027_DFO_CRP_NorthBc"",""species"":""Killer whale"",""species_code"":""Oo"",""trainable"":true}]",call:orca_call|species:Oo
dclde_DFO_CRP_NorthBc__DFOCRP.KkHK0R2F-NML1.SM2M-3.20131012_013600Z.flac_97.8s_98.1s_trainstyle,dclde_DFO_CRP_NorthBc__DFOCRP.KkHK0R2F-NML1.SM2M-3.20131012_013600Z.flac,DFOCRP.KkHK0R2F-NML1.SM2M-3.20131012_013600Z.flac,DFOCRP.KkHK0R2F-NML1.SM2M-3.20131012_013600Z.flac,97.823000,98.127000,97.823000,98.127000,97.823000,0.304000,dclde_DFO_CRP_NorthBc__DFOCRP.KkHK0R2F-NML1.SM2M-3.20131012_013600Z.flac_97.8s_98.1s_trainstyle.mat,mat_files/dclde_DFO_CRP_NorthBc__DFOCRP.KkHK0R2F-NML1.SM2M-3.20131012_013600Z.flac_97.8s_98.1s_trainstyle.mat,dclde_2027_DFO_CRP_NorthBc,360,DFO_CRP,NorthBc,DFOCRP.KkHK0R2F-NML1.SM2M-3.20131012_013600Z.flac,KW,species:Oo|call:orca_call,call:orca_call|species:Oo,Oo,orca_call,,TKW,Detection,1,1,1531.25,1718.75,dclde/2027/dclde_2027_killer_whales/dfo_crp/audio/northbc/DFOCRP.KkHK0R2F-NML1.SM2M-3.20131012_013600Z.flac,gs://noaa-passive-bioacoustic/dclde/2027/dclde_2027_killer_whales/dfo_crp/audio/northbc/DFOCRP.KkHK0R2F-NML1.SM2M-3.20131012_013600Z.flac,https://storage.googleapis.com/noaa-passive-bioacoustic/dclde/2027/dclde_2027_killer_whales/dfo_crp/audio/northbc/DFOCRP.KkHK0R2F-NML1.SM2M-3.20131012_013600Z.flac,0,reviewed,Oo,Oo,orca_call,orca_call,orca_call,DFO_CRP:NorthBc:DFOCRP.KkHK0R2F-NML1.SM2M-3.20131012_013600Z.flac,"[{""call_type"":""orca_call"",""call_type_name"":""Killer whale call"",""review_status"":""reviewed"",""source"":""dclde_2027_DFO_CRP_NorthBc"",""species"":""Killer whale"",""species_code"":""Oo"",""trainable"":true}]",call:orca_call|species:Oo
dclde_DFO_CRP_NorthBc__DFOCRP.KkHK0R2F-NML1.SM2M-3.20131012_013600Z.flac_99.7s_100.3s_trainstyle,dclde_DFO_CRP_NorthBc__DFOCRP.KkHK0R2F-NML1.SM2M-3.20131012_013600Z.flac,DFOCRP.KkHK0R2F-NML1.SM2M-3.20131012_013600Z.flac,DFOCRP.KkHK0R2F-NML1.SM2M-3.20131012_013600Z.flac,99.727000,100.255000,99.727000,100.255000,99.727000,0.528000,dclde_DFO_CRP_NorthBc__DFOCRP.KkHK0R2F-NML1.SM2M-3.20131012_013600Z.flac_99.7s_100.3s_trainstyle.mat,mat_files/dclde_DFO_CRP_NorthBc__DFOCRP.KkHK0R2F-NML1.SM2M-3.20131012_013600Z.flac_99.7s_100.3s_trainstyle.mat,dclde_2027_DFO_CRP_NorthBc,361,DFO_CRP,NorthBc,DFOCRP.KkHK0R2F-NML1.SM2M-3.20131012_013600Z.flac,KW,species:Oo|call:orca_call,call:orca_call|species:Oo,Oo,orca_call,,TKW,Detection,1,1,937.5,1218.75,dclde/2027/dclde_2027_killer_whales/dfo_crp/audio/northbc/DFOCRP.KkHK0R2F-NML1.SM2M-3.20131012_013600Z.flac,gs://noaa-passive-bioacoustic/dclde/2027/dclde_2027_killer_whales/dfo_crp/audio/northbc/DFOCRP.KkHK0R2F-NML1.SM2M-3.20131012_013600Z.flac,https://storage.googleapis.com/noaa-passive-bioacoustic/dclde/2027/dclde_2027_killer_whales/dfo_crp/audio/northbc/DFOCRP.KkHK0R2F-NML1.SM2M-3.20131012_013600Z.flac,0,reviewed,Oo,Oo,orca_call,orca_call,orca_call,DFO_CRP:NorthBc:DFOCRP.KkHK0R2F-NML1.SM2M-3.20131012_013600Z.flac,"[{""call_type"":""orca_call"",""call_type_name"":""Killer whale call"",""review_status"":""reviewed"",""source"":""dclde_2027_DFO_CRP_NorthBc"",""species"":""Killer whale"",""species_code"":""Oo"",""trainable"":true}]",call:orca_call|species:Oo
dclde_DFO_CRP_NorthBc__DFOCRP.KkHK0R2F-NML1.SM2M-3.20131012_013600Z.flac_125.2s_125.6s_trainstyle,dclde_DFO_CRP_NorthBc__DFOCRP.KkHK0R2F-NML1.SM2M-3.20131012_013600Z.flac,DFOCRP.KkHK0R2F-NML1.SM2M-3.20131012_013600Z.flac,DFOCRP.KkHK0R2F-NML1.SM2M-3.20131012_013600Z.flac,125.200000,125.647000,125.200000,125.647000,125.200000,0.447000,dclde_DFO_CRP_NorthBc__DFOCRP.KkHK0R2F-NML1.SM2M-3.20131012_013600Z.flac_125.2s_125.6s_trainstyle.mat,mat_files/dclde_DFO_CRP_NorthBc__DFOCRP.KkHK0R2F-NML1.SM2M-3.20131012_013600Z.flac_125.2s_125.6s_trainstyle.mat,dclde_2027_DFO_CRP_NorthBc,362,DFO_CRP,NorthBc,DFOCRP.KkHK0R2F-NML1.SM2M-3.20131012_013600Z.flac,KW,species:Oo|call:orca_call,call:orca_call|species:Oo,Oo,orca_call,,TKW,Detection,1,1,2125,2468.75,dclde/2027/dclde_2027_killer_whales/dfo_crp/audio/northbc/DFOCRP.KkHK0R2F-NML1.SM2M-3.20131012_013600Z.flac,gs://noaa-passive-bioacoustic/dclde/2027/dclde_2027_killer_whales/dfo_crp/audio/northbc/DFOCRP.KkHK0R2F-NML1.SM2M-3.20131012_013600Z.flac,https://storage.googleapis.com/noaa-passive-bioacoustic/dclde/2027/dclde_2027_killer_whales/dfo_crp/audio/northbc/DFOCRP.KkHK0R2F-NML1.SM2M-3.20131012_013600Z.flac,0,reviewed,Oo,Oo,orca_call,orca_call,orca_call,DFO_CRP:NorthBc:DFOCRP.KkHK0R2F-NML1.SM2M-3.20131012_013600Z.flac,"[{""call_type"":""orca_call"",""call_type_name"":""Killer whale call"",""review_status"":""reviewed"",""source"":""dclde_2027_DFO_CRP_NorthBc"",""species"":""Killer whale"",""species_code"":""Oo"",""trainable"":true}]",call:orca_call|species:Oo
dclde_DFO_CRP_NorthBc__DFOCRP.KkHK0R2F-NML1.SM2M-3.20131012_013600Z.flac_126.1s_126.6s_trainstyle,dclde_DFO_CRP_NorthBc__DFOCRP.KkHK0R2F-NML1.SM2M-3.20131012_013600Z.flac,DFOCRP.KkHK0R2F-NML1.SM2M-3.20131012_013600Z.flac,DFOCRP.KkHK0R2F-NML1.SM2M-3.20131012_013600Z.flac,126.063000,126.624000,126.063000,126.624000,126.063000,0.561000,dclde_DFO_CRP_NorthBc__DFOCRP.KkHK0R2F-NML1.SM2M-3.20131012_013600Z.flac_126.1s_126.6s_trainstyle.mat,mat_files/dclde_DFO_CRP_NorthBc__DFOCRP.KkHK0R2F-NML1.SM2M-3.20131012_013600Z.flac_126.1s_126.6s_trainstyle.mat,dclde_2027_DFO_CRP_NorthBc,363,DFO_CRP,NorthBc,DFOCRP.KkHK0R2F-NML1.SM2M-3.20131012_013600Z.flac,KW,species:Oo|call:orca_call,call:orca_call|species:Oo,Oo,orca_call,,TKW,Detection,1,1,1656.25,1968.75,dclde/2027/dclde_2027_killer_whales/dfo_crp/audio/northbc/DFOCRP.KkHK0R2F-NML1.SM2M-3.20131012_013600Z.flac,gs://noaa-passive-bioacoustic/dclde/2027/dclde_2027_killer_whales/dfo_crp/audio/northbc/DFOCRP.KkHK0R2F-NML1.SM2M-3.20131012_013600Z.flac,https://storage.googleapis.com/noaa-passive-bioacoustic/dclde/2027/dclde_2027_killer_whales/dfo_crp/audio/northbc/DFOCRP.KkHK0R2F-NML1.SM2M-3.20131012_013600Z.flac,0,reviewed,Oo,Oo,orca_call,orca_call,orca_call,DFO_CRP:NorthBc:DFOCRP.KkHK0R2F-NML1.SM2M-3.20131012_013600Z.flac,"[{""call_type"":""orca_call"",""call_type_name"":""Killer whale call"",""review_status"":""reviewed"",""source"":""dclde_2027_DFO_CRP_NorthBc"",""species"":""Killer whale"",""species_code"":""Oo"",""trainable"":true}]",call:orca_call|species:Oo
dclde_DFO_CRP_NorthBc__DFOCRP.KkHK0R2F-NML1.SM2M-3.20131012_013600Z.flac_126.6s_126.9s_trainstyle,dclde_DFO_CRP_NorthBc__DFOCRP.KkHK0R2F-NML1.SM2M-3.20131012_013600Z.flac,DFOCRP.KkHK0R2F-NML1.SM2M-3.20131012_013600Z.flac,DFOCRP.KkHK0R2F-NML1.SM2M-3.20131012_013600Z.flac,126.592000,126.880000,126.592000,126.880000,126.592000,0.288000,dclde_DFO_CRP_NorthBc__DFOCRP.KkHK0R2F-NML1.SM2M-3.20131012_013600Z.flac_126.6s_126.9s_trainstyle.mat,mat_files/dclde_DFO_CRP_NorthBc__DFOCRP.KkHK0R2F-NML1.SM2M-3.20131012_013600Z.flac_126.6s_126.9s_trainstyle.mat,dclde_2027_DFO_CRP_NorthBc,364,DFO_CRP,NorthBc,DFOCRP.KkHK0R2F-NML1.SM2M-3.20131012_013600Z.flac,KW,species:Oo|call:orca_call,call:orca_call|species:Oo,Oo,orca_call,,TKW,Detection,1,1,1187.5,1375,dclde/2027/dclde_2027_killer_whales/dfo_crp/audio/northbc/DFOCRP.KkHK0R2F-NML1.SM2M-3.20131012_013600Z.flac,gs://noaa-passive-bioacoustic/dclde/2027/dclde_2027_killer_whales/dfo_crp/audio/northbc/DFOCRP.KkHK0R2F-NML1.SM2M-3.20131012_013600Z.flac,https://storage.googleapis.com/noaa-passive-bioacoustic/dclde/2027/dclde_2027_killer_whales/dfo_crp/audio/northbc/DFOCRP.KkHK0R2F-NML1.SM2M-3.20131012_013600Z.flac,0,reviewed,Oo,Oo,orca_call,orca_call,orca_call,DFO_CRP:NorthBc:DFOCRP.KkHK0R2F-NML1.SM2M-3.20131012_013600Z.flac,"[{""call_type"":""orca_call"",""call_type_name"":""Killer whale call"",""review_status"":""reviewed"",""source"":""dclde_2027_DFO_CRP_NorthBc"",""species"":""Killer whale"",""species_code"":""Oo"",""trainable"":true}]",call:orca_call|species:Oo
dclde_DFO_CRP_NorthBc__DFOCRP.KkHK0R2F-NML1.SM2M-3.20131012_013600Z.flac_136.2s_137.2s_trainstyle,dclde_DFO_CRP_NorthBc__DFOCRP.KkHK0R2F-NML1.SM2M-3.20131012_013600Z.flac,DFOCRP.KkHK0R2F-NML1.SM2M-3.20131012_013600Z.flac,DFOCRP.KkHK0R2F-NML1.SM2M-3.20131012_013600Z.flac,136.223000,137.199000,136.223000,137.199000,136.223000,0.976000,dclde_DFO_CRP_NorthBc__DFOCRP.KkHK0R2F-NML1.SM2M-3.20131012_013600Z.flac_136.2s_137.2s_trainstyle.mat,mat_files/dclde_DFO_CRP_NorthBc__DFOCRP.KkHK0R2F-NML1.SM2M-3.20131012_013600Z.flac_136.2s_137.2s_trainstyle.mat,dclde_2027_DFO_CRP_NorthBc,365,DFO_CRP,NorthBc,DFOCRP.KkHK0R2F-NML1.SM2M-3.20131012_013600Z.flac,KW,species:Oo|call:orca_call,call:orca_call|species:Oo,Oo,orca_call,,TKW,Detection,1,1,1687.5,2250,dclde/2027/dclde_2027_killer_whales/dfo_crp/audio/northbc/DFOCRP.KkHK0R2F-NML1.SM2M-3.20131012_013600Z.flac,gs://noaa-passive-bioacoustic/dclde/2027/dclde_2027_killer_whales/dfo_crp/audio/northbc/DFOCRP.KkHK0R2F-NML1.SM2M-3.20131012_013600Z.flac,https://storage.googleapis.com/noaa-passive-bioacoustic/dclde/2027/dclde_2027_killer_whales/dfo_crp/audio/northbc/DFOCRP.KkHK0R2F-NML1.SM2M-3.20131012_013600Z.flac,0,reviewed,Oo,Oo,orca_call,orca_call,orca_call,DFO_CRP:NorthBc:DFOCRP.KkHK0R2F-NML1.SM2M-3.20131012_013600Z.flac,"[{""call_type"":""orca_call"",""call_type_name"":""Killer whale call"",""review_status"":""reviewed"",""source"":""dclde_2027_DFO_CRP_NorthBc"",""species"":""Killer whale"",""species_code"":""Oo"",""trainable"":true}]",call:orca_call|species:Oo
dclde_DFO_CRP_NorthBc__DFOCRP.KkHK0R2F-NML1.SM2M-3.20131012_013600Z.flac_137.0s_138.0s_trainstyle,dclde_DFO_CRP_NorthBc__DFOCRP.KkHK0R2F-NML1.SM2M-3.20131012_013600Z.flac,DFOCRP.KkHK0R2F-NML1.SM2M-3.20131012_013600Z.flac,DFOCRP.KkHK0R2F-NML1.SM2M-3.20131012_013600Z.flac,137.007000,138.000000,137.007000,138.000000,137.007000,0.993000,dclde_DFO_CRP_NorthBc__DFOCRP.KkHK0R2F-NML1.SM2M-3.20131012_013600Z.flac_137.0s_138.0s_trainstyle.mat,mat_files/dclde_DFO_CRP_NorthBc__DFOCRP.KkHK0R2F-NML1.SM2M-3.20131012_013600Z.flac_137.0s_138.0s_trainstyle.mat,dclde_2027_DFO_CRP_NorthBc,366,DFO_CRP,NorthBc,DFOCRP.KkHK0R2F-NML1.SM2M-3.20131012_013600Z.flac,KW,species:Oo|call:orca_call,call:orca_call|species:Oo,Oo,orca_call,,TKW,Detection,1,1,812.5,1531.25,dclde/2027/dclde_2027_killer_whales/dfo_crp/audio/northbc/DFOCRP.KkHK0R2F-NML1.SM2M-3.20131012_013600Z.flac,gs://noaa-passive-bioacoustic/dclde/2027/dclde_2027_killer_whales/dfo_crp/audio/northbc/DFOCRP.KkHK0R2F-NML1.SM2M-3.20131012_013600Z.flac,https://storage.googleapis.com/noaa-passive-bioacoustic/dclde/2027/dclde_2027_killer_whales/dfo_crp/audio/northbc/DFOCRP.KkHK0R2F-NML1.SM2M-3.20131012_013600Z.flac,0,reviewed,Oo,Oo,orca_call,orca_call,orca_call,DFO_CRP:NorthBc:DFOCRP.KkHK0R2F-NML1.SM2M-3.20131012_013600Z.flac,"[{""call_type"":""orca_call"",""call_type_name"":""Killer whale call"",""review_status"":""reviewed"",""source"":""dclde_2027_DFO_CRP_NorthBc"",""species"":""Killer whale"",""species_code"":""Oo"",""trainable"":true}]",call:orca_call|species:Oo
dclde_DFO_CRP_NorthBc__DFOCRP.KkHK0R2F-NML1.SM2M-3.20131012_013600Z.flac_138.0s_138.4s_trainstyle,dclde_DFO_CRP_NorthBc__DFOCRP.KkHK0R2F-NML1.SM2M-3.20131012_013600Z.flac,DFOCRP.KkHK0R2F-NML1.SM2M-3.20131012_013600Z.flac,DFOCRP.KkHK0R2F-NML1.SM2M-3.20131012_013600Z.flac,138.015000,138.399000,138.015000,138.399000,138.015000,0.384000,dclde_DFO_CRP_NorthBc__DFOCRP.KkHK0R2F-NML1.SM2M-3.20131012_013600Z.flac_138.0s_138.4s_trainstyle.mat,mat_files/dclde_DFO_CRP_NorthBc__DFOCRP.KkHK0R2F-NML1.SM2M-3.20131012_013600Z.flac_138.0s_138.4s_trainstyle.mat,dclde_2027_DFO_CRP_NorthBc,367,DFO_CRP,NorthBc,DFOCRP.KkHK0R2F-NML1.SM2M-3.20131012_013600Z.flac,KW,species:Oo|call:orca_call,call:orca_call|species:Oo,Oo,orca_call,,TKW,Detection,1,1,1468.75,1562.5,dclde/2027/dclde_2027_killer_whales/dfo_crp/audio/northbc/DFOCRP.KkHK0R2F-NML1.SM2M-3.20131012_013600Z.flac,gs://noaa-passive-bioacoustic/dclde/2027/dclde_2027_killer_whales/dfo_crp/audio/northbc/DFOCRP.KkHK0R2F-NML1.SM2M-3.20131012_013600Z.flac,https://storage.googleapis.com/noaa-passive-bioacoustic/dclde/2027/dclde_2027_killer_whales/dfo_crp/audio/northbc/DFOCRP.KkHK0R2F-NML1.SM2M-3.20131012_013600Z.flac,0,reviewed,Oo,Oo,orca_call,orca_call,orca_call,DFO_CRP:NorthBc:DFOCRP.KkHK0R2F-NML1.SM2M-3.20131012_013600Z.flac,"[{""call_type"":""orca_call"",""call_type_name"":""Killer whale call"",""review_status"":""reviewed"",""source"":""dclde_2027_DFO_CRP_NorthBc"",""species"":""Killer whale"",""species_code"":""Oo"",""trainable"":true}]",call:orca_call|species:Oo
dclde_DFO_CRP_NorthBc__DFOCRP.KkHK0R2F-NML1.SM2M-3.20131012_013600Z.flac_144.7s_145.4s_trainstyle,dclde_DFO_CRP_NorthBc__DFOCRP.KkHK0R2F-NML1.SM2M-3.20131012_013600Z.flac,DFOCRP.KkHK0R2F-NML1.SM2M-3.20131012_013600Z.flac,DFOCRP.KkHK0R2F-NML1.SM2M-3.20131012_013600Z.flac,144.719000,145.375000,144.719000,145.375000,144.719000,0.656000,dclde_DFO_CRP_NorthBc__DFOCRP.KkHK0R2F-NML1.SM2M-3.20131012_013600Z.flac_144.7s_145.4s_trainstyle.mat,mat_files/dclde_DFO_CRP_NorthBc__DFOCRP.KkHK0R2F-NML1.SM2M-3.20131012_013600Z.flac_144.7s_145.4s_trainstyle.mat,dclde_2027_DFO_CRP_NorthBc,368,DFO_CRP,NorthBc,DFOCRP.KkHK0R2F-NML1.SM2M-3.20131012_013600Z.flac,KW,species:Oo|call:orca_call,call:orca_call|species:Oo,Oo,orca_call,,TKW,Detection,1,1,1437.5,1687.5,dclde/2027/dclde_2027_killer_whales/dfo_crp/audio/northbc/DFOCRP.KkHK0R2F-NML1.SM2M-3.20131012_013600Z.flac,gs://noaa-passive-bioacoustic/dclde/2027/dclde_2027_killer_whales/dfo_crp/audio/northbc/DFOCRP.KkHK0R2F-NML1.SM2M-3.20131012_013600Z.flac,https://storage.googleapis.com/noaa-passive-bioacoustic/dclde/2027/dclde_2027_killer_whales/dfo_crp/audio/northbc/DFOCRP.KkHK0R2F-NML1.SM2M-3.20131012_013600Z.flac,0,reviewed,Oo,Oo,orca_call,orca_call,orca_call,DFO_CRP:NorthBc:DFOCRP.KkHK0R2F-NML1.SM2M-3.20131012_013600Z.flac,"[{""call_type"":""orca_call"",""call_type_name"":""Killer whale call"",""review_status"":""reviewed"",""source"":""dclde_2027_DFO_CRP_NorthBc"",""species"":""Killer whale"",""species_code"":""Oo"",""trainable"":true}]",call:orca_call|species:Oo
dclde_DFO_CRP_NorthBc__DFOCRP.KkHK0R2F-NML1.SM2M-3.20131012_013600Z.flac_146.1s_146.7s_trainstyle,dclde_DFO_CRP_NorthBc__DFOCRP.KkHK0R2F-NML1.SM2M-3.20131012_013600Z.flac,DFOCRP.KkHK0R2F-NML1.SM2M-3.20131012_013600Z.flac,DFOCRP.KkHK0R2F-NML1.SM2M-3.20131012_013600Z.flac,146.111000,146.719000,146.111000,146.719000,146.111000,0.608000,dclde_DFO_CRP_NorthBc__DFOCRP.KkHK0R2F-NML1.SM2M-3.20131012_013600Z.flac_146.1s_146.7s_trainstyle.mat,mat_files/dclde_DFO_CRP_NorthBc__DFOCRP.KkHK0R2F-NML1.SM2M-3.20131012_013600Z.flac_146.1s_146.7s_trainstyle.mat,dclde_2027_DFO_CRP_NorthBc,369,DFO_CRP,NorthBc,DFOCRP.KkHK0R2F-NML1.SM2M-3.20131012_013600Z.flac,KW,species:Oo|call:orca_call,call:orca_call|species:Oo,Oo,orca_call,,TKW,Detection,1,1,1843.75,1968.75,dclde/2027/dclde_2027_killer_whales/dfo_crp/audio/northbc/DFOCRP.KkHK0R2F-NML1.SM2M-3.20131012_013600Z.flac,gs://noaa-passive-bioacoustic/dclde/2027/dclde_2027_killer_whales/dfo_crp/audio/northbc/DFOCRP.KkHK0R2F-NML1.SM2M-3.20131012_013600Z.flac,https://storage.googleapis.com/noaa-passive-bioacoustic/dclde/2027/dclde_2027_killer_whales/dfo_crp/audio/northbc/DFOCRP.KkHK0R2F-NML1.SM2M-3.20131012_013600Z.flac,0,reviewed,Oo,Oo,orca_call,orca_call,orca_call,DFO_CRP:NorthBc:DFOCRP.KkHK0R2F-NML1.SM2M-3.20131012_013600Z.flac,"[{""call_type"":""orca_call"",""call_type_name"":""Killer whale call"",""review_status"":""reviewed"",""source"":""dclde_2027_DFO_CRP_NorthBc"",""species"":""Killer whale"",""species_code"":""Oo"",""trainable"":true}]",call:orca_call|species:Oo
dclde_DFO_CRP_NorthBc__DFOCRP.KkHK0R2F-NML1.SM2M-3.20131012_013600Z.flac_158.6s_159.0s_trainstyle,dclde_DFO_CRP_NorthBc__DFOCRP.KkHK0R2F-NML1.SM2M-3.20131012_013600Z.flac,DFOCRP.KkHK0R2F-NML1.SM2M-3.20131012_013600Z.flac,DFOCRP.KkHK0R2F-NML1.SM2M-3.20131012_013600Z.flac,158.559000,158.975000,158.559000,158.975000,158.559000,0.416000,dclde_DFO_CRP_NorthBc__DFOCRP.KkHK0R2F-NML1.SM2M-3.20131012_013600Z.flac_158.6s_159.0s_trainstyle.mat,mat_files/dclde_DFO_CRP_NorthBc__DFOCRP.KkHK0R2F-NML1.SM2M-3.20131012_013600Z.flac_158.6s_159.0s_trainstyle.mat,dclde_2027_DFO_CRP_NorthBc,370,DFO_CRP,NorthBc,DFOCRP.KkHK0R2F-NML1.SM2M-3.20131012_013600Z.flac,KW,species:Oo|call:orca_call,call:orca_call|species:Oo,Oo,orca_call,,TKW,Detection,1,1,1437.5,1718.75,dclde/2027/dclde_2027_killer_whales/dfo_crp/audio/northbc/DFOCRP.KkHK0R2F-NML1.SM2M-3.20131012_013600Z.flac,gs://noaa-passive-bioacoustic/dclde/2027/dclde_2027_killer_whales/dfo_crp/audio/northbc/DFOCRP.KkHK0R2F-NML1.SM2M-3.20131012_013600Z.flac,https://storage.googleapis.com/noaa-passive-bioacoustic/dclde/2027/dclde_2027_killer_whales/dfo_crp/audio/northbc/DFOCRP.KkHK0R2F-NML1.SM2M-3.20131012_013600Z.flac,0,reviewed,Oo,Oo,orca_call,orca_call,orca_call,DFO_CRP:NorthBc:DFOCRP.KkHK0R2F-NML1.SM2M-3.20131012_013600Z.flac,"[{""call_type"":""orca_call"",""call_type_name"":""Killer whale call"",""review_status"":""reviewed"",""source"":""dclde_2027_DFO_CRP_NorthBc"",""species"":""Killer whale"",""species_code"":""Oo"",""trainable"":true}]",call:orca_call|species:Oo
dclde_DFO_CRP_NorthBc__DFOCRP.KkHK0R2F-NML1.SM2M-3.20131012_013600Z.flac_160.7s_160.9s_trainstyle,dclde_DFO_CRP_NorthBc__DFOCRP.KkHK0R2F-NML1.SM2M-3.20131012_013600Z.flac,DFOCRP.KkHK0R2F-NML1.SM2M-3.20131012_013600Z.flac,DFOCRP.KkHK0R2F-NML1.SM2M-3.20131012_013600Z.flac,160.688000,160.944000,160.688000,160.944000,160.688000,0.256000,dclde_DFO_CRP_NorthBc__DFOCRP.KkHK0R2F-NML1.SM2M-3.20131012_013600Z.flac_160.7s_160.9s_trainstyle.mat,mat_files/dclde_DFO_CRP_NorthBc__DFOCRP.KkHK0R2F-NML1.SM2M-3.20131012_013600Z.flac_160.7s_160.9s_trainstyle.mat,dclde_2027_DFO_CRP_NorthBc,371,DFO_CRP,NorthBc,DFOCRP.KkHK0R2F-NML1.SM2M-3.20131012_013600Z.flac,KW,species:Oo|call:orca_call,call:orca_call|species:Oo,Oo,orca_call,,TKW,Detection,1,1,1437.5,1750,dclde/2027/dclde_2027_killer_whales/dfo_crp/audio/northbc/DFOCRP.KkHK0R2F-NML1.SM2M-3.20131012_013600Z.flac,gs://noaa-passive-bioacoustic/dclde/2027/dclde_2027_killer_whales/dfo_crp/audio/northbc/DFOCRP.KkHK0R2F-NML1.SM2M-3.20131012_013600Z.flac,https://storage.googleapis.com/noaa-passive-bioacoustic/dclde/2027/dclde_2027_killer_whales/dfo_crp/audio/northbc/DFOCRP.KkHK0R2F-NML1.SM2M-3.20131012_013600Z.flac,0,reviewed,Oo,Oo,orca_call,orca_call,orca_call,DFO_CRP:NorthBc:DFOCRP.KkHK0R2F-NML1.SM2M-3.20131012_013600Z.flac,"[{""call_type"":""orca_call"",""call_type_name"":""Killer whale call"",""review_status"":""reviewed"",""source"":""dclde_2027_DFO_CRP_NorthBc"",""species"":""Killer whale"",""species_code"":""Oo"",""trainable"":true}]",call:orca_call|species:Oo
dclde_DFO_CRP_NorthBc__DFOCRP.KkHK0R2F-NML1.SM2M-3.20131012_013600Z.flac_169.7s_170.1s_trainstyle,dclde_DFO_CRP_NorthBc__DFOCRP.KkHK0R2F-NML1.SM2M-3.20131012_013600Z.flac,DFOCRP.KkHK0R2F-NML1.SM2M-3.20131012_013600Z.flac,DFOCRP.KkHK0R2F-NML1.SM2M-3.20131012_013600Z.flac,169.663000,170.143000,169.663000,170.143000,169.663000,0.480000,dclde_DFO_CRP_NorthBc__DFOCRP.KkHK0R2F-NML1.SM2M-3.20131012_013600Z.flac_169.7s_170.1s_trainstyle.mat,mat_files/dclde_DFO_CRP_NorthBc__DFOCRP.KkHK0R2F-NML1.SM2M-3.20131012_013600Z.flac_169.7s_170.1s_trainstyle.mat,dclde_2027_DFO_CRP_NorthBc,372,DFO_CRP,NorthBc,DFOCRP.KkHK0R2F-NML1.SM2M-3.20131012_013600Z.flac,KW,species:Oo|call:orca_call,call:orca_call|species:Oo,Oo,orca_call,,TKW,Detection,1,1,1031.25,1437.5,dclde/2027/dclde_2027_killer_whales/dfo_crp/audio/northbc/DFOCRP.KkHK0R2F-NML1.SM2M-3.20131012_013600Z.flac,gs://noaa-passive-bioacoustic/dclde/2027/dclde_2027_killer_whales/dfo_crp/audio/northbc/DFOCRP.KkHK0R2F-NML1.SM2M-3.20131012_013600Z.flac,https://storage.googleapis.com/noaa-passive-bioacoustic/dclde/2027/dclde_2027_killer_whales/dfo_crp/audio/northbc/DFOCRP.KkHK0R2F-NML1.SM2M-3.20131012_013600Z.flac,0,reviewed,Oo,Oo,orca_call,orca_call,orca_call,DFO_CRP:NorthBc:DFOCRP.KkHK0R2F-NML1.SM2M-3.20131012_013600Z.flac,"[{""call_type"":""orca_call"",""call_type_name"":""Killer whale call"",""review_status"":""reviewed"",""source"":""dclde_2027_DFO_CRP_NorthBc"",""species"":""Killer whale"",""species_code"":""Oo"",""trainable"":true}]",call:orca_call|species:Oo
dclde_DFO_CRP_NorthBc__DFOCRP.KkHK0R2F-NML1.SM2M-3.20131012_013600Z.flac_186.3s_186.8s_trainstyle,dclde_DFO_CRP_NorthBc__DFOCRP.KkHK0R2F-NML1.SM2M-3.20131012_013600Z.flac,DFOCRP.KkHK0R2F-NML1.SM2M-3.20131012_013600Z.flac,DFOCRP.KkHK0R2F-NML1.SM2M-3.20131012_013600Z.flac,186.272000,186.784000,186.272000,186.784000,186.272000,0.512000,dclde_DFO_CRP_NorthBc__DFOCRP.KkHK0R2F-NML1.SM2M-3.20131012_013600Z.flac_186.3s_186.8s_trainstyle.mat,mat_files/dclde_DFO_CRP_NorthBc__DFOCRP.KkHK0R2F-NML1.SM2M-3.20131012_013600Z.flac_186.3s_186.8s_trainstyle.mat,dclde_2027_DFO_CRP_NorthBc,373,DFO_CRP,NorthBc,DFOCRP.KkHK0R2F-NML1.SM2M-3.20131012_013600Z.flac,KW,species:Oo|call:orca_call,call:orca_call|species:Oo,Oo,orca_call,,TKW,Detection,1,1,1812.5,2625,dclde/2027/dclde_2027_killer_whales/dfo_crp/audio/northbc/DFOCRP.KkHK0R2F-NML1.SM2M-3.20131012_013600Z.flac,gs://noaa-passive-bioacoustic/dclde/2027/dclde_2027_killer_whales/dfo_crp/audio/northbc/DFOCRP.KkHK0R2F-NML1.SM2M-3.20131012_013600Z.flac,https://storage.googleapis.com/noaa-passive-bioacoustic/dclde/2027/dclde_2027_killer_whales/dfo_crp/audio/northbc/DFOCRP.KkHK0R2F-NML1.SM2M-3.20131012_013600Z.flac,0,reviewed,Oo,Oo,orca_call,orca_call,orca_call,DFO_CRP:NorthBc:DFOCRP.KkHK0R2F-NML1.SM2M-3.20131012_013600Z.flac,"[{""call_type"":""orca_call"",""call_type_name"":""Killer whale call"",""review_status"":""reviewed"",""source"":""dclde_2027_DFO_CRP_NorthBc"",""species"":""Killer whale"",""species_code"":""Oo"",""trainable"":true}]",call:orca_call|species:Oo
dclde_DFO_CRP_NorthBc__DFOCRP.KkHK0R2F-NML1.SM2M-3.20131012_013600Z.flac_261.3s_261.7s_trainstyle,dclde_DFO_CRP_NorthBc__DFOCRP.KkHK0R2F-NML1.SM2M-3.20131012_013600Z.flac,DFOCRP.KkHK0R2F-NML1.SM2M-3.20131012_013600Z.flac,DFOCRP.KkHK0R2F-NML1.SM2M-3.20131012_013600Z.flac,261.263000,261.711000,261.263000,261.711000,261.263000,0.448000,dclde_DFO_CRP_NorthBc__DFOCRP.KkHK0R2F-NML1.SM2M-3.20131012_013600Z.flac_261.3s_261.7s_trainstyle.mat,mat_files/dclde_DFO_CRP_NorthBc__DFOCRP.KkHK0R2F-NML1.SM2M-3.20131012_013600Z.flac_261.3s_261.7s_trainstyle.mat,dclde_2027_DFO_CRP_NorthBc,374,DFO_CRP,NorthBc,DFOCRP.KkHK0R2F-NML1.SM2M-3.20131012_013600Z.flac,KW,species:Oo|call:orca_call,call:orca_call|species:Oo,Oo,orca_call,,TKW,Detection,1,1,1062.5,1281.25,dclde/2027/dclde_2027_killer_whales/dfo_crp/audio/northbc/DFOCRP.KkHK0R2F-NML1.SM2M-3.20131012_013600Z.flac,gs://noaa-passive-bioacoustic/dclde/2027/dclde_2027_killer_whales/dfo_crp/audio/northbc/DFOCRP.KkHK0R2F-NML1.SM2M-3.20131012_013600Z.flac,https://storage.googleapis.com/noaa-passive-bioacoustic/dclde/2027/dclde_2027_killer_whales/dfo_crp/audio/northbc/DFOCRP.KkHK0R2F-NML1.SM2M-3.20131012_013600Z.flac,0,reviewed,Oo,Oo,orca_call,orca_call,orca_call,DFO_CRP:NorthBc:DFOCRP.KkHK0R2F-NML1.SM2M-3.20131012_013600Z.flac,"[{""call_type"":""orca_call"",""call_type_name"":""Killer whale call"",""review_status"":""reviewed"",""source"":""dclde_2027_DFO_CRP_NorthBc"",""species"":""Killer whale"",""species_code"":""Oo"",""trainable"":true}]",call:orca_call|species:Oo
dclde_DFO_CRP_NorthBc__DFOCRP.KkHK0R2F-NML1.SM2M-3.20131012_013600Z.flac_263.0s_263.4s_trainstyle,dclde_DFO_CRP_NorthBc__DFOCRP.KkHK0R2F-NML1.SM2M-3.20131012_013600Z.flac,DFOCRP.KkHK0R2F-NML1.SM2M-3.20131012_013600Z.flac,DFOCRP.KkHK0R2F-NML1.SM2M-3.20131012_013600Z.flac,262.992000,263.360000,262.992000,263.360000,262.992000,0.368000,dclde_DFO_CRP_NorthBc__DFOCRP.KkHK0R2F-NML1.SM2M-3.20131012_013600Z.flac_263.0s_263.4s_trainstyle.mat,mat_files/dclde_DFO_CRP_NorthBc__DFOCRP.KkHK0R2F-NML1.SM2M-3.20131012_013600Z.flac_263.0s_263.4s_trainstyle.mat,dclde_2027_DFO_CRP_NorthBc,375,DFO_CRP,NorthBc,DFOCRP.KkHK0R2F-NML1.SM2M-3.20131012_013600Z.flac,KW,species:Oo|call:orca_call,call:orca_call|species:Oo,Oo,orca_call,,TKW,Detection,1,1,906.25,1156.25,dclde/2027/dclde_2027_killer_whales/dfo_crp/audio/northbc/DFOCRP.KkHK0R2F-NML1.SM2M-3.20131012_013600Z.flac,gs://noaa-passive-bioacoustic/dclde/2027/dclde_2027_killer_whales/dfo_crp/audio/northbc/DFOCRP.KkHK0R2F-NML1.SM2M-3.20131012_013600Z.flac,https://storage.googleapis.com/noaa-passive-bioacoustic/dclde/2027/dclde_2027_killer_whales/dfo_crp/audio/northbc/DFOCRP.KkHK0R2F-NML1.SM2M-3.20131012_013600Z.flac,0,reviewed,Oo,Oo,orca_call,orca_call,orca_call,DFO_CRP:NorthBc:DFOCRP.KkHK0R2F-NML1.SM2M-3.20131012_013600Z.flac,"[{""call_type"":""orca_call"",""call_type_name"":""Killer whale call"",""review_status"":""reviewed"",""source"":""dclde_2027_DFO_CRP_NorthBc"",""species"":""Killer whale"",""species_code"":""Oo"",""trainable"":true}]",call:orca_call|species:Oo
dclde_DFO_CRP_NorthBc__DFOCRP.KkHK0R2F-NML1.SM2M-3.20131012_013600Z.flac_273.0s_273.4s_trainstyle,dclde_DFO_CRP_NorthBc__DFOCRP.KkHK0R2F-NML1.SM2M-3.20131012_013600Z.flac,DFOCRP.KkHK0R2F-NML1.SM2M-3.20131012_013600Z.flac,DFOCRP.KkHK0R2F-NML1.SM2M-3.20131012_013600Z.flac,273.039000,273.423000,273.039000,273.423000,273.039000,0.384000,dclde_DFO_CRP_NorthBc__DFOCRP.KkHK0R2F-NML1.SM2M-3.20131012_013600Z.flac_273.0s_273.4s_trainstyle.mat,mat_files/dclde_DFO_CRP_NorthBc__DFOCRP.KkHK0R2F-NML1.SM2M-3.20131012_013600Z.flac_273.0s_273.4s_trainstyle.mat,dclde_2027_DFO_CRP_NorthBc,376,DFO_CRP,NorthBc,DFOCRP.KkHK0R2F-NML1.SM2M-3.20131012_013600Z.flac,KW,species:Oo|call:orca_call,call:orca_call|species:Oo,Oo,orca_call,,TKW,Detection,1,1,1562.5,1718.75,dclde/2027/dclde_2027_killer_whales/dfo_crp/audio/northbc/DFOCRP.KkHK0R2F-NML1.SM2M-3.20131012_013600Z.flac,gs://noaa-passive-bioacoustic/dclde/2027/dclde_2027_killer_whales/dfo_crp/audio/northbc/DFOCRP.KkHK0R2F-NML1.SM2M-3.20131012_013600Z.flac,https://storage.googleapis.com/noaa-passive-bioacoustic/dclde/2027/dclde_2027_killer_whales/dfo_crp/audio/northbc/DFOCRP.KkHK0R2F-NML1.SM2M-3.20131012_013600Z.flac,0,reviewed,Oo,Oo,orca_call,orca_call,orca_call,DFO_CRP:NorthBc:DFOCRP.KkHK0R2F-NML1.SM2M-3.20131012_013600Z.flac,"[{""call_type"":""orca_call"",""call_type_name"":""Killer whale call"",""review_status"":""reviewed"",""source"":""dclde_2027_DFO_CRP_NorthBc"",""species"":""Killer whale"",""species_code"":""Oo"",""trainable"":true}]",call:orca_call|species:Oo
dclde_DFO_CRP_NorthBc__DFOCRP.KkHK0R2F-NML1.SM2M-3.20131012_013600Z.flac_273.6s_274.4s_trainstyle,dclde_DFO_CRP_NorthBc__DFOCRP.KkHK0R2F-NML1.SM2M-3.20131012_013600Z.flac,DFOCRP.KkHK0R2F-NML1.SM2M-3.20131012_013600Z.flac,DFOCRP.KkHK0R2F-NML1.SM2M-3.20131012_013600Z.flac,273.615000,274.368000,273.615000,274.368000,273.615000,0.753000,dclde_DFO_CRP_NorthBc__DFOCRP.KkHK0R2F-NML1.SM2M-3.20131012_013600Z.flac_273.6s_274.4s_trainstyle.mat,mat_files/dclde_DFO_CRP_NorthBc__DFOCRP.KkHK0R2F-NML1.SM2M-3.20131012_013600Z.flac_273.6s_274.4s_trainstyle.mat,dclde_2027_DFO_CRP_NorthBc,377,DFO_CRP,NorthBc,DFOCRP.KkHK0R2F-NML1.SM2M-3.20131012_013600Z.flac,KW,species:Oo|call:orca_call,call:orca_call|species:Oo,Oo,orca_call,,TKW,Detection,1,1,1062.5,1312.5,dclde/2027/dclde_2027_killer_whales/dfo_crp/audio/northbc/DFOCRP.KkHK0R2F-NML1.SM2M-3.20131012_013600Z.flac,gs://noaa-passive-bioacoustic/dclde/2027/dclde_2027_killer_whales/dfo_crp/audio/northbc/DFOCRP.KkHK0R2F-NML1.SM2M-3.20131012_013600Z.flac,https://storage.googleapis.com/noaa-passive-bioacoustic/dclde/2027/dclde_2027_killer_whales/dfo_crp/audio/northbc/DFOCRP.KkHK0R2F-NML1.SM2M-3.20131012_013600Z.flac,0,reviewed,Oo,Oo,orca_call,orca_call,orca_call,DFO_CRP:NorthBc:DFOCRP.KkHK0R2F-NML1.SM2M-3.20131012_013600Z.flac,"[{""call_type"":""orca_call"",""call_type_name"":""Killer whale call"",""review_status"":""reviewed"",""source"":""dclde_2027_DFO_CRP_NorthBc"",""species"":""Killer whale"",""species_code"":""Oo"",""trainable"":true}]",call:orca_call|species:Oo
dclde_DFO_CRP_NorthBc__DFOCRP.KkHK0R2F-NML1.SM2M-3.20131012_013600Z.flac_275.8s_276.2s_trainstyle,dclde_DFO_CRP_NorthBc__DFOCRP.KkHK0R2F-NML1.SM2M-3.20131012_013600Z.flac,DFOCRP.KkHK0R2F-NML1.SM2M-3.20131012_013600Z.flac,DFOCRP.KkHK0R2F-NML1.SM2M-3.20131012_013600Z.flac,275.823000,276.207000,275.823000,276.207000,275.823000,0.384000,dclde_DFO_CRP_NorthBc__DFOCRP.KkHK0R2F-NML1.SM2M-3.20131012_013600Z.flac_275.8s_276.2s_trainstyle.mat,mat_files/dclde_DFO_CRP_NorthBc__DFOCRP.KkHK0R2F-NML1.SM2M-3.20131012_013600Z.flac_275.8s_276.2s_trainstyle.mat,dclde_2027_DFO_CRP_NorthBc,378,DFO_CRP,NorthBc,DFOCRP.KkHK0R2F-NML1.SM2M-3.20131012_013600Z.flac,KW,species:Oo|call:orca_call,call:orca_call|species:Oo,Oo,orca_call,,TKW,Detection,1,1,906.25,1093.75,dclde/2027/dclde_2027_killer_whales/dfo_crp/audio/northbc/DFOCRP.KkHK0R2F-NML1.SM2M-3.20131012_013600Z.flac,gs://noaa-passive-bioacoustic/dclde/2027/dclde_2027_killer_whales/dfo_crp/audio/northbc/DFOCRP.KkHK0R2F-NML1.SM2M-3.20131012_013600Z.flac,https://storage.googleapis.com/noaa-passive-bioacoustic/dclde/2027/dclde_2027_killer_whales/dfo_crp/audio/northbc/DFOCRP.KkHK0R2F-NML1.SM2M-3.20131012_013600Z.flac,0,reviewed,Oo,Oo,orca_call,orca_call,orca_call,DFO_CRP:NorthBc:DFOCRP.KkHK0R2F-NML1.SM2M-3.20131012_013600Z.flac,"[{""call_type"":""orca_call"",""call_type_name"":""Killer whale call"",""review_status"":""reviewed"",""source"":""dclde_2027_DFO_CRP_NorthBc"",""species"":""Killer whale"",""species_code"":""Oo"",""trainable"":true}]",call:orca_call|species:Oo
dclde_DFO_CRP_NorthBc__DFOCRP.KkHK0R2F-NML1.SM2M-3.20131012_013600Z.flac_284.2s_284.4s_trainstyle,dclde_DFO_CRP_NorthBc__DFOCRP.KkHK0R2F-NML1.SM2M-3.20131012_013600Z.flac,DFOCRP.KkHK0R2F-NML1.SM2M-3.20131012_013600Z.flac,DFOCRP.KkHK0R2F-NML1.SM2M-3.20131012_013600Z.flac,284.176000,284.432000,284.176000,284.432000,284.176000,0.256000,dclde_DFO_CRP_NorthBc__DFOCRP.KkHK0R2F-NML1.SM2M-3.20131012_013600Z.flac_284.2s_284.4s_trainstyle.mat,mat_files/dclde_DFO_CRP_NorthBc__DFOCRP.KkHK0R2F-NML1.SM2M-3.20131012_013600Z.flac_284.2s_284.4s_trainstyle.mat,dclde_2027_DFO_CRP_NorthBc,379,DFO_CRP,NorthBc,DFOCRP.KkHK0R2F-NML1.SM2M-3.20131012_013600Z.flac,KW,species:Oo|call:orca_call,call:orca_call|species:Oo,Oo,orca_call,,TKW,Detection,1,1,1281.25,1562.5,dclde/2027/dclde_2027_killer_whales/dfo_crp/audio/northbc/DFOCRP.KkHK0R2F-NML1.SM2M-3.20131012_013600Z.flac,gs://noaa-passive-bioacoustic/dclde/2027/dclde_2027_killer_whales/dfo_crp/audio/northbc/DFOCRP.KkHK0R2F-NML1.SM2M-3.20131012_013600Z.flac,https://storage.googleapis.com/noaa-passive-bioacoustic/dclde/2027/dclde_2027_killer_whales/dfo_crp/audio/northbc/DFOCRP.KkHK0R2F-NML1.SM2M-3.20131012_013600Z.flac,0,reviewed,Oo,Oo,orca_call,orca_call,orca_call,DFO_CRP:NorthBc:DFOCRP.KkHK0R2F-NML1.SM2M-3.20131012_013600Z.flac,"[{""call_type"":""orca_call"",""call_type_name"":""Killer whale call"",""review_status"":""reviewed"",""source"":""dclde_2027_DFO_CRP_NorthBc"",""species"":""Killer whale"",""species_code"":""Oo"",""trainable"":true}]",call:orca_call|species:Oo
dclde_DFO_CRP_NorthBc__DFOCRP.KkHK0R2F-NML1.SM2M-3.20131012_013600Z.flac_285.6s_286.5s_trainstyle,dclde_DFO_CRP_NorthBc__DFOCRP.KkHK0R2F-NML1.SM2M-3.20131012_013600Z.flac,DFOCRP.KkHK0R2F-NML1.SM2M-3.20131012_013600Z.flac,DFOCRP.KkHK0R2F-NML1.SM2M-3.20131012_013600Z.flac,285.584000,286.479000,285.584000,286.479000,285.584000,0.895000,dclde_DFO_CRP_NorthBc__DFOCRP.KkHK0R2F-NML1.SM2M-3.20131012_013600Z.flac_285.6s_286.5s_trainstyle.mat,mat_files/dclde_DFO_CRP_NorthBc__DFOCRP.KkHK0R2F-NML1.SM2M-3.20131012_013600Z.flac_285.6s_286.5s_trainstyle.mat,dclde_2027_DFO_CRP_NorthBc,380,DFO_CRP,NorthBc,DFOCRP.KkHK0R2F-NML1.SM2M-3.20131012_013600Z.flac,KW,species:Oo|call:orca_call,call:orca_call|species:Oo,Oo,orca_call,,TKW,Detection,1,1,906.25,1093.75,dclde/2027/dclde_2027_killer_whales/dfo_crp/audio/northbc/DFOCRP.KkHK0R2F-NML1.SM2M-3.20131012_013600Z.flac,gs://noaa-passive-bioacoustic/dclde/2027/dclde_2027_killer_whales/dfo_crp/audio/northbc/DFOCRP.KkHK0R2F-NML1.SM2M-3.20131012_013600Z.flac,https://storage.googleapis.com/noaa-passive-bioacoustic/dclde/2027/dclde_2027_killer_whales/dfo_crp/audio/northbc/DFOCRP.KkHK0R2F-NML1.SM2M-3.20131012_013600Z.flac,0,reviewed,Oo,Oo,orca_call,orca_call,orca_call,DFO_CRP:NorthBc:DFOCRP.KkHK0R2F-NML1.SM2M-3.20131012_013600Z.flac,"[{""call_type"":""orca_call"",""call_type_name"":""Killer whale call"",""review_status"":""reviewed"",""source"":""dclde_2027_DFO_CRP_NorthBc"",""species"":""Killer whale"",""species_code"":""Oo"",""trainable"":true}]",call:orca_call|species:Oo
dclde_DFO_CRP_NorthBc__DFOCRP.KkHK0R2F-NML1.SM2M-3.20131012_013600Z.flac_293.6s_294.4s_trainstyle,dclde_DFO_CRP_NorthBc__DFOCRP.KkHK0R2F-NML1.SM2M-3.20131012_013600Z.flac,DFOCRP.KkHK0R2F-NML1.SM2M-3.20131012_013600Z.flac,DFOCRP.KkHK0R2F-NML1.SM2M-3.20131012_013600Z.flac,293.615000,294.399000,293.615000,294.399000,293.615000,0.784000,dclde_DFO_CRP_NorthBc__DFOCRP.KkHK0R2F-NML1.SM2M-3.20131012_013600Z.flac_293.6s_294.4s_trainstyle.mat,mat_files/dclde_DFO_CRP_NorthBc__DFOCRP.KkHK0R2F-NML1.SM2M-3.20131012_013600Z.flac_293.6s_294.4s_trainstyle.mat,dclde_2027_DFO_CRP_NorthBc,381,DFO_CRP,NorthBc,DFOCRP.KkHK0R2F-NML1.SM2M-3.20131012_013600Z.flac,KW,species:Oo|call:orca_call,call:orca_call|species:Oo,Oo,orca_call,,TKW,Detection,1,1,1625,2187.5,dclde/2027/dclde_2027_killer_whales/dfo_crp/audio/northbc/DFOCRP.KkHK0R2F-NML1.SM2M-3.20131012_013600Z.flac,gs://noaa-passive-bioacoustic/dclde/2027/dclde_2027_killer_whales/dfo_crp/audio/northbc/DFOCRP.KkHK0R2F-NML1.SM2M-3.20131012_013600Z.flac,https://storage.googleapis.com/noaa-passive-bioacoustic/dclde/2027/dclde_2027_killer_whales/dfo_crp/audio/northbc/DFOCRP.KkHK0R2F-NML1.SM2M-3.20131012_013600Z.flac,0,reviewed,Oo,Oo,orca_call,orca_call,orca_call,DFO_CRP:NorthBc:DFOCRP.KkHK0R2F-NML1.SM2M-3.20131012_013600Z.flac,"[{""call_type"":""orca_call"",""call_type_name"":""Killer whale call"",""review_status"":""reviewed"",""source"":""dclde_2027_DFO_CRP_NorthBc"",""species"":""Killer whale"",""species_code"":""Oo"",""trainable"":true}]",call:orca_call|species:Oo
dclde_DFO_CRP_NorthBc__DFOCRP.KkHK0R2F-NML1.SM2M-3.20131012_015100Z.flac_1.3s_2.0s_trainstyle,dclde_DFO_CRP_NorthBc__DFOCRP.KkHK0R2F-NML1.SM2M-3.20131012_015100Z.flac,DFOCRP.KkHK0R2F-NML1.SM2M-3.20131012_015100Z.flac,DFOCRP.KkHK0R2F-NML1.SM2M-3.20131012_015100Z.flac,1.296000,2.016000,1.296000,2.016000,1.296000,0.720000,dclde_DFO_CRP_NorthBc__DFOCRP.KkHK0R2F-NML1.SM2M-3.20131012_015100Z.flac_1.3s_2.0s_trainstyle.mat,mat_files/dclde_DFO_CRP_NorthBc__DFOCRP.KkHK0R2F-NML1.SM2M-3.20131012_015100Z.flac_1.3s_2.0s_trainstyle.mat,dclde_2027_DFO_CRP_NorthBc,382,DFO_CRP,NorthBc,DFOCRP.KkHK0R2F-NML1.SM2M-3.20131012_015100Z.flac,KW,species:Oo|call:orca_call,call:orca_call|species:Oo,Oo,orca_call,,TKW,Detection,1,1,1625,1750,dclde/2027/dclde_2027_killer_whales/dfo_crp/audio/northbc/DFOCRP.KkHK0R2F-NML1.SM2M-3.20131012_015100Z.flac,gs://noaa-passive-bioacoustic/dclde/2027/dclde_2027_killer_whales/dfo_crp/audio/northbc/DFOCRP.KkHK0R2F-NML1.SM2M-3.20131012_015100Z.flac,https://storage.googleapis.com/noaa-passive-bioacoustic/dclde/2027/dclde_2027_killer_whales/dfo_crp/audio/northbc/DFOCRP.KkHK0R2F-NML1.SM2M-3.20131012_015100Z.flac,0,reviewed,Oo,Oo,orca_call,orca_call,orca_call,DFO_CRP:NorthBc:DFOCRP.KkHK0R2F-NML1.SM2M-3.20131012_015100Z.flac,"[{""call_type"":""orca_call"",""call_type_name"":""Killer whale call"",""review_status"":""reviewed"",""source"":""dclde_2027_DFO_CRP_NorthBc"",""species"":""Killer whale"",""species_code"":""Oo"",""trainable"":true}]",call:orca_call|species:Oo
dclde_DFO_CRP_NorthBc__DFOCRP.KkHK0R2F-NML1.SM2M-3.20131012_015100Z.flac_2.1s_2.4s_trainstyle,dclde_DFO_CRP_NorthBc__DFOCRP.KkHK0R2F-NML1.SM2M-3.20131012_015100Z.flac,DFOCRP.KkHK0R2F-NML1.SM2M-3.20131012_015100Z.flac,DFOCRP.KkHK0R2F-NML1.SM2M-3.20131012_015100Z.flac,2.127000,2.447000,2.127000,2.447000,2.127000,0.320000,dclde_DFO_CRP_NorthBc__DFOCRP.KkHK0R2F-NML1.SM2M-3.20131012_015100Z.flac_2.1s_2.4s_trainstyle.mat,mat_files/dclde_DFO_CRP_NorthBc__DFOCRP.KkHK0R2F-NML1.SM2M-3.20131012_015100Z.flac_2.1s_2.4s_trainstyle.mat,dclde_2027_DFO_CRP_NorthBc,383,DFO_CRP,NorthBc,DFOCRP.KkHK0R2F-NML1.SM2M-3.20131012_015100Z.flac,KW,species:Oo|call:orca_call,call:orca_call|species:Oo,Oo,orca_call,,TKW,Detection,1,1,875,1031.25,dclde/2027/dclde_2027_killer_whales/dfo_crp/audio/northbc/DFOCRP.KkHK0R2F-NML1.SM2M-3.20131012_015100Z.flac,gs://noaa-passive-bioacoustic/dclde/2027/dclde_2027_killer_whales/dfo_crp/audio/northbc/DFOCRP.KkHK0R2F-NML1.SM2M-3.20131012_015100Z.flac,https://storage.googleapis.com/noaa-passive-bioacoustic/dclde/2027/dclde_2027_killer_whales/dfo_crp/audio/northbc/DFOCRP.KkHK0R2F-NML1.SM2M-3.20131012_015100Z.flac,0,reviewed,Oo,Oo,orca_call,orca_call,orca_call,DFO_CRP:NorthBc:DFOCRP.KkHK0R2F-NML1.SM2M-3.20131012_015100Z.flac,"[{""call_type"":""orca_call"",""call_type_name"":""Killer whale call"",""review_status"":""reviewed"",""source"":""dclde_2027_DFO_CRP_NorthBc"",""species"":""Killer whale"",""species_code"":""Oo"",""trainable"":true}]",call:orca_call|species:Oo
dclde_DFO_CRP_NorthBc__DFOCRP.KkHK0R2F-NML1.SM2M-3.20131012_015100Z.flac_4.3s_5.4s_trainstyle,dclde_DFO_CRP_NorthBc__DFOCRP.KkHK0R2F-NML1.SM2M-3.20131012_015100Z.flac,DFOCRP.KkHK0R2F-NML1.SM2M-3.20131012_015100Z.flac,DFOCRP.KkHK0R2F-NML1.SM2M-3.20131012_015100Z.flac,4.288000,5.440000,4.288000,5.440000,4.288000,1.152000,dclde_DFO_CRP_NorthBc__DFOCRP.KkHK0R2F-NML1.SM2M-3.20131012_015100Z.flac_4.3s_5.4s_trainstyle.mat,mat_files/dclde_DFO_CRP_NorthBc__DFOCRP.KkHK0R2F-NML1.SM2M-3.20131012_015100Z.flac_4.3s_5.4s_trainstyle.mat,dclde_2027_DFO_CRP_NorthBc,384,DFO_CRP,NorthBc,DFOCRP.KkHK0R2F-NML1.SM2M-3.20131012_015100Z.flac,KW,species:Oo|call:orca_call,call:orca_call|species:Oo,Oo,orca_call,,TKW,Detection,1,1,937.5,1156.25,dclde/2027/dclde_2027_killer_whales/dfo_crp/audio/northbc/DFOCRP.KkHK0R2F-NML1.SM2M-3.20131012_015100Z.flac,gs://noaa-passive-bioacoustic/dclde/2027/dclde_2027_killer_whales/dfo_crp/audio/northbc/DFOCRP.KkHK0R2F-NML1.SM2M-3.20131012_015100Z.flac,https://storage.googleapis.com/noaa-passive-bioacoustic/dclde/2027/dclde_2027_killer_whales/dfo_crp/audio/northbc/DFOCRP.KkHK0R2F-NML1.SM2M-3.20131012_015100Z.flac,0,reviewed,Oo,Oo,orca_call,orca_call,orca_call,DFO_CRP:NorthBc:DFOCRP.KkHK0R2F-NML1.SM2M-3.20131012_015100Z.flac,"[{""call_type"":""orca_call"",""call_type_name"":""Killer whale call"",""review_status"":""reviewed"",""source"":""dclde_2027_DFO_CRP_NorthBc"",""species"":""Killer whale"",""species_code"":""Oo"",""trainable"":true}]",call:orca_call|species:Oo
dclde_DFO_CRP_NorthBc__DFOCRP.KkHK0R2F-NML1.SM2M-3.20131012_015100Z.flac_9.3s_11.2s_trainstyle,dclde_DFO_CRP_NorthBc__DFOCRP.KkHK0R2F-NML1.SM2M-3.20131012_015100Z.flac,DFOCRP.KkHK0R2F-NML1.SM2M-3.20131012_015100Z.flac,DFOCRP.KkHK0R2F-NML1.SM2M-3.20131012_015100Z.flac,9.311000,11.183000,9.311000,11.183000,9.311000,1.872000,dclde_DFO_CRP_NorthBc__DFOCRP.KkHK0R2F-NML1.SM2M-3.20131012_015100Z.flac_9.3s_11.2s_trainstyle.mat,mat_files/dclde_DFO_CRP_NorthBc__DFOCRP.KkHK0R2F-NML1.SM2M-3.20131012_015100Z.flac_9.3s_11.2s_trainstyle.mat,dclde_2027_DFO_CRP_NorthBc,385,DFO_CRP,NorthBc,DFOCRP.KkHK0R2F-NML1.SM2M-3.20131012_015100Z.flac,KW,species:Oo|call:orca_call,call:orca_call|species:Oo,Oo,orca_call,,TKW,Detection,1,1,1843.75,2500,dclde/2027/dclde_2027_killer_whales/dfo_crp/audio/northbc/DFOCRP.KkHK0R2F-NML1.SM2M-3.20131012_015100Z.flac,gs://noaa-passive-bioacoustic/dclde/2027/dclde_2027_killer_whales/dfo_crp/audio/northbc/DFOCRP.KkHK0R2F-NML1.SM2M-3.20131012_015100Z.flac,https://storage.googleapis.com/noaa-passive-bioacoustic/dclde/2027/dclde_2027_killer_whales/dfo_crp/audio/northbc/DFOCRP.KkHK0R2F-NML1.SM2M-3.20131012_015100Z.flac,0,reviewed,Oo,Oo,orca_call,orca_call,orca_call,DFO_CRP:NorthBc:DFOCRP.KkHK0R2F-NML1.SM2M-3.20131012_015100Z.flac,"[{""call_type"":""orca_call"",""call_type_name"":""Killer whale call"",""review_status"":""reviewed"",""source"":""dclde_2027_DFO_CRP_NorthBc"",""species"":""Killer whale"",""species_code"":""Oo"",""trainable"":true}]",call:orca_call|species:Oo
dclde_DFO_CRP_NorthBc__DFOCRP.KkHK0R2F-NML1.SM2M-3.20131012_015100Z.flac_10.0s_10.3s_trainstyle,dclde_DFO_CRP_NorthBc__DFOCRP.KkHK0R2F-NML1.SM2M-3.20131012_015100Z.flac,DFOCRP.KkHK0R2F-NML1.SM2M-3.20131012_015100Z.flac,DFOCRP.KkHK0R2F-NML1.SM2M-3.20131012_015100Z.flac,10.000000,10.272000,10.000000,10.272000,10.000000,0.272000,dclde_DFO_CRP_NorthBc__DFOCRP.KkHK0R2F-NML1.SM2M-3.20131012_015100Z.flac_10.0s_10.3s_trainstyle.mat,mat_files/dclde_DFO_CRP_NorthBc__DFOCRP.KkHK0R2F-NML1.SM2M-3.20131012_015100Z.flac_10.0s_10.3s_trainstyle.mat,dclde_2027_DFO_CRP_NorthBc,386,DFO_CRP,NorthBc,DFOCRP.KkHK0R2F-NML1.SM2M-3.20131012_015100Z.flac,KW,species:Oo|call:orca_call,call:orca_call|species:Oo,Oo,orca_call,,TKW,Detection,1,1,2062.5,2218.75,dclde/2027/dclde_2027_killer_whales/dfo_crp/audio/northbc/DFOCRP.KkHK0R2F-NML1.SM2M-3.20131012_015100Z.flac,gs://noaa-passive-bioacoustic/dclde/2027/dclde_2027_killer_whales/dfo_crp/audio/northbc/DFOCRP.KkHK0R2F-NML1.SM2M-3.20131012_015100Z.flac,https://storage.googleapis.com/noaa-passive-bioacoustic/dclde/2027/dclde_2027_killer_whales/dfo_crp/audio/northbc/DFOCRP.KkHK0R2F-NML1.SM2M-3.20131012_015100Z.flac,0,reviewed,Oo,Oo,orca_call,orca_call,orca_call,DFO_CRP:NorthBc:DFOCRP.KkHK0R2F-NML1.SM2M-3.20131012_015100Z.flac,"[{""call_type"":""orca_call"",""call_type_name"":""Killer whale call"",""review_status"":""reviewed"",""source"":""dclde_2027_DFO_CRP_NorthBc"",""species"":""Killer whale"",""species_code"":""Oo"",""trainable"":true}]",call:orca_call|species:Oo
dclde_DFO_CRP_NorthBc__DFOCRP.KkHK0R2F-NML1.SM2M-3.20131012_015100Z.flac_10.3s_11.2s_trainstyle,dclde_DFO_CRP_NorthBc__DFOCRP.KkHK0R2F-NML1.SM2M-3.20131012_015100Z.flac,DFOCRP.KkHK0R2F-NML1.SM2M-3.20131012_015100Z.flac,DFOCRP.KkHK0R2F-NML1.SM2M-3.20131012_015100Z.flac,10.335000,11.167000,10.335000,11.167000,10.335000,0.832000,dclde_DFO_CRP_NorthBc__DFOCRP.KkHK0R2F-NML1.SM2M-3.20131012_015100Z.flac_10.3s_11.2s_trainstyle.mat,mat_files/dclde_DFO_CRP_NorthBc__DFOCRP.KkHK0R2F-NML1.SM2M-3.20131012_015100Z.flac_10.3s_11.2s_trainstyle.mat,dclde_2027_DFO_CRP_NorthBc,387,DFO_CRP,NorthBc,DFOCRP.KkHK0R2F-NML1.SM2M-3.20131012_015100Z.flac,KW,species:Oo|call:orca_call,call:orca_call|species:Oo,Oo,orca_call,,TKW,Detection,1,1,1281.25,1500,dclde/2027/dclde_2027_killer_whales/dfo_crp/audio/northbc/DFOCRP.KkHK0R2F-NML1.SM2M-3.20131012_015100Z.flac,gs://noaa-passive-bioacoustic/dclde/2027/dclde_2027_killer_whales/dfo_crp/audio/northbc/DFOCRP.KkHK0R2F-NML1.SM2M-3.20131012_015100Z.flac,https://storage.googleapis.com/noaa-passive-bioacoustic/dclde/2027/dclde_2027_killer_whales/dfo_crp/audio/northbc/DFOCRP.KkHK0R2F-NML1.SM2M-3.20131012_015100Z.flac,0,reviewed,Oo,Oo,orca_call,orca_call,orca_call,DFO_CRP:NorthBc:DFOCRP.KkHK0R2F-NML1.SM2M-3.20131012_015100Z.flac,"[{""call_type"":""orca_call"",""call_type_name"":""Killer whale call"",""review_status"":""reviewed"",""source"":""dclde_2027_DFO_CRP_NorthBc"",""species"":""Killer whale"",""species_code"":""Oo"",""trainable"":true}]",call:orca_call|species:Oo
dclde_DFO_CRP_NorthBc__DFOCRP.KkHK0R2F-NML1.SM2M-3.20131012_015100Z.flac_16.1s_17.3s_trainstyle,dclde_DFO_CRP_NorthBc__DFOCRP.KkHK0R2F-NML1.SM2M-3.20131012_015100Z.flac,DFOCRP.KkHK0R2F-NML1.SM2M-3.20131012_015100Z.flac,DFOCRP.KkHK0R2F-NML1.SM2M-3.20131012_015100Z.flac,16.063000,17.279000,16.063000,17.279000,16.063000,1.216000,dclde_DFO_CRP_NorthBc__DFOCRP.KkHK0R2F-NML1.SM2M-3.20131012_015100Z.flac_16.1s_17.3s_trainstyle.mat,mat_files/dclde_DFO_CRP_NorthBc__DFOCRP.KkHK0R2F-NML1.SM2M-3.20131012_015100Z.flac_16.1s_17.3s_trainstyle.mat,dclde_2027_DFO_CRP_NorthBc,388,DFO_CRP,NorthBc,DFOCRP.KkHK0R2F-NML1.SM2M-3.20131012_015100Z.flac,KW,species:Oo|call:orca_call,call:orca_call|species:Oo,Oo,orca_call,,TKW,Detection,1,1,781.25,1156.25,dclde/2027/dclde_2027_killer_whales/dfo_crp/audio/northbc/DFOCRP.KkHK0R2F-NML1.SM2M-3.20131012_015100Z.flac,gs://noaa-passive-bioacoustic/dclde/2027/dclde_2027_killer_whales/dfo_crp/audio/northbc/DFOCRP.KkHK0R2F-NML1.SM2M-3.20131012_015100Z.flac,https://storage.googleapis.com/noaa-passive-bioacoustic/dclde/2027/dclde_2027_killer_whales/dfo_crp/audio/northbc/DFOCRP.KkHK0R2F-NML1.SM2M-3.20131012_015100Z.flac,0,reviewed,Oo,Oo,orca_call,orca_call,orca_call,DFO_CRP:NorthBc:DFOCRP.KkHK0R2F-NML1.SM2M-3.20131012_015100Z.flac,"[{""call_type"":""orca_call"",""call_type_name"":""Killer whale call"",""review_status"":""reviewed"",""source"":""dclde_2027_DFO_CRP_NorthBc"",""species"":""Killer whale"",""species_code"":""Oo"",""trainable"":true}]",call:orca_call|species:Oo
dclde_DFO_CRP_NorthBc__DFOCRP.KkHK0R2F-NML1.SM2M-3.20131012_015100Z.flac_16.7s_18.8s_trainstyle,dclde_DFO_CRP_NorthBc__DFOCRP.KkHK0R2F-NML1.SM2M-3.20131012_015100Z.flac,DFOCRP.KkHK0R2F-NML1.SM2M-3.20131012_015100Z.flac,DFOCRP.KkHK0R2F-NML1.SM2M-3.20131012_015100Z.flac,16.719000,18.784000,16.719000,18.784000,16.719000,2.065000,dclde_DFO_CRP_NorthBc__DFOCRP.KkHK0R2F-NML1.SM2M-3.20131012_015100Z.flac_16.7s_18.8s_trainstyle.mat,mat_files/dclde_DFO_CRP_NorthBc__DFOCRP.KkHK0R2F-NML1.SM2M-3.20131012_015100Z.flac_16.7s_18.8s_trainstyle.mat,dclde_2027_DFO_CRP_NorthBc,389,DFO_CRP,NorthBc,DFOCRP.KkHK0R2F-NML1.SM2M-3.20131012_015100Z.flac,KW,species:Oo|call:orca_call,call:orca_call|species:Oo,Oo,orca_call,,TKW,Detection,1,1,1656.25,1843.75,dclde/2027/dclde_2027_killer_whales/dfo_crp/audio/northbc/DFOCRP.KkHK0R2F-NML1.SM2M-3.20131012_015100Z.flac,gs://noaa-passive-bioacoustic/dclde/2027/dclde_2027_killer_whales/dfo_crp/audio/northbc/DFOCRP.KkHK0R2F-NML1.SM2M-3.20131012_015100Z.flac,https://storage.googleapis.com/noaa-passive-bioacoustic/dclde/2027/dclde_2027_killer_whales/dfo_crp/audio/northbc/DFOCRP.KkHK0R2F-NML1.SM2M-3.20131012_015100Z.flac,0,reviewed,Oo,Oo,orca_call,orca_call,orca_call,DFO_CRP:NorthBc:DFOCRP.KkHK0R2F-NML1.SM2M-3.20131012_015100Z.flac,"[{""call_type"":""orca_call"",""call_type_name"":""Killer whale call"",""review_status"":""reviewed"",""source"":""dclde_2027_DFO_CRP_NorthBc"",""species"":""Killer whale"",""species_code"":""Oo"",""trainable"":true}]",call:orca_call|species:Oo
dclde_DFO_CRP_NorthBc__DFOCRP.KkHK0R2F-NML1.SM2M-3.20131012_015100Z.flac_17.8s_19.0s_trainstyle,dclde_DFO_CRP_NorthBc__DFOCRP.KkHK0R2F-NML1.SM2M-3.20131012_015100Z.flac,DFOCRP.KkHK0R2F-NML1.SM2M-3.20131012_015100Z.flac,DFOCRP.KkHK0R2F-NML1.SM2M-3.20131012_015100Z.flac,17.792000,18.992000,17.792000,18.992000,17.792000,1.200000,dclde_DFO_CRP_NorthBc__DFOCRP.KkHK0R2F-NML1.SM2M-3.20131012_015100Z.flac_17.8s_19.0s_trainstyle.mat,mat_files/dclde_DFO_CRP_NorthBc__DFOCRP.KkHK0R2F-NML1.SM2M-3.20131012_015100Z.flac_17.8s_19.0s_trainstyle.mat,dclde_2027_DFO_CRP_NorthBc,390,DFO_CRP,NorthBc,DFOCRP.KkHK0R2F-NML1.SM2M-3.20131012_015100Z.flac,KW,species:Oo|call:orca_call,call:orca_call|species:Oo,Oo,orca_call,,TKW,Detection,1,1,843.75,1031.25,dclde/2027/dclde_2027_killer_whales/dfo_crp/audio/northbc/DFOCRP.KkHK0R2F-NML1.SM2M-3.20131012_015100Z.flac,gs://noaa-passive-bioacoustic/dclde/2027/dclde_2027_killer_whales/dfo_crp/audio/northbc/DFOCRP.KkHK0R2F-NML1.SM2M-3.20131012_015100Z.flac,https://storage.googleapis.com/noaa-passive-bioacoustic/dclde/2027/dclde_2027_killer_whales/dfo_crp/audio/northbc/DFOCRP.KkHK0R2F-NML1.SM2M-3.20131012_015100Z.flac,0,reviewed,Oo,Oo,orca_call,orca_call,orca_call,DFO_CRP:NorthBc:DFOCRP.KkHK0R2F-NML1.SM2M-3.20131012_015100Z.flac,"[{""call_type"":""orca_call"",""call_type_name"":""Killer whale call"",""review_status"":""reviewed"",""source"":""dclde_2027_DFO_CRP_NorthBc"",""species"":""Killer whale"",""species_code"":""Oo"",""trainable"":true}]",call:orca_call|species:Oo
dclde_DFO_CRP_NorthBc__DFOCRP.KkHK0R2F-NML1.SM2M-3.20131012_015100Z.flac_18.0s_18.6s_trainstyle,dclde_DFO_CRP_NorthBc__DFOCRP.KkHK0R2F-NML1.SM2M-3.20131012_015100Z.flac,DFOCRP.KkHK0R2F-NML1.SM2M-3.20131012_015100Z.flac,DFOCRP.KkHK0R2F-NML1.SM2M-3.20131012_015100Z.flac,17.967000,18.591000,17.967000,18.591000,17.967000,0.624000,dclde_DFO_CRP_NorthBc__DFOCRP.KkHK0R2F-NML1.SM2M-3.20131012_015100Z.flac_18.0s_18.6s_trainstyle.mat,mat_files/dclde_DFO_CRP_NorthBc__DFOCRP.KkHK0R2F-NML1.SM2M-3.20131012_015100Z.flac_18.0s_18.6s_trainstyle.mat,dclde_2027_DFO_CRP_NorthBc,391,DFO_CRP,NorthBc,DFOCRP.KkHK0R2F-NML1.SM2M-3.20131012_015100Z.flac,KW,species:Oo|call:orca_call,call:orca_call|species:Oo,Oo,orca_call,,TKW,Detection,1,1,4531.25,4750,dclde/2027/dclde_2027_killer_whales/dfo_crp/audio/northbc/DFOCRP.KkHK0R2F-NML1.SM2M-3.20131012_015100Z.flac,gs://noaa-passive-bioacoustic/dclde/2027/dclde_2027_killer_whales/dfo_crp/audio/northbc/DFOCRP.KkHK0R2F-NML1.SM2M-3.20131012_015100Z.flac,https://storage.googleapis.com/noaa-passive-bioacoustic/dclde/2027/dclde_2027_killer_whales/dfo_crp/audio/northbc/DFOCRP.KkHK0R2F-NML1.SM2M-3.20131012_015100Z.flac,0,reviewed,Oo,Oo,orca_call,orca_call,orca_call,DFO_CRP:NorthBc:DFOCRP.KkHK0R2F-NML1.SM2M-3.20131012_015100Z.flac,"[{""call_type"":""orca_call"",""call_type_name"":""Killer whale call"",""review_status"":""reviewed"",""source"":""dclde_2027_DFO_CRP_NorthBc"",""species"":""Killer whale"",""species_code"":""Oo"",""trainable"":true}]",call:orca_call|species:Oo
dclde_DFO_CRP_NorthBc__DFOCRP.KkHK0R2F-NML1.SM2M-3.20131012_015100Z.flac_27.0s_27.3s_trainstyle,dclde_DFO_CRP_NorthBc__DFOCRP.KkHK0R2F-NML1.SM2M-3.20131012_015100Z.flac,DFOCRP.KkHK0R2F-NML1.SM2M-3.20131012_015100Z.flac,DFOCRP.KkHK0R2F-NML1.SM2M-3.20131012_015100Z.flac,27.023000,27.343000,27.023000,27.343000,27.023000,0.320000,dclde_DFO_CRP_NorthBc__DFOCRP.KkHK0R2F-NML1.SM2M-3.20131012_015100Z.flac_27.0s_27.3s_trainstyle.mat,mat_files/dclde_DFO_CRP_NorthBc__DFOCRP.KkHK0R2F-NML1.SM2M-3.20131012_015100Z.flac_27.0s_27.3s_trainstyle.mat,dclde_2027_DFO_CRP_NorthBc,392,DFO_CRP,NorthBc,DFOCRP.KkHK0R2F-NML1.SM2M-3.20131012_015100Z.flac,KW,species:Oo|call:orca_call,call:orca_call|species:Oo,Oo,orca_call,,TKW,Detection,1,1,1406.25,1593.75,dclde/2027/dclde_2027_killer_whales/dfo_crp/audio/northbc/DFOCRP.KkHK0R2F-NML1.SM2M-3.20131012_015100Z.flac,gs://noaa-passive-bioacoustic/dclde/2027/dclde_2027_killer_whales/dfo_crp/audio/northbc/DFOCRP.KkHK0R2F-NML1.SM2M-3.20131012_015100Z.flac,https://storage.googleapis.com/noaa-passive-bioacoustic/dclde/2027/dclde_2027_killer_whales/dfo_crp/audio/northbc/DFOCRP.KkHK0R2F-NML1.SM2M-3.20131012_015100Z.flac,0,reviewed,Oo,Oo,orca_call,orca_call,orca_call,DFO_CRP:NorthBc:DFOCRP.KkHK0R2F-NML1.SM2M-3.20131012_015100Z.flac,"[{""call_type"":""orca_call"",""call_type_name"":""Killer whale call"",""review_status"":""reviewed"",""source"":""dclde_2027_DFO_CRP_NorthBc"",""species"":""Killer whale"",""species_code"":""Oo"",""trainable"":true}]",call:orca_call|species:Oo
dclde_DFO_CRP_NorthBc__DFOCRP.KkHK0R2F-NML1.SM2M-3.20131012_015100Z.flac_38.5s_38.8s_trainstyle,dclde_DFO_CRP_NorthBc__DFOCRP.KkHK0R2F-NML1.SM2M-3.20131012_015100Z.flac,DFOCRP.KkHK0R2F-NML1.SM2M-3.20131012_015100Z.flac,DFOCRP.KkHK0R2F-NML1.SM2M-3.20131012_015100Z.flac,38.480000,38.831000,38.480000,38.831000,38.480000,0.351000,dclde_DFO_CRP_NorthBc__DFOCRP.KkHK0R2F-NML1.SM2M-3.20131012_015100Z.flac_38.5s_38.8s_trainstyle.mat,mat_files/dclde_DFO_CRP_NorthBc__DFOCRP.KkHK0R2F-NML1.SM2M-3.20131012_015100Z.flac_38.5s_38.8s_trainstyle.mat,dclde_2027_DFO_CRP_NorthBc,393,DFO_CRP,NorthBc,DFOCRP.KkHK0R2F-NML1.SM2M-3.20131012_015100Z.flac,KW,species:Oo|call:orca_call,call:orca_call|species:Oo,Oo,orca_call,,TKW,Detection,1,1,2031.25,2250,dclde/2027/dclde_2027_killer_whales/dfo_crp/audio/northbc/DFOCRP.KkHK0R2F-NML1.SM2M-3.20131012_015100Z.flac,gs://noaa-passive-bioacoustic/dclde/2027/dclde_2027_killer_whales/dfo_crp/audio/northbc/DFOCRP.KkHK0R2F-NML1.SM2M-3.20131012_015100Z.flac,https://storage.googleapis.com/noaa-passive-bioacoustic/dclde/2027/dclde_2027_killer_whales/dfo_crp/audio/northbc/DFOCRP.KkHK0R2F-NML1.SM2M-3.20131012_015100Z.flac,0,reviewed,Oo,Oo,orca_call,orca_call,orca_call,DFO_CRP:NorthBc:DFOCRP.KkHK0R2F-NML1.SM2M-3.20131012_015100Z.flac,"[{""call_type"":""orca_call"",""call_type_name"":""Killer whale call"",""review_status"":""reviewed"",""source"":""dclde_2027_DFO_CRP_NorthBc"",""species"":""Killer whale"",""species_code"":""Oo"",""trainable"":true}]",call:orca_call|species:Oo
dclde_DFO_CRP_NorthBc__DFOCRP.KkHK0R2F-NML1.SM2M-3.20131012_015100Z.flac_39.3s_40.5s_trainstyle,dclde_DFO_CRP_NorthBc__DFOCRP.KkHK0R2F-NML1.SM2M-3.20131012_015100Z.flac,DFOCRP.KkHK0R2F-NML1.SM2M-3.20131012_015100Z.flac,DFOCRP.KkHK0R2F-NML1.SM2M-3.20131012_015100Z.flac,39.343000,40.479000,39.343000,40.479000,39.343000,1.136000,dclde_DFO_CRP_NorthBc__DFOCRP.KkHK0R2F-NML1.SM2M-3.20131012_015100Z.flac_39.3s_40.5s_trainstyle.mat,mat_files/dclde_DFO_CRP_NorthBc__DFOCRP.KkHK0R2F-NML1.SM2M-3.20131012_015100Z.flac_39.3s_40.5s_trainstyle.mat,dclde_2027_DFO_CRP_NorthBc,394,DFO_CRP,NorthBc,DFOCRP.KkHK0R2F-NML1.SM2M-3.20131012_015100Z.flac,KW,species:Oo|call:orca_call,call:orca_call|species:Oo,Oo,orca_call,,TKW,Detection,1,1,1531.25,2593.75,dclde/2027/dclde_2027_killer_whales/dfo_crp/audio/northbc/DFOCRP.KkHK0R2F-NML1.SM2M-3.20131012_015100Z.flac,gs://noaa-passive-bioacoustic/dclde/2027/dclde_2027_killer_whales/dfo_crp/audio/northbc/DFOCRP.KkHK0R2F-NML1.SM2M-3.20131012_015100Z.flac,https://storage.googleapis.com/noaa-passive-bioacoustic/dclde/2027/dclde_2027_killer_whales/dfo_crp/audio/northbc/DFOCRP.KkHK0R2F-NML1.SM2M-3.20131012_015100Z.flac,0,reviewed,Oo,Oo,orca_call,orca_call,orca_call,DFO_CRP:NorthBc:DFOCRP.KkHK0R2F-NML1.SM2M-3.20131012_015100Z.flac,"[{""call_type"":""orca_call"",""call_type_name"":""Killer whale call"",""review_status"":""reviewed"",""source"":""dclde_2027_DFO_CRP_NorthBc"",""species"":""Killer whale"",""species_code"":""Oo"",""trainable"":true}]",call:orca_call|species:Oo
dclde_DFO_CRP_NorthBc__DFOCRP.KkHK0R2F-NML1.SM2M-3.20131012_015100Z.flac_45.6s_46.6s_trainstyle,dclde_DFO_CRP_NorthBc__DFOCRP.KkHK0R2F-NML1.SM2M-3.20131012_015100Z.flac,DFOCRP.KkHK0R2F-NML1.SM2M-3.20131012_015100Z.flac,DFOCRP.KkHK0R2F-NML1.SM2M-3.20131012_015100Z.flac,45.615000,46.608000,45.615000,46.608000,45.615000,0.993000,dclde_DFO_CRP_NorthBc__DFOCRP.KkHK0R2F-NML1.SM2M-3.20131012_015100Z.flac_45.6s_46.6s_trainstyle.mat,mat_files/dclde_DFO_CRP_NorthBc__DFOCRP.KkHK0R2F-NML1.SM2M-3.20131012_015100Z.flac_45.6s_46.6s_trainstyle.mat,dclde_2027_DFO_CRP_NorthBc,395,DFO_CRP,NorthBc,DFOCRP.KkHK0R2F-NML1.SM2M-3.20131012_015100Z.flac,KW,species:Oo|call:orca_call,call:orca_call|species:Oo,Oo,orca_call,,TKW,Detection,1,1,781.25,1187.5,dclde/2027/dclde_2027_killer_whales/dfo_crp/audio/northbc/DFOCRP.KkHK0R2F-NML1.SM2M-3.20131012_015100Z.flac,gs://noaa-passive-bioacoustic/dclde/2027/dclde_2027_killer_whales/dfo_crp/audio/northbc/DFOCRP.KkHK0R2F-NML1.SM2M-3.20131012_015100Z.flac,https://storage.googleapis.com/noaa-passive-bioacoustic/dclde/2027/dclde_2027_killer_whales/dfo_crp/audio/northbc/DFOCRP.KkHK0R2F-NML1.SM2M-3.20131012_015100Z.flac,0,reviewed,Oo,Oo,orca_call,orca_call,orca_call,DFO_CRP:NorthBc:DFOCRP.KkHK0R2F-NML1.SM2M-3.20131012_015100Z.flac,"[{""call_type"":""orca_call"",""call_type_name"":""Killer whale call"",""review_status"":""reviewed"",""source"":""dclde_2027_DFO_CRP_NorthBc"",""species"":""Killer whale"",""species_code"":""Oo"",""trainable"":true}]",call:orca_call|species:Oo
dclde_DFO_CRP_NorthBc__DFOCRP.KkHK0R2F-NML1.SM2M-3.20131012_015100Z.flac_53.6s_54.0s_trainstyle,dclde_DFO_CRP_NorthBc__DFOCRP.KkHK0R2F-NML1.SM2M-3.20131012_015100Z.flac,DFOCRP.KkHK0R2F-NML1.SM2M-3.20131012_015100Z.flac,DFOCRP.KkHK0R2F-NML1.SM2M-3.20131012_015100Z.flac,53.647000,53.999000,53.647000,53.999000,53.647000,0.352000,dclde_DFO_CRP_NorthBc__DFOCRP.KkHK0R2F-NML1.SM2M-3.20131012_015100Z.flac_53.6s_54.0s_trainstyle.mat,mat_files/dclde_DFO_CRP_NorthBc__DFOCRP.KkHK0R2F-NML1.SM2M-3.20131012_015100Z.flac_53.6s_54.0s_trainstyle.mat,dclde_2027_DFO_CRP_NorthBc,396,DFO_CRP,NorthBc,DFOCRP.KkHK0R2F-NML1.SM2M-3.20131012_015100Z.flac,KW,species:Oo|call:orca_call,call:orca_call|species:Oo,Oo,orca_call,,TKW,Detection,1,1,2218.75,2406.25,dclde/2027/dclde_2027_killer_whales/dfo_crp/audio/northbc/DFOCRP.KkHK0R2F-NML1.SM2M-3.20131012_015100Z.flac,gs://noaa-passive-bioacoustic/dclde/2027/dclde_2027_killer_whales/dfo_crp/audio/northbc/DFOCRP.KkHK0R2F-NML1.SM2M-3.20131012_015100Z.flac,https://storage.googleapis.com/noaa-passive-bioacoustic/dclde/2027/dclde_2027_killer_whales/dfo_crp/audio/northbc/DFOCRP.KkHK0R2F-NML1.SM2M-3.20131012_015100Z.flac,0,reviewed,Oo,Oo,orca_call,orca_call,orca_call,DFO_CRP:NorthBc:DFOCRP.KkHK0R2F-NML1.SM2M-3.20131012_015100Z.flac,"[{""call_type"":""orca_call"",""call_type_name"":""Killer whale call"",""review_status"":""reviewed"",""source"":""dclde_2027_DFO_CRP_NorthBc"",""species"":""Killer whale"",""species_code"":""Oo"",""trainable"":true}]",call:orca_call|species:Oo
dclde_DFO_CRP_NorthBc__DFOCRP.KkHK0R2F-NML1.SM2M-3.20131012_015100Z.flac_57.5s_59.2s_trainstyle,dclde_DFO_CRP_NorthBc__DFOCRP.KkHK0R2F-NML1.SM2M-3.20131012_015100Z.flac,DFOCRP.KkHK0R2F-NML1.SM2M-3.20131012_015100Z.flac,DFOCRP.KkHK0R2F-NML1.SM2M-3.20131012_015100Z.flac,57.535000,59.168000,57.535000,59.168000,57.535000,1.633000,dclde_DFO_CRP_NorthBc__DFOCRP.KkHK0R2F-NML1.SM2M-3.20131012_015100Z.flac_57.5s_59.2s_trainstyle.mat,mat_files/dclde_DFO_CRP_NorthBc__DFOCRP.KkHK0R2F-NML1.SM2M-3.20131012_015100Z.flac_57.5s_59.2s_trainstyle.mat,dclde_2027_DFO_CRP_NorthBc,397,DFO_CRP,NorthBc,DFOCRP.KkHK0R2F-NML1.SM2M-3.20131012_015100Z.flac,KW,species:Oo|call:orca_call,call:orca_call|species:Oo,Oo,orca_call,,TKW,Detection,1,1,781.25,1125,dclde/2027/dclde_2027_killer_whales/dfo_crp/audio/northbc/DFOCRP.KkHK0R2F-NML1.SM2M-3.20131012_015100Z.flac,gs://noaa-passive-bioacoustic/dclde/2027/dclde_2027_killer_whales/dfo_crp/audio/northbc/DFOCRP.KkHK0R2F-NML1.SM2M-3.20131012_015100Z.flac,https://storage.googleapis.com/noaa-passive-bioacoustic/dclde/2027/dclde_2027_killer_whales/dfo_crp/audio/northbc/DFOCRP.KkHK0R2F-NML1.SM2M-3.20131012_015100Z.flac,0,reviewed,Oo,Oo,orca_call,orca_call,orca_call,DFO_CRP:NorthBc:DFOCRP.KkHK0R2F-NML1.SM2M-3.20131012_015100Z.flac,"[{""call_type"":""orca_call"",""call_type_name"":""Killer whale call"",""review_status"":""reviewed"",""source"":""dclde_2027_DFO_CRP_NorthBc"",""species"":""Killer whale"",""species_code"":""Oo"",""trainable"":true}]",call:orca_call|species:Oo
dclde_DFO_CRP_NorthBc__DFOCRP.KkHK0R2F-NML1.SM2M-3.20131012_015100Z.flac_58.9s_59.6s_trainstyle,dclde_DFO_CRP_NorthBc__DFOCRP.KkHK0R2F-NML1.SM2M-3.20131012_015100Z.flac,DFOCRP.KkHK0R2F-NML1.SM2M-3.20131012_015100Z.flac,DFOCRP.KkHK0R2F-NML1.SM2M-3.20131012_015100Z.flac,58.863000,59.583000,58.863000,59.583000,58.863000,0.720000,dclde_DFO_CRP_NorthBc__DFOCRP.KkHK0R2F-NML1.SM2M-3.20131012_015100Z.flac_58.9s_59.6s_trainstyle.mat,mat_files/dclde_DFO_CRP_NorthBc__DFOCRP.KkHK0R2F-NML1.SM2M-3.20131012_015100Z.flac_58.9s_59.6s_trainstyle.mat,dclde_2027_DFO_CRP_NorthBc,398,DFO_CRP,NorthBc,DFOCRP.KkHK0R2F-NML1.SM2M-3.20131012_015100Z.flac,KW,species:Oo|call:orca_call,call:orca_call|species:Oo,Oo,orca_call,,TKW,Detection,1,1,2312.5,2781.25,dclde/2027/dclde_2027_killer_whales/dfo_crp/audio/northbc/DFOCRP.KkHK0R2F-NML1.SM2M-3.20131012_015100Z.flac,gs://noaa-passive-bioacoustic/dclde/2027/dclde_2027_killer_whales/dfo_crp/audio/northbc/DFOCRP.KkHK0R2F-NML1.SM2M-3.20131012_015100Z.flac,https://storage.googleapis.com/noaa-passive-bioacoustic/dclde/2027/dclde_2027_killer_whales/dfo_crp/audio/northbc/DFOCRP.KkHK0R2F-NML1.SM2M-3.20131012_015100Z.flac,0,reviewed,Oo,Oo,orca_call,orca_call,orca_call,DFO_CRP:NorthBc:DFOCRP.KkHK0R2F-NML1.SM2M-3.20131012_015100Z.flac,"[{""call_type"":""orca_call"",""call_type_name"":""Killer whale call"",""review_status"":""reviewed"",""source"":""dclde_2027_DFO_CRP_NorthBc"",""species"":""Killer whale"",""species_code"":""Oo"",""trainable"":true}]",call:orca_call|species:Oo
dclde_DFO_CRP_NorthBc__DFOCRP.KkHK0R2F-NML1.SM2M-3.20131012_015100Z.flac_61.2s_63.2s_trainstyle,dclde_DFO_CRP_NorthBc__DFOCRP.KkHK0R2F-NML1.SM2M-3.20131012_015100Z.flac,DFOCRP.KkHK0R2F-NML1.SM2M-3.20131012_015100Z.flac,DFOCRP.KkHK0R2F-NML1.SM2M-3.20131012_015100Z.flac,61.215000,63.215000,61.215000,63.215000,61.215000,2.000000,dclde_DFO_CRP_NorthBc__DFOCRP.KkHK0R2F-NML1.SM2M-3.20131012_015100Z.flac_61.2s_63.2s_trainstyle.mat,mat_files/dclde_DFO_CRP_NorthBc__DFOCRP.KkHK0R2F-NML1.SM2M-3.20131012_015100Z.flac_61.2s_63.2s_trainstyle.mat,dclde_2027_DFO_CRP_NorthBc,399,DFO_CRP,NorthBc,DFOCRP.KkHK0R2F-NML1.SM2M-3.20131012_015100Z.flac,KW,species:Oo|call:orca_call,call:orca_call|species:Oo,Oo,orca_call,,TKW,Detection,1,1,1468.75,2531.25,dclde/2027/dclde_2027_killer_whales/dfo_crp/audio/northbc/DFOCRP.KkHK0R2F-NML1.SM2M-3.20131012_015100Z.flac,gs://noaa-passive-bioacoustic/dclde/2027/dclde_2027_killer_whales/dfo_crp/audio/northbc/DFOCRP.KkHK0R2F-NML1.SM2M-3.20131012_015100Z.flac,https://storage.googleapis.com/noaa-passive-bioacoustic/dclde/2027/dclde_2027_killer_whales/dfo_crp/audio/northbc/DFOCRP.KkHK0R2F-NML1.SM2M-3.20131012_015100Z.flac,0,reviewed,Oo,Oo,orca_call,orca_call,orca_call,DFO_CRP:NorthBc:DFOCRP.KkHK0R2F-NML1.SM2M-3.20131012_015100Z.flac,"[{""call_type"":""orca_call"",""call_type_name"":""Killer whale call"",""review_status"":""reviewed"",""source"":""dclde_2027_DFO_CRP_NorthBc"",""species"":""Killer whale"",""species_code"":""Oo"",""trainable"":true}]",call:orca_call|species:Oo
dclde_DFO_CRP_NorthBc__DFOCRP.KkHK0R2F-NML1.SM2M-3.20131012_015100Z.flac_62.0s_62.8s_trainstyle,dclde_DFO_CRP_NorthBc__DFOCRP.KkHK0R2F-NML1.SM2M-3.20131012_015100Z.flac,DFOCRP.KkHK0R2F-NML1.SM2M-3.20131012_015100Z.flac,DFOCRP.KkHK0R2F-NML1.SM2M-3.20131012_015100Z.flac,62.000000,62.752000,62.000000,62.752000,62.000000,0.752000,dclde_DFO_CRP_NorthBc__DFOCRP.KkHK0R2F-NML1.SM2M-3.20131012_015100Z.flac_62.0s_62.8s_trainstyle.mat,mat_files/dclde_DFO_CRP_NorthBc__DFOCRP.KkHK0R2F-NML1.SM2M-3.20131012_015100Z.flac_62.0s_62.8s_trainstyle.mat,dclde_2027_DFO_CRP_NorthBc,400,DFO_CRP,NorthBc,DFOCRP.KkHK0R2F-NML1.SM2M-3.20131012_015100Z.flac,KW,species:Oo|call:orca_call,call:orca_call|species:Oo,Oo,orca_call,,TKW,Detection,1,1,2093.75,2843.75,dclde/2027/dclde_2027_killer_whales/dfo_crp/audio/northbc/DFOCRP.KkHK0R2F-NML1.SM2M-3.20131012_015100Z.flac,gs://noaa-passive-bioacoustic/dclde/2027/dclde_2027_killer_whales/dfo_crp/audio/northbc/DFOCRP.KkHK0R2F-NML1.SM2M-3.20131012_015100Z.flac,https://storage.googleapis.com/noaa-passive-bioacoustic/dclde/2027/dclde_2027_killer_whales/dfo_crp/audio/northbc/DFOCRP.KkHK0R2F-NML1.SM2M-3.20131012_015100Z.flac,0,reviewed,Oo,Oo,orca_call,orca_call,orca_call,DFO_CRP:NorthBc:DFOCRP.KkHK0R2F-NML1.SM2M-3.20131012_015100Z.flac,"[{""call_type"":""orca_call"",""call_type_name"":""Killer whale call"",""review_status"":""reviewed"",""source"":""dclde_2027_DFO_CRP_NorthBc"",""species"":""Killer whale"",""species_code"":""Oo"",""trainable"":true}]",call:orca_call|species:Oo
dclde_DFO_CRP_NorthBc__DFOCRP.KkHK0R2F-NML1.SM2M-3.20131012_015100Z.flac_62.3s_63.0s_trainstyle,dclde_DFO_CRP_NorthBc__DFOCRP.KkHK0R2F-NML1.SM2M-3.20131012_015100Z.flac,DFOCRP.KkHK0R2F-NML1.SM2M-3.20131012_015100Z.flac,DFOCRP.KkHK0R2F-NML1.SM2M-3.20131012_015100Z.flac,62.255000,63.023000,62.255000,63.023000,62.255000,0.768000,dclde_DFO_CRP_NorthBc__DFOCRP.KkHK0R2F-NML1.SM2M-3.20131012_015100Z.flac_62.3s_63.0s_trainstyle.mat,mat_files/dclde_DFO_CRP_NorthBc__DFOCRP.KkHK0R2F-NML1.SM2M-3.20131012_015100Z.flac_62.3s_63.0s_trainstyle.mat,dclde_2027_DFO_CRP_NorthBc,401,DFO_CRP,NorthBc,DFOCRP.KkHK0R2F-NML1.SM2M-3.20131012_015100Z.flac,KW,species:Oo|call:orca_call,call:orca_call|species:Oo,Oo,orca_call,,TKW,Detection,1,1,4437.5,4781.25,dclde/2027/dclde_2027_killer_whales/dfo_crp/audio/northbc/DFOCRP.KkHK0R2F-NML1.SM2M-3.20131012_015100Z.flac,gs://noaa-passive-bioacoustic/dclde/2027/dclde_2027_killer_whales/dfo_crp/audio/northbc/DFOCRP.KkHK0R2F-NML1.SM2M-3.20131012_015100Z.flac,https://storage.googleapis.com/noaa-passive-bioacoustic/dclde/2027/dclde_2027_killer_whales/dfo_crp/audio/northbc/DFOCRP.KkHK0R2F-NML1.SM2M-3.20131012_015100Z.flac,0,reviewed,Oo,Oo,orca_call,orca_call,orca_call,DFO_CRP:NorthBc:DFOCRP.KkHK0R2F-NML1.SM2M-3.20131012_015100Z.flac,"[{""call_type"":""orca_call"",""call_type_name"":""Killer whale call"",""review_status"":""reviewed"",""source"":""dclde_2027_DFO_CRP_NorthBc"",""species"":""Killer whale"",""species_code"":""Oo"",""trainable"":true}]",call:orca_call|species:Oo
dclde_DFO_CRP_NorthBc__DFOCRP.KkHK0R2F-NML1.SM2M-3.20131012_015100Z.flac_62.9s_63.2s_trainstyle,dclde_DFO_CRP_NorthBc__DFOCRP.KkHK0R2F-NML1.SM2M-3.20131012_015100Z.flac,DFOCRP.KkHK0R2F-NML1.SM2M-3.20131012_015100Z.flac,DFOCRP.KkHK0R2F-NML1.SM2M-3.20131012_015100Z.flac,62.863000,63.215000,62.863000,63.215000,62.863000,0.352000,dclde_DFO_CRP_NorthBc__DFOCRP.KkHK0R2F-NML1.SM2M-3.20131012_015100Z.flac_62.9s_63.2s_trainstyle.mat,mat_files/dclde_DFO_CRP_NorthBc__DFOCRP.KkHK0R2F-NML1.SM2M-3.20131012_015100Z.flac_62.9s_63.2s_trainstyle.mat,dclde_2027_DFO_CRP_NorthBc,402,DFO_CRP,NorthBc,DFOCRP.KkHK0R2F-NML1.SM2M-3.20131012_015100Z.flac,KW,species:Oo|call:orca_call,call:orca_call|species:Oo,Oo,orca_call,,TKW,Detection,1,1,1250,1562.5,dclde/2027/dclde_2027_killer_whales/dfo_crp/audio/northbc/DFOCRP.KkHK0R2F-NML1.SM2M-3.20131012_015100Z.flac,gs://noaa-passive-bioacoustic/dclde/2027/dclde_2027_killer_whales/dfo_crp/audio/northbc/DFOCRP.KkHK0R2F-NML1.SM2M-3.20131012_015100Z.flac,https://storage.googleapis.com/noaa-passive-bioacoustic/dclde/2027/dclde_2027_killer_whales/dfo_crp/audio/northbc/DFOCRP.KkHK0R2F-NML1.SM2M-3.20131012_015100Z.flac,0,reviewed,Oo,Oo,orca_call,orca_call,orca_call,DFO_CRP:NorthBc:DFOCRP.KkHK0R2F-NML1.SM2M-3.20131012_015100Z.flac,"[{""call_type"":""orca_call"",""call_type_name"":""Killer whale call"",""review_status"":""reviewed"",""source"":""dclde_2027_DFO_CRP_NorthBc"",""species"":""Killer whale"",""species_code"":""Oo"",""trainable"":true}]",call:orca_call|species:Oo
dclde_DFO_CRP_NorthBc__DFOCRP.KkHK0R2F-NML1.SM2M-3.20131012_015100Z.flac_64.3s_65.1s_trainstyle,dclde_DFO_CRP_NorthBc__DFOCRP.KkHK0R2F-NML1.SM2M-3.20131012_015100Z.flac,DFOCRP.KkHK0R2F-NML1.SM2M-3.20131012_015100Z.flac,DFOCRP.KkHK0R2F-NML1.SM2M-3.20131012_015100Z.flac,64.303000,65.087000,64.303000,65.087000,64.303000,0.784000,dclde_DFO_CRP_NorthBc__DFOCRP.KkHK0R2F-NML1.SM2M-3.20131012_015100Z.flac_64.3s_65.1s_trainstyle.mat,mat_files/dclde_DFO_CRP_NorthBc__DFOCRP.KkHK0R2F-NML1.SM2M-3.20131012_015100Z.flac_64.3s_65.1s_trainstyle.mat,dclde_2027_DFO_CRP_NorthBc,403,DFO_CRP,NorthBc,DFOCRP.KkHK0R2F-NML1.SM2M-3.20131012_015100Z.flac,KW,species:Oo|call:orca_call,call:orca_call|species:Oo,Oo,orca_call,,TKW,Detection,1,1,1656.25,2218.75,dclde/2027/dclde_2027_killer_whales/dfo_crp/audio/northbc/DFOCRP.KkHK0R2F-NML1.SM2M-3.20131012_015100Z.flac,gs://noaa-passive-bioacoustic/dclde/2027/dclde_2027_killer_whales/dfo_crp/audio/northbc/DFOCRP.KkHK0R2F-NML1.SM2M-3.20131012_015100Z.flac,https://storage.googleapis.com/noaa-passive-bioacoustic/dclde/2027/dclde_2027_killer_whales/dfo_crp/audio/northbc/DFOCRP.KkHK0R2F-NML1.SM2M-3.20131012_015100Z.flac,0,reviewed,Oo,Oo,orca_call,orca_call,orca_call,DFO_CRP:NorthBc:DFOCRP.KkHK0R2F-NML1.SM2M-3.20131012_015100Z.flac,"[{""call_type"":""orca_call"",""call_type_name"":""Killer whale call"",""review_status"":""reviewed"",""source"":""dclde_2027_DFO_CRP_NorthBc"",""species"":""Killer whale"",""species_code"":""Oo"",""trainable"":true}]",call:orca_call|species:Oo
dclde_DFO_CRP_NorthBc__DFOCRP.KkHK0R2F-NML1.SM2M-3.20131012_015100Z.flac_71.6s_72.8s_trainstyle,dclde_DFO_CRP_NorthBc__DFOCRP.KkHK0R2F-NML1.SM2M-3.20131012_015100Z.flac,DFOCRP.KkHK0R2F-NML1.SM2M-3.20131012_015100Z.flac,DFOCRP.KkHK0R2F-NML1.SM2M-3.20131012_015100Z.flac,71.584000,72.847000,71.584000,72.847000,71.584000,1.263000,dclde_DFO_CRP_NorthBc__DFOCRP.KkHK0R2F-NML1.SM2M-3.20131012_015100Z.flac_71.6s_72.8s_trainstyle.mat,mat_files/dclde_DFO_CRP_NorthBc__DFOCRP.KkHK0R2F-NML1.SM2M-3.20131012_015100Z.flac_71.6s_72.8s_trainstyle.mat,dclde_2027_DFO_CRP_NorthBc,404,DFO_CRP,NorthBc,DFOCRP.KkHK0R2F-NML1.SM2M-3.20131012_015100Z.flac,KW,species:Oo|call:orca_call,call:orca_call|species:Oo,Oo,orca_call,,TKW,Detection,1,1,781.25,1093.75,dclde/2027/dclde_2027_killer_whales/dfo_crp/audio/northbc/DFOCRP.KkHK0R2F-NML1.SM2M-3.20131012_015100Z.flac,gs://noaa-passive-bioacoustic/dclde/2027/dclde_2027_killer_whales/dfo_crp/audio/northbc/DFOCRP.KkHK0R2F-NML1.SM2M-3.20131012_015100Z.flac,https://storage.googleapis.com/noaa-passive-bioacoustic/dclde/2027/dclde_2027_killer_whales/dfo_crp/audio/northbc/DFOCRP.KkHK0R2F-NML1.SM2M-3.20131012_015100Z.flac,0,reviewed,Oo,Oo,orca_call,orca_call,orca_call,DFO_CRP:NorthBc:DFOCRP.KkHK0R2F-NML1.SM2M-3.20131012_015100Z.flac,"[{""call_type"":""orca_call"",""call_type_name"":""Killer whale call"",""review_status"":""reviewed"",""source"":""dclde_2027_DFO_CRP_NorthBc"",""species"":""Killer whale"",""species_code"":""Oo"",""trainable"":true}]",call:orca_call|species:Oo
dclde_DFO_CRP_NorthBc__DFOCRP.KkHK0R2F-NML1.SM2M-3.20131012_015100Z.flac_135.7s_136.0s_trainstyle,dclde_DFO_CRP_NorthBc__DFOCRP.KkHK0R2F-NML1.SM2M-3.20131012_015100Z.flac,DFOCRP.KkHK0R2F-NML1.SM2M-3.20131012_015100Z.flac,DFOCRP.KkHK0R2F-NML1.SM2M-3.20131012_015100Z.flac,135.663000,135.951000,135.663000,135.951000,135.663000,0.288000,dclde_DFO_CRP_NorthBc__DFOCRP.KkHK0R2F-NML1.SM2M-3.20131012_015100Z.flac_135.7s_136.0s_trainstyle.mat,mat_files/dclde_DFO_CRP_NorthBc__DFOCRP.KkHK0R2F-NML1.SM2M-3.20131012_015100Z.flac_135.7s_136.0s_trainstyle.mat,dclde_2027_DFO_CRP_NorthBc,407,DFO_CRP,NorthBc,DFOCRP.KkHK0R2F-NML1.SM2M-3.20131012_015100Z.flac,KW,species:Oo|call:orca_call,call:orca_call|species:Oo,Oo,orca_call,,TKW,Detection,1,1,1437.5,1750,dclde/2027/dclde_2027_killer_whales/dfo_crp/audio/northbc/DFOCRP.KkHK0R2F-NML1.SM2M-3.20131012_015100Z.flac,gs://noaa-passive-bioacoustic/dclde/2027/dclde_2027_killer_whales/dfo_crp/audio/northbc/DFOCRP.KkHK0R2F-NML1.SM2M-3.20131012_015100Z.flac,https://storage.googleapis.com/noaa-passive-bioacoustic/dclde/2027/dclde_2027_killer_whales/dfo_crp/audio/northbc/DFOCRP.KkHK0R2F-NML1.SM2M-3.20131012_015100Z.flac,0,reviewed,Oo,Oo,orca_call,orca_call,orca_call,DFO_CRP:NorthBc:DFOCRP.KkHK0R2F-NML1.SM2M-3.20131012_015100Z.flac,"[{""call_type"":""orca_call"",""call_type_name"":""Killer whale call"",""review_status"":""reviewed"",""source"":""dclde_2027_DFO_CRP_NorthBc"",""species"":""Killer whale"",""species_code"":""Oo"",""trainable"":true}]",call:orca_call|species:Oo
dclde_DFO_CRP_NorthBc__DFOCRP.KkHK0R2F-NML1.SM2M-3.20131012_015100Z.flac_138.4s_138.7s_trainstyle,dclde_DFO_CRP_NorthBc__DFOCRP.KkHK0R2F-NML1.SM2M-3.20131012_015100Z.flac,DFOCRP.KkHK0R2F-NML1.SM2M-3.20131012_015100Z.flac,DFOCRP.KkHK0R2F-NML1.SM2M-3.20131012_015100Z.flac,138.400000,138.736000,138.400000,138.736000,138.400000,0.336000,dclde_DFO_CRP_NorthBc__DFOCRP.KkHK0R2F-NML1.SM2M-3.20131012_015100Z.flac_138.4s_138.7s_trainstyle.mat,mat_files/dclde_DFO_CRP_NorthBc__DFOCRP.KkHK0R2F-NML1.SM2M-3.20131012_015100Z.flac_138.4s_138.7s_trainstyle.mat,dclde_2027_DFO_CRP_NorthBc,408,DFO_CRP,NorthBc,DFOCRP.KkHK0R2F-NML1.SM2M-3.20131012_015100Z.flac,KW,species:Oo|call:orca_call,call:orca_call|species:Oo,Oo,orca_call,,TKW,Detection,1,1,1031.25,1250,dclde/2027/dclde_2027_killer_whales/dfo_crp/audio/northbc/DFOCRP.KkHK0R2F-NML1.SM2M-3.20131012_015100Z.flac,gs://noaa-passive-bioacoustic/dclde/2027/dclde_2027_killer_whales/dfo_crp/audio/northbc/DFOCRP.KkHK0R2F-NML1.SM2M-3.20131012_015100Z.flac,https://storage.googleapis.com/noaa-passive-bioacoustic/dclde/2027/dclde_2027_killer_whales/dfo_crp/audio/northbc/DFOCRP.KkHK0R2F-NML1.SM2M-3.20131012_015100Z.flac,0,reviewed,Oo,Oo,orca_call,orca_call,orca_call,DFO_CRP:NorthBc:DFOCRP.KkHK0R2F-NML1.SM2M-3.20131012_015100Z.flac,"[{""call_type"":""orca_call"",""call_type_name"":""Killer whale call"",""review_status"":""reviewed"",""source"":""dclde_2027_DFO_CRP_NorthBc"",""species"":""Killer whale"",""species_code"":""Oo"",""trainable"":true}]",call:orca_call|species:Oo
dclde_DFO_CRP_NorthBc__DFOCRP.KkHK0R2F-NML1.SM2M-3.20131012_015100Z.flac_139.2s_140.0s_trainstyle,dclde_DFO_CRP_NorthBc__DFOCRP.KkHK0R2F-NML1.SM2M-3.20131012_015100Z.flac,DFOCRP.KkHK0R2F-NML1.SM2M-3.20131012_015100Z.flac,DFOCRP.KkHK0R2F-NML1.SM2M-3.20131012_015100Z.flac,139.200000,139.983000,139.200000,139.983000,139.200000,0.783000,dclde_DFO_CRP_NorthBc__DFOCRP.KkHK0R2F-NML1.SM2M-3.20131012_015100Z.flac_139.2s_140.0s_trainstyle.mat,mat_files/dclde_DFO_CRP_NorthBc__DFOCRP.KkHK0R2F-NML1.SM2M-3.20131012_015100Z.flac_139.2s_140.0s_trainstyle.mat,dclde_2027_DFO_CRP_NorthBc,409,DFO_CRP,NorthBc,DFOCRP.KkHK0R2F-NML1.SM2M-3.20131012_015100Z.flac,KW,species:Oo|call:orca_call,call:orca_call|species:Oo,Oo,orca_call,,TKW,Detection,1,1,781.25,1093.75,dclde/2027/dclde_2027_killer_whales/dfo_crp/audio/northbc/DFOCRP.KkHK0R2F-NML1.SM2M-3.20131012_015100Z.flac,gs://noaa-passive-bioacoustic/dclde/2027/dclde_2027_killer_whales/dfo_crp/audio/northbc/DFOCRP.KkHK0R2F-NML1.SM2M-3.20131012_015100Z.flac,https://storage.googleapis.com/noaa-passive-bioacoustic/dclde/2027/dclde_2027_killer_whales/dfo_crp/audio/northbc/DFOCRP.KkHK0R2F-NML1.SM2M-3.20131012_015100Z.flac,0,reviewed,Oo,Oo,orca_call,orca_call,orca_call,DFO_CRP:NorthBc:DFOCRP.KkHK0R2F-NML1.SM2M-3.20131012_015100Z.flac,"[{""call_type"":""orca_call"",""call_type_name"":""Killer whale call"",""review_status"":""reviewed"",""source"":""dclde_2027_DFO_CRP_NorthBc"",""species"":""Killer whale"",""species_code"":""Oo"",""trainable"":true}]",call:orca_call|species:Oo
dclde_DFO_CRP_NorthBc__DFOCRP.KkHK0R2F-NML1.SM2M-3.20131012_015100Z.flac_139.9s_140.4s_trainstyle,dclde_DFO_CRP_NorthBc__DFOCRP.KkHK0R2F-NML1.SM2M-3.20131012_015100Z.flac,DFOCRP.KkHK0R2F-NML1.SM2M-3.20131012_015100Z.flac,DFOCRP.KkHK0R2F-NML1.SM2M-3.20131012_015100Z.flac,139.935000,140.368000,139.935000,140.368000,139.935000,0.433000,dclde_DFO_CRP_NorthBc__DFOCRP.KkHK0R2F-NML1.SM2M-3.20131012_015100Z.flac_139.9s_140.4s_trainstyle.mat,mat_files/dclde_DFO_CRP_NorthBc__DFOCRP.KkHK0R2F-NML1.SM2M-3.20131012_015100Z.flac_139.9s_140.4s_trainstyle.mat,dclde_2027_DFO_CRP_NorthBc,410,DFO_CRP,NorthBc,DFOCRP.KkHK0R2F-NML1.SM2M-3.20131012_015100Z.flac,KW,species:Oo|call:orca_call,call:orca_call|species:Oo,Oo,orca_call,,TKW,Detection,1,1,812.5,1375,dclde/2027/dclde_2027_killer_whales/dfo_crp/audio/northbc/DFOCRP.KkHK0R2F-NML1.SM2M-3.20131012_015100Z.flac,gs://noaa-passive-bioacoustic/dclde/2027/dclde_2027_killer_whales/dfo_crp/audio/northbc/DFOCRP.KkHK0R2F-NML1.SM2M-3.20131012_015100Z.flac,https://storage.googleapis.com/noaa-passive-bioacoustic/dclde/2027/dclde_2027_killer_whales/dfo_crp/audio/northbc/DFOCRP.KkHK0R2F-NML1.SM2M-3.20131012_015100Z.flac,0,reviewed,Oo,Oo,orca_call,orca_call,orca_call,DFO_CRP:NorthBc:DFOCRP.KkHK0R2F-NML1.SM2M-3.20131012_015100Z.flac,"[{""call_type"":""orca_call"",""call_type_name"":""Killer whale call"",""review_status"":""reviewed"",""source"":""dclde_2027_DFO_CRP_NorthBc"",""species"":""Killer whale"",""species_code"":""Oo"",""trainable"":true}]",call:orca_call|species:Oo
dclde_DFO_CRP_NorthBc__DFOCRP.KkHK0R2F-NML1.SM2M-3.20131012_015100Z.flac_141.5s_142.0s_trainstyle,dclde_DFO_CRP_NorthBc__DFOCRP.KkHK0R2F-NML1.SM2M-3.20131012_015100Z.flac,DFOCRP.KkHK0R2F-NML1.SM2M-3.20131012_015100Z.flac,DFOCRP.KkHK0R2F-NML1.SM2M-3.20131012_015100Z.flac,141.535000,141.967000,141.535000,141.967000,141.535000,0.432000,dclde_DFO_CRP_NorthBc__DFOCRP.KkHK0R2F-NML1.SM2M-3.20131012_015100Z.flac_141.5s_142.0s_trainstyle.mat,mat_files/dclde_DFO_CRP_NorthBc__DFOCRP.KkHK0R2F-NML1.SM2M-3.20131012_015100Z.flac_141.5s_142.0s_trainstyle.mat,dclde_2027_DFO_CRP_NorthBc,411,DFO_CRP,NorthBc,DFOCRP.KkHK0R2F-NML1.SM2M-3.20131012_015100Z.flac,KW,species:Oo|call:orca_call,call:orca_call|species:Oo,Oo,orca_call,,TKW,Detection,1,1,1406.25,1625,dclde/2027/dclde_2027_killer_whales/dfo_crp/audio/northbc/DFOCRP.KkHK0R2F-NML1.SM2M-3.20131012_015100Z.flac,gs://noaa-passive-bioacoustic/dclde/2027/dclde_2027_killer_whales/dfo_crp/audio/northbc/DFOCRP.KkHK0R2F-NML1.SM2M-3.20131012_015100Z.flac,https://storage.googleapis.com/noaa-passive-bioacoustic/dclde/2027/dclde_2027_killer_whales/dfo_crp/audio/northbc/DFOCRP.KkHK0R2F-NML1.SM2M-3.20131012_015100Z.flac,0,reviewed,Oo,Oo,orca_call,orca_call,orca_call,DFO_CRP:NorthBc:DFOCRP.KkHK0R2F-NML1.SM2M-3.20131012_015100Z.flac,"[{""call_type"":""orca_call"",""call_type_name"":""Killer whale call"",""review_status"":""reviewed"",""source"":""dclde_2027_DFO_CRP_NorthBc"",""species"":""Killer whale"",""species_code"":""Oo"",""trainable"":true}]",call:orca_call|species:Oo
dclde_DFO_CRP_NorthBc__DFOCRP.KkHK0R2F-NML1.SM2M-3.20131012_015100Z.flac_142.2s_142.6s_trainstyle,dclde_DFO_CRP_NorthBc__DFOCRP.KkHK0R2F-NML1.SM2M-3.20131012_015100Z.flac,DFOCRP.KkHK0R2F-NML1.SM2M-3.20131012_015100Z.flac,DFOCRP.KkHK0R2F-NML1.SM2M-3.20131012_015100Z.flac,142.176000,142.576000,142.176000,142.576000,142.176000,0.400000,dclde_DFO_CRP_NorthBc__DFOCRP.KkHK0R2F-NML1.SM2M-3.20131012_015100Z.flac_142.2s_142.6s_trainstyle.mat,mat_files/dclde_DFO_CRP_NorthBc__DFOCRP.KkHK0R2F-NML1.SM2M-3.20131012_015100Z.flac_142.2s_142.6s_trainstyle.mat,dclde_2027_DFO_CRP_NorthBc,412,DFO_CRP,NorthBc,DFOCRP.KkHK0R2F-NML1.SM2M-3.20131012_015100Z.flac,KW,species:Oo|call:orca_call,call:orca_call|species:Oo,Oo,orca_call,,TKW,Detection,1,1,1531.25,2093.75,dclde/2027/dclde_2027_killer_whales/dfo_crp/audio/northbc/DFOCRP.KkHK0R2F-NML1.SM2M-3.20131012_015100Z.flac,gs://noaa-passive-bioacoustic/dclde/2027/dclde_2027_killer_whales/dfo_crp/audio/northbc/DFOCRP.KkHK0R2F-NML1.SM2M-3.20131012_015100Z.flac,https://storage.googleapis.com/noaa-passive-bioacoustic/dclde/2027/dclde_2027_killer_whales/dfo_crp/audio/northbc/DFOCRP.KkHK0R2F-NML1.SM2M-3.20131012_015100Z.flac,0,reviewed,Oo,Oo,orca_call,orca_call,orca_call,DFO_CRP:NorthBc:DFOCRP.KkHK0R2F-NML1.SM2M-3.20131012_015100Z.flac,"[{""call_type"":""orca_call"",""call_type_name"":""Killer whale call"",""review_status"":""reviewed"",""source"":""dclde_2027_DFO_CRP_NorthBc"",""species"":""Killer whale"",""species_code"":""Oo"",""trainable"":true}]",call:orca_call|species:Oo
dclde_DFO_CRP_NorthBc__DFOCRP.KkHK0R2F-NML1.SM2M-3.20131012_015100Z.flac_149.2s_149.6s_trainstyle,dclde_DFO_CRP_NorthBc__DFOCRP.KkHK0R2F-NML1.SM2M-3.20131012_015100Z.flac,DFOCRP.KkHK0R2F-NML1.SM2M-3.20131012_015100Z.flac,DFOCRP.KkHK0R2F-NML1.SM2M-3.20131012_015100Z.flac,149.200000,149.616000,149.200000,149.616000,149.200000,0.416000,dclde_DFO_CRP_NorthBc__DFOCRP.KkHK0R2F-NML1.SM2M-3.20131012_015100Z.flac_149.2s_149.6s_trainstyle.mat,mat_files/dclde_DFO_CRP_NorthBc__DFOCRP.KkHK0R2F-NML1.SM2M-3.20131012_015100Z.flac_149.2s_149.6s_trainstyle.mat,dclde_2027_DFO_CRP_NorthBc,413,DFO_CRP,NorthBc,DFOCRP.KkHK0R2F-NML1.SM2M-3.20131012_015100Z.flac,KW,species:Oo|call:orca_call,call:orca_call|species:Oo,Oo,orca_call,,TKW,Detection,1,1,1968.75,2468.75,dclde/2027/dclde_2027_killer_whales/dfo_crp/audio/northbc/DFOCRP.KkHK0R2F-NML1.SM2M-3.20131012_015100Z.flac,gs://noaa-passive-bioacoustic/dclde/2027/dclde_2027_killer_whales/dfo_crp/audio/northbc/DFOCRP.KkHK0R2F-NML1.SM2M-3.20131012_015100Z.flac,https://storage.googleapis.com/noaa-passive-bioacoustic/dclde/2027/dclde_2027_killer_whales/dfo_crp/audio/northbc/DFOCRP.KkHK0R2F-NML1.SM2M-3.20131012_015100Z.flac,0,reviewed,Oo,Oo,orca_call,orca_call,orca_call,DFO_CRP:NorthBc:DFOCRP.KkHK0R2F-NML1.SM2M-3.20131012_015100Z.flac,"[{""call_type"":""orca_call"",""call_type_name"":""Killer whale call"",""review_status"":""reviewed"",""source"":""dclde_2027_DFO_CRP_NorthBc"",""species"":""Killer whale"",""species_code"":""Oo"",""trainable"":true}]",call:orca_call|species:Oo
dclde_DFO_CRP_NorthBc__DFOCRP.KkHK0R2F-NML1.SM2M-3.20131012_015100Z.flac_152.0s_152.5s_trainstyle,dclde_DFO_CRP_NorthBc__DFOCRP.KkHK0R2F-NML1.SM2M-3.20131012_015100Z.flac,DFOCRP.KkHK0R2F-NML1.SM2M-3.20131012_015100Z.flac,DFOCRP.KkHK0R2F-NML1.SM2M-3.20131012_015100Z.flac,152.015000,152.511000,152.015000,152.511000,152.015000,0.496000,dclde_DFO_CRP_NorthBc__DFOCRP.KkHK0R2F-NML1.SM2M-3.20131012_015100Z.flac_152.0s_152.5s_trainstyle.mat,mat_files/dclde_DFO_CRP_NorthBc__DFOCRP.KkHK0R2F-NML1.SM2M-3.20131012_015100Z.flac_152.0s_152.5s_trainstyle.mat,dclde_2027_DFO_CRP_NorthBc,414,DFO_CRP,NorthBc,DFOCRP.KkHK0R2F-NML1.SM2M-3.20131012_015100Z.flac,KW,species:Oo|call:orca_call,call:orca_call|species:Oo,Oo,orca_call,,TKW,Detection,1,1,1343.75,1843.75,dclde/2027/dclde_2027_killer_whales/dfo_crp/audio/northbc/DFOCRP.KkHK0R2F-NML1.SM2M-3.20131012_015100Z.flac,gs://noaa-passive-bioacoustic/dclde/2027/dclde_2027_killer_whales/dfo_crp/audio/northbc/DFOCRP.KkHK0R2F-NML1.SM2M-3.20131012_015100Z.flac,https://storage.googleapis.com/noaa-passive-bioacoustic/dclde/2027/dclde_2027_killer_whales/dfo_crp/audio/northbc/DFOCRP.KkHK0R2F-NML1.SM2M-3.20131012_015100Z.flac,0,reviewed,Oo,Oo,orca_call,orca_call,orca_call,DFO_CRP:NorthBc:DFOCRP.KkHK0R2F-NML1.SM2M-3.20131012_015100Z.flac,"[{""call_type"":""orca_call"",""call_type_name"":""Killer whale call"",""review_status"":""reviewed"",""source"":""dclde_2027_DFO_CRP_NorthBc"",""species"":""Killer whale"",""species_code"":""Oo"",""trainable"":true}]",call:orca_call|species:Oo
dclde_DFO_CRP_NorthBc__DFOCRP.KkHK0R2F-NML1.SM2M-3.20131012_015100Z.flac_152.9s_153.8s_trainstyle,dclde_DFO_CRP_NorthBc__DFOCRP.KkHK0R2F-NML1.SM2M-3.20131012_015100Z.flac,DFOCRP.KkHK0R2F-NML1.SM2M-3.20131012_015100Z.flac,DFOCRP.KkHK0R2F-NML1.SM2M-3.20131012_015100Z.flac,152.911000,153.759000,152.911000,153.759000,152.911000,0.848000,dclde_DFO_CRP_NorthBc__DFOCRP.KkHK0R2F-NML1.SM2M-3.20131012_015100Z.flac_152.9s_153.8s_trainstyle.mat,mat_files/dclde_DFO_CRP_NorthBc__DFOCRP.KkHK0R2F-NML1.SM2M-3.20131012_015100Z.flac_152.9s_153.8s_trainstyle.mat,dclde_2027_DFO_CRP_NorthBc,415,DFO_CRP,NorthBc,DFOCRP.KkHK0R2F-NML1.SM2M-3.20131012_015100Z.flac,KW,species:Oo|call:orca_call,call:orca_call|species:Oo,Oo,orca_call,,TKW,Detection,1,1,1687.5,2062.5,dclde/2027/dclde_2027_killer_whales/dfo_crp/audio/northbc/DFOCRP.KkHK0R2F-NML1.SM2M-3.20131012_015100Z.flac,gs://noaa-passive-bioacoustic/dclde/2027/dclde_2027_killer_whales/dfo_crp/audio/northbc/DFOCRP.KkHK0R2F-NML1.SM2M-3.20131012_015100Z.flac,https://storage.googleapis.com/noaa-passive-bioacoustic/dclde/2027/dclde_2027_killer_whales/dfo_crp/audio/northbc/DFOCRP.KkHK0R2F-NML1.SM2M-3.20131012_015100Z.flac,0,reviewed,Oo,Oo,orca_call,orca_call,orca_call,DFO_CRP:NorthBc:DFOCRP.KkHK0R2F-NML1.SM2M-3.20131012_015100Z.flac,"[{""call_type"":""orca_call"",""call_type_name"":""Killer whale call"",""review_status"":""reviewed"",""source"":""dclde_2027_DFO_CRP_NorthBc"",""species"":""Killer whale"",""species_code"":""Oo"",""trainable"":true}]",call:orca_call|species:Oo
dclde_DFO_CRP_NorthBc__DFOCRP.KkHK0R2F-NML1.SM2M-3.20131012_015100Z.flac_153.8s_154.1s_trainstyle,dclde_DFO_CRP_NorthBc__DFOCRP.KkHK0R2F-NML1.SM2M-3.20131012_015100Z.flac,DFOCRP.KkHK0R2F-NML1.SM2M-3.20131012_015100Z.flac,DFOCRP.KkHK0R2F-NML1.SM2M-3.20131012_015100Z.flac,153.807000,154.143000,153.807000,154.143000,153.807000,0.336000,dclde_DFO_CRP_NorthBc__DFOCRP.KkHK0R2F-NML1.SM2M-3.20131012_015100Z.flac_153.8s_154.1s_trainstyle.mat,mat_files/dclde_DFO_CRP_NorthBc__DFOCRP.KkHK0R2F-NML1.SM2M-3.20131012_015100Z.flac_153.8s_154.1s_trainstyle.mat,dclde_2027_DFO_CRP_NorthBc,416,DFO_CRP,NorthBc,DFOCRP.KkHK0R2F-NML1.SM2M-3.20131012_015100Z.flac,KW,species:Oo|call:orca_call,call:orca_call|species:Oo,Oo,orca_call,,TKW,Detection,1,1,1062.5,1656.25,dclde/2027/dclde_2027_killer_whales/dfo_crp/audio/northbc/DFOCRP.KkHK0R2F-NML1.SM2M-3.20131012_015100Z.flac,gs://noaa-passive-bioacoustic/dclde/2027/dclde_2027_killer_whales/dfo_crp/audio/northbc/DFOCRP.KkHK0R2F-NML1.SM2M-3.20131012_015100Z.flac,https://storage.googleapis.com/noaa-passive-bioacoustic/dclde/2027/dclde_2027_killer_whales/dfo_crp/audio/northbc/DFOCRP.KkHK0R2F-NML1.SM2M-3.20131012_015100Z.flac,0,reviewed,Oo,Oo,orca_call,orca_call,orca_call,DFO_CRP:NorthBc:DFOCRP.KkHK0R2F-NML1.SM2M-3.20131012_015100Z.flac,"[{""call_type"":""orca_call"",""call_type_name"":""Killer whale call"",""review_status"":""reviewed"",""source"":""dclde_2027_DFO_CRP_NorthBc"",""species"":""Killer whale"",""species_code"":""Oo"",""trainable"":true}]",call:orca_call|species:Oo
dclde_DFO_CRP_NorthBc__DFOCRP.KkHK0R2F-NML1.SM2M-3.20131012_015100Z.flac_155.1s_155.4s_trainstyle,dclde_DFO_CRP_NorthBc__DFOCRP.KkHK0R2F-NML1.SM2M-3.20131012_015100Z.flac,DFOCRP.KkHK0R2F-NML1.SM2M-3.20131012_015100Z.flac,DFOCRP.KkHK0R2F-NML1.SM2M-3.20131012_015100Z.flac,155.119000,155.375000,155.119000,155.375000,155.119000,0.256000,dclde_DFO_CRP_NorthBc__DFOCRP.KkHK0R2F-NML1.SM2M-3.20131012_015100Z.flac_155.1s_155.4s_trainstyle.mat,mat_files/dclde_DFO_CRP_NorthBc__DFOCRP.KkHK0R2F-NML1.SM2M-3.20131012_015100Z.flac_155.1s_155.4s_trainstyle.mat,dclde_2027_DFO_CRP_NorthBc,417,DFO_CRP,NorthBc,DFOCRP.KkHK0R2F-NML1.SM2M-3.20131012_015100Z.flac,KW,species:Oo|call:orca_call,call:orca_call|species:Oo,Oo,orca_call,,TKW,Detection,1,1,1000,1281.25,dclde/2027/dclde_2027_killer_whales/dfo_crp/audio/northbc/DFOCRP.KkHK0R2F-NML1.SM2M-3.20131012_015100Z.flac,gs://noaa-passive-bioacoustic/dclde/2027/dclde_2027_killer_whales/dfo_crp/audio/northbc/DFOCRP.KkHK0R2F-NML1.SM2M-3.20131012_015100Z.flac,https://storage.googleapis.com/noaa-passive-bioacoustic/dclde/2027/dclde_2027_killer_whales/dfo_crp/audio/northbc/DFOCRP.KkHK0R2F-NML1.SM2M-3.20131012_015100Z.flac,0,reviewed,Oo,Oo,orca_call,orca_call,orca_call,DFO_CRP:NorthBc:DFOCRP.KkHK0R2F-NML1.SM2M-3.20131012_015100Z.flac,"[{""call_type"":""orca_call"",""call_type_name"":""Killer whale call"",""review_status"":""reviewed"",""source"":""dclde_2027_DFO_CRP_NorthBc"",""species"":""Killer whale"",""species_code"":""Oo"",""trainable"":true}]",call:orca_call|species:Oo
dclde_DFO_CRP_NorthBc__DFOCRP.KkHK0R2F-NML1.SM2M-3.20131012_015100Z.flac_155.3s_155.6s_trainstyle,dclde_DFO_CRP_NorthBc__DFOCRP.KkHK0R2F-NML1.SM2M-3.20131012_015100Z.flac,DFOCRP.KkHK0R2F-NML1.SM2M-3.20131012_015100Z.flac,DFOCRP.KkHK0R2F-NML1.SM2M-3.20131012_015100Z.flac,155.263000,155.568000,155.263000,155.568000,155.263000,0.305000,dclde_DFO_CRP_NorthBc__DFOCRP.KkHK0R2F-NML1.SM2M-3.20131012_015100Z.flac_155.3s_155.6s_trainstyle.mat,mat_files/dclde_DFO_CRP_NorthBc__DFOCRP.KkHK0R2F-NML1.SM2M-3.20131012_015100Z.flac_155.3s_155.6s_trainstyle.mat,dclde_2027_DFO_CRP_NorthBc,418,DFO_CRP,NorthBc,DFOCRP.KkHK0R2F-NML1.SM2M-3.20131012_015100Z.flac,KW,species:Oo|call:orca_call,call:orca_call|species:Oo,Oo,orca_call,,TKW,Detection,1,1,1500,1750,dclde/2027/dclde_2027_killer_whales/dfo_crp/audio/northbc/DFOCRP.KkHK0R2F-NML1.SM2M-3.20131012_015100Z.flac,gs://noaa-passive-bioacoustic/dclde/2027/dclde_2027_killer_whales/dfo_crp/audio/northbc/DFOCRP.KkHK0R2F-NML1.SM2M-3.20131012_015100Z.flac,https://storage.googleapis.com/noaa-passive-bioacoustic/dclde/2027/dclde_2027_killer_whales/dfo_crp/audio/northbc/DFOCRP.KkHK0R2F-NML1.SM2M-3.20131012_015100Z.flac,0,reviewed,Oo,Oo,orca_call,orca_call,orca_call,DFO_CRP:NorthBc:DFOCRP.KkHK0R2F-NML1.SM2M-3.20131012_015100Z.flac,"[{""call_type"":""orca_call"",""call_type_name"":""Killer whale call"",""review_status"":""reviewed"",""source"":""dclde_2027_DFO_CRP_NorthBc"",""species"":""Killer whale"",""species_code"":""Oo"",""trainable"":true}]",call:orca_call|species:Oo
dclde_DFO_CRP_NorthBc__DFOCRP.KkHK0R2F-NML1.SM2M-3.20131012_015100Z.flac_156.1s_156.6s_trainstyle,dclde_DFO_CRP_NorthBc__DFOCRP.KkHK0R2F-NML1.SM2M-3.20131012_015100Z.flac,DFOCRP.KkHK0R2F-NML1.SM2M-3.20131012_015100Z.flac,DFOCRP.KkHK0R2F-NML1.SM2M-3.20131012_015100Z.flac,156.111000,156.639000,156.111000,156.639000,156.111000,0.528000,dclde_DFO_CRP_NorthBc__DFOCRP.KkHK0R2F-NML1.SM2M-3.20131012_015100Z.flac_156.1s_156.6s_trainstyle.mat,mat_files/dclde_DFO_CRP_NorthBc__DFOCRP.KkHK0R2F-NML1.SM2M-3.20131012_015100Z.flac_156.1s_156.6s_trainstyle.mat,dclde_2027_DFO_CRP_NorthBc,419,DFO_CRP,NorthBc,DFOCRP.KkHK0R2F-NML1.SM2M-3.20131012_015100Z.flac,KW,species:Oo|call:orca_call,call:orca_call|species:Oo,Oo,orca_call,,TKW,Detection,1,1,1750,2312.5,dclde/2027/dclde_2027_killer_whales/dfo_crp/audio/northbc/DFOCRP.KkHK0R2F-NML1.SM2M-3.20131012_015100Z.flac,gs://noaa-passive-bioacoustic/dclde/2027/dclde_2027_killer_whales/dfo_crp/audio/northbc/DFOCRP.KkHK0R2F-NML1.SM2M-3.20131012_015100Z.flac,https://storage.googleapis.com/noaa-passive-bioacoustic/dclde/2027/dclde_2027_killer_whales/dfo_crp/audio/northbc/DFOCRP.KkHK0R2F-NML1.SM2M-3.20131012_015100Z.flac,0,reviewed,Oo,Oo,orca_call,orca_call,orca_call,DFO_CRP:NorthBc:DFOCRP.KkHK0R2F-NML1.SM2M-3.20131012_015100Z.flac,"[{""call_type"":""orca_call"",""call_type_name"":""Killer whale call"",""review_status"":""reviewed"",""source"":""dclde_2027_DFO_CRP_NorthBc"",""species"":""Killer whale"",""species_code"":""Oo"",""trainable"":true}]",call:orca_call|species:Oo
dclde_DFO_CRP_NorthBc__DFOCRP.KkHK0R2F-NML1.SM2M-3.20131012_015100Z.flac_164.4s_166.7s_trainstyle,dclde_DFO_CRP_NorthBc__DFOCRP.KkHK0R2F-NML1.SM2M-3.20131012_015100Z.flac,DFOCRP.KkHK0R2F-NML1.SM2M-3.20131012_015100Z.flac,DFOCRP.KkHK0R2F-NML1.SM2M-3.20131012_015100Z.flac,164.367000,166.655000,164.367000,166.655000,164.367000,2.288000,dclde_DFO_CRP_NorthBc__DFOCRP.KkHK0R2F-NML1.SM2M-3.20131012_015100Z.flac_164.4s_166.7s_trainstyle.mat,mat_files/dclde_DFO_CRP_NorthBc__DFOCRP.KkHK0R2F-NML1.SM2M-3.20131012_015100Z.flac_164.4s_166.7s_trainstyle.mat,dclde_2027_DFO_CRP_NorthBc,420,DFO_CRP,NorthBc,DFOCRP.KkHK0R2F-NML1.SM2M-3.20131012_015100Z.flac,KW,species:Oo|call:orca_call,call:orca_call|species:Oo,Oo,orca_call,,TKW,Detection,1,1,968.75,1625,dclde/2027/dclde_2027_killer_whales/dfo_crp/audio/northbc/DFOCRP.KkHK0R2F-NML1.SM2M-3.20131012_015100Z.flac,gs://noaa-passive-bioacoustic/dclde/2027/dclde_2027_killer_whales/dfo_crp/audio/northbc/DFOCRP.KkHK0R2F-NML1.SM2M-3.20131012_015100Z.flac,https://storage.googleapis.com/noaa-passive-bioacoustic/dclde/2027/dclde_2027_killer_whales/dfo_crp/audio/northbc/DFOCRP.KkHK0R2F-NML1.SM2M-3.20131012_015100Z.flac,0,reviewed,Oo,Oo,orca_call,orca_call,orca_call,DFO_CRP:NorthBc:DFOCRP.KkHK0R2F-NML1.SM2M-3.20131012_015100Z.flac,"[{""call_type"":""orca_call"",""call_type_name"":""Killer whale call"",""review_status"":""reviewed"",""source"":""dclde_2027_DFO_CRP_NorthBc"",""species"":""Killer whale"",""species_code"":""Oo"",""trainable"":true}]",call:orca_call|species:Oo
dclde_DFO_CRP_NorthBc__DFOCRP.KkHK0R2F-NML1.SM2M-3.20131012_015100Z.flac_173.3s_174.1s_trainstyle,dclde_DFO_CRP_NorthBc__DFOCRP.KkHK0R2F-NML1.SM2M-3.20131012_015100Z.flac,DFOCRP.KkHK0R2F-NML1.SM2M-3.20131012_015100Z.flac,DFOCRP.KkHK0R2F-NML1.SM2M-3.20131012_015100Z.flac,173.280000,174.095000,173.280000,174.095000,173.280000,0.815000,dclde_DFO_CRP_NorthBc__DFOCRP.KkHK0R2F-NML1.SM2M-3.20131012_015100Z.flac_173.3s_174.1s_trainstyle.mat,mat_files/dclde_DFO_CRP_NorthBc__DFOCRP.KkHK0R2F-NML1.SM2M-3.20131012_015100Z.flac_173.3s_174.1s_trainstyle.mat,dclde_2027_DFO_CRP_NorthBc,421,DFO_CRP,NorthBc,DFOCRP.KkHK0R2F-NML1.SM2M-3.20131012_015100Z.flac,KW,species:Oo|call:orca_call,call:orca_call|species:Oo,Oo,orca_call,,TKW,Detection,1,1,2062.5,2281.25,dclde/2027/dclde_2027_killer_whales/dfo_crp/audio/northbc/DFOCRP.KkHK0R2F-NML1.SM2M-3.20131012_015100Z.flac,gs://noaa-passive-bioacoustic/dclde/2027/dclde_2027_killer_whales/dfo_crp/audio/northbc/DFOCRP.KkHK0R2F-NML1.SM2M-3.20131012_015100Z.flac,https://storage.googleapis.com/noaa-passive-bioacoustic/dclde/2027/dclde_2027_killer_whales/dfo_crp/audio/northbc/DFOCRP.KkHK0R2F-NML1.SM2M-3.20131012_015100Z.flac,0,reviewed,Oo,Oo,orca_call,orca_call,orca_call,DFO_CRP:NorthBc:DFOCRP.KkHK0R2F-NML1.SM2M-3.20131012_015100Z.flac,"[{""call_type"":""orca_call"",""call_type_name"":""Killer whale call"",""review_status"":""reviewed"",""source"":""dclde_2027_DFO_CRP_NorthBc"",""species"":""Killer whale"",""species_code"":""Oo"",""trainable"":true}]",call:orca_call|species:Oo
dclde_DFO_CRP_NorthBc__DFOCRP.KkHK0R2F-NML1.SM2M-3.20131012_015100Z.flac_198.5s_199.7s_trainstyle,dclde_DFO_CRP_NorthBc__DFOCRP.KkHK0R2F-NML1.SM2M-3.20131012_015100Z.flac,DFOCRP.KkHK0R2F-NML1.SM2M-3.20131012_015100Z.flac,DFOCRP.KkHK0R2F-NML1.SM2M-3.20131012_015100Z.flac,198.543000,199.728000,198.543000,199.728000,198.543000,1.185000,dclde_DFO_CRP_NorthBc__DFOCRP.KkHK0R2F-NML1.SM2M-3.20131012_015100Z.flac_198.5s_199.7s_trainstyle.mat,mat_files/dclde_DFO_CRP_NorthBc__DFOCRP.KkHK0R2F-NML1.SM2M-3.20131012_015100Z.flac_198.5s_199.7s_trainstyle.mat,dclde_2027_DFO_CRP_NorthBc,422,DFO_CRP,NorthBc,DFOCRP.KkHK0R2F-NML1.SM2M-3.20131012_015100Z.flac,KW,species:Oo|call:orca_call,call:orca_call|species:Oo,Oo,orca_call,,TKW,Detection,1,1,1375,1968.75,dclde/2027/dclde_2027_killer_whales/dfo_crp/audio/northbc/DFOCRP.KkHK0R2F-NML1.SM2M-3.20131012_015100Z.flac,gs://noaa-passive-bioacoustic/dclde/2027/dclde_2027_killer_whales/dfo_crp/audio/northbc/DFOCRP.KkHK0R2F-NML1.SM2M-3.20131012_015100Z.flac,https://storage.googleapis.com/noaa-passive-bioacoustic/dclde/2027/dclde_2027_killer_whales/dfo_crp/audio/northbc/DFOCRP.KkHK0R2F-NML1.SM2M-3.20131012_015100Z.flac,0,reviewed,Oo,Oo,orca_call,orca_call,orca_call,DFO_CRP:NorthBc:DFOCRP.KkHK0R2F-NML1.SM2M-3.20131012_015100Z.flac,"[{""call_type"":""orca_call"",""call_type_name"":""Killer whale call"",""review_status"":""reviewed"",""source"":""dclde_2027_DFO_CRP_NorthBc"",""species"":""Killer whale"",""species_code"":""Oo"",""trainable"":true}]",call:orca_call|species:Oo
dclde_DFO_CRP_NorthBc__DFOCRP.KkHK0R2F-NML1.SM2M-3.20131012_015100Z.flac_204.9s_205.5s_trainstyle,dclde_DFO_CRP_NorthBc__DFOCRP.KkHK0R2F-NML1.SM2M-3.20131012_015100Z.flac,DFOCRP.KkHK0R2F-NML1.SM2M-3.20131012_015100Z.flac,DFOCRP.KkHK0R2F-NML1.SM2M-3.20131012_015100Z.flac,204.927000,205.487000,204.927000,205.487000,204.927000,0.560000,dclde_DFO_CRP_NorthBc__DFOCRP.KkHK0R2F-NML1.SM2M-3.20131012_015100Z.flac_204.9s_205.5s_trainstyle.mat,mat_files/dclde_DFO_CRP_NorthBc__DFOCRP.KkHK0R2F-NML1.SM2M-3.20131012_015100Z.flac_204.9s_205.5s_trainstyle.mat,dclde_2027_DFO_CRP_NorthBc,423,DFO_CRP,NorthBc,DFOCRP.KkHK0R2F-NML1.SM2M-3.20131012_015100Z.flac,KW,species:Oo|call:orca_call,call:orca_call|species:Oo,Oo,orca_call,,TKW,Detection,1,1,1406.25,1718.75,dclde/2027/dclde_2027_killer_whales/dfo_crp/audio/northbc/DFOCRP.KkHK0R2F-NML1.SM2M-3.20131012_015100Z.flac,gs://noaa-passive-bioacoustic/dclde/2027/dclde_2027_killer_whales/dfo_crp/audio/northbc/DFOCRP.KkHK0R2F-NML1.SM2M-3.20131012_015100Z.flac,https://storage.googleapis.com/noaa-passive-bioacoustic/dclde/2027/dclde_2027_killer_whales/dfo_crp/audio/northbc/DFOCRP.KkHK0R2F-NML1.SM2M-3.20131012_015100Z.flac,0,reviewed,Oo,Oo,orca_call,orca_call,orca_call,DFO_CRP:NorthBc:DFOCRP.KkHK0R2F-NML1.SM2M-3.20131012_015100Z.flac,"[{""call_type"":""orca_call"",""call_type_name"":""Killer whale call"",""review_status"":""reviewed"",""source"":""dclde_2027_DFO_CRP_NorthBc"",""species"":""Killer whale"",""species_code"":""Oo"",""trainable"":true}]",call:orca_call|species:Oo
dclde_DFO_CRP_NorthBc__DFOCRP.KkHK0R2F-NML1.SM2M-3.20131012_015100Z.flac_206.0s_206.7s_trainstyle,dclde_DFO_CRP_NorthBc__DFOCRP.KkHK0R2F-NML1.SM2M-3.20131012_015100Z.flac,DFOCRP.KkHK0R2F-NML1.SM2M-3.20131012_015100Z.flac,DFOCRP.KkHK0R2F-NML1.SM2M-3.20131012_015100Z.flac,206.000000,206.672000,206.000000,206.672000,206.000000,0.672000,dclde_DFO_CRP_NorthBc__DFOCRP.KkHK0R2F-NML1.SM2M-3.20131012_015100Z.flac_206.0s_206.7s_trainstyle.mat,mat_files/dclde_DFO_CRP_NorthBc__DFOCRP.KkHK0R2F-NML1.SM2M-3.20131012_015100Z.flac_206.0s_206.7s_trainstyle.mat,dclde_2027_DFO_CRP_NorthBc,424,DFO_CRP,NorthBc,DFOCRP.KkHK0R2F-NML1.SM2M-3.20131012_015100Z.flac,KW,species:Oo|call:orca_call,call:orca_call|species:Oo,Oo,orca_call,,TKW,Detection,1,1,1593.75,1968.75,dclde/2027/dclde_2027_killer_whales/dfo_crp/audio/northbc/DFOCRP.KkHK0R2F-NML1.SM2M-3.20131012_015100Z.flac,gs://noaa-passive-bioacoustic/dclde/2027/dclde_2027_killer_whales/dfo_crp/audio/northbc/DFOCRP.KkHK0R2F-NML1.SM2M-3.20131012_015100Z.flac,https://storage.googleapis.com/noaa-passive-bioacoustic/dclde/2027/dclde_2027_killer_whales/dfo_crp/audio/northbc/DFOCRP.KkHK0R2F-NML1.SM2M-3.20131012_015100Z.flac,0,reviewed,Oo,Oo,orca_call,orca_call,orca_call,DFO_CRP:NorthBc:DFOCRP.KkHK0R2F-NML1.SM2M-3.20131012_015100Z.flac,"[{""call_type"":""orca_call"",""call_type_name"":""Killer whale call"",""review_status"":""reviewed"",""source"":""dclde_2027_DFO_CRP_NorthBc"",""species"":""Killer whale"",""species_code"":""Oo"",""trainable"":true}]",call:orca_call|species:Oo
dclde_DFO_CRP_NorthBc__DFOCRP.KkHK0R2F-NML1.SM2M-3.20131012_015100Z.flac_228.3s_229.0s_trainstyle,dclde_DFO_CRP_NorthBc__DFOCRP.KkHK0R2F-NML1.SM2M-3.20131012_015100Z.flac,DFOCRP.KkHK0R2F-NML1.SM2M-3.20131012_015100Z.flac,DFOCRP.KkHK0R2F-NML1.SM2M-3.20131012_015100Z.flac,228.272000,228.960000,228.272000,228.960000,228.272000,0.688000,dclde_DFO_CRP_NorthBc__DFOCRP.KkHK0R2F-NML1.SM2M-3.20131012_015100Z.flac_228.3s_229.0s_trainstyle.mat,mat_files/dclde_DFO_CRP_NorthBc__DFOCRP.KkHK0R2F-NML1.SM2M-3.20131012_015100Z.flac_228.3s_229.0s_trainstyle.mat,dclde_2027_DFO_CRP_NorthBc,425,DFO_CRP,NorthBc,DFOCRP.KkHK0R2F-NML1.SM2M-3.20131012_015100Z.flac,KW,species:Oo|call:orca_call,call:orca_call|species:Oo,Oo,orca_call,,TKW,Detection,1,1,1937.5,2562.5,dclde/2027/dclde_2027_killer_whales/dfo_crp/audio/northbc/DFOCRP.KkHK0R2F-NML1.SM2M-3.20131012_015100Z.flac,gs://noaa-passive-bioacoustic/dclde/2027/dclde_2027_killer_whales/dfo_crp/audio/northbc/DFOCRP.KkHK0R2F-NML1.SM2M-3.20131012_015100Z.flac,https://storage.googleapis.com/noaa-passive-bioacoustic/dclde/2027/dclde_2027_killer_whales/dfo_crp/audio/northbc/DFOCRP.KkHK0R2F-NML1.SM2M-3.20131012_015100Z.flac,0,reviewed,Oo,Oo,orca_call,orca_call,orca_call,DFO_CRP:NorthBc:DFOCRP.KkHK0R2F-NML1.SM2M-3.20131012_015100Z.flac,"[{""call_type"":""orca_call"",""call_type_name"":""Killer whale call"",""review_status"":""reviewed"",""source"":""dclde_2027_DFO_CRP_NorthBc"",""species"":""Killer whale"",""species_code"":""Oo"",""trainable"":true}]",call:orca_call|species:Oo
dclde_DFO_CRP_NorthBc__DFOCRP.KkHK0R2F-NML1.SM2M-3.20131012_015100Z.flac_230.1s_230.4s_trainstyle,dclde_DFO_CRP_NorthBc__DFOCRP.KkHK0R2F-NML1.SM2M-3.20131012_015100Z.flac,DFOCRP.KkHK0R2F-NML1.SM2M-3.20131012_015100Z.flac,DFOCRP.KkHK0R2F-NML1.SM2M-3.20131012_015100Z.flac,230.127000,230.415000,230.127000,230.415000,230.127000,0.288000,dclde_DFO_CRP_NorthBc__DFOCRP.KkHK0R2F-NML1.SM2M-3.20131012_015100Z.flac_230.1s_230.4s_trainstyle.mat,mat_files/dclde_DFO_CRP_NorthBc__DFOCRP.KkHK0R2F-NML1.SM2M-3.20131012_015100Z.flac_230.1s_230.4s_trainstyle.mat,dclde_2027_DFO_CRP_NorthBc,426,DFO_CRP,NorthBc,DFOCRP.KkHK0R2F-NML1.SM2M-3.20131012_015100Z.flac,KW,species:Oo|call:orca_call,call:orca_call|species:Oo,Oo,orca_call,,TKW,Detection,1,1,3812.5,4250,dclde/2027/dclde_2027_killer_whales/dfo_crp/audio/northbc/DFOCRP.KkHK0R2F-NML1.SM2M-3.20131012_015100Z.flac,gs://noaa-passive-bioacoustic/dclde/2027/dclde_2027_killer_whales/dfo_crp/audio/northbc/DFOCRP.KkHK0R2F-NML1.SM2M-3.20131012_015100Z.flac,https://storage.googleapis.com/noaa-passive-bioacoustic/dclde/2027/dclde_2027_killer_whales/dfo_crp/audio/northbc/DFOCRP.KkHK0R2F-NML1.SM2M-3.20131012_015100Z.flac,0,reviewed,Oo,Oo,orca_call,orca_call,orca_call,DFO_CRP:NorthBc:DFOCRP.KkHK0R2F-NML1.SM2M-3.20131012_015100Z.flac,"[{""call_type"":""orca_call"",""call_type_name"":""Killer whale call"",""review_status"":""reviewed"",""source"":""dclde_2027_DFO_CRP_NorthBc"",""species"":""Killer whale"",""species_code"":""Oo"",""trainable"":true}]",call:orca_call|species:Oo
dclde_DFO_CRP_NorthBc__DFOCRP.KkHK0R2F-NML1.SM2M-3.20131012_015100Z.flac_232.9s_233.2s_trainstyle,dclde_DFO_CRP_NorthBc__DFOCRP.KkHK0R2F-NML1.SM2M-3.20131012_015100Z.flac,DFOCRP.KkHK0R2F-NML1.SM2M-3.20131012_015100Z.flac,DFOCRP.KkHK0R2F-NML1.SM2M-3.20131012_015100Z.flac,232.880000,233.232000,232.880000,233.232000,232.880000,0.352000,dclde_DFO_CRP_NorthBc__DFOCRP.KkHK0R2F-NML1.SM2M-3.20131012_015100Z.flac_232.9s_233.2s_trainstyle.mat,mat_files/dclde_DFO_CRP_NorthBc__DFOCRP.KkHK0R2F-NML1.SM2M-3.20131012_015100Z.flac_232.9s_233.2s_trainstyle.mat,dclde_2027_DFO_CRP_NorthBc,427,DFO_CRP,NorthBc,DFOCRP.KkHK0R2F-NML1.SM2M-3.20131012_015100Z.flac,KW,species:Oo|call:orca_call,call:orca_call|species:Oo,Oo,orca_call,,TKW,Detection,1,1,4218.75,4593.75,dclde/2027/dclde_2027_killer_whales/dfo_crp/audio/northbc/DFOCRP.KkHK0R2F-NML1.SM2M-3.20131012_015100Z.flac,gs://noaa-passive-bioacoustic/dclde/2027/dclde_2027_killer_whales/dfo_crp/audio/northbc/DFOCRP.KkHK0R2F-NML1.SM2M-3.20131012_015100Z.flac,https://storage.googleapis.com/noaa-passive-bioacoustic/dclde/2027/dclde_2027_killer_whales/dfo_crp/audio/northbc/DFOCRP.KkHK0R2F-NML1.SM2M-3.20131012_015100Z.flac,0,reviewed,Oo,Oo,orca_call,orca_call,orca_call,DFO_CRP:NorthBc:DFOCRP.KkHK0R2F-NML1.SM2M-3.20131012_015100Z.flac,"[{""call_type"":""orca_call"",""call_type_name"":""Killer whale call"",""review_status"":""reviewed"",""source"":""dclde_2027_DFO_CRP_NorthBc"",""species"":""Killer whale"",""species_code"":""Oo"",""trainable"":true}]",call:orca_call|species:Oo
dclde_DFO_CRP_NorthBc__DFOCRP.KkHK0R2F-NML1.SM2M-3.20131012_015100Z.flac_270.3s_270.6s_trainstyle,dclde_DFO_CRP_NorthBc__DFOCRP.KkHK0R2F-NML1.SM2M-3.20131012_015100Z.flac,DFOCRP.KkHK0R2F-NML1.SM2M-3.20131012_015100Z.flac,DFOCRP.KkHK0R2F-NML1.SM2M-3.20131012_015100Z.flac,270.272000,270.560000,270.272000,270.560000,270.272000,0.288000,dclde_DFO_CRP_NorthBc__DFOCRP.KkHK0R2F-NML1.SM2M-3.20131012_015100Z.flac_270.3s_270.6s_trainstyle.mat,mat_files/dclde_DFO_CRP_NorthBc__DFOCRP.KkHK0R2F-NML1.SM2M-3.20131012_015100Z.flac_270.3s_270.6s_trainstyle.mat,dclde_2027_DFO_CRP_NorthBc,428,DFO_CRP,NorthBc,DFOCRP.KkHK0R2F-NML1.SM2M-3.20131012_015100Z.flac,KW,species:Oo|call:orca_call,call:orca_call|species:Oo,Oo,orca_call,,TKW,Detection,1,1,1062.5,1375,dclde/2027/dclde_2027_killer_whales/dfo_crp/audio/northbc/DFOCRP.KkHK0R2F-NML1.SM2M-3.20131012_015100Z.flac,gs://noaa-passive-bioacoustic/dclde/2027/dclde_2027_killer_whales/dfo_crp/audio/northbc/DFOCRP.KkHK0R2F-NML1.SM2M-3.20131012_015100Z.flac,https://storage.googleapis.com/noaa-passive-bioacoustic/dclde/2027/dclde_2027_killer_whales/dfo_crp/audio/northbc/DFOCRP.KkHK0R2F-NML1.SM2M-3.20131012_015100Z.flac,0,reviewed,Oo,Oo,orca_call,orca_call,orca_call,DFO_CRP:NorthBc:DFOCRP.KkHK0R2F-NML1.SM2M-3.20131012_015100Z.flac,"[{""call_type"":""orca_call"",""call_type_name"":""Killer whale call"",""review_status"":""reviewed"",""source"":""dclde_2027_DFO_CRP_NorthBc"",""species"":""Killer whale"",""species_code"":""Oo"",""trainable"":true}]",call:orca_call|species:Oo
dclde_DFO_CRP_NorthBc__DFOCRP.KkHK0R2F-NML1.SM2M-3.20131012_020600Z.flac_13.1s_13.9s_trainstyle,dclde_DFO_CRP_NorthBc__DFOCRP.KkHK0R2F-NML1.SM2M-3.20131012_020600Z.flac,DFOCRP.KkHK0R2F-NML1.SM2M-3.20131012_020600Z.flac,DFOCRP.KkHK0R2F-NML1.SM2M-3.20131012_020600Z.flac,13.135000,13.887000,13.135000,13.887000,13.135000,0.752000,dclde_DFO_CRP_NorthBc__DFOCRP.KkHK0R2F-NML1.SM2M-3.20131012_020600Z.flac_13.1s_13.9s_trainstyle.mat,mat_files/dclde_DFO_CRP_NorthBc__DFOCRP.KkHK0R2F-NML1.SM2M-3.20131012_020600Z.flac_13.1s_13.9s_trainstyle.mat,dclde_2027_DFO_CRP_NorthBc,429,DFO_CRP,NorthBc,DFOCRP.KkHK0R2F-NML1.SM2M-3.20131012_020600Z.flac,KW,species:Oo|call:orca_call,call:orca_call|species:Oo,Oo,orca_call,,TKW,Detection,1,1,5468.75,5750,dclde/2027/dclde_2027_killer_whales/dfo_crp/audio/northbc/DFOCRP.KkHK0R2F-NML1.SM2M-3.20131012_020600Z.flac,gs://noaa-passive-bioacoustic/dclde/2027/dclde_2027_killer_whales/dfo_crp/audio/northbc/DFOCRP.KkHK0R2F-NML1.SM2M-3.20131012_020600Z.flac,https://storage.googleapis.com/noaa-passive-bioacoustic/dclde/2027/dclde_2027_killer_whales/dfo_crp/audio/northbc/DFOCRP.KkHK0R2F-NML1.SM2M-3.20131012_020600Z.flac,0,reviewed,Oo,Oo,orca_call,orca_call,orca_call,DFO_CRP:NorthBc:DFOCRP.KkHK0R2F-NML1.SM2M-3.20131012_020600Z.flac,"[{""call_type"":""orca_call"",""call_type_name"":""Killer whale call"",""review_status"":""reviewed"",""source"":""dclde_2027_DFO_CRP_NorthBc"",""species"":""Killer whale"",""species_code"":""Oo"",""trainable"":true}]",call:orca_call|species:Oo
dclde_DFO_CRP_NorthBc__DFOCRP.KkHK0R2F-NML1.SM2M-3.20131012_020600Z.flac_27.0s_27.2s_trainstyle,dclde_DFO_CRP_NorthBc__DFOCRP.KkHK0R2F-NML1.SM2M-3.20131012_020600Z.flac,DFOCRP.KkHK0R2F-NML1.SM2M-3.20131012_020600Z.flac,DFOCRP.KkHK0R2F-NML1.SM2M-3.20131012_020600Z.flac,26.959000,27.247000,26.959000,27.247000,26.959000,0.288000,dclde_DFO_CRP_NorthBc__DFOCRP.KkHK0R2F-NML1.SM2M-3.20131012_020600Z.flac_27.0s_27.2s_trainstyle.mat,mat_files/dclde_DFO_CRP_NorthBc__DFOCRP.KkHK0R2F-NML1.SM2M-3.20131012_020600Z.flac_27.0s_27.2s_trainstyle.mat,dclde_2027_DFO_CRP_NorthBc,430,DFO_CRP,NorthBc,DFOCRP.KkHK0R2F-NML1.SM2M-3.20131012_020600Z.flac,KW,species:Oo|call:orca_call,call:orca_call|species:Oo,Oo,orca_call,,TKW,Detection,1,1,781.25,1031.25,dclde/2027/dclde_2027_killer_whales/dfo_crp/audio/northbc/DFOCRP.KkHK0R2F-NML1.SM2M-3.20131012_020600Z.flac,gs://noaa-passive-bioacoustic/dclde/2027/dclde_2027_killer_whales/dfo_crp/audio/northbc/DFOCRP.KkHK0R2F-NML1.SM2M-3.20131012_020600Z.flac,https://storage.googleapis.com/noaa-passive-bioacoustic/dclde/2027/dclde_2027_killer_whales/dfo_crp/audio/northbc/DFOCRP.KkHK0R2F-NML1.SM2M-3.20131012_020600Z.flac,0,reviewed,Oo,Oo,orca_call,orca_call,orca_call,DFO_CRP:NorthBc:DFOCRP.KkHK0R2F-NML1.SM2M-3.20131012_020600Z.flac,"[{""call_type"":""orca_call"",""call_type_name"":""Killer whale call"",""review_status"":""reviewed"",""source"":""dclde_2027_DFO_CRP_NorthBc"",""species"":""Killer whale"",""species_code"":""Oo"",""trainable"":true}]",call:orca_call|species:Oo
dclde_DFO_CRP_NorthBc__DFOCRP.KkHK0R2F-NML1.SM2M-3.20131012_020600Z.flac_29.9s_30.7s_trainstyle,dclde_DFO_CRP_NorthBc__DFOCRP.KkHK0R2F-NML1.SM2M-3.20131012_020600Z.flac,DFOCRP.KkHK0R2F-NML1.SM2M-3.20131012_020600Z.flac,DFOCRP.KkHK0R2F-NML1.SM2M-3.20131012_020600Z.flac,29.903000,30.687000,29.903000,30.687000,29.903000,0.784000,dclde_DFO_CRP_NorthBc__DFOCRP.KkHK0R2F-NML1.SM2M-3.20131012_020600Z.flac_29.9s_30.7s_trainstyle.mat,mat_files/dclde_DFO_CRP_NorthBc__DFOCRP.KkHK0R2F-NML1.SM2M-3.20131012_020600Z.flac_29.9s_30.7s_trainstyle.mat,dclde_2027_DFO_CRP_NorthBc,431,DFO_CRP,NorthBc,DFOCRP.KkHK0R2F-NML1.SM2M-3.20131012_020600Z.flac,KW,species:Oo|call:orca_call,call:orca_call|species:Oo,Oo,orca_call,,TKW,Detection,1,1,1781.25,2218.75,dclde/2027/dclde_2027_killer_whales/dfo_crp/audio/northbc/DFOCRP.KkHK0R2F-NML1.SM2M-3.20131012_020600Z.flac,gs://noaa-passive-bioacoustic/dclde/2027/dclde_2027_killer_whales/dfo_crp/audio/northbc/DFOCRP.KkHK0R2F-NML1.SM2M-3.20131012_020600Z.flac,https://storage.googleapis.com/noaa-passive-bioacoustic/dclde/2027/dclde_2027_killer_whales/dfo_crp/audio/northbc/DFOCRP.KkHK0R2F-NML1.SM2M-3.20131012_020600Z.flac,0,reviewed,Oo,Oo,orca_call,orca_call,orca_call,DFO_CRP:NorthBc:DFOCRP.KkHK0R2F-NML1.SM2M-3.20131012_020600Z.flac,"[{""call_type"":""orca_call"",""call_type_name"":""Killer whale call"",""review_status"":""reviewed"",""source"":""dclde_2027_DFO_CRP_NorthBc"",""species"":""Killer whale"",""species_code"":""Oo"",""trainable"":true}]",call:orca_call|species:Oo
dclde_DFO_CRP_NorthBc__DFOCRP.KkHK0R2F-NML1.SM2M-3.20131012_020600Z.flac_38.5s_38.9s_trainstyle,dclde_DFO_CRP_NorthBc__DFOCRP.KkHK0R2F-NML1.SM2M-3.20131012_020600Z.flac,DFOCRP.KkHK0R2F-NML1.SM2M-3.20131012_020600Z.flac,DFOCRP.KkHK0R2F-NML1.SM2M-3.20131012_020600Z.flac,38.480000,38.896000,38.480000,38.896000,38.480000,0.416000,dclde_DFO_CRP_NorthBc__DFOCRP.KkHK0R2F-NML1.SM2M-3.20131012_020600Z.flac_38.5s_38.9s_trainstyle.mat,mat_files/dclde_DFO_CRP_NorthBc__DFOCRP.KkHK0R2F-NML1.SM2M-3.20131012_020600Z.flac_38.5s_38.9s_trainstyle.mat,dclde_2027_DFO_CRP_NorthBc,432,DFO_CRP,NorthBc,DFOCRP.KkHK0R2F-NML1.SM2M-3.20131012_020600Z.flac,KW,species:Oo|call:orca_call,call:orca_call|species:Oo,Oo,orca_call,,TKW,Detection,1,1,1312.5,1656.25,dclde/2027/dclde_2027_killer_whales/dfo_crp/audio/northbc/DFOCRP.KkHK0R2F-NML1.SM2M-3.20131012_020600Z.flac,gs://noaa-passive-bioacoustic/dclde/2027/dclde_2027_killer_whales/dfo_crp/audio/northbc/DFOCRP.KkHK0R2F-NML1.SM2M-3.20131012_020600Z.flac,https://storage.googleapis.com/noaa-passive-bioacoustic/dclde/2027/dclde_2027_killer_whales/dfo_crp/audio/northbc/DFOCRP.KkHK0R2F-NML1.SM2M-3.20131012_020600Z.flac,0,reviewed,Oo,Oo,orca_call,orca_call,orca_call,DFO_CRP:NorthBc:DFOCRP.KkHK0R2F-NML1.SM2M-3.20131012_020600Z.flac,"[{""call_type"":""orca_call"",""call_type_name"":""Killer whale call"",""review_status"":""reviewed"",""source"":""dclde_2027_DFO_CRP_NorthBc"",""species"":""Killer whale"",""species_code"":""Oo"",""trainable"":true}]",call:orca_call|species:Oo
dclde_DFO_CRP_NorthBc__DFOCRP.KkHK0R2F-NML1.SM2M-3.20131012_020600Z.flac_54.1s_54.4s_trainstyle,dclde_DFO_CRP_NorthBc__DFOCRP.KkHK0R2F-NML1.SM2M-3.20131012_020600Z.flac,DFOCRP.KkHK0R2F-NML1.SM2M-3.20131012_020600Z.flac,DFOCRP.KkHK0R2F-NML1.SM2M-3.20131012_020600Z.flac,54.063000,54.383000,54.063000,54.383000,54.063000,0.320000,dclde_DFO_CRP_NorthBc__DFOCRP.KkHK0R2F-NML1.SM2M-3.20131012_020600Z.flac_54.1s_54.4s_trainstyle.mat,mat_files/dclde_DFO_CRP_NorthBc__DFOCRP.KkHK0R2F-NML1.SM2M-3.20131012_020600Z.flac_54.1s_54.4s_trainstyle.mat,dclde_2027_DFO_CRP_NorthBc,433,DFO_CRP,NorthBc,DFOCRP.KkHK0R2F-NML1.SM2M-3.20131012_020600Z.flac,KW,species:Oo|call:orca_call,call:orca_call|species:Oo,Oo,orca_call,,TKW,Detection,1,1,781.25,1000,dclde/2027/dclde_2027_killer_whales/dfo_crp/audio/northbc/DFOCRP.KkHK0R2F-NML1.SM2M-3.20131012_020600Z.flac,gs://noaa-passive-bioacoustic/dclde/2027/dclde_2027_killer_whales/dfo_crp/audio/northbc/DFOCRP.KkHK0R2F-NML1.SM2M-3.20131012_020600Z.flac,https://storage.googleapis.com/noaa-passive-bioacoustic/dclde/2027/dclde_2027_killer_whales/dfo_crp/audio/northbc/DFOCRP.KkHK0R2F-NML1.SM2M-3.20131012_020600Z.flac,0,reviewed,Oo,Oo,orca_call,orca_call,orca_call,DFO_CRP:NorthBc:DFOCRP.KkHK0R2F-NML1.SM2M-3.20131012_020600Z.flac,"[{""call_type"":""orca_call"",""call_type_name"":""Killer whale call"",""review_status"":""reviewed"",""source"":""dclde_2027_DFO_CRP_NorthBc"",""species"":""Killer whale"",""species_code"":""Oo"",""trainable"":true}]",call:orca_call|species:Oo
dclde_DFO_CRP_NorthBc__DFOCRP.KkHK0R2F-NML1.SM2M-3.20131012_020600Z.flac_57.2s_57.5s_trainstyle,dclde_DFO_CRP_NorthBc__DFOCRP.KkHK0R2F-NML1.SM2M-3.20131012_020600Z.flac,DFOCRP.KkHK0R2F-NML1.SM2M-3.20131012_020600Z.flac,DFOCRP.KkHK0R2F-NML1.SM2M-3.20131012_020600Z.flac,57.200000,57.472000,57.200000,57.472000,57.200000,0.272000,dclde_DFO_CRP_NorthBc__DFOCRP.KkHK0R2F-NML1.SM2M-3.20131012_020600Z.flac_57.2s_57.5s_trainstyle.mat,mat_files/dclde_DFO_CRP_NorthBc__DFOCRP.KkHK0R2F-NML1.SM2M-3.20131012_020600Z.flac_57.2s_57.5s_trainstyle.mat,dclde_2027_DFO_CRP_NorthBc,434,DFO_CRP,NorthBc,DFOCRP.KkHK0R2F-NML1.SM2M-3.20131012_020600Z.flac,KW,species:Oo|call:orca_call,call:orca_call|species:Oo,Oo,orca_call,,TKW,Detection,1,1,843.75,1000,dclde/2027/dclde_2027_killer_whales/dfo_crp/audio/northbc/DFOCRP.KkHK0R2F-NML1.SM2M-3.20131012_020600Z.flac,gs://noaa-passive-bioacoustic/dclde/2027/dclde_2027_killer_whales/dfo_crp/audio/northbc/DFOCRP.KkHK0R2F-NML1.SM2M-3.20131012_020600Z.flac,https://storage.googleapis.com/noaa-passive-bioacoustic/dclde/2027/dclde_2027_killer_whales/dfo_crp/audio/northbc/DFOCRP.KkHK0R2F-NML1.SM2M-3.20131012_020600Z.flac,0,reviewed,Oo,Oo,orca_call,orca_call,orca_call,DFO_CRP:NorthBc:DFOCRP.KkHK0R2F-NML1.SM2M-3.20131012_020600Z.flac,"[{""call_type"":""orca_call"",""call_type_name"":""Killer whale call"",""review_status"":""reviewed"",""source"":""dclde_2027_DFO_CRP_NorthBc"",""species"":""Killer whale"",""species_code"":""Oo"",""trainable"":true}]",call:orca_call|species:Oo
dclde_DFO_CRP_NorthBc__DFOCRP.KkHK0R2F-NML1.SM2M-3.20131012_020600Z.flac_64.1s_64.4s_trainstyle,dclde_DFO_CRP_NorthBc__DFOCRP.KkHK0R2F-NML1.SM2M-3.20131012_020600Z.flac,DFOCRP.KkHK0R2F-NML1.SM2M-3.20131012_020600Z.flac,DFOCRP.KkHK0R2F-NML1.SM2M-3.20131012_020600Z.flac,64.080000,64.416000,64.080000,64.416000,64.080000,0.336000,dclde_DFO_CRP_NorthBc__DFOCRP.KkHK0R2F-NML1.SM2M-3.20131012_020600Z.flac_64.1s_64.4s_trainstyle.mat,mat_files/dclde_DFO_CRP_NorthBc__DFOCRP.KkHK0R2F-NML1.SM2M-3.20131012_020600Z.flac_64.1s_64.4s_trainstyle.mat,dclde_2027_DFO_CRP_NorthBc,435,DFO_CRP,NorthBc,DFOCRP.KkHK0R2F-NML1.SM2M-3.20131012_020600Z.flac,KW,species:Oo|call:orca_call,call:orca_call|species:Oo,Oo,orca_call,,TKW,Detection,1,1,1906.25,2281.25,dclde/2027/dclde_2027_killer_whales/dfo_crp/audio/northbc/DFOCRP.KkHK0R2F-NML1.SM2M-3.20131012_020600Z.flac,gs://noaa-passive-bioacoustic/dclde/2027/dclde_2027_killer_whales/dfo_crp/audio/northbc/DFOCRP.KkHK0R2F-NML1.SM2M-3.20131012_020600Z.flac,https://storage.googleapis.com/noaa-passive-bioacoustic/dclde/2027/dclde_2027_killer_whales/dfo_crp/audio/northbc/DFOCRP.KkHK0R2F-NML1.SM2M-3.20131012_020600Z.flac,0,reviewed,Oo,Oo,orca_call,orca_call,orca_call,DFO_CRP:NorthBc:DFOCRP.KkHK0R2F-NML1.SM2M-3.20131012_020600Z.flac,"[{""call_type"":""orca_call"",""call_type_name"":""Killer whale call"",""review_status"":""reviewed"",""source"":""dclde_2027_DFO_CRP_NorthBc"",""species"":""Killer whale"",""species_code"":""Oo"",""trainable"":true}]",call:orca_call|species:Oo
dclde_DFO_CRP_NorthBc__DFOCRP.KkHK0R2F-NML1.SM2M-3.20131012_020600Z.flac_64.6s_65.6s_trainstyle,dclde_DFO_CRP_NorthBc__DFOCRP.KkHK0R2F-NML1.SM2M-3.20131012_020600Z.flac,DFOCRP.KkHK0R2F-NML1.SM2M-3.20131012_020600Z.flac,DFOCRP.KkHK0R2F-NML1.SM2M-3.20131012_020600Z.flac,64.592000,65.583000,64.592000,65.583000,64.592000,0.991000,dclde_DFO_CRP_NorthBc__DFOCRP.KkHK0R2F-NML1.SM2M-3.20131012_020600Z.flac_64.6s_65.6s_trainstyle.mat,mat_files/dclde_DFO_CRP_NorthBc__DFOCRP.KkHK0R2F-NML1.SM2M-3.20131012_020600Z.flac_64.6s_65.6s_trainstyle.mat,dclde_2027_DFO_CRP_NorthBc,436,DFO_CRP,NorthBc,DFOCRP.KkHK0R2F-NML1.SM2M-3.20131012_020600Z.flac,KW,species:Oo|call:orca_call,call:orca_call|species:Oo,Oo,orca_call,,TKW,Detection,1,1,812.5,1281.25,dclde/2027/dclde_2027_killer_whales/dfo_crp/audio/northbc/DFOCRP.KkHK0R2F-NML1.SM2M-3.20131012_020600Z.flac,gs://noaa-passive-bioacoustic/dclde/2027/dclde_2027_killer_whales/dfo_crp/audio/northbc/DFOCRP.KkHK0R2F-NML1.SM2M-3.20131012_020600Z.flac,https://storage.googleapis.com/noaa-passive-bioacoustic/dclde/2027/dclde_2027_killer_whales/dfo_crp/audio/northbc/DFOCRP.KkHK0R2F-NML1.SM2M-3.20131012_020600Z.flac,0,reviewed,Oo,Oo,orca_call,orca_call,orca_call,DFO_CRP:NorthBc:DFOCRP.KkHK0R2F-NML1.SM2M-3.20131012_020600Z.flac,"[{""call_type"":""orca_call"",""call_type_name"":""Killer whale call"",""review_status"":""reviewed"",""source"":""dclde_2027_DFO_CRP_NorthBc"",""species"":""Killer whale"",""species_code"":""Oo"",""trainable"":true}]",call:orca_call|species:Oo
dclde_DFO_CRP_NorthBc__DFOCRP.KkHK0R2F-NML1.SM2M-3.20131012_020600Z.flac_66.6s_67.7s_trainstyle,dclde_DFO_CRP_NorthBc__DFOCRP.KkHK0R2F-NML1.SM2M-3.20131012_020600Z.flac,DFOCRP.KkHK0R2F-NML1.SM2M-3.20131012_020600Z.flac,DFOCRP.KkHK0R2F-NML1.SM2M-3.20131012_020600Z.flac,66.607000,67.743000,66.607000,67.743000,66.607000,1.136000,dclde_DFO_CRP_NorthBc__DFOCRP.KkHK0R2F-NML1.SM2M-3.20131012_020600Z.flac_66.6s_67.7s_trainstyle.mat,mat_files/dclde_DFO_CRP_NorthBc__DFOCRP.KkHK0R2F-NML1.SM2M-3.20131012_020600Z.flac_66.6s_67.7s_trainstyle.mat,dclde_2027_DFO_CRP_NorthBc,437,DFO_CRP,NorthBc,DFOCRP.KkHK0R2F-NML1.SM2M-3.20131012_020600Z.flac,KW,species:Oo|call:orca_call,call:orca_call|species:Oo,Oo,orca_call,,TKW,Detection,1,1,906.25,1000,dclde/2027/dclde_2027_killer_whales/dfo_crp/audio/northbc/DFOCRP.KkHK0R2F-NML1.SM2M-3.20131012_020600Z.flac,gs://noaa-passive-bioacoustic/dclde/2027/dclde_2027_killer_whales/dfo_crp/audio/northbc/DFOCRP.KkHK0R2F-NML1.SM2M-3.20131012_020600Z.flac,https://storage.googleapis.com/noaa-passive-bioacoustic/dclde/2027/dclde_2027_killer_whales/dfo_crp/audio/northbc/DFOCRP.KkHK0R2F-NML1.SM2M-3.20131012_020600Z.flac,0,reviewed,Oo,Oo,orca_call,orca_call,orca_call,DFO_CRP:NorthBc:DFOCRP.KkHK0R2F-NML1.SM2M-3.20131012_020600Z.flac,"[{""call_type"":""orca_call"",""call_type_name"":""Killer whale call"",""review_status"":""reviewed"",""source"":""dclde_2027_DFO_CRP_NorthBc"",""species"":""Killer whale"",""species_code"":""Oo"",""trainable"":true}]",call:orca_call|species:Oo
dclde_DFO_CRP_NorthBc__DFOCRP.KkHK0R2F-NML1.SM2M-3.20131012_020600Z.flac_67.5s_67.9s_trainstyle,dclde_DFO_CRP_NorthBc__DFOCRP.KkHK0R2F-NML1.SM2M-3.20131012_020600Z.flac,DFOCRP.KkHK0R2F-NML1.SM2M-3.20131012_020600Z.flac,DFOCRP.KkHK0R2F-NML1.SM2M-3.20131012_020600Z.flac,67.535000,67.887000,67.535000,67.887000,67.535000,0.352000,dclde_DFO_CRP_NorthBc__DFOCRP.KkHK0R2F-NML1.SM2M-3.20131012_020600Z.flac_67.5s_67.9s_trainstyle.mat,mat_files/dclde_DFO_CRP_NorthBc__DFOCRP.KkHK0R2F-NML1.SM2M-3.20131012_020600Z.flac_67.5s_67.9s_trainstyle.mat,dclde_2027_DFO_CRP_NorthBc,438,DFO_CRP,NorthBc,DFOCRP.KkHK0R2F-NML1.SM2M-3.20131012_020600Z.flac,KW,species:Oo|call:orca_call,call:orca_call|species:Oo,Oo,orca_call,,TKW,Detection,1,1,2156.25,2281.25,dclde/2027/dclde_2027_killer_whales/dfo_crp/audio/northbc/DFOCRP.KkHK0R2F-NML1.SM2M-3.20131012_020600Z.flac,gs://noaa-passive-bioacoustic/dclde/2027/dclde_2027_killer_whales/dfo_crp/audio/northbc/DFOCRP.KkHK0R2F-NML1.SM2M-3.20131012_020600Z.flac,https://storage.googleapis.com/noaa-passive-bioacoustic/dclde/2027/dclde_2027_killer_whales/dfo_crp/audio/northbc/DFOCRP.KkHK0R2F-NML1.SM2M-3.20131012_020600Z.flac,0,reviewed,Oo,Oo,orca_call,orca_call,orca_call,DFO_CRP:NorthBc:DFOCRP.KkHK0R2F-NML1.SM2M-3.20131012_020600Z.flac,"[{""call_type"":""orca_call"",""call_type_name"":""Killer whale call"",""review_status"":""reviewed"",""source"":""dclde_2027_DFO_CRP_NorthBc"",""species"":""Killer whale"",""species_code"":""Oo"",""trainable"":true}]",call:orca_call|species:Oo
dclde_DFO_CRP_NorthBc__DFOCRP.KkHK0R2F-NML1.SM2M-3.20131012_020600Z.flac_72.8s_74.0s_trainstyle,dclde_DFO_CRP_NorthBc__DFOCRP.KkHK0R2F-NML1.SM2M-3.20131012_020600Z.flac,DFOCRP.KkHK0R2F-NML1.SM2M-3.20131012_020600Z.flac,DFOCRP.KkHK0R2F-NML1.SM2M-3.20131012_020600Z.flac,72.800000,73.983000,72.800000,73.983000,72.800000,1.183000,dclde_DFO_CRP_NorthBc__DFOCRP.KkHK0R2F-NML1.SM2M-3.20131012_020600Z.flac_72.8s_74.0s_trainstyle.mat,mat_files/dclde_DFO_CRP_NorthBc__DFOCRP.KkHK0R2F-NML1.SM2M-3.20131012_020600Z.flac_72.8s_74.0s_trainstyle.mat,dclde_2027_DFO_CRP_NorthBc,439,DFO_CRP,NorthBc,DFOCRP.KkHK0R2F-NML1.SM2M-3.20131012_020600Z.flac,KW,species:Oo|call:orca_call,call:orca_call|species:Oo,Oo,orca_call,,TKW,Detection,1,1,968.75,1125,dclde/2027/dclde_2027_killer_whales/dfo_crp/audio/northbc/DFOCRP.KkHK0R2F-NML1.SM2M-3.20131012_020600Z.flac,gs://noaa-passive-bioacoustic/dclde/2027/dclde_2027_killer_whales/dfo_crp/audio/northbc/DFOCRP.KkHK0R2F-NML1.SM2M-3.20131012_020600Z.flac,https://storage.googleapis.com/noaa-passive-bioacoustic/dclde/2027/dclde_2027_killer_whales/dfo_crp/audio/northbc/DFOCRP.KkHK0R2F-NML1.SM2M-3.20131012_020600Z.flac,0,reviewed,Oo,Oo,orca_call,orca_call,orca_call,DFO_CRP:NorthBc:DFOCRP.KkHK0R2F-NML1.SM2M-3.20131012_020600Z.flac,"[{""call_type"":""orca_call"",""call_type_name"":""Killer whale call"",""review_status"":""reviewed"",""source"":""dclde_2027_DFO_CRP_NorthBc"",""species"":""Killer whale"",""species_code"":""Oo"",""trainable"":true}]",call:orca_call|species:Oo
dclde_DFO_CRP_NorthBc__DFOCRP.KkHK0R2F-NML1.SM2M-3.20131012_020600Z.flac_77.2s_77.6s_trainstyle,dclde_DFO_CRP_NorthBc__DFOCRP.KkHK0R2F-NML1.SM2M-3.20131012_020600Z.flac,DFOCRP.KkHK0R2F-NML1.SM2M-3.20131012_020600Z.flac,DFOCRP.KkHK0R2F-NML1.SM2M-3.20131012_020600Z.flac,77.167000,77.551000,77.167000,77.551000,77.167000,0.384000,dclde_DFO_CRP_NorthBc__DFOCRP.KkHK0R2F-NML1.SM2M-3.20131012_020600Z.flac_77.2s_77.6s_trainstyle.mat,mat_files/dclde_DFO_CRP_NorthBc__DFOCRP.KkHK0R2F-NML1.SM2M-3.20131012_020600Z.flac_77.2s_77.6s_trainstyle.mat,dclde_2027_DFO_CRP_NorthBc,440,DFO_CRP,NorthBc,DFOCRP.KkHK0R2F-NML1.SM2M-3.20131012_020600Z.flac,KW,species:Oo|call:orca_call,call:orca_call|species:Oo,Oo,orca_call,,TKW,Detection,1,1,781.25,1000,dclde/2027/dclde_2027_killer_whales/dfo_crp/audio/northbc/DFOCRP.KkHK0R2F-NML1.SM2M-3.20131012_020600Z.flac,gs://noaa-passive-bioacoustic/dclde/2027/dclde_2027_killer_whales/dfo_crp/audio/northbc/DFOCRP.KkHK0R2F-NML1.SM2M-3.20131012_020600Z.flac,https://storage.googleapis.com/noaa-passive-bioacoustic/dclde/2027/dclde_2027_killer_whales/dfo_crp/audio/northbc/DFOCRP.KkHK0R2F-NML1.SM2M-3.20131012_020600Z.flac,0,reviewed,Oo,Oo,orca_call,orca_call,orca_call,DFO_CRP:NorthBc:DFOCRP.KkHK0R2F-NML1.SM2M-3.20131012_020600Z.flac,"[{""call_type"":""orca_call"",""call_type_name"":""Killer whale call"",""review_status"":""reviewed"",""source"":""dclde_2027_DFO_CRP_NorthBc"",""species"":""Killer whale"",""species_code"":""Oo"",""trainable"":true}]",call:orca_call|species:Oo
dclde_DFO_CRP_NorthBc__DFOCRP.KkHK0R2F-NML1.SM2M-3.20131012_020600Z.flac_77.8s_78.3s_trainstyle,dclde_DFO_CRP_NorthBc__DFOCRP.KkHK0R2F-NML1.SM2M-3.20131012_020600Z.flac,DFOCRP.KkHK0R2F-NML1.SM2M-3.20131012_020600Z.flac,DFOCRP.KkHK0R2F-NML1.SM2M-3.20131012_020600Z.flac,77.823000,78.271000,77.823000,78.271000,77.823000,0.448000,dclde_DFO_CRP_NorthBc__DFOCRP.KkHK0R2F-NML1.SM2M-3.20131012_020600Z.flac_77.8s_78.3s_trainstyle.mat,mat_files/dclde_DFO_CRP_NorthBc__DFOCRP.KkHK0R2F-NML1.SM2M-3.20131012_020600Z.flac_77.8s_78.3s_trainstyle.mat,dclde_2027_DFO_CRP_NorthBc,441,DFO_CRP,NorthBc,DFOCRP.KkHK0R2F-NML1.SM2M-3.20131012_020600Z.flac,KW,species:Oo|call:orca_call,call:orca_call|species:Oo,Oo,orca_call,,TKW,Detection,1,1,781.25,1468.75,dclde/2027/dclde_2027_killer_whales/dfo_crp/audio/northbc/DFOCRP.KkHK0R2F-NML1.SM2M-3.20131012_020600Z.flac,gs://noaa-passive-bioacoustic/dclde/2027/dclde_2027_killer_whales/dfo_crp/audio/northbc/DFOCRP.KkHK0R2F-NML1.SM2M-3.20131012_020600Z.flac,https://storage.googleapis.com/noaa-passive-bioacoustic/dclde/2027/dclde_2027_killer_whales/dfo_crp/audio/northbc/DFOCRP.KkHK0R2F-NML1.SM2M-3.20131012_020600Z.flac,0,reviewed,Oo,Oo,orca_call,orca_call,orca_call,DFO_CRP:NorthBc:DFOCRP.KkHK0R2F-NML1.SM2M-3.20131012_020600Z.flac,"[{""call_type"":""orca_call"",""call_type_name"":""Killer whale call"",""review_status"":""reviewed"",""source"":""dclde_2027_DFO_CRP_NorthBc"",""species"":""Killer whale"",""species_code"":""Oo"",""trainable"":true}]",call:orca_call|species:Oo
dclde_DFO_CRP_NorthBc__DFOCRP.KkHK0R2F-NML1.SM2M-3.20131012_020600Z.flac_88.7s_89.5s_trainstyle,dclde_DFO_CRP_NorthBc__DFOCRP.KkHK0R2F-NML1.SM2M-3.20131012_020600Z.flac,DFOCRP.KkHK0R2F-NML1.SM2M-3.20131012_020600Z.flac,DFOCRP.KkHK0R2F-NML1.SM2M-3.20131012_020600Z.flac,88.655000,89.535000,88.655000,89.535000,88.655000,0.880000,dclde_DFO_CRP_NorthBc__DFOCRP.KkHK0R2F-NML1.SM2M-3.20131012_020600Z.flac_88.7s_89.5s_trainstyle.mat,mat_files/dclde_DFO_CRP_NorthBc__DFOCRP.KkHK0R2F-NML1.SM2M-3.20131012_020600Z.flac_88.7s_89.5s_trainstyle.mat,dclde_2027_DFO_CRP_NorthBc,442,DFO_CRP,NorthBc,DFOCRP.KkHK0R2F-NML1.SM2M-3.20131012_020600Z.flac,KW,species:Oo|call:orca_call,call:orca_call|species:Oo,Oo,orca_call,,TKW,Detection,1,1,937.5,1250,dclde/2027/dclde_2027_killer_whales/dfo_crp/audio/northbc/DFOCRP.KkHK0R2F-NML1.SM2M-3.20131012_020600Z.flac,gs://noaa-passive-bioacoustic/dclde/2027/dclde_2027_killer_whales/dfo_crp/audio/northbc/DFOCRP.KkHK0R2F-NML1.SM2M-3.20131012_020600Z.flac,https://storage.googleapis.com/noaa-passive-bioacoustic/dclde/2027/dclde_2027_killer_whales/dfo_crp/audio/northbc/DFOCRP.KkHK0R2F-NML1.SM2M-3.20131012_020600Z.flac,0,reviewed,Oo,Oo,orca_call,orca_call,orca_call,DFO_CRP:NorthBc:DFOCRP.KkHK0R2F-NML1.SM2M-3.20131012_020600Z.flac,"[{""call_type"":""orca_call"",""call_type_name"":""Killer whale call"",""review_status"":""reviewed"",""source"":""dclde_2027_DFO_CRP_NorthBc"",""species"":""Killer whale"",""species_code"":""Oo"",""trainable"":true}]",call:orca_call|species:Oo
dclde_DFO_CRP_NorthBc__DFOCRP.KkHK0R2F-NML1.SM2M-3.20131012_020600Z.flac_90.4s_90.7s_trainstyle,dclde_DFO_CRP_NorthBc__DFOCRP.KkHK0R2F-NML1.SM2M-3.20131012_020600Z.flac,DFOCRP.KkHK0R2F-NML1.SM2M-3.20131012_020600Z.flac,DFOCRP.KkHK0R2F-NML1.SM2M-3.20131012_020600Z.flac,90.351000,90.687000,90.351000,90.687000,90.351000,0.336000,dclde_DFO_CRP_NorthBc__DFOCRP.KkHK0R2F-NML1.SM2M-3.20131012_020600Z.flac_90.4s_90.7s_trainstyle.mat,mat_files/dclde_DFO_CRP_NorthBc__DFOCRP.KkHK0R2F-NML1.SM2M-3.20131012_020600Z.flac_90.4s_90.7s_trainstyle.mat,dclde_2027_DFO_CRP_NorthBc,443,DFO_CRP,NorthBc,DFOCRP.KkHK0R2F-NML1.SM2M-3.20131012_020600Z.flac,KW,species:Oo|call:orca_call,call:orca_call|species:Oo,Oo,orca_call,,TKW,Detection,1,1,781.25,1281.25,dclde/2027/dclde_2027_killer_whales/dfo_crp/audio/northbc/DFOCRP.KkHK0R2F-NML1.SM2M-3.20131012_020600Z.flac,gs://noaa-passive-bioacoustic/dclde/2027/dclde_2027_killer_whales/dfo_crp/audio/northbc/DFOCRP.KkHK0R2F-NML1.SM2M-3.20131012_020600Z.flac,https://storage.googleapis.com/noaa-passive-bioacoustic/dclde/2027/dclde_2027_killer_whales/dfo_crp/audio/northbc/DFOCRP.KkHK0R2F-NML1.SM2M-3.20131012_020600Z.flac,0,reviewed,Oo,Oo,orca_call,orca_call,orca_call,DFO_CRP:NorthBc:DFOCRP.KkHK0R2F-NML1.SM2M-3.20131012_020600Z.flac,"[{""call_type"":""orca_call"",""call_type_name"":""Killer whale call"",""review_status"":""reviewed"",""source"":""dclde_2027_DFO_CRP_NorthBc"",""species"":""Killer whale"",""species_code"":""Oo"",""trainable"":true}]",call:orca_call|species:Oo
dclde_DFO_CRP_NorthBc__DFOCRP.KkHK0R2F-NML1.SM2M-3.20131012_020600Z.flac_93.6s_94.8s_trainstyle,dclde_DFO_CRP_NorthBc__DFOCRP.KkHK0R2F-NML1.SM2M-3.20131012_020600Z.flac,DFOCRP.KkHK0R2F-NML1.SM2M-3.20131012_020600Z.flac,DFOCRP.KkHK0R2F-NML1.SM2M-3.20131012_020600Z.flac,93.615000,94.848000,93.615000,94.848000,93.615000,1.233000,dclde_DFO_CRP_NorthBc__DFOCRP.KkHK0R2F-NML1.SM2M-3.20131012_020600Z.flac_93.6s_94.8s_trainstyle.mat,mat_files/dclde_DFO_CRP_NorthBc__DFOCRP.KkHK0R2F-NML1.SM2M-3.20131012_020600Z.flac_93.6s_94.8s_trainstyle.mat,dclde_2027_DFO_CRP_NorthBc,444,DFO_CRP,NorthBc,DFOCRP.KkHK0R2F-NML1.SM2M-3.20131012_020600Z.flac,KW,species:Oo|call:orca_call,call:orca_call|species:Oo,Oo,orca_call,,TKW,Detection,1,1,906.25,1343.75,dclde/2027/dclde_2027_killer_whales/dfo_crp/audio/northbc/DFOCRP.KkHK0R2F-NML1.SM2M-3.20131012_020600Z.flac,gs://noaa-passive-bioacoustic/dclde/2027/dclde_2027_killer_whales/dfo_crp/audio/northbc/DFOCRP.KkHK0R2F-NML1.SM2M-3.20131012_020600Z.flac,https://storage.googleapis.com/noaa-passive-bioacoustic/dclde/2027/dclde_2027_killer_whales/dfo_crp/audio/northbc/DFOCRP.KkHK0R2F-NML1.SM2M-3.20131012_020600Z.flac,0,reviewed,Oo,Oo,orca_call,orca_call,orca_call,DFO_CRP:NorthBc:DFOCRP.KkHK0R2F-NML1.SM2M-3.20131012_020600Z.flac,"[{""call_type"":""orca_call"",""call_type_name"":""Killer whale call"",""review_status"":""reviewed"",""source"":""dclde_2027_DFO_CRP_NorthBc"",""species"":""Killer whale"",""species_code"":""Oo"",""trainable"":true}]",call:orca_call|species:Oo
dclde_DFO_CRP_NorthBc__DFOCRP.KkHK0R2F-NML1.SM2M-3.20131012_020600Z.flac_94.9s_95.6s_trainstyle,dclde_DFO_CRP_NorthBc__DFOCRP.KkHK0R2F-NML1.SM2M-3.20131012_020600Z.flac,DFOCRP.KkHK0R2F-NML1.SM2M-3.20131012_020600Z.flac,DFOCRP.KkHK0R2F-NML1.SM2M-3.20131012_020600Z.flac,94.911000,95.551000,94.911000,95.551000,94.911000,0.640000,dclde_DFO_CRP_NorthBc__DFOCRP.KkHK0R2F-NML1.SM2M-3.20131012_020600Z.flac_94.9s_95.6s_trainstyle.mat,mat_files/dclde_DFO_CRP_NorthBc__DFOCRP.KkHK0R2F-NML1.SM2M-3.20131012_020600Z.flac_94.9s_95.6s_trainstyle.mat,dclde_2027_DFO_CRP_NorthBc,445,DFO_CRP,NorthBc,DFOCRP.KkHK0R2F-NML1.SM2M-3.20131012_020600Z.flac,KW,species:Oo|call:orca_call,call:orca_call|species:Oo,Oo,orca_call,,TKW,Detection,1,1,781.25,1593.75,dclde/2027/dclde_2027_killer_whales/dfo_crp/audio/northbc/DFOCRP.KkHK0R2F-NML1.SM2M-3.20131012_020600Z.flac,gs://noaa-passive-bioacoustic/dclde/2027/dclde_2027_killer_whales/dfo_crp/audio/northbc/DFOCRP.KkHK0R2F-NML1.SM2M-3.20131012_020600Z.flac,https://storage.googleapis.com/noaa-passive-bioacoustic/dclde/2027/dclde_2027_killer_whales/dfo_crp/audio/northbc/DFOCRP.KkHK0R2F-NML1.SM2M-3.20131012_020600Z.flac,0,reviewed,Oo,Oo,orca_call,orca_call,orca_call,DFO_CRP:NorthBc:DFOCRP.KkHK0R2F-NML1.SM2M-3.20131012_020600Z.flac,"[{""call_type"":""orca_call"",""call_type_name"":""Killer whale call"",""review_status"":""reviewed"",""source"":""dclde_2027_DFO_CRP_NorthBc"",""species"":""Killer whale"",""species_code"":""Oo"",""trainable"":true}]",call:orca_call|species:Oo
dclde_DFO_CRP_NorthBc__DFOCRP.KkHK0R2F-NML1.SM2M-3.20131012_020600Z.flac_97.0s_98.3s_trainstyle,dclde_DFO_CRP_NorthBc__DFOCRP.KkHK0R2F-NML1.SM2M-3.20131012_020600Z.flac,DFOCRP.KkHK0R2F-NML1.SM2M-3.20131012_020600Z.flac,DFOCRP.KkHK0R2F-NML1.SM2M-3.20131012_020600Z.flac,96.992000,98.287000,96.992000,98.287000,96.992000,1.295000,dclde_DFO_CRP_NorthBc__DFOCRP.KkHK0R2F-NML1.SM2M-3.20131012_020600Z.flac_97.0s_98.3s_trainstyle.mat,mat_files/dclde_DFO_CRP_NorthBc__DFOCRP.KkHK0R2F-NML1.SM2M-3.20131012_020600Z.flac_97.0s_98.3s_trainstyle.mat,dclde_2027_DFO_CRP_NorthBc,446,DFO_CRP,NorthBc,DFOCRP.KkHK0R2F-NML1.SM2M-3.20131012_020600Z.flac,KW,species:Oo|call:orca_call,call:orca_call|species:Oo,Oo,orca_call,,TKW,Detection,1,1,1968.75,2125,dclde/2027/dclde_2027_killer_whales/dfo_crp/audio/northbc/DFOCRP.KkHK0R2F-NML1.SM2M-3.20131012_020600Z.flac,gs://noaa-passive-bioacoustic/dclde/2027/dclde_2027_killer_whales/dfo_crp/audio/northbc/DFOCRP.KkHK0R2F-NML1.SM2M-3.20131012_020600Z.flac,https://storage.googleapis.com/noaa-passive-bioacoustic/dclde/2027/dclde_2027_killer_whales/dfo_crp/audio/northbc/DFOCRP.KkHK0R2F-NML1.SM2M-3.20131012_020600Z.flac,0,reviewed,Oo,Oo,orca_call,orca_call,orca_call,DFO_CRP:NorthBc:DFOCRP.KkHK0R2F-NML1.SM2M-3.20131012_020600Z.flac,"[{""call_type"":""orca_call"",""call_type_name"":""Killer whale call"",""review_status"":""reviewed"",""source"":""dclde_2027_DFO_CRP_NorthBc"",""species"":""Killer whale"",""species_code"":""Oo"",""trainable"":true}]",call:orca_call|species:Oo
dclde_DFO_CRP_NorthBc__DFOCRP.KkHK0R2F-NML1.SM2M-3.20131012_020600Z.flac_100.8s_101.4s_trainstyle,dclde_DFO_CRP_NorthBc__DFOCRP.KkHK0R2F-NML1.SM2M-3.20131012_020600Z.flac,DFOCRP.KkHK0R2F-NML1.SM2M-3.20131012_020600Z.flac,DFOCRP.KkHK0R2F-NML1.SM2M-3.20131012_020600Z.flac,100.831000,101.375000,100.831000,101.375000,100.831000,0.544000,dclde_DFO_CRP_NorthBc__DFOCRP.KkHK0R2F-NML1.SM2M-3.20131012_020600Z.flac_100.8s_101.4s_trainstyle.mat,mat_files/dclde_DFO_CRP_NorthBc__DFOCRP.KkHK0R2F-NML1.SM2M-3.20131012_020600Z.flac_100.8s_101.4s_trainstyle.mat,dclde_2027_DFO_CRP_NorthBc,447,DFO_CRP,NorthBc,DFOCRP.KkHK0R2F-NML1.SM2M-3.20131012_020600Z.flac,KW,species:Oo|call:orca_call,call:orca_call|species:Oo,Oo,orca_call,,TKW,Detection,1,1,4500,5375,dclde/2027/dclde_2027_killer_whales/dfo_crp/audio/northbc/DFOCRP.KkHK0R2F-NML1.SM2M-3.20131012_020600Z.flac,gs://noaa-passive-bioacoustic/dclde/2027/dclde_2027_killer_whales/dfo_crp/audio/northbc/DFOCRP.KkHK0R2F-NML1.SM2M-3.20131012_020600Z.flac,https://storage.googleapis.com/noaa-passive-bioacoustic/dclde/2027/dclde_2027_killer_whales/dfo_crp/audio/northbc/DFOCRP.KkHK0R2F-NML1.SM2M-3.20131012_020600Z.flac,0,reviewed,Oo,Oo,orca_call,orca_call,orca_call,DFO_CRP:NorthBc:DFOCRP.KkHK0R2F-NML1.SM2M-3.20131012_020600Z.flac,"[{""call_type"":""orca_call"",""call_type_name"":""Killer whale call"",""review_status"":""reviewed"",""source"":""dclde_2027_DFO_CRP_NorthBc"",""species"":""Killer whale"",""species_code"":""Oo"",""trainable"":true}]",call:orca_call|species:Oo
dclde_DFO_CRP_NorthBc__DFOCRP.KkHK0R2F-NML1.SM2M-3.20131012_020600Z.flac_102.8s_104.2s_trainstyle,dclde_DFO_CRP_NorthBc__DFOCRP.KkHK0R2F-NML1.SM2M-3.20131012_020600Z.flac,DFOCRP.KkHK0R2F-NML1.SM2M-3.20131012_020600Z.flac,DFOCRP.KkHK0R2F-NML1.SM2M-3.20131012_020600Z.flac,102.784000,104.176000,102.784000,104.176000,102.784000,1.392000,dclde_DFO_CRP_NorthBc__DFOCRP.KkHK0R2F-NML1.SM2M-3.20131012_020600Z.flac_102.8s_104.2s_trainstyle.mat,mat_files/dclde_DFO_CRP_NorthBc__DFOCRP.KkHK0R2F-NML1.SM2M-3.20131012_020600Z.flac_102.8s_104.2s_trainstyle.mat,dclde_2027_DFO_CRP_NorthBc,448,DFO_CRP,NorthBc,DFOCRP.KkHK0R2F-NML1.SM2M-3.20131012_020600Z.flac,KW,species:Oo|call:orca_call,call:orca_call|species:Oo,Oo,orca_call,,TKW,Detection,1,1,1968.75,2343.75,dclde/2027/dclde_2027_killer_whales/dfo_crp/audio/northbc/DFOCRP.KkHK0R2F-NML1.SM2M-3.20131012_020600Z.flac,gs://noaa-passive-bioacoustic/dclde/2027/dclde_2027_killer_whales/dfo_crp/audio/northbc/DFOCRP.KkHK0R2F-NML1.SM2M-3.20131012_020600Z.flac,https://storage.googleapis.com/noaa-passive-bioacoustic/dclde/2027/dclde_2027_killer_whales/dfo_crp/audio/northbc/DFOCRP.KkHK0R2F-NML1.SM2M-3.20131012_020600Z.flac,0,reviewed,Oo,Oo,orca_call,orca_call,orca_call,DFO_CRP:NorthBc:DFOCRP.KkHK0R2F-NML1.SM2M-3.20131012_020600Z.flac,"[{""call_type"":""orca_call"",""call_type_name"":""Killer whale call"",""review_status"":""reviewed"",""source"":""dclde_2027_DFO_CRP_NorthBc"",""species"":""Killer whale"",""species_code"":""Oo"",""trainable"":true}]",call:orca_call|species:Oo
dclde_DFO_CRP_NorthBc__DFOCRP.KkHK0R2F-NML1.SM2M-3.20131012_020600Z.flac_104.2s_104.9s_trainstyle,dclde_DFO_CRP_NorthBc__DFOCRP.KkHK0R2F-NML1.SM2M-3.20131012_020600Z.flac,DFOCRP.KkHK0R2F-NML1.SM2M-3.20131012_020600Z.flac,DFOCRP.KkHK0R2F-NML1.SM2M-3.20131012_020600Z.flac,104.159000,104.895000,104.159000,104.895000,104.159000,0.736000,dclde_DFO_CRP_NorthBc__DFOCRP.KkHK0R2F-NML1.SM2M-3.20131012_020600Z.flac_104.2s_104.9s_trainstyle.mat,mat_files/dclde_DFO_CRP_NorthBc__DFOCRP.KkHK0R2F-NML1.SM2M-3.20131012_020600Z.flac_104.2s_104.9s_trainstyle.mat,dclde_2027_DFO_CRP_NorthBc,449,DFO_CRP,NorthBc,DFOCRP.KkHK0R2F-NML1.SM2M-3.20131012_020600Z.flac,KW,species:Oo|call:orca_call,call:orca_call|species:Oo,Oo,orca_call,,TKW,Detection,1,1,1468.75,1625,dclde/2027/dclde_2027_killer_whales/dfo_crp/audio/northbc/DFOCRP.KkHK0R2F-NML1.SM2M-3.20131012_020600Z.flac,gs://noaa-passive-bioacoustic/dclde/2027/dclde_2027_killer_whales/dfo_crp/audio/northbc/DFOCRP.KkHK0R2F-NML1.SM2M-3.20131012_020600Z.flac,https://storage.googleapis.com/noaa-passive-bioacoustic/dclde/2027/dclde_2027_killer_whales/dfo_crp/audio/northbc/DFOCRP.KkHK0R2F-NML1.SM2M-3.20131012_020600Z.flac,0,reviewed,Oo,Oo,orca_call,orca_call,orca_call,DFO_CRP:NorthBc:DFOCRP.KkHK0R2F-NML1.SM2M-3.20131012_020600Z.flac,"[{""call_type"":""orca_call"",""call_type_name"":""Killer whale call"",""review_status"":""reviewed"",""source"":""dclde_2027_DFO_CRP_NorthBc"",""species"":""Killer whale"",""species_code"":""Oo"",""trainable"":true}]",call:orca_call|species:Oo
dclde_DFO_CRP_NorthBc__DFOCRP.KkHK0R2F-NML1.SM2M-3.20131012_020600Z.flac_106.7s_108.1s_trainstyle,dclde_DFO_CRP_NorthBc__DFOCRP.KkHK0R2F-NML1.SM2M-3.20131012_020600Z.flac,DFOCRP.KkHK0R2F-NML1.SM2M-3.20131012_020600Z.flac,DFOCRP.KkHK0R2F-NML1.SM2M-3.20131012_020600Z.flac,106.672000,108.111000,106.672000,108.111000,106.672000,1.439000,dclde_DFO_CRP_NorthBc__DFOCRP.KkHK0R2F-NML1.SM2M-3.20131012_020600Z.flac_106.7s_108.1s_trainstyle.mat,mat_files/dclde_DFO_CRP_NorthBc__DFOCRP.KkHK0R2F-NML1.SM2M-3.20131012_020600Z.flac_106.7s_108.1s_trainstyle.mat,dclde_2027_DFO_CRP_NorthBc,450,DFO_CRP,NorthBc,DFOCRP.KkHK0R2F-NML1.SM2M-3.20131012_020600Z.flac,KW,species:Oo|call:orca_call,call:orca_call|species:Oo,Oo,orca_call,,TKW,Detection,1,1,781.25,1218.75,dclde/2027/dclde_2027_killer_whales/dfo_crp/audio/northbc/DFOCRP.KkHK0R2F-NML1.SM2M-3.20131012_020600Z.flac,gs://noaa-passive-bioacoustic/dclde/2027/dclde_2027_killer_whales/dfo_crp/audio/northbc/DFOCRP.KkHK0R2F-NML1.SM2M-3.20131012_020600Z.flac,https://storage.googleapis.com/noaa-passive-bioacoustic/dclde/2027/dclde_2027_killer_whales/dfo_crp/audio/northbc/DFOCRP.KkHK0R2F-NML1.SM2M-3.20131012_020600Z.flac,0,reviewed,Oo,Oo,orca_call,orca_call,orca_call,DFO_CRP:NorthBc:DFOCRP.KkHK0R2F-NML1.SM2M-3.20131012_020600Z.flac,"[{""call_type"":""orca_call"",""call_type_name"":""Killer whale call"",""review_status"":""reviewed"",""source"":""dclde_2027_DFO_CRP_NorthBc"",""species"":""Killer whale"",""species_code"":""Oo"",""trainable"":true}]",call:orca_call|species:Oo
dclde_DFO_CRP_NorthBc__DFOCRP.KkHK0R2F-NML1.SM2M-3.20131012_020600Z.flac_112.8s_114.5s_trainstyle,dclde_DFO_CRP_NorthBc__DFOCRP.KkHK0R2F-NML1.SM2M-3.20131012_020600Z.flac,DFOCRP.KkHK0R2F-NML1.SM2M-3.20131012_020600Z.flac,DFOCRP.KkHK0R2F-NML1.SM2M-3.20131012_020600Z.flac,112.800000,114.495000,112.800000,114.495000,112.800000,1.695000,dclde_DFO_CRP_NorthBc__DFOCRP.KkHK0R2F-NML1.SM2M-3.20131012_020600Z.flac_112.8s_114.5s_trainstyle.mat,mat_files/dclde_DFO_CRP_NorthBc__DFOCRP.KkHK0R2F-NML1.SM2M-3.20131012_020600Z.flac_112.8s_114.5s_trainstyle.mat,dclde_2027_DFO_CRP_NorthBc,451,DFO_CRP,NorthBc,DFOCRP.KkHK0R2F-NML1.SM2M-3.20131012_020600Z.flac,KW,species:Oo|call:orca_call,call:orca_call|species:Oo,Oo,orca_call,,TKW,Detection,1,1,781.25,1250,dclde/2027/dclde_2027_killer_whales/dfo_crp/audio/northbc/DFOCRP.KkHK0R2F-NML1.SM2M-3.20131012_020600Z.flac,gs://noaa-passive-bioacoustic/dclde/2027/dclde_2027_killer_whales/dfo_crp/audio/northbc/DFOCRP.KkHK0R2F-NML1.SM2M-3.20131012_020600Z.flac,https://storage.googleapis.com/noaa-passive-bioacoustic/dclde/2027/dclde_2027_killer_whales/dfo_crp/audio/northbc/DFOCRP.KkHK0R2F-NML1.SM2M-3.20131012_020600Z.flac,0,reviewed,Oo,Oo,orca_call,orca_call,orca_call,DFO_CRP:NorthBc:DFOCRP.KkHK0R2F-NML1.SM2M-3.20131012_020600Z.flac,"[{""call_type"":""orca_call"",""call_type_name"":""Killer whale call"",""review_status"":""reviewed"",""source"":""dclde_2027_DFO_CRP_NorthBc"",""species"":""Killer whale"",""species_code"":""Oo"",""trainable"":true}]",call:orca_call|species:Oo
dclde_DFO_CRP_NorthBc__DFOCRP.KkHK0R2F-NML1.SM2M-3.20131012_020600Z.flac_115.6s_116.0s_trainstyle,dclde_DFO_CRP_NorthBc__DFOCRP.KkHK0R2F-NML1.SM2M-3.20131012_020600Z.flac,DFOCRP.KkHK0R2F-NML1.SM2M-3.20131012_020600Z.flac,DFOCRP.KkHK0R2F-NML1.SM2M-3.20131012_020600Z.flac,115.567000,115.999000,115.567000,115.999000,115.567000,0.432000,dclde_DFO_CRP_NorthBc__DFOCRP.KkHK0R2F-NML1.SM2M-3.20131012_020600Z.flac_115.6s_116.0s_trainstyle.mat,mat_files/dclde_DFO_CRP_NorthBc__DFOCRP.KkHK0R2F-NML1.SM2M-3.20131012_020600Z.flac_115.6s_116.0s_trainstyle.mat,dclde_2027_DFO_CRP_NorthBc,452,DFO_CRP,NorthBc,DFOCRP.KkHK0R2F-NML1.SM2M-3.20131012_020600Z.flac,KW,species:Oo|call:orca_call,call:orca_call|species:Oo,Oo,orca_call,,TKW,Detection,1,1,1937.5,2531.25,dclde/2027/dclde_2027_killer_whales/dfo_crp/audio/northbc/DFOCRP.KkHK0R2F-NML1.SM2M-3.20131012_020600Z.flac,gs://noaa-passive-bioacoustic/dclde/2027/dclde_2027_killer_whales/dfo_crp/audio/northbc/DFOCRP.KkHK0R2F-NML1.SM2M-3.20131012_020600Z.flac,https://storage.googleapis.com/noaa-passive-bioacoustic/dclde/2027/dclde_2027_killer_whales/dfo_crp/audio/northbc/DFOCRP.KkHK0R2F-NML1.SM2M-3.20131012_020600Z.flac,0,reviewed,Oo,Oo,orca_call,orca_call,orca_call,DFO_CRP:NorthBc:DFOCRP.KkHK0R2F-NML1.SM2M-3.20131012_020600Z.flac,"[{""call_type"":""orca_call"",""call_type_name"":""Killer whale call"",""review_status"":""reviewed"",""source"":""dclde_2027_DFO_CRP_NorthBc"",""species"":""Killer whale"",""species_code"":""Oo"",""trainable"":true}]",call:orca_call|species:Oo
dclde_DFO_CRP_NorthBc__DFOCRP.KkHK0R2F-NML1.SM2M-3.20131012_020600Z.flac_117.3s_118.2s_trainstyle,dclde_DFO_CRP_NorthBc__DFOCRP.KkHK0R2F-NML1.SM2M-3.20131012_020600Z.flac,DFOCRP.KkHK0R2F-NML1.SM2M-3.20131012_020600Z.flac,DFOCRP.KkHK0R2F-NML1.SM2M-3.20131012_020600Z.flac,117.343000,118.239000,117.343000,118.239000,117.343000,0.896000,dclde_DFO_CRP_NorthBc__DFOCRP.KkHK0R2F-NML1.SM2M-3.20131012_020600Z.flac_117.3s_118.2s_trainstyle.mat,mat_files/dclde_DFO_CRP_NorthBc__DFOCRP.KkHK0R2F-NML1.SM2M-3.20131012_020600Z.flac_117.3s_118.2s_trainstyle.mat,dclde_2027_DFO_CRP_NorthBc,453,DFO_CRP,NorthBc,DFOCRP.KkHK0R2F-NML1.SM2M-3.20131012_020600Z.flac,KW,species:Oo|call:orca_call,call:orca_call|species:Oo,Oo,orca_call,,TKW,Detection,1,1,1718.75,2500,dclde/2027/dclde_2027_killer_whales/dfo_crp/audio/northbc/DFOCRP.KkHK0R2F-NML1.SM2M-3.20131012_020600Z.flac,gs://noaa-passive-bioacoustic/dclde/2027/dclde_2027_killer_whales/dfo_crp/audio/northbc/DFOCRP.KkHK0R2F-NML1.SM2M-3.20131012_020600Z.flac,https://storage.googleapis.com/noaa-passive-bioacoustic/dclde/2027/dclde_2027_killer_whales/dfo_crp/audio/northbc/DFOCRP.KkHK0R2F-NML1.SM2M-3.20131012_020600Z.flac,0,reviewed,Oo,Oo,orca_call,orca_call,orca_call,DFO_CRP:NorthBc:DFOCRP.KkHK0R2F-NML1.SM2M-3.20131012_020600Z.flac,"[{""call_type"":""orca_call"",""call_type_name"":""Killer whale call"",""review_status"":""reviewed"",""source"":""dclde_2027_DFO_CRP_NorthBc"",""species"":""Killer whale"",""species_code"":""Oo"",""trainable"":true}]",call:orca_call|species:Oo
dclde_DFO_CRP_NorthBc__DFOCRP.KkHK0R2F-NML1.SM2M-3.20131012_020600Z.flac_125.0s_126.2s_trainstyle,dclde_DFO_CRP_NorthBc__DFOCRP.KkHK0R2F-NML1.SM2M-3.20131012_020600Z.flac,DFOCRP.KkHK0R2F-NML1.SM2M-3.20131012_020600Z.flac,DFOCRP.KkHK0R2F-NML1.SM2M-3.20131012_020600Z.flac,124.976000,126.191000,124.976000,126.191000,124.976000,1.215000,dclde_DFO_CRP_NorthBc__DFOCRP.KkHK0R2F-NML1.SM2M-3.20131012_020600Z.flac_125.0s_126.2s_trainstyle.mat,mat_files/dclde_DFO_CRP_NorthBc__DFOCRP.KkHK0R2F-NML1.SM2M-3.20131012_020600Z.flac_125.0s_126.2s_trainstyle.mat,dclde_2027_DFO_CRP_NorthBc,454,DFO_CRP,NorthBc,DFOCRP.KkHK0R2F-NML1.SM2M-3.20131012_020600Z.flac,KW,species:Oo|call:orca_call,call:orca_call|species:Oo,Oo,orca_call,,TKW,Detection,1,1,1375,1625,dclde/2027/dclde_2027_killer_whales/dfo_crp/audio/northbc/DFOCRP.KkHK0R2F-NML1.SM2M-3.20131012_020600Z.flac,gs://noaa-passive-bioacoustic/dclde/2027/dclde_2027_killer_whales/dfo_crp/audio/northbc/DFOCRP.KkHK0R2F-NML1.SM2M-3.20131012_020600Z.flac,https://storage.googleapis.com/noaa-passive-bioacoustic/dclde/2027/dclde_2027_killer_whales/dfo_crp/audio/northbc/DFOCRP.KkHK0R2F-NML1.SM2M-3.20131012_020600Z.flac,0,reviewed,Oo,Oo,orca_call,orca_call,orca_call,DFO_CRP:NorthBc:DFOCRP.KkHK0R2F-NML1.SM2M-3.20131012_020600Z.flac,"[{""call_type"":""orca_call"",""call_type_name"":""Killer whale call"",""review_status"":""reviewed"",""source"":""dclde_2027_DFO_CRP_NorthBc"",""species"":""Killer whale"",""species_code"":""Oo"",""trainable"":true}]",call:orca_call|species:Oo
dclde_DFO_CRP_NorthBc__DFOCRP.KkHK0R2F-NML1.SM2M-3.20131012_020600Z.flac_126.7s_127.0s_trainstyle,dclde_DFO_CRP_NorthBc__DFOCRP.KkHK0R2F-NML1.SM2M-3.20131012_020600Z.flac,DFOCRP.KkHK0R2F-NML1.SM2M-3.20131012_020600Z.flac,DFOCRP.KkHK0R2F-NML1.SM2M-3.20131012_020600Z.flac,126.719000,127.039000,126.719000,127.039000,126.719000,0.320000,dclde_DFO_CRP_NorthBc__DFOCRP.KkHK0R2F-NML1.SM2M-3.20131012_020600Z.flac_126.7s_127.0s_trainstyle.mat,mat_files/dclde_DFO_CRP_NorthBc__DFOCRP.KkHK0R2F-NML1.SM2M-3.20131012_020600Z.flac_126.7s_127.0s_trainstyle.mat,dclde_2027_DFO_CRP_NorthBc,455,DFO_CRP,NorthBc,DFOCRP.KkHK0R2F-NML1.SM2M-3.20131012_020600Z.flac,KW,species:Oo|call:orca_call,call:orca_call|species:Oo,Oo,orca_call,,TKW,Detection,1,1,5281.25,5781.25,dclde/2027/dclde_2027_killer_whales/dfo_crp/audio/northbc/DFOCRP.KkHK0R2F-NML1.SM2M-3.20131012_020600Z.flac,gs://noaa-passive-bioacoustic/dclde/2027/dclde_2027_killer_whales/dfo_crp/audio/northbc/DFOCRP.KkHK0R2F-NML1.SM2M-3.20131012_020600Z.flac,https://storage.googleapis.com/noaa-passive-bioacoustic/dclde/2027/dclde_2027_killer_whales/dfo_crp/audio/northbc/DFOCRP.KkHK0R2F-NML1.SM2M-3.20131012_020600Z.flac,0,reviewed,Oo,Oo,orca_call,orca_call,orca_call,DFO_CRP:NorthBc:DFOCRP.KkHK0R2F-NML1.SM2M-3.20131012_020600Z.flac,"[{""call_type"":""orca_call"",""call_type_name"":""Killer whale call"",""review_status"":""reviewed"",""source"":""dclde_2027_DFO_CRP_NorthBc"",""species"":""Killer whale"",""species_code"":""Oo"",""trainable"":true}]",call:orca_call|species:Oo
dclde_DFO_CRP_NorthBc__DFOCRP.KkHK0R2F-NML1.SM2M-3.20131012_020600Z.flac_129.8s_130.3s_trainstyle,dclde_DFO_CRP_NorthBc__DFOCRP.KkHK0R2F-NML1.SM2M-3.20131012_020600Z.flac,DFOCRP.KkHK0R2F-NML1.SM2M-3.20131012_020600Z.flac,DFOCRP.KkHK0R2F-NML1.SM2M-3.20131012_020600Z.flac,129.792000,130.336000,129.792000,130.336000,129.792000,0.544000,dclde_DFO_CRP_NorthBc__DFOCRP.KkHK0R2F-NML1.SM2M-3.20131012_020600Z.flac_129.8s_130.3s_trainstyle.mat,mat_files/dclde_DFO_CRP_NorthBc__DFOCRP.KkHK0R2F-NML1.SM2M-3.20131012_020600Z.flac_129.8s_130.3s_trainstyle.mat,dclde_2027_DFO_CRP_NorthBc,456,DFO_CRP,NorthBc,DFOCRP.KkHK0R2F-NML1.SM2M-3.20131012_020600Z.flac,KW,species:Oo|call:orca_call,call:orca_call|species:Oo,Oo,orca_call,,TKW,Detection,1,1,843.75,1093.75,dclde/2027/dclde_2027_killer_whales/dfo_crp/audio/northbc/DFOCRP.KkHK0R2F-NML1.SM2M-3.20131012_020600Z.flac,gs://noaa-passive-bioacoustic/dclde/2027/dclde_2027_killer_whales/dfo_crp/audio/northbc/DFOCRP.KkHK0R2F-NML1.SM2M-3.20131012_020600Z.flac,https://storage.googleapis.com/noaa-passive-bioacoustic/dclde/2027/dclde_2027_killer_whales/dfo_crp/audio/northbc/DFOCRP.KkHK0R2F-NML1.SM2M-3.20131012_020600Z.flac,0,reviewed,Oo,Oo,orca_call,orca_call,orca_call,DFO_CRP:NorthBc:DFOCRP.KkHK0R2F-NML1.SM2M-3.20131012_020600Z.flac,"[{""call_type"":""orca_call"",""call_type_name"":""Killer whale call"",""review_status"":""reviewed"",""source"":""dclde_2027_DFO_CRP_NorthBc"",""species"":""Killer whale"",""species_code"":""Oo"",""trainable"":true}]",call:orca_call|species:Oo
dclde_DFO_CRP_NorthBc__DFOCRP.KkHK0R2F-NML1.SM2M-3.20131012_020600Z.flac_132.8s_133.7s_trainstyle,dclde_DFO_CRP_NorthBc__DFOCRP.KkHK0R2F-NML1.SM2M-3.20131012_020600Z.flac,DFOCRP.KkHK0R2F-NML1.SM2M-3.20131012_020600Z.flac,DFOCRP.KkHK0R2F-NML1.SM2M-3.20131012_020600Z.flac,132.815000,133.679000,132.815000,133.679000,132.815000,0.864000,dclde_DFO_CRP_NorthBc__DFOCRP.KkHK0R2F-NML1.SM2M-3.20131012_020600Z.flac_132.8s_133.7s_trainstyle.mat,mat_files/dclde_DFO_CRP_NorthBc__DFOCRP.KkHK0R2F-NML1.SM2M-3.20131012_020600Z.flac_132.8s_133.7s_trainstyle.mat,dclde_2027_DFO_CRP_NorthBc,457,DFO_CRP,NorthBc,DFOCRP.KkHK0R2F-NML1.SM2M-3.20131012_020600Z.flac,KW,species:Oo|call:orca_call,call:orca_call|species:Oo,Oo,orca_call,,TKW,Detection,1,1,1593.75,2062.5,dclde/2027/dclde_2027_killer_whales/dfo_crp/audio/northbc/DFOCRP.KkHK0R2F-NML1.SM2M-3.20131012_020600Z.flac,gs://noaa-passive-bioacoustic/dclde/2027/dclde_2027_killer_whales/dfo_crp/audio/northbc/DFOCRP.KkHK0R2F-NML1.SM2M-3.20131012_020600Z.flac,https://storage.googleapis.com/noaa-passive-bioacoustic/dclde/2027/dclde_2027_killer_whales/dfo_crp/audio/northbc/DFOCRP.KkHK0R2F-NML1.SM2M-3.20131012_020600Z.flac,0,reviewed,Oo,Oo,orca_call,orca_call,orca_call,DFO_CRP:NorthBc:DFOCRP.KkHK0R2F-NML1.SM2M-3.20131012_020600Z.flac,"[{""call_type"":""orca_call"",""call_type_name"":""Killer whale call"",""review_status"":""reviewed"",""source"":""dclde_2027_DFO_CRP_NorthBc"",""species"":""Killer whale"",""species_code"":""Oo"",""trainable"":true}]",call:orca_call|species:Oo
dclde_DFO_CRP_NorthBc__DFOCRP.KkHK0R2F-NML1.SM2M-3.20131012_020600Z.flac_134.5s_136.8s_trainstyle,dclde_DFO_CRP_NorthBc__DFOCRP.KkHK0R2F-NML1.SM2M-3.20131012_020600Z.flac,DFOCRP.KkHK0R2F-NML1.SM2M-3.20131012_020600Z.flac,DFOCRP.KkHK0R2F-NML1.SM2M-3.20131012_020600Z.flac,134.543000,136.847000,134.543000,136.847000,134.543000,2.304000,dclde_DFO_CRP_NorthBc__DFOCRP.KkHK0R2F-NML1.SM2M-3.20131012_020600Z.flac_134.5s_136.8s_trainstyle.mat,mat_files/dclde_DFO_CRP_NorthBc__DFOCRP.KkHK0R2F-NML1.SM2M-3.20131012_020600Z.flac_134.5s_136.8s_trainstyle.mat,dclde_2027_DFO_CRP_NorthBc,458,DFO_CRP,NorthBc,DFOCRP.KkHK0R2F-NML1.SM2M-3.20131012_020600Z.flac,KW,species:Oo|call:orca_call,call:orca_call|species:Oo,Oo,orca_call,,TKW,Detection,1,1,968.75,1437.5,dclde/2027/dclde_2027_killer_whales/dfo_crp/audio/northbc/DFOCRP.KkHK0R2F-NML1.SM2M-3.20131012_020600Z.flac,gs://noaa-passive-bioacoustic/dclde/2027/dclde_2027_killer_whales/dfo_crp/audio/northbc/DFOCRP.KkHK0R2F-NML1.SM2M-3.20131012_020600Z.flac,https://storage.googleapis.com/noaa-passive-bioacoustic/dclde/2027/dclde_2027_killer_whales/dfo_crp/audio/northbc/DFOCRP.KkHK0R2F-NML1.SM2M-3.20131012_020600Z.flac,0,reviewed,Oo,Oo,orca_call,orca_call,orca_call,DFO_CRP:NorthBc:DFOCRP.KkHK0R2F-NML1.SM2M-3.20131012_020600Z.flac,"[{""call_type"":""orca_call"",""call_type_name"":""Killer whale call"",""review_status"":""reviewed"",""source"":""dclde_2027_DFO_CRP_NorthBc"",""species"":""Killer whale"",""species_code"":""Oo"",""trainable"":true}]",call:orca_call|species:Oo
dclde_DFO_CRP_NorthBc__DFOCRP.KkHK0R2F-NML1.SM2M-3.20131012_020600Z.flac_137.0s_137.4s_trainstyle,dclde_DFO_CRP_NorthBc__DFOCRP.KkHK0R2F-NML1.SM2M-3.20131012_020600Z.flac,DFOCRP.KkHK0R2F-NML1.SM2M-3.20131012_020600Z.flac,DFOCRP.KkHK0R2F-NML1.SM2M-3.20131012_020600Z.flac,136.976000,137.408000,136.976000,137.408000,136.976000,0.432000,dclde_DFO_CRP_NorthBc__DFOCRP.KkHK0R2F-NML1.SM2M-3.20131012_020600Z.flac_137.0s_137.4s_trainstyle.mat,mat_files/dclde_DFO_CRP_NorthBc__DFOCRP.KkHK0R2F-NML1.SM2M-3.20131012_020600Z.flac_137.0s_137.4s_trainstyle.mat,dclde_2027_DFO_CRP_NorthBc,459,DFO_CRP,NorthBc,DFOCRP.KkHK0R2F-NML1.SM2M-3.20131012_020600Z.flac,KW,species:Oo|call:orca_call,call:orca_call|species:Oo,Oo,orca_call,,TKW,Detection,1,1,1062.5,1250,dclde/2027/dclde_2027_killer_whales/dfo_crp/audio/northbc/DFOCRP.KkHK0R2F-NML1.SM2M-3.20131012_020600Z.flac,gs://noaa-passive-bioacoustic/dclde/2027/dclde_2027_killer_whales/dfo_crp/audio/northbc/DFOCRP.KkHK0R2F-NML1.SM2M-3.20131012_020600Z.flac,https://storage.googleapis.com/noaa-passive-bioacoustic/dclde/2027/dclde_2027_killer_whales/dfo_crp/audio/northbc/DFOCRP.KkHK0R2F-NML1.SM2M-3.20131012_020600Z.flac,0,reviewed,Oo,Oo,orca_call,orca_call,orca_call,DFO_CRP:NorthBc:DFOCRP.KkHK0R2F-NML1.SM2M-3.20131012_020600Z.flac,"[{""call_type"":""orca_call"",""call_type_name"":""Killer whale call"",""review_status"":""reviewed"",""source"":""dclde_2027_DFO_CRP_NorthBc"",""species"":""Killer whale"",""species_code"":""Oo"",""trainable"":true}]",call:orca_call|species:Oo
dclde_DFO_CRP_NorthBc__DFOCRP.KkHK0R2F-NML1.SM2M-3.20131012_020600Z.flac_142.3s_143.6s_trainstyle,dclde_DFO_CRP_NorthBc__DFOCRP.KkHK0R2F-NML1.SM2M-3.20131012_020600Z.flac,DFOCRP.KkHK0R2F-NML1.SM2M-3.20131012_020600Z.flac,DFOCRP.KkHK0R2F-NML1.SM2M-3.20131012_020600Z.flac,142.303000,143.583000,142.303000,143.583000,142.303000,1.280000,dclde_DFO_CRP_NorthBc__DFOCRP.KkHK0R2F-NML1.SM2M-3.20131012_020600Z.flac_142.3s_143.6s_trainstyle.mat,mat_files/dclde_DFO_CRP_NorthBc__DFOCRP.KkHK0R2F-NML1.SM2M-3.20131012_020600Z.flac_142.3s_143.6s_trainstyle.mat,dclde_2027_DFO_CRP_NorthBc,460,DFO_CRP,NorthBc,DFOCRP.KkHK0R2F-NML1.SM2M-3.20131012_020600Z.flac,KW,species:Oo|call:orca_call,call:orca_call|species:Oo,Oo,orca_call,,TKW,Detection,1,1,781.25,1125,dclde/2027/dclde_2027_killer_whales/dfo_crp/audio/northbc/DFOCRP.KkHK0R2F-NML1.SM2M-3.20131012_020600Z.flac,gs://noaa-passive-bioacoustic/dclde/2027/dclde_2027_killer_whales/dfo_crp/audio/northbc/DFOCRP.KkHK0R2F-NML1.SM2M-3.20131012_020600Z.flac,https://storage.googleapis.com/noaa-passive-bioacoustic/dclde/2027/dclde_2027_killer_whales/dfo_crp/audio/northbc/DFOCRP.KkHK0R2F-NML1.SM2M-3.20131012_020600Z.flac,0,reviewed,Oo,Oo,orca_call,orca_call,orca_call,DFO_CRP:NorthBc:DFOCRP.KkHK0R2F-NML1.SM2M-3.20131012_020600Z.flac,"[{""call_type"":""orca_call"",""call_type_name"":""Killer whale call"",""review_status"":""reviewed"",""source"":""dclde_2027_DFO_CRP_NorthBc"",""species"":""Killer whale"",""species_code"":""Oo"",""trainable"":true}]",call:orca_call|species:Oo
dclde_DFO_CRP_NorthBc__DFOCRP.KkHK0R2F-NML1.SM2M-3.20131012_020600Z.flac_143.2s_144.0s_trainstyle,dclde_DFO_CRP_NorthBc__DFOCRP.KkHK0R2F-NML1.SM2M-3.20131012_020600Z.flac,DFOCRP.KkHK0R2F-NML1.SM2M-3.20131012_020600Z.flac,DFOCRP.KkHK0R2F-NML1.SM2M-3.20131012_020600Z.flac,143.151000,144.016000,143.151000,144.016000,143.151000,0.865000,dclde_DFO_CRP_NorthBc__DFOCRP.KkHK0R2F-NML1.SM2M-3.20131012_020600Z.flac_143.2s_144.0s_trainstyle.mat,mat_files/dclde_DFO_CRP_NorthBc__DFOCRP.KkHK0R2F-NML1.SM2M-3.20131012_020600Z.flac_143.2s_144.0s_trainstyle.mat,dclde_2027_DFO_CRP_NorthBc,461,DFO_CRP,NorthBc,DFOCRP.KkHK0R2F-NML1.SM2M-3.20131012_020600Z.flac,KW,species:Oo|call:orca_call,call:orca_call|species:Oo,Oo,orca_call,,TKW,Detection,1,1,2000,2375,dclde/2027/dclde_2027_killer_whales/dfo_crp/audio/northbc/DFOCRP.KkHK0R2F-NML1.SM2M-3.20131012_020600Z.flac,gs://noaa-passive-bioacoustic/dclde/2027/dclde_2027_killer_whales/dfo_crp/audio/northbc/DFOCRP.KkHK0R2F-NML1.SM2M-3.20131012_020600Z.flac,https://storage.googleapis.com/noaa-passive-bioacoustic/dclde/2027/dclde_2027_killer_whales/dfo_crp/audio/northbc/DFOCRP.KkHK0R2F-NML1.SM2M-3.20131012_020600Z.flac,0,reviewed,Oo,Oo,orca_call,orca_call,orca_call,DFO_CRP:NorthBc:DFOCRP.KkHK0R2F-NML1.SM2M-3.20131012_020600Z.flac,"[{""call_type"":""orca_call"",""call_type_name"":""Killer whale call"",""review_status"":""reviewed"",""source"":""dclde_2027_DFO_CRP_NorthBc"",""species"":""Killer whale"",""species_code"":""Oo"",""trainable"":true}]",call:orca_call|species:Oo
dclde_DFO_CRP_NorthBc__DFOCRP.KkHK0R2F-NML1.SM2M-3.20131012_020600Z.flac_143.7s_144.1s_trainstyle,dclde_DFO_CRP_NorthBc__DFOCRP.KkHK0R2F-NML1.SM2M-3.20131012_020600Z.flac,DFOCRP.KkHK0R2F-NML1.SM2M-3.20131012_020600Z.flac,DFOCRP.KkHK0R2F-NML1.SM2M-3.20131012_020600Z.flac,143.743000,144.111000,143.743000,144.111000,143.743000,0.368000,dclde_DFO_CRP_NorthBc__DFOCRP.KkHK0R2F-NML1.SM2M-3.20131012_020600Z.flac_143.7s_144.1s_trainstyle.mat,mat_files/dclde_DFO_CRP_NorthBc__DFOCRP.KkHK0R2F-NML1.SM2M-3.20131012_020600Z.flac_143.7s_144.1s_trainstyle.mat,dclde_2027_DFO_CRP_NorthBc,462,DFO_CRP,NorthBc,DFOCRP.KkHK0R2F-NML1.SM2M-3.20131012_020600Z.flac,KW,species:Oo|call:orca_call,call:orca_call|species:Oo,Oo,orca_call,,TKW,Detection,1,1,1593.75,1843.75,dclde/2027/dclde_2027_killer_whales/dfo_crp/audio/northbc/DFOCRP.KkHK0R2F-NML1.SM2M-3.20131012_020600Z.flac,gs://noaa-passive-bioacoustic/dclde/2027/dclde_2027_killer_whales/dfo_crp/audio/northbc/DFOCRP.KkHK0R2F-NML1.SM2M-3.20131012_020600Z.flac,https://storage.googleapis.com/noaa-passive-bioacoustic/dclde/2027/dclde_2027_killer_whales/dfo_crp/audio/northbc/DFOCRP.KkHK0R2F-NML1.SM2M-3.20131012_020600Z.flac,0,reviewed,Oo,Oo,orca_call,orca_call,orca_call,DFO_CRP:NorthBc:DFOCRP.KkHK0R2F-NML1.SM2M-3.20131012_020600Z.flac,"[{""call_type"":""orca_call"",""call_type_name"":""Killer whale call"",""review_status"":""reviewed"",""source"":""dclde_2027_DFO_CRP_NorthBc"",""species"":""Killer whale"",""species_code"":""Oo"",""trainable"":true}]",call:orca_call|species:Oo
dclde_DFO_CRP_NorthBc__DFOCRP.KkHK0R2F-NML1.SM2M-3.20131012_020600Z.flac_147.5s_148.3s_trainstyle,dclde_DFO_CRP_NorthBc__DFOCRP.KkHK0R2F-NML1.SM2M-3.20131012_020600Z.flac,DFOCRP.KkHK0R2F-NML1.SM2M-3.20131012_020600Z.flac,DFOCRP.KkHK0R2F-NML1.SM2M-3.20131012_020600Z.flac,147.472000,148.319000,147.472000,148.319000,147.472000,0.847000,dclde_DFO_CRP_NorthBc__DFOCRP.KkHK0R2F-NML1.SM2M-3.20131012_020600Z.flac_147.5s_148.3s_trainstyle.mat,mat_files/dclde_DFO_CRP_NorthBc__DFOCRP.KkHK0R2F-NML1.SM2M-3.20131012_020600Z.flac_147.5s_148.3s_trainstyle.mat,dclde_2027_DFO_CRP_NorthBc,463,DFO_CRP,NorthBc,DFOCRP.KkHK0R2F-NML1.SM2M-3.20131012_020600Z.flac,KW,species:Oo|call:orca_call,call:orca_call|species:Oo,Oo,orca_call,,TKW,Detection,1,1,906.25,1781.25,dclde/2027/dclde_2027_killer_whales/dfo_crp/audio/northbc/DFOCRP.KkHK0R2F-NML1.SM2M-3.20131012_020600Z.flac,gs://noaa-passive-bioacoustic/dclde/2027/dclde_2027_killer_whales/dfo_crp/audio/northbc/DFOCRP.KkHK0R2F-NML1.SM2M-3.20131012_020600Z.flac,https://storage.googleapis.com/noaa-passive-bioacoustic/dclde/2027/dclde_2027_killer_whales/dfo_crp/audio/northbc/DFOCRP.KkHK0R2F-NML1.SM2M-3.20131012_020600Z.flac,0,reviewed,Oo,Oo,orca_call,orca_call,orca_call,DFO_CRP:NorthBc:DFOCRP.KkHK0R2F-NML1.SM2M-3.20131012_020600Z.flac,"[{""call_type"":""orca_call"",""call_type_name"":""Killer whale call"",""review_status"":""reviewed"",""source"":""dclde_2027_DFO_CRP_NorthBc"",""species"":""Killer whale"",""species_code"":""Oo"",""trainable"":true}]",call:orca_call|species:Oo
dclde_DFO_CRP_NorthBc__DFOCRP.KkHK0R2F-NML1.SM2M-3.20131012_020600Z.flac_149.6s_150.2s_trainstyle,dclde_DFO_CRP_NorthBc__DFOCRP.KkHK0R2F-NML1.SM2M-3.20131012_020600Z.flac,DFOCRP.KkHK0R2F-NML1.SM2M-3.20131012_020600Z.flac,DFOCRP.KkHK0R2F-NML1.SM2M-3.20131012_020600Z.flac,149.631000,150.175000,149.631000,150.175000,149.631000,0.544000,dclde_DFO_CRP_NorthBc__DFOCRP.KkHK0R2F-NML1.SM2M-3.20131012_020600Z.flac_149.6s_150.2s_trainstyle.mat,mat_files/dclde_DFO_CRP_NorthBc__DFOCRP.KkHK0R2F-NML1.SM2M-3.20131012_020600Z.flac_149.6s_150.2s_trainstyle.mat,dclde_2027_DFO_CRP_NorthBc,464,DFO_CRP,NorthBc,DFOCRP.KkHK0R2F-NML1.SM2M-3.20131012_020600Z.flac,KW,species:Oo|call:orca_call,call:orca_call|species:Oo,Oo,orca_call,,TKW,Detection,1,1,1500,2531.25,dclde/2027/dclde_2027_killer_whales/dfo_crp/audio/northbc/DFOCRP.KkHK0R2F-NML1.SM2M-3.20131012_020600Z.flac,gs://noaa-passive-bioacoustic/dclde/2027/dclde_2027_killer_whales/dfo_crp/audio/northbc/DFOCRP.KkHK0R2F-NML1.SM2M-3.20131012_020600Z.flac,https://storage.googleapis.com/noaa-passive-bioacoustic/dclde/2027/dclde_2027_killer_whales/dfo_crp/audio/northbc/DFOCRP.KkHK0R2F-NML1.SM2M-3.20131012_020600Z.flac,0,reviewed,Oo,Oo,orca_call,orca_call,orca_call,DFO_CRP:NorthBc:DFOCRP.KkHK0R2F-NML1.SM2M-3.20131012_020600Z.flac,"[{""call_type"":""orca_call"",""call_type_name"":""Killer whale call"",""review_status"":""reviewed"",""source"":""dclde_2027_DFO_CRP_NorthBc"",""species"":""Killer whale"",""species_code"":""Oo"",""trainable"":true}]",call:orca_call|species:Oo
dclde_DFO_CRP_NorthBc__DFOCRP.KkHK0R2F-NML1.SM2M-3.20131012_020600Z.flac_153.1s_153.8s_trainstyle,dclde_DFO_CRP_NorthBc__DFOCRP.KkHK0R2F-NML1.SM2M-3.20131012_020600Z.flac,DFOCRP.KkHK0R2F-NML1.SM2M-3.20131012_020600Z.flac,DFOCRP.KkHK0R2F-NML1.SM2M-3.20131012_020600Z.flac,153.072000,153.776000,153.072000,153.776000,153.072000,0.704000,dclde_DFO_CRP_NorthBc__DFOCRP.KkHK0R2F-NML1.SM2M-3.20131012_020600Z.flac_153.1s_153.8s_trainstyle.mat,mat_files/dclde_DFO_CRP_NorthBc__DFOCRP.KkHK0R2F-NML1.SM2M-3.20131012_020600Z.flac_153.1s_153.8s_trainstyle.mat,dclde_2027_DFO_CRP_NorthBc,465,DFO_CRP,NorthBc,DFOCRP.KkHK0R2F-NML1.SM2M-3.20131012_020600Z.flac,KW,species:Oo|call:orca_call,call:orca_call|species:Oo,Oo,orca_call,,TKW,Detection,1,1,1437.5,2593.75,dclde/2027/dclde_2027_killer_whales/dfo_crp/audio/northbc/DFOCRP.KkHK0R2F-NML1.SM2M-3.20131012_020600Z.flac,gs://noaa-passive-bioacoustic/dclde/2027/dclde_2027_killer_whales/dfo_crp/audio/northbc/DFOCRP.KkHK0R2F-NML1.SM2M-3.20131012_020600Z.flac,https://storage.googleapis.com/noaa-passive-bioacoustic/dclde/2027/dclde_2027_killer_whales/dfo_crp/audio/northbc/DFOCRP.KkHK0R2F-NML1.SM2M-3.20131012_020600Z.flac,0,reviewed,Oo,Oo,orca_call,orca_call,orca_call,DFO_CRP:NorthBc:DFOCRP.KkHK0R2F-NML1.SM2M-3.20131012_020600Z.flac,"[{""call_type"":""orca_call"",""call_type_name"":""Killer whale call"",""review_status"":""reviewed"",""source"":""dclde_2027_DFO_CRP_NorthBc"",""species"":""Killer whale"",""species_code"":""Oo"",""trainable"":true}]",call:orca_call|species:Oo
dclde_DFO_CRP_NorthBc__DFOCRP.KkHK0R2F-NML1.SM2M-3.20131012_020600Z.flac_162.9s_163.2s_trainstyle,dclde_DFO_CRP_NorthBc__DFOCRP.KkHK0R2F-NML1.SM2M-3.20131012_020600Z.flac,DFOCRP.KkHK0R2F-NML1.SM2M-3.20131012_020600Z.flac,DFOCRP.KkHK0R2F-NML1.SM2M-3.20131012_020600Z.flac,162.927000,163.183000,162.927000,163.183000,162.927000,0.256000,dclde_DFO_CRP_NorthBc__DFOCRP.KkHK0R2F-NML1.SM2M-3.20131012_020600Z.flac_162.9s_163.2s_trainstyle.mat,mat_files/dclde_DFO_CRP_NorthBc__DFOCRP.KkHK0R2F-NML1.SM2M-3.20131012_020600Z.flac_162.9s_163.2s_trainstyle.mat,dclde_2027_DFO_CRP_NorthBc,466,DFO_CRP,NorthBc,DFOCRP.KkHK0R2F-NML1.SM2M-3.20131012_020600Z.flac,KW,species:Oo|call:orca_call,call:orca_call|species:Oo,Oo,orca_call,,TKW,Detection,1,1,2156.25,2593.75,dclde/2027/dclde_2027_killer_whales/dfo_crp/audio/northbc/DFOCRP.KkHK0R2F-NML1.SM2M-3.20131012_020600Z.flac,gs://noaa-passive-bioacoustic/dclde/2027/dclde_2027_killer_whales/dfo_crp/audio/northbc/DFOCRP.KkHK0R2F-NML1.SM2M-3.20131012_020600Z.flac,https://storage.googleapis.com/noaa-passive-bioacoustic/dclde/2027/dclde_2027_killer_whales/dfo_crp/audio/northbc/DFOCRP.KkHK0R2F-NML1.SM2M-3.20131012_020600Z.flac,0,reviewed,Oo,Oo,orca_call,orca_call,orca_call,DFO_CRP:NorthBc:DFOCRP.KkHK0R2F-NML1.SM2M-3.20131012_020600Z.flac,"[{""call_type"":""orca_call"",""call_type_name"":""Killer whale call"",""review_status"":""reviewed"",""source"":""dclde_2027_DFO_CRP_NorthBc"",""species"":""Killer whale"",""species_code"":""Oo"",""trainable"":true}]",call:orca_call|species:Oo
dclde_DFO_CRP_NorthBc__DFOCRP.KkHK0R2F-NML1.SM2M-3.20131012_020600Z.flac_171.8s_173.5s_trainstyle,dclde_DFO_CRP_NorthBc__DFOCRP.KkHK0R2F-NML1.SM2M-3.20131012_020600Z.flac,DFOCRP.KkHK0R2F-NML1.SM2M-3.20131012_020600Z.flac,DFOCRP.KkHK0R2F-NML1.SM2M-3.20131012_020600Z.flac,171.823000,173.488000,171.823000,173.488000,171.823000,1.665000,dclde_DFO_CRP_NorthBc__DFOCRP.KkHK0R2F-NML1.SM2M-3.20131012_020600Z.flac_171.8s_173.5s_trainstyle.mat,mat_files/dclde_DFO_CRP_NorthBc__DFOCRP.KkHK0R2F-NML1.SM2M-3.20131012_020600Z.flac_171.8s_173.5s_trainstyle.mat,dclde_2027_DFO_CRP_NorthBc,467,DFO_CRP,NorthBc,DFOCRP.KkHK0R2F-NML1.SM2M-3.20131012_020600Z.flac,KW,species:Oo|call:orca_call,call:orca_call|species:Oo,Oo,orca_call,,TKW,Detection,1,1,781.25,1218.75,dclde/2027/dclde_2027_killer_whales/dfo_crp/audio/northbc/DFOCRP.KkHK0R2F-NML1.SM2M-3.20131012_020600Z.flac,gs://noaa-passive-bioacoustic/dclde/2027/dclde_2027_killer_whales/dfo_crp/audio/northbc/DFOCRP.KkHK0R2F-NML1.SM2M-3.20131012_020600Z.flac,https://storage.googleapis.com/noaa-passive-bioacoustic/dclde/2027/dclde_2027_killer_whales/dfo_crp/audio/northbc/DFOCRP.KkHK0R2F-NML1.SM2M-3.20131012_020600Z.flac,0,reviewed,Oo,Oo,orca_call,orca_call,orca_call,DFO_CRP:NorthBc:DFOCRP.KkHK0R2F-NML1.SM2M-3.20131012_020600Z.flac,"[{""call_type"":""orca_call"",""call_type_name"":""Killer whale call"",""review_status"":""reviewed"",""source"":""dclde_2027_DFO_CRP_NorthBc"",""species"":""Killer whale"",""species_code"":""Oo"",""trainable"":true}]",call:orca_call|species:Oo
dclde_DFO_CRP_NorthBc__DFOCRP.KkHK0R2F-NML1.SM2M-3.20131012_020600Z.flac_175.9s_176.9s_trainstyle,dclde_DFO_CRP_NorthBc__DFOCRP.KkHK0R2F-NML1.SM2M-3.20131012_020600Z.flac,DFOCRP.KkHK0R2F-NML1.SM2M-3.20131012_020600Z.flac,DFOCRP.KkHK0R2F-NML1.SM2M-3.20131012_020600Z.flac,175.855000,176.943000,175.855000,176.943000,175.855000,1.088000,dclde_DFO_CRP_NorthBc__DFOCRP.KkHK0R2F-NML1.SM2M-3.20131012_020600Z.flac_175.9s_176.9s_trainstyle.mat,mat_files/dclde_DFO_CRP_NorthBc__DFOCRP.KkHK0R2F-NML1.SM2M-3.20131012_020600Z.flac_175.9s_176.9s_trainstyle.mat,dclde_2027_DFO_CRP_NorthBc,468,DFO_CRP,NorthBc,DFOCRP.KkHK0R2F-NML1.SM2M-3.20131012_020600Z.flac,KW,species:Oo|call:orca_call,call:orca_call|species:Oo,Oo,orca_call,,TKW,Detection,1,1,1781.25,2468.75,dclde/2027/dclde_2027_killer_whales/dfo_crp/audio/northbc/DFOCRP.KkHK0R2F-NML1.SM2M-3.20131012_020600Z.flac,gs://noaa-passive-bioacoustic/dclde/2027/dclde_2027_killer_whales/dfo_crp/audio/northbc/DFOCRP.KkHK0R2F-NML1.SM2M-3.20131012_020600Z.flac,https://storage.googleapis.com/noaa-passive-bioacoustic/dclde/2027/dclde_2027_killer_whales/dfo_crp/audio/northbc/DFOCRP.KkHK0R2F-NML1.SM2M-3.20131012_020600Z.flac,0,reviewed,Oo,Oo,orca_call,orca_call,orca_call,DFO_CRP:NorthBc:DFOCRP.KkHK0R2F-NML1.SM2M-3.20131012_020600Z.flac,"[{""call_type"":""orca_call"",""call_type_name"":""Killer whale call"",""review_status"":""reviewed"",""source"":""dclde_2027_DFO_CRP_NorthBc"",""species"":""Killer whale"",""species_code"":""Oo"",""trainable"":true}]",call:orca_call|species:Oo
dclde_DFO_CRP_NorthBc__DFOCRP.KkHK0R2F-NML1.SM2M-3.20131012_020600Z.flac_177.6s_178.0s_trainstyle,dclde_DFO_CRP_NorthBc__DFOCRP.KkHK0R2F-NML1.SM2M-3.20131012_020600Z.flac,DFOCRP.KkHK0R2F-NML1.SM2M-3.20131012_020600Z.flac,DFOCRP.KkHK0R2F-NML1.SM2M-3.20131012_020600Z.flac,177.584000,177.984000,177.584000,177.984000,177.584000,0.400000,dclde_DFO_CRP_NorthBc__DFOCRP.KkHK0R2F-NML1.SM2M-3.20131012_020600Z.flac_177.6s_178.0s_trainstyle.mat,mat_files/dclde_DFO_CRP_NorthBc__DFOCRP.KkHK0R2F-NML1.SM2M-3.20131012_020600Z.flac_177.6s_178.0s_trainstyle.mat,dclde_2027_DFO_CRP_NorthBc,469,DFO_CRP,NorthBc,DFOCRP.KkHK0R2F-NML1.SM2M-3.20131012_020600Z.flac,KW,species:Oo|call:orca_call,call:orca_call|species:Oo,Oo,orca_call,,TKW,Detection,1,1,1375,1625,dclde/2027/dclde_2027_killer_whales/dfo_crp/audio/northbc/DFOCRP.KkHK0R2F-NML1.SM2M-3.20131012_020600Z.flac,gs://noaa-passive-bioacoustic/dclde/2027/dclde_2027_killer_whales/dfo_crp/audio/northbc/DFOCRP.KkHK0R2F-NML1.SM2M-3.20131012_020600Z.flac,https://storage.googleapis.com/noaa-passive-bioacoustic/dclde/2027/dclde_2027_killer_whales/dfo_crp/audio/northbc/DFOCRP.KkHK0R2F-NML1.SM2M-3.20131012_020600Z.flac,0,reviewed,Oo,Oo,orca_call,orca_call,orca_call,DFO_CRP:NorthBc:DFOCRP.KkHK0R2F-NML1.SM2M-3.20131012_020600Z.flac,"[{""call_type"":""orca_call"",""call_type_name"":""Killer whale call"",""review_status"":""reviewed"",""source"":""dclde_2027_DFO_CRP_NorthBc"",""species"":""Killer whale"",""species_code"":""Oo"",""trainable"":true}]",call:orca_call|species:Oo
dclde_DFO_CRP_NorthBc__DFOCRP.KkHK0R2F-NML1.SM2M-3.20131012_020600Z.flac_183.6s_183.9s_trainstyle,dclde_DFO_CRP_NorthBc__DFOCRP.KkHK0R2F-NML1.SM2M-3.20131012_020600Z.flac,DFOCRP.KkHK0R2F-NML1.SM2M-3.20131012_020600Z.flac,DFOCRP.KkHK0R2F-NML1.SM2M-3.20131012_020600Z.flac,183.647000,183.903000,183.647000,183.903000,183.647000,0.256000,dclde_DFO_CRP_NorthBc__DFOCRP.KkHK0R2F-NML1.SM2M-3.20131012_020600Z.flac_183.6s_183.9s_trainstyle.mat,mat_files/dclde_DFO_CRP_NorthBc__DFOCRP.KkHK0R2F-NML1.SM2M-3.20131012_020600Z.flac_183.6s_183.9s_trainstyle.mat,dclde_2027_DFO_CRP_NorthBc,470,DFO_CRP,NorthBc,DFOCRP.KkHK0R2F-NML1.SM2M-3.20131012_020600Z.flac,KW,species:Oo|call:orca_call,call:orca_call|species:Oo,Oo,orca_call,,TKW,Detection,1,1,937.5,1093.75,dclde/2027/dclde_2027_killer_whales/dfo_crp/audio/northbc/DFOCRP.KkHK0R2F-NML1.SM2M-3.20131012_020600Z.flac,gs://noaa-passive-bioacoustic/dclde/2027/dclde_2027_killer_whales/dfo_crp/audio/northbc/DFOCRP.KkHK0R2F-NML1.SM2M-3.20131012_020600Z.flac,https://storage.googleapis.com/noaa-passive-bioacoustic/dclde/2027/dclde_2027_killer_whales/dfo_crp/audio/northbc/DFOCRP.KkHK0R2F-NML1.SM2M-3.20131012_020600Z.flac,0,reviewed,Oo,Oo,orca_call,orca_call,orca_call,DFO_CRP:NorthBc:DFOCRP.KkHK0R2F-NML1.SM2M-3.20131012_020600Z.flac,"[{""call_type"":""orca_call"",""call_type_name"":""Killer whale call"",""review_status"":""reviewed"",""source"":""dclde_2027_DFO_CRP_NorthBc"",""species"":""Killer whale"",""species_code"":""Oo"",""trainable"":true}]",call:orca_call|species:Oo
dclde_DFO_CRP_NorthBc__DFOCRP.KkHK0R2F-NML1.SM2M-3.20131012_020600Z.flac_185.2s_186.1s_trainstyle,dclde_DFO_CRP_NorthBc__DFOCRP.KkHK0R2F-NML1.SM2M-3.20131012_020600Z.flac,DFOCRP.KkHK0R2F-NML1.SM2M-3.20131012_020600Z.flac,DFOCRP.KkHK0R2F-NML1.SM2M-3.20131012_020600Z.flac,185.200000,186.095000,185.200000,186.095000,185.200000,0.895000,dclde_DFO_CRP_NorthBc__DFOCRP.KkHK0R2F-NML1.SM2M-3.20131012_020600Z.flac_185.2s_186.1s_trainstyle.mat,mat_files/dclde_DFO_CRP_NorthBc__DFOCRP.KkHK0R2F-NML1.SM2M-3.20131012_020600Z.flac_185.2s_186.1s_trainstyle.mat,dclde_2027_DFO_CRP_NorthBc,471,DFO_CRP,NorthBc,DFOCRP.KkHK0R2F-NML1.SM2M-3.20131012_020600Z.flac,KW,species:Oo|call:orca_call,call:orca_call|species:Oo,Oo,orca_call,,TKW,Detection,1,1,2125,2312.5,dclde/2027/dclde_2027_killer_whales/dfo_crp/audio/northbc/DFOCRP.KkHK0R2F-NML1.SM2M-3.20131012_020600Z.flac,gs://noaa-passive-bioacoustic/dclde/2027/dclde_2027_killer_whales/dfo_crp/audio/northbc/DFOCRP.KkHK0R2F-NML1.SM2M-3.20131012_020600Z.flac,https://storage.googleapis.com/noaa-passive-bioacoustic/dclde/2027/dclde_2027_killer_whales/dfo_crp/audio/northbc/DFOCRP.KkHK0R2F-NML1.SM2M-3.20131012_020600Z.flac,0,reviewed,Oo,Oo,orca_call,orca_call,orca_call,DFO_CRP:NorthBc:DFOCRP.KkHK0R2F-NML1.SM2M-3.20131012_020600Z.flac,"[{""call_type"":""orca_call"",""call_type_name"":""Killer whale call"",""review_status"":""reviewed"",""source"":""dclde_2027_DFO_CRP_NorthBc"",""species"":""Killer whale"",""species_code"":""Oo"",""trainable"":true}]",call:orca_call|species:Oo
dclde_DFO_CRP_NorthBc__DFOCRP.KkHK0R2F-NML1.SM2M-3.20131012_020600Z.flac_185.8s_186.1s_trainstyle,dclde_DFO_CRP_NorthBc__DFOCRP.KkHK0R2F-NML1.SM2M-3.20131012_020600Z.flac,DFOCRP.KkHK0R2F-NML1.SM2M-3.20131012_020600Z.flac,DFOCRP.KkHK0R2F-NML1.SM2M-3.20131012_020600Z.flac,185.823000,186.111000,185.823000,186.111000,185.823000,0.288000,dclde_DFO_CRP_NorthBc__DFOCRP.KkHK0R2F-NML1.SM2M-3.20131012_020600Z.flac_185.8s_186.1s_trainstyle.mat,mat_files/dclde_DFO_CRP_NorthBc__DFOCRP.KkHK0R2F-NML1.SM2M-3.20131012_020600Z.flac_185.8s_186.1s_trainstyle.mat,dclde_2027_DFO_CRP_NorthBc,472,DFO_CRP,NorthBc,DFOCRP.KkHK0R2F-NML1.SM2M-3.20131012_020600Z.flac,KW,species:Oo|call:orca_call,call:orca_call|species:Oo,Oo,orca_call,,TKW,Detection,1,1,1593.75,1781.25,dclde/2027/dclde_2027_killer_whales/dfo_crp/audio/northbc/DFOCRP.KkHK0R2F-NML1.SM2M-3.20131012_020600Z.flac,gs://noaa-passive-bioacoustic/dclde/2027/dclde_2027_killer_whales/dfo_crp/audio/northbc/DFOCRP.KkHK0R2F-NML1.SM2M-3.20131012_020600Z.flac,https://storage.googleapis.com/noaa-passive-bioacoustic/dclde/2027/dclde_2027_killer_whales/dfo_crp/audio/northbc/DFOCRP.KkHK0R2F-NML1.SM2M-3.20131012_020600Z.flac,0,reviewed,Oo,Oo,orca_call,orca_call,orca_call,DFO_CRP:NorthBc:DFOCRP.KkHK0R2F-NML1.SM2M-3.20131012_020600Z.flac,"[{""call_type"":""orca_call"",""call_type_name"":""Killer whale call"",""review_status"":""reviewed"",""source"":""dclde_2027_DFO_CRP_NorthBc"",""species"":""Killer whale"",""species_code"":""Oo"",""trainable"":true}]",call:orca_call|species:Oo
dclde_DFO_CRP_NorthBc__DFOCRP.KkHK0R2F-NML1.SM2M-3.20131012_020600Z.flac_187.6s_188.6s_trainstyle,dclde_DFO_CRP_NorthBc__DFOCRP.KkHK0R2F-NML1.SM2M-3.20131012_020600Z.flac,DFOCRP.KkHK0R2F-NML1.SM2M-3.20131012_020600Z.flac,DFOCRP.KkHK0R2F-NML1.SM2M-3.20131012_020600Z.flac,187.615000,188.623000,187.615000,188.623000,187.615000,1.008000,dclde_DFO_CRP_NorthBc__DFOCRP.KkHK0R2F-NML1.SM2M-3.20131012_020600Z.flac_187.6s_188.6s_trainstyle.mat,mat_files/dclde_DFO_CRP_NorthBc__DFOCRP.KkHK0R2F-NML1.SM2M-3.20131012_020600Z.flac_187.6s_188.6s_trainstyle.mat,dclde_2027_DFO_CRP_NorthBc,473,DFO_CRP,NorthBc,DFOCRP.KkHK0R2F-NML1.SM2M-3.20131012_020600Z.flac,KW,species:Oo|call:orca_call,call:orca_call|species:Oo,Oo,orca_call,,TKW,Detection,1,1,843.75,1093.75,dclde/2027/dclde_2027_killer_whales/dfo_crp/audio/northbc/DFOCRP.KkHK0R2F-NML1.SM2M-3.20131012_020600Z.flac,gs://noaa-passive-bioacoustic/dclde/2027/dclde_2027_killer_whales/dfo_crp/audio/northbc/DFOCRP.KkHK0R2F-NML1.SM2M-3.20131012_020600Z.flac,https://storage.googleapis.com/noaa-passive-bioacoustic/dclde/2027/dclde_2027_killer_whales/dfo_crp/audio/northbc/DFOCRP.KkHK0R2F-NML1.SM2M-3.20131012_020600Z.flac,0,reviewed,Oo,Oo,orca_call,orca_call,orca_call,DFO_CRP:NorthBc:DFOCRP.KkHK0R2F-NML1.SM2M-3.20131012_020600Z.flac,"[{""call_type"":""orca_call"",""call_type_name"":""Killer whale call"",""review_status"":""reviewed"",""source"":""dclde_2027_DFO_CRP_NorthBc"",""species"":""Killer whale"",""species_code"":""Oo"",""trainable"":true}]",call:orca_call|species:Oo
dclde_DFO_CRP_NorthBc__DFOCRP.KkHK0R2F-NML1.SM2M-3.20131012_020600Z.flac_188.8s_189.1s_trainstyle,dclde_DFO_CRP_NorthBc__DFOCRP.KkHK0R2F-NML1.SM2M-3.20131012_020600Z.flac,DFOCRP.KkHK0R2F-NML1.SM2M-3.20131012_020600Z.flac,DFOCRP.KkHK0R2F-NML1.SM2M-3.20131012_020600Z.flac,188.767000,189.055000,188.767000,189.055000,188.767000,0.288000,dclde_DFO_CRP_NorthBc__DFOCRP.KkHK0R2F-NML1.SM2M-3.20131012_020600Z.flac_188.8s_189.1s_trainstyle.mat,mat_files/dclde_DFO_CRP_NorthBc__DFOCRP.KkHK0R2F-NML1.SM2M-3.20131012_020600Z.flac_188.8s_189.1s_trainstyle.mat,dclde_2027_DFO_CRP_NorthBc,474,DFO_CRP,NorthBc,DFOCRP.KkHK0R2F-NML1.SM2M-3.20131012_020600Z.flac,KW,species:Oo|call:orca_call,call:orca_call|species:Oo,Oo,orca_call,,TKW,Detection,1,1,843.75,1125,dclde/2027/dclde_2027_killer_whales/dfo_crp/audio/northbc/DFOCRP.KkHK0R2F-NML1.SM2M-3.20131012_020600Z.flac,gs://noaa-passive-bioacoustic/dclde/2027/dclde_2027_killer_whales/dfo_crp/audio/northbc/DFOCRP.KkHK0R2F-NML1.SM2M-3.20131012_020600Z.flac,https://storage.googleapis.com/noaa-passive-bioacoustic/dclde/2027/dclde_2027_killer_whales/dfo_crp/audio/northbc/DFOCRP.KkHK0R2F-NML1.SM2M-3.20131012_020600Z.flac,0,reviewed,Oo,Oo,orca_call,orca_call,orca_call,DFO_CRP:NorthBc:DFOCRP.KkHK0R2F-NML1.SM2M-3.20131012_020600Z.flac,"[{""call_type"":""orca_call"",""call_type_name"":""Killer whale call"",""review_status"":""reviewed"",""source"":""dclde_2027_DFO_CRP_NorthBc"",""species"":""Killer whale"",""species_code"":""Oo"",""trainable"":true}]",call:orca_call|species:Oo
dclde_DFO_CRP_NorthBc__DFOCRP.KkHK0R2F-NML1.SM2M-3.20131012_020600Z.flac_200.1s_200.4s_trainstyle,dclde_DFO_CRP_NorthBc__DFOCRP.KkHK0R2F-NML1.SM2M-3.20131012_020600Z.flac,DFOCRP.KkHK0R2F-NML1.SM2M-3.20131012_020600Z.flac,DFOCRP.KkHK0R2F-NML1.SM2M-3.20131012_020600Z.flac,200.127000,200.415000,200.127000,200.415000,200.127000,0.288000,dclde_DFO_CRP_NorthBc__DFOCRP.KkHK0R2F-NML1.SM2M-3.20131012_020600Z.flac_200.1s_200.4s_trainstyle.mat,mat_files/dclde_DFO_CRP_NorthBc__DFOCRP.KkHK0R2F-NML1.SM2M-3.20131012_020600Z.flac_200.1s_200.4s_trainstyle.mat,dclde_2027_DFO_CRP_NorthBc,475,DFO_CRP,NorthBc,DFOCRP.KkHK0R2F-NML1.SM2M-3.20131012_020600Z.flac,KW,species:Oo|call:orca_call,call:orca_call|species:Oo,Oo,orca_call,,TKW,Detection,1,1,812.5,1125,dclde/2027/dclde_2027_killer_whales/dfo_crp/audio/northbc/DFOCRP.KkHK0R2F-NML1.SM2M-3.20131012_020600Z.flac,gs://noaa-passive-bioacoustic/dclde/2027/dclde_2027_killer_whales/dfo_crp/audio/northbc/DFOCRP.KkHK0R2F-NML1.SM2M-3.20131012_020600Z.flac,https://storage.googleapis.com/noaa-passive-bioacoustic/dclde/2027/dclde_2027_killer_whales/dfo_crp/audio/northbc/DFOCRP.KkHK0R2F-NML1.SM2M-3.20131012_020600Z.flac,0,reviewed,Oo,Oo,orca_call,orca_call,orca_call,DFO_CRP:NorthBc:DFOCRP.KkHK0R2F-NML1.SM2M-3.20131012_020600Z.flac,"[{""call_type"":""orca_call"",""call_type_name"":""Killer whale call"",""review_status"":""reviewed"",""source"":""dclde_2027_DFO_CRP_NorthBc"",""species"":""Killer whale"",""species_code"":""Oo"",""trainable"":true}]",call:orca_call|species:Oo
dclde_DFO_CRP_NorthBc__DFOCRP.KkHK0R2F-NML1.SM2M-3.20131012_020600Z.flac_217.6s_217.8s_trainstyle,dclde_DFO_CRP_NorthBc__DFOCRP.KkHK0R2F-NML1.SM2M-3.20131012_020600Z.flac,DFOCRP.KkHK0R2F-NML1.SM2M-3.20131012_020600Z.flac,DFOCRP.KkHK0R2F-NML1.SM2M-3.20131012_020600Z.flac,217.551000,217.823000,217.551000,217.823000,217.551000,0.272000,dclde_DFO_CRP_NorthBc__DFOCRP.KkHK0R2F-NML1.SM2M-3.20131012_020600Z.flac_217.6s_217.8s_trainstyle.mat,mat_files/dclde_DFO_CRP_NorthBc__DFOCRP.KkHK0R2F-NML1.SM2M-3.20131012_020600Z.flac_217.6s_217.8s_trainstyle.mat,dclde_2027_DFO_CRP_NorthBc,476,DFO_CRP,NorthBc,DFOCRP.KkHK0R2F-NML1.SM2M-3.20131012_020600Z.flac,KW,species:Oo|call:orca_call,call:orca_call|species:Oo,Oo,orca_call,,TKW,Detection,1,1,781.25,1125,dclde/2027/dclde_2027_killer_whales/dfo_crp/audio/northbc/DFOCRP.KkHK0R2F-NML1.SM2M-3.20131012_020600Z.flac,gs://noaa-passive-bioacoustic/dclde/2027/dclde_2027_killer_whales/dfo_crp/audio/northbc/DFOCRP.KkHK0R2F-NML1.SM2M-3.20131012_020600Z.flac,https://storage.googleapis.com/noaa-passive-bioacoustic/dclde/2027/dclde_2027_killer_whales/dfo_crp/audio/northbc/DFOCRP.KkHK0R2F-NML1.SM2M-3.20131012_020600Z.flac,0,reviewed,Oo,Oo,orca_call,orca_call,orca_call,DFO_CRP:NorthBc:DFOCRP.KkHK0R2F-NML1.SM2M-3.20131012_020600Z.flac,"[{""call_type"":""orca_call"",""call_type_name"":""Killer whale call"",""review_status"":""reviewed"",""source"":""dclde_2027_DFO_CRP_NorthBc"",""species"":""Killer whale"",""species_code"":""Oo"",""trainable"":true}]",call:orca_call|species:Oo
dclde_DFO_CRP_NorthBc__DFOCRP.KkHK0R2F-NML1.SM2M-3.20131012_020600Z.flac_218.7s_219.7s_trainstyle,dclde_DFO_CRP_NorthBc__DFOCRP.KkHK0R2F-NML1.SM2M-3.20131012_020600Z.flac,DFOCRP.KkHK0R2F-NML1.SM2M-3.20131012_020600Z.flac,DFOCRP.KkHK0R2F-NML1.SM2M-3.20131012_020600Z.flac,218.688000,219.679000,218.688000,219.679000,218.688000,0.991000,dclde_DFO_CRP_NorthBc__DFOCRP.KkHK0R2F-NML1.SM2M-3.20131012_020600Z.flac_218.7s_219.7s_trainstyle.mat,mat_files/dclde_DFO_CRP_NorthBc__DFOCRP.KkHK0R2F-NML1.SM2M-3.20131012_020600Z.flac_218.7s_219.7s_trainstyle.mat,dclde_2027_DFO_CRP_NorthBc,477,DFO_CRP,NorthBc,DFOCRP.KkHK0R2F-NML1.SM2M-3.20131012_020600Z.flac,KW,species:Oo|call:orca_call,call:orca_call|species:Oo,Oo,orca_call,,TKW,Detection,1,1,968.75,1375,dclde/2027/dclde_2027_killer_whales/dfo_crp/audio/northbc/DFOCRP.KkHK0R2F-NML1.SM2M-3.20131012_020600Z.flac,gs://noaa-passive-bioacoustic/dclde/2027/dclde_2027_killer_whales/dfo_crp/audio/northbc/DFOCRP.KkHK0R2F-NML1.SM2M-3.20131012_020600Z.flac,https://storage.googleapis.com/noaa-passive-bioacoustic/dclde/2027/dclde_2027_killer_whales/dfo_crp/audio/northbc/DFOCRP.KkHK0R2F-NML1.SM2M-3.20131012_020600Z.flac,0,reviewed,Oo,Oo,orca_call,orca_call,orca_call,DFO_CRP:NorthBc:DFOCRP.KkHK0R2F-NML1.SM2M-3.20131012_020600Z.flac,"[{""call_type"":""orca_call"",""call_type_name"":""Killer whale call"",""review_status"":""reviewed"",""source"":""dclde_2027_DFO_CRP_NorthBc"",""species"":""Killer whale"",""species_code"":""Oo"",""trainable"":true}]",call:orca_call|species:Oo
dclde_DFO_CRP_NorthBc__DFOCRP.KkHK0R2F-NML1.SM2M-3.20131012_020600Z.flac_220.3s_220.6s_trainstyle,dclde_DFO_CRP_NorthBc__DFOCRP.KkHK0R2F-NML1.SM2M-3.20131012_020600Z.flac,DFOCRP.KkHK0R2F-NML1.SM2M-3.20131012_020600Z.flac,DFOCRP.KkHK0R2F-NML1.SM2M-3.20131012_020600Z.flac,220.335000,220.591000,220.335000,220.591000,220.335000,0.256000,dclde_DFO_CRP_NorthBc__DFOCRP.KkHK0R2F-NML1.SM2M-3.20131012_020600Z.flac_220.3s_220.6s_trainstyle.mat,mat_files/dclde_DFO_CRP_NorthBc__DFOCRP.KkHK0R2F-NML1.SM2M-3.20131012_020600Z.flac_220.3s_220.6s_trainstyle.mat,dclde_2027_DFO_CRP_NorthBc,478,DFO_CRP,NorthBc,DFOCRP.KkHK0R2F-NML1.SM2M-3.20131012_020600Z.flac,KW,species:Oo|call:orca_call,call:orca_call|species:Oo,Oo,orca_call,,TKW,Detection,1,1,843.75,1218.75,dclde/2027/dclde_2027_killer_whales/dfo_crp/audio/northbc/DFOCRP.KkHK0R2F-NML1.SM2M-3.20131012_020600Z.flac,gs://noaa-passive-bioacoustic/dclde/2027/dclde_2027_killer_whales/dfo_crp/audio/northbc/DFOCRP.KkHK0R2F-NML1.SM2M-3.20131012_020600Z.flac,https://storage.googleapis.com/noaa-passive-bioacoustic/dclde/2027/dclde_2027_killer_whales/dfo_crp/audio/northbc/DFOCRP.KkHK0R2F-NML1.SM2M-3.20131012_020600Z.flac,0,reviewed,Oo,Oo,orca_call,orca_call,orca_call,DFO_CRP:NorthBc:DFOCRP.KkHK0R2F-NML1.SM2M-3.20131012_020600Z.flac,"[{""call_type"":""orca_call"",""call_type_name"":""Killer whale call"",""review_status"":""reviewed"",""source"":""dclde_2027_DFO_CRP_NorthBc"",""species"":""Killer whale"",""species_code"":""Oo"",""trainable"":true}]",call:orca_call|species:Oo
dclde_DFO_CRP_NorthBc__DFOCRP.KkHK0R2F-NML1.SM2M-3.20131012_020600Z.flac_293.1s_294.0s_trainstyle,dclde_DFO_CRP_NorthBc__DFOCRP.KkHK0R2F-NML1.SM2M-3.20131012_020600Z.flac,DFOCRP.KkHK0R2F-NML1.SM2M-3.20131012_020600Z.flac,DFOCRP.KkHK0R2F-NML1.SM2M-3.20131012_020600Z.flac,293.088000,293.951000,293.088000,293.951000,293.088000,0.863000,dclde_DFO_CRP_NorthBc__DFOCRP.KkHK0R2F-NML1.SM2M-3.20131012_020600Z.flac_293.1s_294.0s_trainstyle.mat,mat_files/dclde_DFO_CRP_NorthBc__DFOCRP.KkHK0R2F-NML1.SM2M-3.20131012_020600Z.flac_293.1s_294.0s_trainstyle.mat,dclde_2027_DFO_CRP_NorthBc,483,DFO_CRP,NorthBc,DFOCRP.KkHK0R2F-NML1.SM2M-3.20131012_020600Z.flac,KW,species:Oo|call:orca_call,call:orca_call|species:Oo,Oo,orca_call,,TKW,Detection,1,1,781.25,1468.75,dclde/2027/dclde_2027_killer_whales/dfo_crp/audio/northbc/DFOCRP.KkHK0R2F-NML1.SM2M-3.20131012_020600Z.flac,gs://noaa-passive-bioacoustic/dclde/2027/dclde_2027_killer_whales/dfo_crp/audio/northbc/DFOCRP.KkHK0R2F-NML1.SM2M-3.20131012_020600Z.flac,https://storage.googleapis.com/noaa-passive-bioacoustic/dclde/2027/dclde_2027_killer_whales/dfo_crp/audio/northbc/DFOCRP.KkHK0R2F-NML1.SM2M-3.20131012_020600Z.flac,0,reviewed,Oo,Oo,orca_call,orca_call,orca_call,DFO_CRP:NorthBc:DFOCRP.KkHK0R2F-NML1.SM2M-3.20131012_020600Z.flac,"[{""call_type"":""orca_call"",""call_type_name"":""Killer whale call"",""review_status"":""reviewed"",""source"":""dclde_2027_DFO_CRP_NorthBc"",""species"":""Killer whale"",""species_code"":""Oo"",""trainable"":true}]",call:orca_call|species:Oo
dclde_DFO_CRP_NorthBc__DFOCRP.KkHK0R2F-NML1.SM2M-3.20131012_020600Z.flac_294.0s_294.3s_trainstyle,dclde_DFO_CRP_NorthBc__DFOCRP.KkHK0R2F-NML1.SM2M-3.20131012_020600Z.flac,DFOCRP.KkHK0R2F-NML1.SM2M-3.20131012_020600Z.flac,DFOCRP.KkHK0R2F-NML1.SM2M-3.20131012_020600Z.flac,293.951000,294.271000,293.951000,294.271000,293.951000,0.320000,dclde_DFO_CRP_NorthBc__DFOCRP.KkHK0R2F-NML1.SM2M-3.20131012_020600Z.flac_294.0s_294.3s_trainstyle.mat,mat_files/dclde_DFO_CRP_NorthBc__DFOCRP.KkHK0R2F-NML1.SM2M-3.20131012_020600Z.flac_294.0s_294.3s_trainstyle.mat,dclde_2027_DFO_CRP_NorthBc,484,DFO_CRP,NorthBc,DFOCRP.KkHK0R2F-NML1.SM2M-3.20131012_020600Z.flac,KW,species:Oo|call:orca_call,call:orca_call|species:Oo,Oo,orca_call,,TKW,Detection,1,1,2843.75,3281.25,dclde/2027/dclde_2027_killer_whales/dfo_crp/audio/northbc/DFOCRP.KkHK0R2F-NML1.SM2M-3.20131012_020600Z.flac,gs://noaa-passive-bioacoustic/dclde/2027/dclde_2027_killer_whales/dfo_crp/audio/northbc/DFOCRP.KkHK0R2F-NML1.SM2M-3.20131012_020600Z.flac,https://storage.googleapis.com/noaa-passive-bioacoustic/dclde/2027/dclde_2027_killer_whales/dfo_crp/audio/northbc/DFOCRP.KkHK0R2F-NML1.SM2M-3.20131012_020600Z.flac,0,reviewed,Oo,Oo,orca_call,orca_call,orca_call,DFO_CRP:NorthBc:DFOCRP.KkHK0R2F-NML1.SM2M-3.20131012_020600Z.flac,"[{""call_type"":""orca_call"",""call_type_name"":""Killer whale call"",""review_status"":""reviewed"",""source"":""dclde_2027_DFO_CRP_NorthBc"",""species"":""Killer whale"",""species_code"":""Oo"",""trainable"":true}]",call:orca_call|species:Oo
dclde_DFO_CRP_NorthBc__DFOCRP.KkHK0R2F-NML1.SM2M-3.20131012_022100Z.flac_56.8s_57.3s_trainstyle,dclde_DFO_CRP_NorthBc__DFOCRP.KkHK0R2F-NML1.SM2M-3.20131012_022100Z.flac,DFOCRP.KkHK0R2F-NML1.SM2M-3.20131012_022100Z.flac,DFOCRP.KkHK0R2F-NML1.SM2M-3.20131012_022100Z.flac,56.831000,57.295000,56.831000,57.295000,56.831000,0.464000,dclde_DFO_CRP_NorthBc__DFOCRP.KkHK0R2F-NML1.SM2M-3.20131012_022100Z.flac_56.8s_57.3s_trainstyle.mat,mat_files/dclde_DFO_CRP_NorthBc__DFOCRP.KkHK0R2F-NML1.SM2M-3.20131012_022100Z.flac_56.8s_57.3s_trainstyle.mat,dclde_2027_DFO_CRP_NorthBc,485,DFO_CRP,NorthBc,DFOCRP.KkHK0R2F-NML1.SM2M-3.20131012_022100Z.flac,KW,species:Oo|call:orca_call,call:orca_call|species:Oo,Oo,orca_call,,TKW,Detection,1,1,1437.5,1812.5,dclde/2027/dclde_2027_killer_whales/dfo_crp/audio/northbc/DFOCRP.KkHK0R2F-NML1.SM2M-3.20131012_022100Z.flac,gs://noaa-passive-bioacoustic/dclde/2027/dclde_2027_killer_whales/dfo_crp/audio/northbc/DFOCRP.KkHK0R2F-NML1.SM2M-3.20131012_022100Z.flac,https://storage.googleapis.com/noaa-passive-bioacoustic/dclde/2027/dclde_2027_killer_whales/dfo_crp/audio/northbc/DFOCRP.KkHK0R2F-NML1.SM2M-3.20131012_022100Z.flac,0,reviewed,Oo,Oo,orca_call,orca_call,orca_call,DFO_CRP:NorthBc:DFOCRP.KkHK0R2F-NML1.SM2M-3.20131012_022100Z.flac,"[{""call_type"":""orca_call"",""call_type_name"":""Killer whale call"",""review_status"":""reviewed"",""source"":""dclde_2027_DFO_CRP_NorthBc"",""species"":""Killer whale"",""species_code"":""Oo"",""trainable"":true}]",call:orca_call|species:Oo
dclde_DFO_CRP_NorthBc__DFOCRP.KkHK0R2F-NML1.SM2M-3.20131012_022100Z.flac_215.1s_215.5s_trainstyle,dclde_DFO_CRP_NorthBc__DFOCRP.KkHK0R2F-NML1.SM2M-3.20131012_022100Z.flac,DFOCRP.KkHK0R2F-NML1.SM2M-3.20131012_022100Z.flac,DFOCRP.KkHK0R2F-NML1.SM2M-3.20131012_022100Z.flac,215.055000,215.519000,215.055000,215.519000,215.055000,0.464000,dclde_DFO_CRP_NorthBc__DFOCRP.KkHK0R2F-NML1.SM2M-3.20131012_022100Z.flac_215.1s_215.5s_trainstyle.mat,mat_files/dclde_DFO_CRP_NorthBc__DFOCRP.KkHK0R2F-NML1.SM2M-3.20131012_022100Z.flac_215.1s_215.5s_trainstyle.mat,dclde_2027_DFO_CRP_NorthBc,486,DFO_CRP,NorthBc,DFOCRP.KkHK0R2F-NML1.SM2M-3.20131012_022100Z.flac,KW,species:Oo|call:orca_call,call:orca_call|species:Oo,Oo,orca_call,,NA,Detection,1,0,781.25,1437.5,dclde/2027/dclde_2027_killer_whales/dfo_crp/audio/northbc/DFOCRP.KkHK0R2F-NML1.SM2M-3.20131012_022100Z.flac,gs://noaa-passive-bioacoustic/dclde/2027/dclde_2027_killer_whales/dfo_crp/audio/northbc/DFOCRP.KkHK0R2F-NML1.SM2M-3.20131012_022100Z.flac,https://storage.googleapis.com/noaa-passive-bioacoustic/dclde/2027/dclde_2027_killer_whales/dfo_crp/audio/northbc/DFOCRP.KkHK0R2F-NML1.SM2M-3.20131012_022100Z.flac,0,reviewed,Oo,Oo,orca_call,orca_call,orca_call,DFO_CRP:NorthBc:DFOCRP.KkHK0R2F-NML1.SM2M-3.20131012_022100Z.flac,"[{""call_type"":""orca_call"",""call_type_name"":""Killer whale call"",""review_status"":""reviewed"",""source"":""dclde_2027_DFO_CRP_NorthBc"",""species"":""Killer whale"",""species_code"":""Oo"",""trainable"":true}]",call:orca_call|species:Oo
dclde_DFO_CRP_NorthBc__DFOCRP.KkHK0R2F-NML1.SM2M-3.20131012_022100Z.flac_257.9s_258.1s_trainstyle,dclde_DFO_CRP_NorthBc__DFOCRP.KkHK0R2F-NML1.SM2M-3.20131012_022100Z.flac,DFOCRP.KkHK0R2F-NML1.SM2M-3.20131012_022100Z.flac,DFOCRP.KkHK0R2F-NML1.SM2M-3.20131012_022100Z.flac,257.855000,258.143000,257.855000,258.143000,257.855000,0.288000,dclde_DFO_CRP_NorthBc__DFOCRP.KkHK0R2F-NML1.SM2M-3.20131012_022100Z.flac_257.9s_258.1s_trainstyle.mat,mat_files/dclde_DFO_CRP_NorthBc__DFOCRP.KkHK0R2F-NML1.SM2M-3.20131012_022100Z.flac_257.9s_258.1s_trainstyle.mat,dclde_2027_DFO_CRP_NorthBc,487,DFO_CRP,NorthBc,DFOCRP.KkHK0R2F-NML1.SM2M-3.20131012_022100Z.flac,KW,species:Oo|call:orca_call,call:orca_call|species:Oo,Oo,orca_call,,NA,Detection,1,0,1875,2500,dclde/2027/dclde_2027_killer_whales/dfo_crp/audio/northbc/DFOCRP.KkHK0R2F-NML1.SM2M-3.20131012_022100Z.flac,gs://noaa-passive-bioacoustic/dclde/2027/dclde_2027_killer_whales/dfo_crp/audio/northbc/DFOCRP.KkHK0R2F-NML1.SM2M-3.20131012_022100Z.flac,https://storage.googleapis.com/noaa-passive-bioacoustic/dclde/2027/dclde_2027_killer_whales/dfo_crp/audio/northbc/DFOCRP.KkHK0R2F-NML1.SM2M-3.20131012_022100Z.flac,0,reviewed,Oo,Oo,orca_call,orca_call,orca_call,DFO_CRP:NorthBc:DFOCRP.KkHK0R2F-NML1.SM2M-3.20131012_022100Z.flac,"[{""call_type"":""orca_call"",""call_type_name"":""Killer whale call"",""review_status"":""reviewed"",""source"":""dclde_2027_DFO_CRP_NorthBc"",""species"":""Killer whale"",""species_code"":""Oo"",""trainable"":true}]",call:orca_call|species:Oo
dclde_DFO_CRP_NorthBc__DFOCRP.KkHK0R2F-NML1.SM2M-3.20131012_230600Z.flac_6.3s_7.4s_trainstyle,dclde_DFO_CRP_NorthBc__DFOCRP.KkHK0R2F-NML1.SM2M-3.20131012_230600Z.flac,DFOCRP.KkHK0R2F-NML1.SM2M-3.20131012_230600Z.flac,DFOCRP.KkHK0R2F-NML1.SM2M-3.20131012_230600Z.flac,6.288000,7.408000,6.288000,7.408000,6.288000,1.120000,dclde_DFO_CRP_NorthBc__DFOCRP.KkHK0R2F-NML1.SM2M-3.20131012_230600Z.flac_6.3s_7.4s_trainstyle.mat,mat_files/dclde_DFO_CRP_NorthBc__DFOCRP.KkHK0R2F-NML1.SM2M-3.20131012_230600Z.flac_6.3s_7.4s_trainstyle.mat,dclde_2027_DFO_CRP_NorthBc,759,DFO_CRP,NorthBc,DFOCRP.KkHK0R2F-NML1.SM2M-3.20131012_230600Z.flac,KW,species:Oo|call:orca_call,call:orca_call|species:Oo,Oo,orca_call,,TKW,Detection,1,1,1500,1687.5,dclde/2027/dclde_2027_killer_whales/dfo_crp/audio/northbc/DFOCRP.KkHK0R2F-NML1.SM2M-3.20131012_230600Z.flac,gs://noaa-passive-bioacoustic/dclde/2027/dclde_2027_killer_whales/dfo_crp/audio/northbc/DFOCRP.KkHK0R2F-NML1.SM2M-3.20131012_230600Z.flac,https://storage.googleapis.com/noaa-passive-bioacoustic/dclde/2027/dclde_2027_killer_whales/dfo_crp/audio/northbc/DFOCRP.KkHK0R2F-NML1.SM2M-3.20131012_230600Z.flac,0,reviewed,Oo,Oo,orca_call,orca_call,orca_call,DFO_CRP:NorthBc:DFOCRP.KkHK0R2F-NML1.SM2M-3.20131012_230600Z.flac,"[{""call_type"":""orca_call"",""call_type_name"":""Killer whale call"",""review_status"":""reviewed"",""source"":""dclde_2027_DFO_CRP_NorthBc"",""species"":""Killer whale"",""species_code"":""Oo"",""trainable"":true}]",call:orca_call|species:Oo
dclde_DFO_CRP_NorthBc__DFOCRP.KkHK0R2F-NML1.SM2M-3.20131012_230600Z.flac_34.6s_34.9s_trainstyle,dclde_DFO_CRP_NorthBc__DFOCRP.KkHK0R2F-NML1.SM2M-3.20131012_230600Z.flac,DFOCRP.KkHK0R2F-NML1.SM2M-3.20131012_230600Z.flac,DFOCRP.KkHK0R2F-NML1.SM2M-3.20131012_230600Z.flac,34.576000,34.880000,34.576000,34.880000,34.576000,0.304000,dclde_DFO_CRP_NorthBc__DFOCRP.KkHK0R2F-NML1.SM2M-3.20131012_230600Z.flac_34.6s_34.9s_trainstyle.mat,mat_files/dclde_DFO_CRP_NorthBc__DFOCRP.KkHK0R2F-NML1.SM2M-3.20131012_230600Z.flac_34.6s_34.9s_trainstyle.mat,dclde_2027_DFO_CRP_NorthBc,760,DFO_CRP,NorthBc,DFOCRP.KkHK0R2F-NML1.SM2M-3.20131012_230600Z.flac,KW,species:Oo|call:orca_call,call:orca_call|species:Oo,Oo,orca_call,,TKW,Detection,1,1,2375,2625,dclde/2027/dclde_2027_killer_whales/dfo_crp/audio/northbc/DFOCRP.KkHK0R2F-NML1.SM2M-3.20131012_230600Z.flac,gs://noaa-passive-bioacoustic/dclde/2027/dclde_2027_killer_whales/dfo_crp/audio/northbc/DFOCRP.KkHK0R2F-NML1.SM2M-3.20131012_230600Z.flac,https://storage.googleapis.com/noaa-passive-bioacoustic/dclde/2027/dclde_2027_killer_whales/dfo_crp/audio/northbc/DFOCRP.KkHK0R2F-NML1.SM2M-3.20131012_230600Z.flac,0,reviewed,Oo,Oo,orca_call,orca_call,orca_call,DFO_CRP:NorthBc:DFOCRP.KkHK0R2F-NML1.SM2M-3.20131012_230600Z.flac,"[{""call_type"":""orca_call"",""call_type_name"":""Killer whale call"",""review_status"":""reviewed"",""source"":""dclde_2027_DFO_CRP_NorthBc"",""species"":""Killer whale"",""species_code"":""Oo"",""trainable"":true}]",call:orca_call|species:Oo
dclde_DFO_CRP_NorthBc__DFOCRP.KkHK0R2F-NML1.SM2M-3.20131012_230600Z.flac_79.8s_80.7s_trainstyle,dclde_DFO_CRP_NorthBc__DFOCRP.KkHK0R2F-NML1.SM2M-3.20131012_230600Z.flac,DFOCRP.KkHK0R2F-NML1.SM2M-3.20131012_230600Z.flac,DFOCRP.KkHK0R2F-NML1.SM2M-3.20131012_230600Z.flac,79.776000,80.687000,79.776000,80.687000,79.776000,0.911000,dclde_DFO_CRP_NorthBc__DFOCRP.KkHK0R2F-NML1.SM2M-3.20131012_230600Z.flac_79.8s_80.7s_trainstyle.mat,mat_files/dclde_DFO_CRP_NorthBc__DFOCRP.KkHK0R2F-NML1.SM2M-3.20131012_230600Z.flac_79.8s_80.7s_trainstyle.mat,dclde_2027_DFO_CRP_NorthBc,761,DFO_CRP,NorthBc,DFOCRP.KkHK0R2F-NML1.SM2M-3.20131012_230600Z.flac,KW,species:Oo|call:orca_call,call:orca_call|species:Oo,Oo,orca_call,,TKW,Detection,1,1,1156.25,1375,dclde/2027/dclde_2027_killer_whales/dfo_crp/audio/northbc/DFOCRP.KkHK0R2F-NML1.SM2M-3.20131012_230600Z.flac,gs://noaa-passive-bioacoustic/dclde/2027/dclde_2027_killer_whales/dfo_crp/audio/northbc/DFOCRP.KkHK0R2F-NML1.SM2M-3.20131012_230600Z.flac,https://storage.googleapis.com/noaa-passive-bioacoustic/dclde/2027/dclde_2027_killer_whales/dfo_crp/audio/northbc/DFOCRP.KkHK0R2F-NML1.SM2M-3.20131012_230600Z.flac,0,reviewed,Oo,Oo,orca_call,orca_call,orca_call,DFO_CRP:NorthBc:DFOCRP.KkHK0R2F-NML1.SM2M-3.20131012_230600Z.flac,"[{""call_type"":""orca_call"",""call_type_name"":""Killer whale call"",""review_status"":""reviewed"",""source"":""dclde_2027_DFO_CRP_NorthBc"",""species"":""Killer whale"",""species_code"":""Oo"",""trainable"":true}]",call:orca_call|species:Oo
dclde_DFO_CRP_NorthBc__DFOCRP.KkHK0R2F-NML1.SM2M-3.20131013_033600Z.flac_5.4s_6.5s_trainstyle,dclde_DFO_CRP_NorthBc__DFOCRP.KkHK0R2F-NML1.SM2M-3.20131013_033600Z.flac,DFOCRP.KkHK0R2F-NML1.SM2M-3.20131013_033600Z.flac,DFOCRP.KkHK0R2F-NML1.SM2M-3.20131013_033600Z.flac,5.392000,6.528000,5.392000,6.528000,5.392000,1.136000,dclde_DFO_CRP_NorthBc__DFOCRP.KkHK0R2F-NML1.SM2M-3.20131013_033600Z.flac_5.4s_6.5s_trainstyle.mat,mat_files/dclde_DFO_CRP_NorthBc__DFOCRP.KkHK0R2F-NML1.SM2M-3.20131013_033600Z.flac_5.4s_6.5s_trainstyle.mat,dclde_2027_DFO_CRP_NorthBc,803,DFO_CRP,NorthBc,DFOCRP.KkHK0R2F-NML1.SM2M-3.20131013_033600Z.flac,KW,species:Oo|call:orca_call,call:orca_call|species:Oo,Oo,orca_call,,TKW,Detection,1,1,968.75,1781.25,dclde/2027/dclde_2027_killer_whales/dfo_crp/audio/northbc/DFOCRP.KkHK0R2F-NML1.SM2M-3.20131013_033600Z.flac,gs://noaa-passive-bioacoustic/dclde/2027/dclde_2027_killer_whales/dfo_crp/audio/northbc/DFOCRP.KkHK0R2F-NML1.SM2M-3.20131013_033600Z.flac,https://storage.googleapis.com/noaa-passive-bioacoustic/dclde/2027/dclde_2027_killer_whales/dfo_crp/audio/northbc/DFOCRP.KkHK0R2F-NML1.SM2M-3.20131013_033600Z.flac,0,reviewed,Oo,Oo,orca_call,orca_call,orca_call,DFO_CRP:NorthBc:DFOCRP.KkHK0R2F-NML1.SM2M-3.20131013_033600Z.flac,"[{""call_type"":""orca_call"",""call_type_name"":""Killer whale call"",""review_status"":""reviewed"",""source"":""dclde_2027_DFO_CRP_NorthBc"",""species"":""Killer whale"",""species_code"":""Oo"",""trainable"":true}]",call:orca_call|species:Oo
dclde_DFO_CRP_NorthBc__DFOCRP.KkHK0R2F-NML1.SM2M-3.20131013_033600Z.flac_5.4s_6.7s_trainstyle,dclde_DFO_CRP_NorthBc__DFOCRP.KkHK0R2F-NML1.SM2M-3.20131013_033600Z.flac,DFOCRP.KkHK0R2F-NML1.SM2M-3.20131013_033600Z.flac,DFOCRP.KkHK0R2F-NML1.SM2M-3.20131013_033600Z.flac,5.439000,6.687000,5.439000,6.687000,5.439000,1.248000,dclde_DFO_CRP_NorthBc__DFOCRP.KkHK0R2F-NML1.SM2M-3.20131013_033600Z.flac_5.4s_6.7s_trainstyle.mat,mat_files/dclde_DFO_CRP_NorthBc__DFOCRP.KkHK0R2F-NML1.SM2M-3.20131013_033600Z.flac_5.4s_6.7s_trainstyle.mat,dclde_2027_DFO_CRP_NorthBc,804,DFO_CRP,NorthBc,DFOCRP.KkHK0R2F-NML1.SM2M-3.20131013_033600Z.flac,KW,species:Oo|call:orca_call,call:orca_call|species:Oo,Oo,orca_call,,TKW,Detection,1,1,781.25,1218.75,dclde/2027/dclde_2027_killer_whales/dfo_crp/audio/northbc/DFOCRP.KkHK0R2F-NML1.SM2M-3.20131013_033600Z.flac,gs://noaa-passive-bioacoustic/dclde/2027/dclde_2027_killer_whales/dfo_crp/audio/northbc/DFOCRP.KkHK0R2F-NML1.SM2M-3.20131013_033600Z.flac,https://storage.googleapis.com/noaa-passive-bioacoustic/dclde/2027/dclde_2027_killer_whales/dfo_crp/audio/northbc/DFOCRP.KkHK0R2F-NML1.SM2M-3.20131013_033600Z.flac,0,reviewed,Oo,Oo,orca_call,orca_call,orca_call,DFO_CRP:NorthBc:DFOCRP.KkHK0R2F-NML1.SM2M-3.20131013_033600Z.flac,"[{""call_type"":""orca_call"",""call_type_name"":""Killer whale call"",""review_status"":""reviewed"",""source"":""dclde_2027_DFO_CRP_NorthBc"",""species"":""Killer whale"",""species_code"":""Oo"",""trainable"":true}]",call:orca_call|species:Oo
dclde_DFO_CRP_NorthBc__DFOCRP.KkHK0R2F-NML1.SM2M-3.20131013_033600Z.flac_11.6s_13.1s_trainstyle,dclde_DFO_CRP_NorthBc__DFOCRP.KkHK0R2F-NML1.SM2M-3.20131013_033600Z.flac,DFOCRP.KkHK0R2F-NML1.SM2M-3.20131013_033600Z.flac,DFOCRP.KkHK0R2F-NML1.SM2M-3.20131013_033600Z.flac,11.551000,13.104000,11.551000,13.104000,11.551000,1.553000,dclde_DFO_CRP_NorthBc__DFOCRP.KkHK0R2F-NML1.SM2M-3.20131013_033600Z.flac_11.6s_13.1s_trainstyle.mat,mat_files/dclde_DFO_CRP_NorthBc__DFOCRP.KkHK0R2F-NML1.SM2M-3.20131013_033600Z.flac_11.6s_13.1s_trainstyle.mat,dclde_2027_DFO_CRP_NorthBc,805,DFO_CRP,NorthBc,DFOCRP.KkHK0R2F-NML1.SM2M-3.20131013_033600Z.flac,KW,species:Oo|call:orca_call,call:orca_call|species:Oo,Oo,orca_call,,TKW,Detection,1,1,1156.25,1500,dclde/2027/dclde_2027_killer_whales/dfo_crp/audio/northbc/DFOCRP.KkHK0R2F-NML1.SM2M-3.20131013_033600Z.flac,gs://noaa-passive-bioacoustic/dclde/2027/dclde_2027_killer_whales/dfo_crp/audio/northbc/DFOCRP.KkHK0R2F-NML1.SM2M-3.20131013_033600Z.flac,https://storage.googleapis.com/noaa-passive-bioacoustic/dclde/2027/dclde_2027_killer_whales/dfo_crp/audio/northbc/DFOCRP.KkHK0R2F-NML1.SM2M-3.20131013_033600Z.flac,0,reviewed,Oo,Oo,orca_call,orca_call,orca_call,DFO_CRP:NorthBc:DFOCRP.KkHK0R2F-NML1.SM2M-3.20131013_033600Z.flac,"[{""call_type"":""orca_call"",""call_type_name"":""Killer whale call"",""review_status"":""reviewed"",""source"":""dclde_2027_DFO_CRP_NorthBc"",""species"":""Killer whale"",""species_code"":""Oo"",""trainable"":true}]",call:orca_call|species:Oo
dclde_DFO_CRP_NorthBc__DFOCRP.KkHK0R2F-NML1.SM2M-3.20131013_033600Z.flac_12.8s_13.1s_trainstyle,dclde_DFO_CRP_NorthBc__DFOCRP.KkHK0R2F-NML1.SM2M-3.20131013_033600Z.flac,DFOCRP.KkHK0R2F-NML1.SM2M-3.20131013_033600Z.flac,DFOCRP.KkHK0R2F-NML1.SM2M-3.20131013_033600Z.flac,12.751000,13.135000,12.751000,13.135000,12.751000,0.384000,dclde_DFO_CRP_NorthBc__DFOCRP.KkHK0R2F-NML1.SM2M-3.20131013_033600Z.flac_12.8s_13.1s_trainstyle.mat,mat_files/dclde_DFO_CRP_NorthBc__DFOCRP.KkHK0R2F-NML1.SM2M-3.20131013_033600Z.flac_12.8s_13.1s_trainstyle.mat,dclde_2027_DFO_CRP_NorthBc,806,DFO_CRP,NorthBc,DFOCRP.KkHK0R2F-NML1.SM2M-3.20131013_033600Z.flac,KW,species:Oo|call:orca_call,call:orca_call|species:Oo,Oo,orca_call,,TKW,Detection,1,1,1031.25,1250,dclde/2027/dclde_2027_killer_whales/dfo_crp/audio/northbc/DFOCRP.KkHK0R2F-NML1.SM2M-3.20131013_033600Z.flac,gs://noaa-passive-bioacoustic/dclde/2027/dclde_2027_killer_whales/dfo_crp/audio/northbc/DFOCRP.KkHK0R2F-NML1.SM2M-3.20131013_033600Z.flac,https://storage.googleapis.com/noaa-passive-bioacoustic/dclde/2027/dclde_2027_killer_whales/dfo_crp/audio/northbc/DFOCRP.KkHK0R2F-NML1.SM2M-3.20131013_033600Z.flac,0,reviewed,Oo,Oo,orca_call,orca_call,orca_call,DFO_CRP:NorthBc:DFOCRP.KkHK0R2F-NML1.SM2M-3.20131013_033600Z.flac,"[{""call_type"":""orca_call"",""call_type_name"":""Killer whale call"",""review_status"":""reviewed"",""source"":""dclde_2027_DFO_CRP_NorthBc"",""species"":""Killer whale"",""species_code"":""Oo"",""trainable"":true}]",call:orca_call|species:Oo
dclde_DFO_CRP_NorthBc__DFOCRP.KkHK0R2F-NML1.SM2M-3.20131013_033600Z.flac_20.6s_20.9s_trainstyle,dclde_DFO_CRP_NorthBc__DFOCRP.KkHK0R2F-NML1.SM2M-3.20131013_033600Z.flac,DFOCRP.KkHK0R2F-NML1.SM2M-3.20131013_033600Z.flac,DFOCRP.KkHK0R2F-NML1.SM2M-3.20131013_033600Z.flac,20.559000,20.912000,20.559000,20.912000,20.559000,0.353000,dclde_DFO_CRP_NorthBc__DFOCRP.KkHK0R2F-NML1.SM2M-3.20131013_033600Z.flac_20.6s_20.9s_trainstyle.mat,mat_files/dclde_DFO_CRP_NorthBc__DFOCRP.KkHK0R2F-NML1.SM2M-3.20131013_033600Z.flac_20.6s_20.9s_trainstyle.mat,dclde_2027_DFO_CRP_NorthBc,807,DFO_CRP,NorthBc,DFOCRP.KkHK0R2F-NML1.SM2M-3.20131013_033600Z.flac,KW,species:Oo|call:orca_call,call:orca_call|species:Oo,Oo,orca_call,,TKW,Detection,1,1,2187.5,2343.75,dclde/2027/dclde_2027_killer_whales/dfo_crp/audio/northbc/DFOCRP.KkHK0R2F-NML1.SM2M-3.20131013_033600Z.flac,gs://noaa-passive-bioacoustic/dclde/2027/dclde_2027_killer_whales/dfo_crp/audio/northbc/DFOCRP.KkHK0R2F-NML1.SM2M-3.20131013_033600Z.flac,https://storage.googleapis.com/noaa-passive-bioacoustic/dclde/2027/dclde_2027_killer_whales/dfo_crp/audio/northbc/DFOCRP.KkHK0R2F-NML1.SM2M-3.20131013_033600Z.flac,0,reviewed,Oo,Oo,orca_call,orca_call,orca_call,DFO_CRP:NorthBc:DFOCRP.KkHK0R2F-NML1.SM2M-3.20131013_033600Z.flac,"[{""call_type"":""orca_call"",""call_type_name"":""Killer whale call"",""review_status"":""reviewed"",""source"":""dclde_2027_DFO_CRP_NorthBc"",""species"":""Killer whale"",""species_code"":""Oo"",""trainable"":true}]",call:orca_call|species:Oo
dclde_DFO_CRP_NorthBc__DFOCRP.KkHK0R2F-NML1.SM2M-3.20131013_033600Z.flac_22.4s_23.6s_trainstyle,dclde_DFO_CRP_NorthBc__DFOCRP.KkHK0R2F-NML1.SM2M-3.20131013_033600Z.flac,DFOCRP.KkHK0R2F-NML1.SM2M-3.20131013_033600Z.flac,DFOCRP.KkHK0R2F-NML1.SM2M-3.20131013_033600Z.flac,22.400000,23.568000,22.400000,23.568000,22.400000,1.168000,dclde_DFO_CRP_NorthBc__DFOCRP.KkHK0R2F-NML1.SM2M-3.20131013_033600Z.flac_22.4s_23.6s_trainstyle.mat,mat_files/dclde_DFO_CRP_NorthBc__DFOCRP.KkHK0R2F-NML1.SM2M-3.20131013_033600Z.flac_22.4s_23.6s_trainstyle.mat,dclde_2027_DFO_CRP_NorthBc,808,DFO_CRP,NorthBc,DFOCRP.KkHK0R2F-NML1.SM2M-3.20131013_033600Z.flac,KW,species:Oo|call:orca_call,call:orca_call|species:Oo,Oo,orca_call,,TKW,Detection,1,1,2812.5,3687.5,dclde/2027/dclde_2027_killer_whales/dfo_crp/audio/northbc/DFOCRP.KkHK0R2F-NML1.SM2M-3.20131013_033600Z.flac,gs://noaa-passive-bioacoustic/dclde/2027/dclde_2027_killer_whales/dfo_crp/audio/northbc/DFOCRP.KkHK0R2F-NML1.SM2M-3.20131013_033600Z.flac,https://storage.googleapis.com/noaa-passive-bioacoustic/dclde/2027/dclde_2027_killer_whales/dfo_crp/audio/northbc/DFOCRP.KkHK0R2F-NML1.SM2M-3.20131013_033600Z.flac,0,reviewed,Oo,Oo,orca_call,orca_call,orca_call,DFO_CRP:NorthBc:DFOCRP.KkHK0R2F-NML1.SM2M-3.20131013_033600Z.flac,"[{""call_type"":""orca_call"",""call_type_name"":""Killer whale call"",""review_status"":""reviewed"",""source"":""dclde_2027_DFO_CRP_NorthBc"",""species"":""Killer whale"",""species_code"":""Oo"",""trainable"":true}]",call:orca_call|species:Oo
dclde_DFO_CRP_NorthBc__DFOCRP.KkHK0R2F-NML1.SM2M-3.20131013_033600Z.flac_26.2s_27.4s_trainstyle,dclde_DFO_CRP_NorthBc__DFOCRP.KkHK0R2F-NML1.SM2M-3.20131013_033600Z.flac,DFOCRP.KkHK0R2F-NML1.SM2M-3.20131013_033600Z.flac,DFOCRP.KkHK0R2F-NML1.SM2M-3.20131013_033600Z.flac,26.159000,27.424000,26.159000,27.424000,26.159000,1.265000,dclde_DFO_CRP_NorthBc__DFOCRP.KkHK0R2F-NML1.SM2M-3.20131013_033600Z.flac_26.2s_27.4s_trainstyle.mat,mat_files/dclde_DFO_CRP_NorthBc__DFOCRP.KkHK0R2F-NML1.SM2M-3.20131013_033600Z.flac_26.2s_27.4s_trainstyle.mat,dclde_2027_DFO_CRP_NorthBc,809,DFO_CRP,NorthBc,DFOCRP.KkHK0R2F-NML1.SM2M-3.20131013_033600Z.flac,KW,species:Oo|call:orca_call,call:orca_call|species:Oo,Oo,orca_call,,TKW,Detection,1,1,781.25,1562.5,dclde/2027/dclde_2027_killer_whales/dfo_crp/audio/northbc/DFOCRP.KkHK0R2F-NML1.SM2M-3.20131013_033600Z.flac,gs://noaa-passive-bioacoustic/dclde/2027/dclde_2027_killer_whales/dfo_crp/audio/northbc/DFOCRP.KkHK0R2F-NML1.SM2M-3.20131013_033600Z.flac,https://storage.googleapis.com/noaa-passive-bioacoustic/dclde/2027/dclde_2027_killer_whales/dfo_crp/audio/northbc/DFOCRP.KkHK0R2F-NML1.SM2M-3.20131013_033600Z.flac,0,reviewed,Oo,Oo,orca_call,orca_call,orca_call,DFO_CRP:NorthBc:DFOCRP.KkHK0R2F-NML1.SM2M-3.20131013_033600Z.flac,"[{""call_type"":""orca_call"",""call_type_name"":""Killer whale call"",""review_status"":""reviewed"",""source"":""dclde_2027_DFO_CRP_NorthBc"",""species"":""Killer whale"",""species_code"":""Oo"",""trainable"":true}]",call:orca_call|species:Oo
dclde_DFO_CRP_NorthBc__DFOCRP.KkHK0R2F-NML1.SM2M-3.20131013_033600Z.flac_29.5s_30.5s_trainstyle,dclde_DFO_CRP_NorthBc__DFOCRP.KkHK0R2F-NML1.SM2M-3.20131013_033600Z.flac,DFOCRP.KkHK0R2F-NML1.SM2M-3.20131013_033600Z.flac,DFOCRP.KkHK0R2F-NML1.SM2M-3.20131013_033600Z.flac,29.472000,30.527000,29.472000,30.527000,29.472000,1.055000,dclde_DFO_CRP_NorthBc__DFOCRP.KkHK0R2F-NML1.SM2M-3.20131013_033600Z.flac_29.5s_30.5s_trainstyle.mat,mat_files/dclde_DFO_CRP_NorthBc__DFOCRP.KkHK0R2F-NML1.SM2M-3.20131013_033600Z.flac_29.5s_30.5s_trainstyle.mat,dclde_2027_DFO_CRP_NorthBc,810,DFO_CRP,NorthBc,DFOCRP.KkHK0R2F-NML1.SM2M-3.20131013_033600Z.flac,KW,species:Oo|call:orca_call,call:orca_call|species:Oo,Oo,orca_call,,TKW,Detection,1,1,2875,3718.75,dclde/2027/dclde_2027_killer_whales/dfo_crp/audio/northbc/DFOCRP.KkHK0R2F-NML1.SM2M-3.20131013_033600Z.flac,gs://noaa-passive-bioacoustic/dclde/2027/dclde_2027_killer_whales/dfo_crp/audio/northbc/DFOCRP.KkHK0R2F-NML1.SM2M-3.20131013_033600Z.flac,https://storage.googleapis.com/noaa-passive-bioacoustic/dclde/2027/dclde_2027_killer_whales/dfo_crp/audio/northbc/DFOCRP.KkHK0R2F-NML1.SM2M-3.20131013_033600Z.flac,0,reviewed,Oo,Oo,orca_call,orca_call,orca_call,DFO_CRP:NorthBc:DFOCRP.KkHK0R2F-NML1.SM2M-3.20131013_033600Z.flac,"[{""call_type"":""orca_call"",""call_type_name"":""Killer whale call"",""review_status"":""reviewed"",""source"":""dclde_2027_DFO_CRP_NorthBc"",""species"":""Killer whale"",""species_code"":""Oo"",""trainable"":true}]",call:orca_call|species:Oo
dclde_DFO_CRP_NorthBc__DFOCRP.KkHK0R2F-NML1.SM2M-3.20131013_033600Z.flac_35.9s_37.4s_trainstyle,dclde_DFO_CRP_NorthBc__DFOCRP.KkHK0R2F-NML1.SM2M-3.20131013_033600Z.flac,DFOCRP.KkHK0R2F-NML1.SM2M-3.20131013_033600Z.flac,DFOCRP.KkHK0R2F-NML1.SM2M-3.20131013_033600Z.flac,35.919000,37.391000,35.919000,37.391000,35.919000,1.472000,dclde_DFO_CRP_NorthBc__DFOCRP.KkHK0R2F-NML1.SM2M-3.20131013_033600Z.flac_35.9s_37.4s_trainstyle.mat,mat_files/dclde_DFO_CRP_NorthBc__DFOCRP.KkHK0R2F-NML1.SM2M-3.20131013_033600Z.flac_35.9s_37.4s_trainstyle.mat,dclde_2027_DFO_CRP_NorthBc,811,DFO_CRP,NorthBc,DFOCRP.KkHK0R2F-NML1.SM2M-3.20131013_033600Z.flac,KW,species:Oo|call:orca_call,call:orca_call|species:Oo,Oo,orca_call,,TKW,Detection,1,1,906.25,1593.75,dclde/2027/dclde_2027_killer_whales/dfo_crp/audio/northbc/DFOCRP.KkHK0R2F-NML1.SM2M-3.20131013_033600Z.flac,gs://noaa-passive-bioacoustic/dclde/2027/dclde_2027_killer_whales/dfo_crp/audio/northbc/DFOCRP.KkHK0R2F-NML1.SM2M-3.20131013_033600Z.flac,https://storage.googleapis.com/noaa-passive-bioacoustic/dclde/2027/dclde_2027_killer_whales/dfo_crp/audio/northbc/DFOCRP.KkHK0R2F-NML1.SM2M-3.20131013_033600Z.flac,0,reviewed,Oo,Oo,orca_call,orca_call,orca_call,DFO_CRP:NorthBc:DFOCRP.KkHK0R2F-NML1.SM2M-3.20131013_033600Z.flac,"[{""call_type"":""orca_call"",""call_type_name"":""Killer whale call"",""review_status"":""reviewed"",""source"":""dclde_2027_DFO_CRP_NorthBc"",""species"":""Killer whale"",""species_code"":""Oo"",""trainable"":true}]",call:orca_call|species:Oo
dclde_DFO_CRP_NorthBc__DFOCRP.KkHK0R2F-NML1.SM2M-3.20131013_033600Z.flac_42.9s_46.0s_trainstyle,dclde_DFO_CRP_NorthBc__DFOCRP.KkHK0R2F-NML1.SM2M-3.20131013_033600Z.flac,DFOCRP.KkHK0R2F-NML1.SM2M-3.20131013_033600Z.flac,DFOCRP.KkHK0R2F-NML1.SM2M-3.20131013_033600Z.flac,42.911000,45.983000,42.911000,45.983000,42.911000,3.072000,dclde_DFO_CRP_NorthBc__DFOCRP.KkHK0R2F-NML1.SM2M-3.20131013_033600Z.flac_42.9s_46.0s_trainstyle.mat,mat_files/dclde_DFO_CRP_NorthBc__DFOCRP.KkHK0R2F-NML1.SM2M-3.20131013_033600Z.flac_42.9s_46.0s_trainstyle.mat,dclde_2027_DFO_CRP_NorthBc,812,DFO_CRP,NorthBc,DFOCRP.KkHK0R2F-NML1.SM2M-3.20131013_033600Z.flac,KW,species:Oo|call:orca_call,call:orca_call|species:Oo,Oo,orca_call,,TKW,Detection,1,1,1281.25,1593.75,dclde/2027/dclde_2027_killer_whales/dfo_crp/audio/northbc/DFOCRP.KkHK0R2F-NML1.SM2M-3.20131013_033600Z.flac,gs://noaa-passive-bioacoustic/dclde/2027/dclde_2027_killer_whales/dfo_crp/audio/northbc/DFOCRP.KkHK0R2F-NML1.SM2M-3.20131013_033600Z.flac,https://storage.googleapis.com/noaa-passive-bioacoustic/dclde/2027/dclde_2027_killer_whales/dfo_crp/audio/northbc/DFOCRP.KkHK0R2F-NML1.SM2M-3.20131013_033600Z.flac,0,reviewed,Oo,Oo,orca_call,orca_call,orca_call,DFO_CRP:NorthBc:DFOCRP.KkHK0R2F-NML1.SM2M-3.20131013_033600Z.flac,"[{""call_type"":""orca_call"",""call_type_name"":""Killer whale call"",""review_status"":""reviewed"",""source"":""dclde_2027_DFO_CRP_NorthBc"",""species"":""Killer whale"",""species_code"":""Oo"",""trainable"":true}]",call:orca_call|species:Oo
dclde_DFO_CRP_NorthBc__DFOCRP.KkHK0R2F-NML1.SM2M-3.20131013_033600Z.flac_44.5s_45.9s_trainstyle,dclde_DFO_CRP_NorthBc__DFOCRP.KkHK0R2F-NML1.SM2M-3.20131013_033600Z.flac,DFOCRP.KkHK0R2F-NML1.SM2M-3.20131013_033600Z.flac,DFOCRP.KkHK0R2F-NML1.SM2M-3.20131013_033600Z.flac,44.511000,45.920000,44.511000,45.920000,44.511000,1.409000,dclde_DFO_CRP_NorthBc__DFOCRP.KkHK0R2F-NML1.SM2M-3.20131013_033600Z.flac_44.5s_45.9s_trainstyle.mat,mat_files/dclde_DFO_CRP_NorthBc__DFOCRP.KkHK0R2F-NML1.SM2M-3.20131013_033600Z.flac_44.5s_45.9s_trainstyle.mat,dclde_2027_DFO_CRP_NorthBc,813,DFO_CRP,NorthBc,DFOCRP.KkHK0R2F-NML1.SM2M-3.20131013_033600Z.flac,KW,species:Oo|call:orca_call,call:orca_call|species:Oo,Oo,orca_call,,TKW,Detection,1,1,4000,4968.75,dclde/2027/dclde_2027_killer_whales/dfo_crp/audio/northbc/DFOCRP.KkHK0R2F-NML1.SM2M-3.20131013_033600Z.flac,gs://noaa-passive-bioacoustic/dclde/2027/dclde_2027_killer_whales/dfo_crp/audio/northbc/DFOCRP.KkHK0R2F-NML1.SM2M-3.20131013_033600Z.flac,https://storage.googleapis.com/noaa-passive-bioacoustic/dclde/2027/dclde_2027_killer_whales/dfo_crp/audio/northbc/DFOCRP.KkHK0R2F-NML1.SM2M-3.20131013_033600Z.flac,0,reviewed,Oo,Oo,orca_call,orca_call,orca_call,DFO_CRP:NorthBc:DFOCRP.KkHK0R2F-NML1.SM2M-3.20131013_033600Z.flac,"[{""call_type"":""orca_call"",""call_type_name"":""Killer whale call"",""review_status"":""reviewed"",""source"":""dclde_2027_DFO_CRP_NorthBc"",""species"":""Killer whale"",""species_code"":""Oo"",""trainable"":true}]",call:orca_call|species:Oo
dclde_DFO_CRP_NorthBc__DFOCRP.KkHK0R2F-NML1.SM2M-3.20131013_033600Z.flac_52.4s_53.6s_trainstyle,dclde_DFO_CRP_NorthBc__DFOCRP.KkHK0R2F-NML1.SM2M-3.20131013_033600Z.flac,DFOCRP.KkHK0R2F-NML1.SM2M-3.20131013_033600Z.flac,DFOCRP.KkHK0R2F-NML1.SM2M-3.20131013_033600Z.flac,52.384000,53.631000,52.384000,53.631000,52.384000,1.247000,dclde_DFO_CRP_NorthBc__DFOCRP.KkHK0R2F-NML1.SM2M-3.20131013_033600Z.flac_52.4s_53.6s_trainstyle.mat,mat_files/dclde_DFO_CRP_NorthBc__DFOCRP.KkHK0R2F-NML1.SM2M-3.20131013_033600Z.flac_52.4s_53.6s_trainstyle.mat,dclde_2027_DFO_CRP_NorthBc,814,DFO_CRP,NorthBc,DFOCRP.KkHK0R2F-NML1.SM2M-3.20131013_033600Z.flac,KW,species:Oo|call:orca_call,call:orca_call|species:Oo,Oo,orca_call,,TKW,Detection,1,1,4781.25,5000,dclde/2027/dclde_2027_killer_whales/dfo_crp/audio/northbc/DFOCRP.KkHK0R2F-NML1.SM2M-3.20131013_033600Z.flac,gs://noaa-passive-bioacoustic/dclde/2027/dclde_2027_killer_whales/dfo_crp/audio/northbc/DFOCRP.KkHK0R2F-NML1.SM2M-3.20131013_033600Z.flac,https://storage.googleapis.com/noaa-passive-bioacoustic/dclde/2027/dclde_2027_killer_whales/dfo_crp/audio/northbc/DFOCRP.KkHK0R2F-NML1.SM2M-3.20131013_033600Z.flac,0,reviewed,Oo,Oo,orca_call,orca_call,orca_call,DFO_CRP:NorthBc:DFOCRP.KkHK0R2F-NML1.SM2M-3.20131013_033600Z.flac,"[{""call_type"":""orca_call"",""call_type_name"":""Killer whale call"",""review_status"":""reviewed"",""source"":""dclde_2027_DFO_CRP_NorthBc"",""species"":""Killer whale"",""species_code"":""Oo"",""trainable"":true}]",call:orca_call|species:Oo
dclde_DFO_CRP_NorthBc__DFOCRP.KkHK0R2F-NML1.SM2M-3.20131013_033600Z.flac_55.5s_57.1s_trainstyle,dclde_DFO_CRP_NorthBc__DFOCRP.KkHK0R2F-NML1.SM2M-3.20131013_033600Z.flac,DFOCRP.KkHK0R2F-NML1.SM2M-3.20131013_033600Z.flac,DFOCRP.KkHK0R2F-NML1.SM2M-3.20131013_033600Z.flac,55.488000,57.055000,55.488000,57.055000,55.488000,1.567000,dclde_DFO_CRP_NorthBc__DFOCRP.KkHK0R2F-NML1.SM2M-3.20131013_033600Z.flac_55.5s_57.1s_trainstyle.mat,mat_files/dclde_DFO_CRP_NorthBc__DFOCRP.KkHK0R2F-NML1.SM2M-3.20131013_033600Z.flac_55.5s_57.1s_trainstyle.mat,dclde_2027_DFO_CRP_NorthBc,815,DFO_CRP,NorthBc,DFOCRP.KkHK0R2F-NML1.SM2M-3.20131013_033600Z.flac,KW,species:Oo|call:orca_call,call:orca_call|species:Oo,Oo,orca_call,,TKW,Detection,1,1,1906.25,2531.25,dclde/2027/dclde_2027_killer_whales/dfo_crp/audio/northbc/DFOCRP.KkHK0R2F-NML1.SM2M-3.20131013_033600Z.flac,gs://noaa-passive-bioacoustic/dclde/2027/dclde_2027_killer_whales/dfo_crp/audio/northbc/DFOCRP.KkHK0R2F-NML1.SM2M-3.20131013_033600Z.flac,https://storage.googleapis.com/noaa-passive-bioacoustic/dclde/2027/dclde_2027_killer_whales/dfo_crp/audio/northbc/DFOCRP.KkHK0R2F-NML1.SM2M-3.20131013_033600Z.flac,0,reviewed,Oo,Oo,orca_call,orca_call,orca_call,DFO_CRP:NorthBc:DFOCRP.KkHK0R2F-NML1.SM2M-3.20131013_033600Z.flac,"[{""call_type"":""orca_call"",""call_type_name"":""Killer whale call"",""review_status"":""reviewed"",""source"":""dclde_2027_DFO_CRP_NorthBc"",""species"":""Killer whale"",""species_code"":""Oo"",""trainable"":true}]",call:orca_call|species:Oo
dclde_DFO_CRP_NorthBc__DFOCRP.KkHK0R2F-NML1.SM2M-3.20131013_033600Z.flac_56.5s_56.8s_trainstyle,dclde_DFO_CRP_NorthBc__DFOCRP.KkHK0R2F-NML1.SM2M-3.20131013_033600Z.flac,DFOCRP.KkHK0R2F-NML1.SM2M-3.20131013_033600Z.flac,DFOCRP.KkHK0R2F-NML1.SM2M-3.20131013_033600Z.flac,56.527000,56.799000,56.527000,56.799000,56.527000,0.272000,dclde_DFO_CRP_NorthBc__DFOCRP.KkHK0R2F-NML1.SM2M-3.20131013_033600Z.flac_56.5s_56.8s_trainstyle.mat,mat_files/dclde_DFO_CRP_NorthBc__DFOCRP.KkHK0R2F-NML1.SM2M-3.20131013_033600Z.flac_56.5s_56.8s_trainstyle.mat,dclde_2027_DFO_CRP_NorthBc,816,DFO_CRP,NorthBc,DFOCRP.KkHK0R2F-NML1.SM2M-3.20131013_033600Z.flac,KW,species:Oo|call:orca_call,call:orca_call|species:Oo,Oo,orca_call,,TKW,Detection,1,1,1093.75,1218.75,dclde/2027/dclde_2027_killer_whales/dfo_crp/audio/northbc/DFOCRP.KkHK0R2F-NML1.SM2M-3.20131013_033600Z.flac,gs://noaa-passive-bioacoustic/dclde/2027/dclde_2027_killer_whales/dfo_crp/audio/northbc/DFOCRP.KkHK0R2F-NML1.SM2M-3.20131013_033600Z.flac,https://storage.googleapis.com/noaa-passive-bioacoustic/dclde/2027/dclde_2027_killer_whales/dfo_crp/audio/northbc/DFOCRP.KkHK0R2F-NML1.SM2M-3.20131013_033600Z.flac,0,reviewed,Oo,Oo,orca_call,orca_call,orca_call,DFO_CRP:NorthBc:DFOCRP.KkHK0R2F-NML1.SM2M-3.20131013_033600Z.flac,"[{""call_type"":""orca_call"",""call_type_name"":""Killer whale call"",""review_status"":""reviewed"",""source"":""dclde_2027_DFO_CRP_NorthBc"",""species"":""Killer whale"",""species_code"":""Oo"",""trainable"":true}]",call:orca_call|species:Oo
dclde_DFO_CRP_NorthBc__DFOCRP.KkHK0R2F-NML1.SM2M-3.20131013_033600Z.flac_67.4s_69.4s_trainstyle,dclde_DFO_CRP_NorthBc__DFOCRP.KkHK0R2F-NML1.SM2M-3.20131013_033600Z.flac,DFOCRP.KkHK0R2F-NML1.SM2M-3.20131013_033600Z.flac,DFOCRP.KkHK0R2F-NML1.SM2M-3.20131013_033600Z.flac,67.439000,69.376000,67.439000,69.376000,67.439000,1.937000,dclde_DFO_CRP_NorthBc__DFOCRP.KkHK0R2F-NML1.SM2M-3.20131013_033600Z.flac_67.4s_69.4s_trainstyle.mat,mat_files/dclde_DFO_CRP_NorthBc__DFOCRP.KkHK0R2F-NML1.SM2M-3.20131013_033600Z.flac_67.4s_69.4s_trainstyle.mat,dclde_2027_DFO_CRP_NorthBc,817,DFO_CRP,NorthBc,DFOCRP.KkHK0R2F-NML1.SM2M-3.20131013_033600Z.flac,KW,species:Oo|call:orca_call,call:orca_call|species:Oo,Oo,orca_call,,TKW,Detection,1,1,781.25,2687.5,dclde/2027/dclde_2027_killer_whales/dfo_crp/audio/northbc/DFOCRP.KkHK0R2F-NML1.SM2M-3.20131013_033600Z.flac,gs://noaa-passive-bioacoustic/dclde/2027/dclde_2027_killer_whales/dfo_crp/audio/northbc/DFOCRP.KkHK0R2F-NML1.SM2M-3.20131013_033600Z.flac,https://storage.googleapis.com/noaa-passive-bioacoustic/dclde/2027/dclde_2027_killer_whales/dfo_crp/audio/northbc/DFOCRP.KkHK0R2F-NML1.SM2M-3.20131013_033600Z.flac,0,reviewed,Oo,Oo,orca_call,orca_call,orca_call,DFO_CRP:NorthBc:DFOCRP.KkHK0R2F-NML1.SM2M-3.20131013_033600Z.flac,"[{""call_type"":""orca_call"",""call_type_name"":""Killer whale call"",""review_status"":""reviewed"",""source"":""dclde_2027_DFO_CRP_NorthBc"",""species"":""Killer whale"",""species_code"":""Oo"",""trainable"":true}]",call:orca_call|species:Oo
dclde_DFO_CRP_NorthBc__DFOCRP.KkHK0R2F-NML1.SM2M-3.20131013_033600Z.flac_70.9s_71.5s_trainstyle,dclde_DFO_CRP_NorthBc__DFOCRP.KkHK0R2F-NML1.SM2M-3.20131013_033600Z.flac,DFOCRP.KkHK0R2F-NML1.SM2M-3.20131013_033600Z.flac,DFOCRP.KkHK0R2F-NML1.SM2M-3.20131013_033600Z.flac,70.863000,71.488000,70.863000,71.488000,70.863000,0.625000,dclde_DFO_CRP_NorthBc__DFOCRP.KkHK0R2F-NML1.SM2M-3.20131013_033600Z.flac_70.9s_71.5s_trainstyle.mat,mat_files/dclde_DFO_CRP_NorthBc__DFOCRP.KkHK0R2F-NML1.SM2M-3.20131013_033600Z.flac_70.9s_71.5s_trainstyle.mat,dclde_2027_DFO_CRP_NorthBc,818,DFO_CRP,NorthBc,DFOCRP.KkHK0R2F-NML1.SM2M-3.20131013_033600Z.flac,KW,species:Oo|call:orca_call,call:orca_call|species:Oo,Oo,orca_call,,TKW,Detection,1,1,1156.25,1718.75,dclde/2027/dclde_2027_killer_whales/dfo_crp/audio/northbc/DFOCRP.KkHK0R2F-NML1.SM2M-3.20131013_033600Z.flac,gs://noaa-passive-bioacoustic/dclde/2027/dclde_2027_killer_whales/dfo_crp/audio/northbc/DFOCRP.KkHK0R2F-NML1.SM2M-3.20131013_033600Z.flac,https://storage.googleapis.com/noaa-passive-bioacoustic/dclde/2027/dclde_2027_killer_whales/dfo_crp/audio/northbc/DFOCRP.KkHK0R2F-NML1.SM2M-3.20131013_033600Z.flac,0,reviewed,Oo,Oo,orca_call,orca_call,orca_call,DFO_CRP:NorthBc:DFOCRP.KkHK0R2F-NML1.SM2M-3.20131013_033600Z.flac,"[{""call_type"":""orca_call"",""call_type_name"":""Killer whale call"",""review_status"":""reviewed"",""source"":""dclde_2027_DFO_CRP_NorthBc"",""species"":""Killer whale"",""species_code"":""Oo"",""trainable"":true}]",call:orca_call|species:Oo
dclde_DFO_CRP_NorthBc__DFOCRP.KkHK0R2F-NML1.SM2M-3.20131013_033600Z.flac_74.9s_75.6s_trainstyle,dclde_DFO_CRP_NorthBc__DFOCRP.KkHK0R2F-NML1.SM2M-3.20131013_033600Z.flac,DFOCRP.KkHK0R2F-NML1.SM2M-3.20131013_033600Z.flac,DFOCRP.KkHK0R2F-NML1.SM2M-3.20131013_033600Z.flac,74.911000,75.615000,74.911000,75.615000,74.911000,0.704000,dclde_DFO_CRP_NorthBc__DFOCRP.KkHK0R2F-NML1.SM2M-3.20131013_033600Z.flac_74.9s_75.6s_trainstyle.mat,mat_files/dclde_DFO_CRP_NorthBc__DFOCRP.KkHK0R2F-NML1.SM2M-3.20131013_033600Z.flac_74.9s_75.6s_trainstyle.mat,dclde_2027_DFO_CRP_NorthBc,819,DFO_CRP,NorthBc,DFOCRP.KkHK0R2F-NML1.SM2M-3.20131013_033600Z.flac,KW,species:Oo|call:orca_call,call:orca_call|species:Oo,Oo,orca_call,,TKW,Detection,1,1,2625,2906.25,dclde/2027/dclde_2027_killer_whales/dfo_crp/audio/northbc/DFOCRP.KkHK0R2F-NML1.SM2M-3.20131013_033600Z.flac,gs://noaa-passive-bioacoustic/dclde/2027/dclde_2027_killer_whales/dfo_crp/audio/northbc/DFOCRP.KkHK0R2F-NML1.SM2M-3.20131013_033600Z.flac,https://storage.googleapis.com/noaa-passive-bioacoustic/dclde/2027/dclde_2027_killer_whales/dfo_crp/audio/northbc/DFOCRP.KkHK0R2F-NML1.SM2M-3.20131013_033600Z.flac,0,reviewed,Oo,Oo,orca_call,orca_call,orca_call,DFO_CRP:NorthBc:DFOCRP.KkHK0R2F-NML1.SM2M-3.20131013_033600Z.flac,"[{""call_type"":""orca_call"",""call_type_name"":""Killer whale call"",""review_status"":""reviewed"",""source"":""dclde_2027_DFO_CRP_NorthBc"",""species"":""Killer whale"",""species_code"":""Oo"",""trainable"":true}]",call:orca_call|species:Oo
dclde_DFO_CRP_NorthBc__DFOCRP.KkHK0R2F-NML1.SM2M-3.20131013_033600Z.flac_83.4s_85.0s_trainstyle,dclde_DFO_CRP_NorthBc__DFOCRP.KkHK0R2F-NML1.SM2M-3.20131013_033600Z.flac,DFOCRP.KkHK0R2F-NML1.SM2M-3.20131013_033600Z.flac,DFOCRP.KkHK0R2F-NML1.SM2M-3.20131013_033600Z.flac,83.392000,84.991000,83.392000,84.991000,83.392000,1.599000,dclde_DFO_CRP_NorthBc__DFOCRP.KkHK0R2F-NML1.SM2M-3.20131013_033600Z.flac_83.4s_85.0s_trainstyle.mat,mat_files/dclde_DFO_CRP_NorthBc__DFOCRP.KkHK0R2F-NML1.SM2M-3.20131013_033600Z.flac_83.4s_85.0s_trainstyle.mat,dclde_2027_DFO_CRP_NorthBc,820,DFO_CRP,NorthBc,DFOCRP.KkHK0R2F-NML1.SM2M-3.20131013_033600Z.flac,KW,species:Oo|call:orca_call,call:orca_call|species:Oo,Oo,orca_call,,TKW,Detection,1,1,4343.75,4906.25,dclde/2027/dclde_2027_killer_whales/dfo_crp/audio/northbc/DFOCRP.KkHK0R2F-NML1.SM2M-3.20131013_033600Z.flac,gs://noaa-passive-bioacoustic/dclde/2027/dclde_2027_killer_whales/dfo_crp/audio/northbc/DFOCRP.KkHK0R2F-NML1.SM2M-3.20131013_033600Z.flac,https://storage.googleapis.com/noaa-passive-bioacoustic/dclde/2027/dclde_2027_killer_whales/dfo_crp/audio/northbc/DFOCRP.KkHK0R2F-NML1.SM2M-3.20131013_033600Z.flac,0,reviewed,Oo,Oo,orca_call,orca_call,orca_call,DFO_CRP:NorthBc:DFOCRP.KkHK0R2F-NML1.SM2M-3.20131013_033600Z.flac,"[{""call_type"":""orca_call"",""call_type_name"":""Killer whale call"",""review_status"":""reviewed"",""source"":""dclde_2027_DFO_CRP_NorthBc"",""species"":""Killer whale"",""species_code"":""Oo"",""trainable"":true}]",call:orca_call|species:Oo
dclde_DFO_CRP_NorthBc__DFOCRP.KkHK0R2F-NML1.SM2M-3.20131013_033600Z.flac_84.1s_84.7s_trainstyle,dclde_DFO_CRP_NorthBc__DFOCRP.KkHK0R2F-NML1.SM2M-3.20131013_033600Z.flac,DFOCRP.KkHK0R2F-NML1.SM2M-3.20131013_033600Z.flac,DFOCRP.KkHK0R2F-NML1.SM2M-3.20131013_033600Z.flac,84.080000,84.688000,84.080000,84.688000,84.080000,0.608000,dclde_DFO_CRP_NorthBc__DFOCRP.KkHK0R2F-NML1.SM2M-3.20131013_033600Z.flac_84.1s_84.7s_trainstyle.mat,mat_files/dclde_DFO_CRP_NorthBc__DFOCRP.KkHK0R2F-NML1.SM2M-3.20131013_033600Z.flac_84.1s_84.7s_trainstyle.mat,dclde_2027_DFO_CRP_NorthBc,821,DFO_CRP,NorthBc,DFOCRP.KkHK0R2F-NML1.SM2M-3.20131013_033600Z.flac,KW,species:Oo|call:orca_call,call:orca_call|species:Oo,Oo,orca_call,,TKW,Detection,1,1,1625,2062.5,dclde/2027/dclde_2027_killer_whales/dfo_crp/audio/northbc/DFOCRP.KkHK0R2F-NML1.SM2M-3.20131013_033600Z.flac,gs://noaa-passive-bioacoustic/dclde/2027/dclde_2027_killer_whales/dfo_crp/audio/northbc/DFOCRP.KkHK0R2F-NML1.SM2M-3.20131013_033600Z.flac,https://storage.googleapis.com/noaa-passive-bioacoustic/dclde/2027/dclde_2027_killer_whales/dfo_crp/audio/northbc/DFOCRP.KkHK0R2F-NML1.SM2M-3.20131013_033600Z.flac,0,reviewed,Oo,Oo,orca_call,orca_call,orca_call,DFO_CRP:NorthBc:DFOCRP.KkHK0R2F-NML1.SM2M-3.20131013_033600Z.flac,"[{""call_type"":""orca_call"",""call_type_name"":""Killer whale call"",""review_status"":""reviewed"",""source"":""dclde_2027_DFO_CRP_NorthBc"",""species"":""Killer whale"",""species_code"":""Oo"",""trainable"":true}]",call:orca_call|species:Oo
dclde_DFO_CRP_NorthBc__DFOCRP.KkHK0R2F-NML1.SM2M-3.20131013_033600Z.flac_97.7s_100.4s_trainstyle,dclde_DFO_CRP_NorthBc__DFOCRP.KkHK0R2F-NML1.SM2M-3.20131013_033600Z.flac,DFOCRP.KkHK0R2F-NML1.SM2M-3.20131013_033600Z.flac,DFOCRP.KkHK0R2F-NML1.SM2M-3.20131013_033600Z.flac,97.663000,100.400000,97.663000,100.400000,97.663000,2.737000,dclde_DFO_CRP_NorthBc__DFOCRP.KkHK0R2F-NML1.SM2M-3.20131013_033600Z.flac_97.7s_100.4s_trainstyle.mat,mat_files/dclde_DFO_CRP_NorthBc__DFOCRP.KkHK0R2F-NML1.SM2M-3.20131013_033600Z.flac_97.7s_100.4s_trainstyle.mat,dclde_2027_DFO_CRP_NorthBc,822,DFO_CRP,NorthBc,DFOCRP.KkHK0R2F-NML1.SM2M-3.20131013_033600Z.flac,KW,species:Oo|call:orca_call,call:orca_call|species:Oo,Oo,orca_call,,TKW,Detection,1,1,3875,4718.75,dclde/2027/dclde_2027_killer_whales/dfo_crp/audio/northbc/DFOCRP.KkHK0R2F-NML1.SM2M-3.20131013_033600Z.flac,gs://noaa-passive-bioacoustic/dclde/2027/dclde_2027_killer_whales/dfo_crp/audio/northbc/DFOCRP.KkHK0R2F-NML1.SM2M-3.20131013_033600Z.flac,https://storage.googleapis.com/noaa-passive-bioacoustic/dclde/2027/dclde_2027_killer_whales/dfo_crp/audio/northbc/DFOCRP.KkHK0R2F-NML1.SM2M-3.20131013_033600Z.flac,0,reviewed,Oo,Oo,orca_call,orca_call,orca_call,DFO_CRP:NorthBc:DFOCRP.KkHK0R2F-NML1.SM2M-3.20131013_033600Z.flac,"[{""call_type"":""orca_call"",""call_type_name"":""Killer whale call"",""review_status"":""reviewed"",""source"":""dclde_2027_DFO_CRP_NorthBc"",""species"":""Killer whale"",""species_code"":""Oo"",""trainable"":true}]",call:orca_call|species:Oo
dclde_DFO_CRP_NorthBc__DFOCRP.KkHK0R2F-NML1.SM2M-3.20131013_033600Z.flac_99.1s_100.4s_trainstyle,dclde_DFO_CRP_NorthBc__DFOCRP.KkHK0R2F-NML1.SM2M-3.20131013_033600Z.flac,DFOCRP.KkHK0R2F-NML1.SM2M-3.20131013_033600Z.flac,DFOCRP.KkHK0R2F-NML1.SM2M-3.20131013_033600Z.flac,99.119000,100.448000,99.119000,100.448000,99.119000,1.329000,dclde_DFO_CRP_NorthBc__DFOCRP.KkHK0R2F-NML1.SM2M-3.20131013_033600Z.flac_99.1s_100.4s_trainstyle.mat,mat_files/dclde_DFO_CRP_NorthBc__DFOCRP.KkHK0R2F-NML1.SM2M-3.20131013_033600Z.flac_99.1s_100.4s_trainstyle.mat,dclde_2027_DFO_CRP_NorthBc,823,DFO_CRP,NorthBc,DFOCRP.KkHK0R2F-NML1.SM2M-3.20131013_033600Z.flac,KW,species:Oo|call:orca_call,call:orca_call|species:Oo,Oo,orca_call,,TKW,Detection,1,1,3156.25,3562.5,dclde/2027/dclde_2027_killer_whales/dfo_crp/audio/northbc/DFOCRP.KkHK0R2F-NML1.SM2M-3.20131013_033600Z.flac,gs://noaa-passive-bioacoustic/dclde/2027/dclde_2027_killer_whales/dfo_crp/audio/northbc/DFOCRP.KkHK0R2F-NML1.SM2M-3.20131013_033600Z.flac,https://storage.googleapis.com/noaa-passive-bioacoustic/dclde/2027/dclde_2027_killer_whales/dfo_crp/audio/northbc/DFOCRP.KkHK0R2F-NML1.SM2M-3.20131013_033600Z.flac,0,reviewed,Oo,Oo,orca_call,orca_call,orca_call,DFO_CRP:NorthBc:DFOCRP.KkHK0R2F-NML1.SM2M-3.20131013_033600Z.flac,"[{""call_type"":""orca_call"",""call_type_name"":""Killer whale call"",""review_status"":""reviewed"",""source"":""dclde_2027_DFO_CRP_NorthBc"",""species"":""Killer whale"",""species_code"":""Oo"",""trainable"":true}]",call:orca_call|species:Oo
dclde_DFO_CRP_NorthBc__DFOCRP.KkHK0R2F-NML1.SM2M-3.20131013_033600Z.flac_99.7s_101.8s_trainstyle,dclde_DFO_CRP_NorthBc__DFOCRP.KkHK0R2F-NML1.SM2M-3.20131013_033600Z.flac,DFOCRP.KkHK0R2F-NML1.SM2M-3.20131013_033600Z.flac,DFOCRP.KkHK0R2F-NML1.SM2M-3.20131013_033600Z.flac,99.663000,101.807000,99.663000,101.807000,99.663000,2.144000,dclde_DFO_CRP_NorthBc__DFOCRP.KkHK0R2F-NML1.SM2M-3.20131013_033600Z.flac_99.7s_101.8s_trainstyle.mat,mat_files/dclde_DFO_CRP_NorthBc__DFOCRP.KkHK0R2F-NML1.SM2M-3.20131013_033600Z.flac_99.7s_101.8s_trainstyle.mat,dclde_2027_DFO_CRP_NorthBc,824,DFO_CRP,NorthBc,DFOCRP.KkHK0R2F-NML1.SM2M-3.20131013_033600Z.flac,KW,species:Oo|call:orca_call,call:orca_call|species:Oo,Oo,orca_call,,TKW,Detection,1,1,2281.25,2562.5,dclde/2027/dclde_2027_killer_whales/dfo_crp/audio/northbc/DFOCRP.KkHK0R2F-NML1.SM2M-3.20131013_033600Z.flac,gs://noaa-passive-bioacoustic/dclde/2027/dclde_2027_killer_whales/dfo_crp/audio/northbc/DFOCRP.KkHK0R2F-NML1.SM2M-3.20131013_033600Z.flac,https://storage.googleapis.com/noaa-passive-bioacoustic/dclde/2027/dclde_2027_killer_whales/dfo_crp/audio/northbc/DFOCRP.KkHK0R2F-NML1.SM2M-3.20131013_033600Z.flac,0,reviewed,Oo,Oo,orca_call,orca_call,orca_call,DFO_CRP:NorthBc:DFOCRP.KkHK0R2F-NML1.SM2M-3.20131013_033600Z.flac,"[{""call_type"":""orca_call"",""call_type_name"":""Killer whale call"",""review_status"":""reviewed"",""source"":""dclde_2027_DFO_CRP_NorthBc"",""species"":""Killer whale"",""species_code"":""Oo"",""trainable"":true}]",call:orca_call|species:Oo
dclde_DFO_CRP_NorthBc__DFOCRP.KkHK0R2F-NML1.SM2M-3.20131013_033600Z.flac_100.9s_102.1s_trainstyle,dclde_DFO_CRP_NorthBc__DFOCRP.KkHK0R2F-NML1.SM2M-3.20131013_033600Z.flac,DFOCRP.KkHK0R2F-NML1.SM2M-3.20131013_033600Z.flac,DFOCRP.KkHK0R2F-NML1.SM2M-3.20131013_033600Z.flac,100.911000,102.063000,100.911000,102.063000,100.911000,1.152000,dclde_DFO_CRP_NorthBc__DFOCRP.KkHK0R2F-NML1.SM2M-3.20131013_033600Z.flac_100.9s_102.1s_trainstyle.mat,mat_files/dclde_DFO_CRP_NorthBc__DFOCRP.KkHK0R2F-NML1.SM2M-3.20131013_033600Z.flac_100.9s_102.1s_trainstyle.mat,dclde_2027_DFO_CRP_NorthBc,825,DFO_CRP,NorthBc,DFOCRP.KkHK0R2F-NML1.SM2M-3.20131013_033600Z.flac,KW,species:Oo|call:orca_call,call:orca_call|species:Oo,Oo,orca_call,,TKW,Detection,1,1,3843.75,4125,dclde/2027/dclde_2027_killer_whales/dfo_crp/audio/northbc/DFOCRP.KkHK0R2F-NML1.SM2M-3.20131013_033600Z.flac,gs://noaa-passive-bioacoustic/dclde/2027/dclde_2027_killer_whales/dfo_crp/audio/northbc/DFOCRP.KkHK0R2F-NML1.SM2M-3.20131013_033600Z.flac,https://storage.googleapis.com/noaa-passive-bioacoustic/dclde/2027/dclde_2027_killer_whales/dfo_crp/audio/northbc/DFOCRP.KkHK0R2F-NML1.SM2M-3.20131013_033600Z.flac,0,reviewed,Oo,Oo,orca_call,orca_call,orca_call,DFO_CRP:NorthBc:DFOCRP.KkHK0R2F-NML1.SM2M-3.20131013_033600Z.flac,"[{""call_type"":""orca_call"",""call_type_name"":""Killer whale call"",""review_status"":""reviewed"",""source"":""dclde_2027_DFO_CRP_NorthBc"",""species"":""Killer whale"",""species_code"":""Oo"",""trainable"":true}]",call:orca_call|species:Oo
dclde_DFO_CRP_NorthBc__DFOCRP.KkHK0R2F-NML1.SM2M-3.20131013_033600Z.flac_102.2s_104.1s_trainstyle,dclde_DFO_CRP_NorthBc__DFOCRP.KkHK0R2F-NML1.SM2M-3.20131013_033600Z.flac,DFOCRP.KkHK0R2F-NML1.SM2M-3.20131013_033600Z.flac,DFOCRP.KkHK0R2F-NML1.SM2M-3.20131013_033600Z.flac,102.207000,104.127000,102.207000,104.127000,102.207000,1.920000,dclde_DFO_CRP_NorthBc__DFOCRP.KkHK0R2F-NML1.SM2M-3.20131013_033600Z.flac_102.2s_104.1s_trainstyle.mat,mat_files/dclde_DFO_CRP_NorthBc__DFOCRP.KkHK0R2F-NML1.SM2M-3.20131013_033600Z.flac_102.2s_104.1s_trainstyle.mat,dclde_2027_DFO_CRP_NorthBc,826,DFO_CRP,NorthBc,DFOCRP.KkHK0R2F-NML1.SM2M-3.20131013_033600Z.flac,KW,species:Oo|call:orca_call,call:orca_call|species:Oo,Oo,orca_call,,TKW,Detection,1,1,2406.25,2625,dclde/2027/dclde_2027_killer_whales/dfo_crp/audio/northbc/DFOCRP.KkHK0R2F-NML1.SM2M-3.20131013_033600Z.flac,gs://noaa-passive-bioacoustic/dclde/2027/dclde_2027_killer_whales/dfo_crp/audio/northbc/DFOCRP.KkHK0R2F-NML1.SM2M-3.20131013_033600Z.flac,https://storage.googleapis.com/noaa-passive-bioacoustic/dclde/2027/dclde_2027_killer_whales/dfo_crp/audio/northbc/DFOCRP.KkHK0R2F-NML1.SM2M-3.20131013_033600Z.flac,0,reviewed,Oo,Oo,orca_call,orca_call,orca_call,DFO_CRP:NorthBc:DFOCRP.KkHK0R2F-NML1.SM2M-3.20131013_033600Z.flac,"[{""call_type"":""orca_call"",""call_type_name"":""Killer whale call"",""review_status"":""reviewed"",""source"":""dclde_2027_DFO_CRP_NorthBc"",""species"":""Killer whale"",""species_code"":""Oo"",""trainable"":true}]",call:orca_call|species:Oo
dclde_DFO_CRP_NorthBc__DFOCRP.KkHK0R2F-NML1.SM2M-3.20131013_033600Z.flac_102.8s_104.2s_trainstyle,dclde_DFO_CRP_NorthBc__DFOCRP.KkHK0R2F-NML1.SM2M-3.20131013_033600Z.flac,DFOCRP.KkHK0R2F-NML1.SM2M-3.20131013_033600Z.flac,DFOCRP.KkHK0R2F-NML1.SM2M-3.20131013_033600Z.flac,102.815000,104.223000,102.815000,104.223000,102.815000,1.408000,dclde_DFO_CRP_NorthBc__DFOCRP.KkHK0R2F-NML1.SM2M-3.20131013_033600Z.flac_102.8s_104.2s_trainstyle.mat,mat_files/dclde_DFO_CRP_NorthBc__DFOCRP.KkHK0R2F-NML1.SM2M-3.20131013_033600Z.flac_102.8s_104.2s_trainstyle.mat,dclde_2027_DFO_CRP_NorthBc,827,DFO_CRP,NorthBc,DFOCRP.KkHK0R2F-NML1.SM2M-3.20131013_033600Z.flac,KW,species:Oo|call:orca_call,call:orca_call|species:Oo,Oo,orca_call,,TKW,Detection,1,1,1750,2250,dclde/2027/dclde_2027_killer_whales/dfo_crp/audio/northbc/DFOCRP.KkHK0R2F-NML1.SM2M-3.20131013_033600Z.flac,gs://noaa-passive-bioacoustic/dclde/2027/dclde_2027_killer_whales/dfo_crp/audio/northbc/DFOCRP.KkHK0R2F-NML1.SM2M-3.20131013_033600Z.flac,https://storage.googleapis.com/noaa-passive-bioacoustic/dclde/2027/dclde_2027_killer_whales/dfo_crp/audio/northbc/DFOCRP.KkHK0R2F-NML1.SM2M-3.20131013_033600Z.flac,0,reviewed,Oo,Oo,orca_call,orca_call,orca_call,DFO_CRP:NorthBc:DFOCRP.KkHK0R2F-NML1.SM2M-3.20131013_033600Z.flac,"[{""call_type"":""orca_call"",""call_type_name"":""Killer whale call"",""review_status"":""reviewed"",""source"":""dclde_2027_DFO_CRP_NorthBc"",""species"":""Killer whale"",""species_code"":""Oo"",""trainable"":true}]",call:orca_call|species:Oo
dclde_DFO_CRP_NorthBc__DFOCRP.KkHK0R2F-NML1.SM2M-3.20131013_033600Z.flac_108.2s_108.4s_trainstyle,dclde_DFO_CRP_NorthBc__DFOCRP.KkHK0R2F-NML1.SM2M-3.20131013_033600Z.flac,DFOCRP.KkHK0R2F-NML1.SM2M-3.20131013_033600Z.flac,DFOCRP.KkHK0R2F-NML1.SM2M-3.20131013_033600Z.flac,108.192000,108.448000,108.192000,108.448000,108.192000,0.256000,dclde_DFO_CRP_NorthBc__DFOCRP.KkHK0R2F-NML1.SM2M-3.20131013_033600Z.flac_108.2s_108.4s_trainstyle.mat,mat_files/dclde_DFO_CRP_NorthBc__DFOCRP.KkHK0R2F-NML1.SM2M-3.20131013_033600Z.flac_108.2s_108.4s_trainstyle.mat,dclde_2027_DFO_CRP_NorthBc,828,DFO_CRP,NorthBc,DFOCRP.KkHK0R2F-NML1.SM2M-3.20131013_033600Z.flac,KW,species:Oo|call:orca_call,call:orca_call|species:Oo,Oo,orca_call,,TKW,Detection,1,1,1812.5,2156.25,dclde/2027/dclde_2027_killer_whales/dfo_crp/audio/northbc/DFOCRP.KkHK0R2F-NML1.SM2M-3.20131013_033600Z.flac,gs://noaa-passive-bioacoustic/dclde/2027/dclde_2027_killer_whales/dfo_crp/audio/northbc/DFOCRP.KkHK0R2F-NML1.SM2M-3.20131013_033600Z.flac,https://storage.googleapis.com/noaa-passive-bioacoustic/dclde/2027/dclde_2027_killer_whales/dfo_crp/audio/northbc/DFOCRP.KkHK0R2F-NML1.SM2M-3.20131013_033600Z.flac,0,reviewed,Oo,Oo,orca_call,orca_call,orca_call,DFO_CRP:NorthBc:DFOCRP.KkHK0R2F-NML1.SM2M-3.20131013_033600Z.flac,"[{""call_type"":""orca_call"",""call_type_name"":""Killer whale call"",""review_status"":""reviewed"",""source"":""dclde_2027_DFO_CRP_NorthBc"",""species"":""Killer whale"",""species_code"":""Oo"",""trainable"":true}]",call:orca_call|species:Oo
dclde_DFO_CRP_NorthBc__DFOCRP.KkHK0R2F-NML1.SM2M-3.20131013_033600Z.flac_111.2s_112.5s_trainstyle,dclde_DFO_CRP_NorthBc__DFOCRP.KkHK0R2F-NML1.SM2M-3.20131013_033600Z.flac,DFOCRP.KkHK0R2F-NML1.SM2M-3.20131013_033600Z.flac,DFOCRP.KkHK0R2F-NML1.SM2M-3.20131013_033600Z.flac,111.247000,112.464000,111.247000,112.464000,111.247000,1.217000,dclde_DFO_CRP_NorthBc__DFOCRP.KkHK0R2F-NML1.SM2M-3.20131013_033600Z.flac_111.2s_112.5s_trainstyle.mat,mat_files/dclde_DFO_CRP_NorthBc__DFOCRP.KkHK0R2F-NML1.SM2M-3.20131013_033600Z.flac_111.2s_112.5s_trainstyle.mat,dclde_2027_DFO_CRP_NorthBc,829,DFO_CRP,NorthBc,DFOCRP.KkHK0R2F-NML1.SM2M-3.20131013_033600Z.flac,KW,species:Oo|call:orca_call,call:orca_call|species:Oo,Oo,orca_call,,TKW,Detection,1,1,781.25,1625,dclde/2027/dclde_2027_killer_whales/dfo_crp/audio/northbc/DFOCRP.KkHK0R2F-NML1.SM2M-3.20131013_033600Z.flac,gs://noaa-passive-bioacoustic/dclde/2027/dclde_2027_killer_whales/dfo_crp/audio/northbc/DFOCRP.KkHK0R2F-NML1.SM2M-3.20131013_033600Z.flac,https://storage.googleapis.com/noaa-passive-bioacoustic/dclde/2027/dclde_2027_killer_whales/dfo_crp/audio/northbc/DFOCRP.KkHK0R2F-NML1.SM2M-3.20131013_033600Z.flac,0,reviewed,Oo,Oo,orca_call,orca_call,orca_call,DFO_CRP:NorthBc:DFOCRP.KkHK0R2F-NML1.SM2M-3.20131013_033600Z.flac,"[{""call_type"":""orca_call"",""call_type_name"":""Killer whale call"",""review_status"":""reviewed"",""source"":""dclde_2027_DFO_CRP_NorthBc"",""species"":""Killer whale"",""species_code"":""Oo"",""trainable"":true}]",call:orca_call|species:Oo
dclde_DFO_CRP_NorthBc__DFOCRP.KkHK0R2F-NML1.SM2M-3.20131013_033600Z.flac_132.9s_134.8s_trainstyle,dclde_DFO_CRP_NorthBc__DFOCRP.KkHK0R2F-NML1.SM2M-3.20131013_033600Z.flac,DFOCRP.KkHK0R2F-NML1.SM2M-3.20131013_033600Z.flac,DFOCRP.KkHK0R2F-NML1.SM2M-3.20131013_033600Z.flac,132.880000,134.751000,132.880000,134.751000,132.880000,1.871000,dclde_DFO_CRP_NorthBc__DFOCRP.KkHK0R2F-NML1.SM2M-3.20131013_033600Z.flac_132.9s_134.8s_trainstyle.mat,mat_files/dclde_DFO_CRP_NorthBc__DFOCRP.KkHK0R2F-NML1.SM2M-3.20131013_033600Z.flac_132.9s_134.8s_trainstyle.mat,dclde_2027_DFO_CRP_NorthBc,830,DFO_CRP,NorthBc,DFOCRP.KkHK0R2F-NML1.SM2M-3.20131013_033600Z.flac,KW,species:Oo|call:orca_call,call:orca_call|species:Oo,Oo,orca_call,,TKW,Detection,1,1,781.25,1625,dclde/2027/dclde_2027_killer_whales/dfo_crp/audio/northbc/DFOCRP.KkHK0R2F-NML1.SM2M-3.20131013_033600Z.flac,gs://noaa-passive-bioacoustic/dclde/2027/dclde_2027_killer_whales/dfo_crp/audio/northbc/DFOCRP.KkHK0R2F-NML1.SM2M-3.20131013_033600Z.flac,https://storage.googleapis.com/noaa-passive-bioacoustic/dclde/2027/dclde_2027_killer_whales/dfo_crp/audio/northbc/DFOCRP.KkHK0R2F-NML1.SM2M-3.20131013_033600Z.flac,0,reviewed,Oo,Oo,orca_call,orca_call,orca_call,DFO_CRP:NorthBc:DFOCRP.KkHK0R2F-NML1.SM2M-3.20131013_033600Z.flac,"[{""call_type"":""orca_call"",""call_type_name"":""Killer whale call"",""review_status"":""reviewed"",""source"":""dclde_2027_DFO_CRP_NorthBc"",""species"":""Killer whale"",""species_code"":""Oo"",""trainable"":true}]",call:orca_call|species:Oo
dclde_DFO_CRP_NorthBc__DFOCRP.KkHK0R2F-NML1.SM2M-3.20131013_033600Z.flac_150.8s_151.9s_trainstyle,dclde_DFO_CRP_NorthBc__DFOCRP.KkHK0R2F-NML1.SM2M-3.20131013_033600Z.flac,DFOCRP.KkHK0R2F-NML1.SM2M-3.20131013_033600Z.flac,DFOCRP.KkHK0R2F-NML1.SM2M-3.20131013_033600Z.flac,150.751000,151.903000,150.751000,151.903000,150.751000,1.152000,dclde_DFO_CRP_NorthBc__DFOCRP.KkHK0R2F-NML1.SM2M-3.20131013_033600Z.flac_150.8s_151.9s_trainstyle.mat,mat_files/dclde_DFO_CRP_NorthBc__DFOCRP.KkHK0R2F-NML1.SM2M-3.20131013_033600Z.flac_150.8s_151.9s_trainstyle.mat,dclde_2027_DFO_CRP_NorthBc,831,DFO_CRP,NorthBc,DFOCRP.KkHK0R2F-NML1.SM2M-3.20131013_033600Z.flac,KW,species:Oo|call:orca_call,call:orca_call|species:Oo,Oo,orca_call,,TKW,Detection,1,1,937.5,1156.25,dclde/2027/dclde_2027_killer_whales/dfo_crp/audio/northbc/DFOCRP.KkHK0R2F-NML1.SM2M-3.20131013_033600Z.flac,gs://noaa-passive-bioacoustic/dclde/2027/dclde_2027_killer_whales/dfo_crp/audio/northbc/DFOCRP.KkHK0R2F-NML1.SM2M-3.20131013_033600Z.flac,https://storage.googleapis.com/noaa-passive-bioacoustic/dclde/2027/dclde_2027_killer_whales/dfo_crp/audio/northbc/DFOCRP.KkHK0R2F-NML1.SM2M-3.20131013_033600Z.flac,0,reviewed,Oo,Oo,orca_call,orca_call,orca_call,DFO_CRP:NorthBc:DFOCRP.KkHK0R2F-NML1.SM2M-3.20131013_033600Z.flac,"[{""call_type"":""orca_call"",""call_type_name"":""Killer whale call"",""review_status"":""reviewed"",""source"":""dclde_2027_DFO_CRP_NorthBc"",""species"":""Killer whale"",""species_code"":""Oo"",""trainable"":true}]",call:orca_call|species:Oo
dclde_DFO_CRP_NorthBc__DFOCRP.KkHK0R2F-NML1.SM2M-3.20131013_033600Z.flac_162.1s_163.2s_trainstyle,dclde_DFO_CRP_NorthBc__DFOCRP.KkHK0R2F-NML1.SM2M-3.20131013_033600Z.flac,DFOCRP.KkHK0R2F-NML1.SM2M-3.20131013_033600Z.flac,DFOCRP.KkHK0R2F-NML1.SM2M-3.20131013_033600Z.flac,162.111000,163.183000,162.111000,163.183000,162.111000,1.072000,dclde_DFO_CRP_NorthBc__DFOCRP.KkHK0R2F-NML1.SM2M-3.20131013_033600Z.flac_162.1s_163.2s_trainstyle.mat,mat_files/dclde_DFO_CRP_NorthBc__DFOCRP.KkHK0R2F-NML1.SM2M-3.20131013_033600Z.flac_162.1s_163.2s_trainstyle.mat,dclde_2027_DFO_CRP_NorthBc,832,DFO_CRP,NorthBc,DFOCRP.KkHK0R2F-NML1.SM2M-3.20131013_033600Z.flac,KW,species:Oo|call:orca_call,call:orca_call|species:Oo,Oo,orca_call,,TKW,Detection,1,1,1031.25,1625,dclde/2027/dclde_2027_killer_whales/dfo_crp/audio/northbc/DFOCRP.KkHK0R2F-NML1.SM2M-3.20131013_033600Z.flac,gs://noaa-passive-bioacoustic/dclde/2027/dclde_2027_killer_whales/dfo_crp/audio/northbc/DFOCRP.KkHK0R2F-NML1.SM2M-3.20131013_033600Z.flac,https://storage.googleapis.com/noaa-passive-bioacoustic/dclde/2027/dclde_2027_killer_whales/dfo_crp/audio/northbc/DFOCRP.KkHK0R2F-NML1.SM2M-3.20131013_033600Z.flac,0,reviewed,Oo,Oo,orca_call,orca_call,orca_call,DFO_CRP:NorthBc:DFOCRP.KkHK0R2F-NML1.SM2M-3.20131013_033600Z.flac,"[{""call_type"":""orca_call"",""call_type_name"":""Killer whale call"",""review_status"":""reviewed"",""source"":""dclde_2027_DFO_CRP_NorthBc"",""species"":""Killer whale"",""species_code"":""Oo"",""trainable"":true}]",call:orca_call|species:Oo
dclde_DFO_CRP_NorthBc__DFOCRP.KkHK0R2F-NML1.SM2M-3.20131013_033600Z.flac_164.4s_165.1s_trainstyle,dclde_DFO_CRP_NorthBc__DFOCRP.KkHK0R2F-NML1.SM2M-3.20131013_033600Z.flac,DFOCRP.KkHK0R2F-NML1.SM2M-3.20131013_033600Z.flac,DFOCRP.KkHK0R2F-NML1.SM2M-3.20131013_033600Z.flac,164.384000,165.104000,164.384000,165.104000,164.384000,0.720000,dclde_DFO_CRP_NorthBc__DFOCRP.KkHK0R2F-NML1.SM2M-3.20131013_033600Z.flac_164.4s_165.1s_trainstyle.mat,mat_files/dclde_DFO_CRP_NorthBc__DFOCRP.KkHK0R2F-NML1.SM2M-3.20131013_033600Z.flac_164.4s_165.1s_trainstyle.mat,dclde_2027_DFO_CRP_NorthBc,833,DFO_CRP,NorthBc,DFOCRP.KkHK0R2F-NML1.SM2M-3.20131013_033600Z.flac,KW,species:Oo|call:orca_call,call:orca_call|species:Oo,Oo,orca_call,,TKW,Detection,1,1,968.75,1250,dclde/2027/dclde_2027_killer_whales/dfo_crp/audio/northbc/DFOCRP.KkHK0R2F-NML1.SM2M-3.20131013_033600Z.flac,gs://noaa-passive-bioacoustic/dclde/2027/dclde_2027_killer_whales/dfo_crp/audio/northbc/DFOCRP.KkHK0R2F-NML1.SM2M-3.20131013_033600Z.flac,https://storage.googleapis.com/noaa-passive-bioacoustic/dclde/2027/dclde_2027_killer_whales/dfo_crp/audio/northbc/DFOCRP.KkHK0R2F-NML1.SM2M-3.20131013_033600Z.flac,0,reviewed,Oo,Oo,orca_call,orca_call,orca_call,DFO_CRP:NorthBc:DFOCRP.KkHK0R2F-NML1.SM2M-3.20131013_033600Z.flac,"[{""call_type"":""orca_call"",""call_type_name"":""Killer whale call"",""review_status"":""reviewed"",""source"":""dclde_2027_DFO_CRP_NorthBc"",""species"":""Killer whale"",""species_code"":""Oo"",""trainable"":true}]",call:orca_call|species:Oo
dclde_DFO_CRP_NorthBc__DFOCRP.KkHK0R2F-NML1.SM2M-3.20131013_033600Z.flac_195.1s_195.5s_trainstyle,dclde_DFO_CRP_NorthBc__DFOCRP.KkHK0R2F-NML1.SM2M-3.20131013_033600Z.flac,DFOCRP.KkHK0R2F-NML1.SM2M-3.20131013_033600Z.flac,DFOCRP.KkHK0R2F-NML1.SM2M-3.20131013_033600Z.flac,195.055000,195.503000,195.055000,195.503000,195.055000,0.448000,dclde_DFO_CRP_NorthBc__DFOCRP.KkHK0R2F-NML1.SM2M-3.20131013_033600Z.flac_195.1s_195.5s_trainstyle.mat,mat_files/dclde_DFO_CRP_NorthBc__DFOCRP.KkHK0R2F-NML1.SM2M-3.20131013_033600Z.flac_195.1s_195.5s_trainstyle.mat,dclde_2027_DFO_CRP_NorthBc,836,DFO_CRP,NorthBc,DFOCRP.KkHK0R2F-NML1.SM2M-3.20131013_033600Z.flac,KW,species:Oo|call:orca_call,call:orca_call|species:Oo,Oo,orca_call,,TKW,Detection,1,1,1031.25,1250,dclde/2027/dclde_2027_killer_whales/dfo_crp/audio/northbc/DFOCRP.KkHK0R2F-NML1.SM2M-3.20131013_033600Z.flac,gs://noaa-passive-bioacoustic/dclde/2027/dclde_2027_killer_whales/dfo_crp/audio/northbc/DFOCRP.KkHK0R2F-NML1.SM2M-3.20131013_033600Z.flac,https://storage.googleapis.com/noaa-passive-bioacoustic/dclde/2027/dclde_2027_killer_whales/dfo_crp/audio/northbc/DFOCRP.KkHK0R2F-NML1.SM2M-3.20131013_033600Z.flac,0,reviewed,Oo,Oo,orca_call,orca_call,orca_call,DFO_CRP:NorthBc:DFOCRP.KkHK0R2F-NML1.SM2M-3.20131013_033600Z.flac,"[{""call_type"":""orca_call"",""call_type_name"":""Killer whale call"",""review_status"":""reviewed"",""source"":""dclde_2027_DFO_CRP_NorthBc"",""species"":""Killer whale"",""species_code"":""Oo"",""trainable"":true}]",call:orca_call|species:Oo
dclde_DFO_CRP_NorthBc__DFOCRP.KkHK0R2F-NML1.SM2M-3.20131013_033600Z.flac_209.7s_210.2s_trainstyle,dclde_DFO_CRP_NorthBc__DFOCRP.KkHK0R2F-NML1.SM2M-3.20131013_033600Z.flac,DFOCRP.KkHK0R2F-NML1.SM2M-3.20131013_033600Z.flac,DFOCRP.KkHK0R2F-NML1.SM2M-3.20131013_033600Z.flac,209.711000,210.191000,209.711000,210.191000,209.711000,0.480000,dclde_DFO_CRP_NorthBc__DFOCRP.KkHK0R2F-NML1.SM2M-3.20131013_033600Z.flac_209.7s_210.2s_trainstyle.mat,mat_files/dclde_DFO_CRP_NorthBc__DFOCRP.KkHK0R2F-NML1.SM2M-3.20131013_033600Z.flac_209.7s_210.2s_trainstyle.mat,dclde_2027_DFO_CRP_NorthBc,837,DFO_CRP,NorthBc,DFOCRP.KkHK0R2F-NML1.SM2M-3.20131013_033600Z.flac,KW,species:Oo|call:orca_call,call:orca_call|species:Oo,Oo,orca_call,,TKW,Detection,1,1,906.25,1781.25,dclde/2027/dclde_2027_killer_whales/dfo_crp/audio/northbc/DFOCRP.KkHK0R2F-NML1.SM2M-3.20131013_033600Z.flac,gs://noaa-passive-bioacoustic/dclde/2027/dclde_2027_killer_whales/dfo_crp/audio/northbc/DFOCRP.KkHK0R2F-NML1.SM2M-3.20131013_033600Z.flac,https://storage.googleapis.com/noaa-passive-bioacoustic/dclde/2027/dclde_2027_killer_whales/dfo_crp/audio/northbc/DFOCRP.KkHK0R2F-NML1.SM2M-3.20131013_033600Z.flac,0,reviewed,Oo,Oo,orca_call,orca_call,orca_call,DFO_CRP:NorthBc:DFOCRP.KkHK0R2F-NML1.SM2M-3.20131013_033600Z.flac,"[{""call_type"":""orca_call"",""call_type_name"":""Killer whale call"",""review_status"":""reviewed"",""source"":""dclde_2027_DFO_CRP_NorthBc"",""species"":""Killer whale"",""species_code"":""Oo"",""trainable"":true}]",call:orca_call|species:Oo
dclde_DFO_CRP_NorthBc__DFOCRP.KkHK0R2F-NML1.SM2M-3.20131013_033600Z.flac_210.3s_211.3s_trainstyle,dclde_DFO_CRP_NorthBc__DFOCRP.KkHK0R2F-NML1.SM2M-3.20131013_033600Z.flac,DFOCRP.KkHK0R2F-NML1.SM2M-3.20131013_033600Z.flac,DFOCRP.KkHK0R2F-NML1.SM2M-3.20131013_033600Z.flac,210.335000,211.295000,210.335000,211.295000,210.335000,0.960000,dclde_DFO_CRP_NorthBc__DFOCRP.KkHK0R2F-NML1.SM2M-3.20131013_033600Z.flac_210.3s_211.3s_trainstyle.mat,mat_files/dclde_DFO_CRP_NorthBc__DFOCRP.KkHK0R2F-NML1.SM2M-3.20131013_033600Z.flac_210.3s_211.3s_trainstyle.mat,dclde_2027_DFO_CRP_NorthBc,838,DFO_CRP,NorthBc,DFOCRP.KkHK0R2F-NML1.SM2M-3.20131013_033600Z.flac,KW,species:Oo|call:orca_call,call:orca_call|species:Oo,Oo,orca_call,,TKW,Detection,1,1,781.25,968.75,dclde/2027/dclde_2027_killer_whales/dfo_crp/audio/northbc/DFOCRP.KkHK0R2F-NML1.SM2M-3.20131013_033600Z.flac,gs://noaa-passive-bioacoustic/dclde/2027/dclde_2027_killer_whales/dfo_crp/audio/northbc/DFOCRP.KkHK0R2F-NML1.SM2M-3.20131013_033600Z.flac,https://storage.googleapis.com/noaa-passive-bioacoustic/dclde/2027/dclde_2027_killer_whales/dfo_crp/audio/northbc/DFOCRP.KkHK0R2F-NML1.SM2M-3.20131013_033600Z.flac,0,reviewed,Oo,Oo,orca_call,orca_call,orca_call,DFO_CRP:NorthBc:DFOCRP.KkHK0R2F-NML1.SM2M-3.20131013_033600Z.flac,"[{""call_type"":""orca_call"",""call_type_name"":""Killer whale call"",""review_status"":""reviewed"",""source"":""dclde_2027_DFO_CRP_NorthBc"",""species"":""Killer whale"",""species_code"":""Oo"",""trainable"":true}]",call:orca_call|species:Oo
dclde_DFO_CRP_NorthBc__DFOCRP.KkHK0R2F-NML1.SM2M-3.20131013_033600Z.flac_211.4s_211.7s_trainstyle,dclde_DFO_CRP_NorthBc__DFOCRP.KkHK0R2F-NML1.SM2M-3.20131013_033600Z.flac,DFOCRP.KkHK0R2F-NML1.SM2M-3.20131013_033600Z.flac,DFOCRP.KkHK0R2F-NML1.SM2M-3.20131013_033600Z.flac,211.376000,211.664000,211.376000,211.664000,211.376000,0.288000,dclde_DFO_CRP_NorthBc__DFOCRP.KkHK0R2F-NML1.SM2M-3.20131013_033600Z.flac_211.4s_211.7s_trainstyle.mat,mat_files/dclde_DFO_CRP_NorthBc__DFOCRP.KkHK0R2F-NML1.SM2M-3.20131013_033600Z.flac_211.4s_211.7s_trainstyle.mat,dclde_2027_DFO_CRP_NorthBc,839,DFO_CRP,NorthBc,DFOCRP.KkHK0R2F-NML1.SM2M-3.20131013_033600Z.flac,KW,species:Oo|call:orca_call,call:orca_call|species:Oo,Oo,orca_call,,TKW,Detection,1,1,1656.25,1906.25,dclde/2027/dclde_2027_killer_whales/dfo_crp/audio/northbc/DFOCRP.KkHK0R2F-NML1.SM2M-3.20131013_033600Z.flac,gs://noaa-passive-bioacoustic/dclde/2027/dclde_2027_killer_whales/dfo_crp/audio/northbc/DFOCRP.KkHK0R2F-NML1.SM2M-3.20131013_033600Z.flac,https://storage.googleapis.com/noaa-passive-bioacoustic/dclde/2027/dclde_2027_killer_whales/dfo_crp/audio/northbc/DFOCRP.KkHK0R2F-NML1.SM2M-3.20131013_033600Z.flac,0,reviewed,Oo,Oo,orca_call,orca_call,orca_call,DFO_CRP:NorthBc:DFOCRP.KkHK0R2F-NML1.SM2M-3.20131013_033600Z.flac,"[{""call_type"":""orca_call"",""call_type_name"":""Killer whale call"",""review_status"":""reviewed"",""source"":""dclde_2027_DFO_CRP_NorthBc"",""species"":""Killer whale"",""species_code"":""Oo"",""trainable"":true}]",call:orca_call|species:Oo
dclde_DFO_CRP_NorthBc__DFOCRP.KkHK0R2F-NML1.SM2M-3.20131013_033600Z.flac_218.9s_219.3s_trainstyle,dclde_DFO_CRP_NorthBc__DFOCRP.KkHK0R2F-NML1.SM2M-3.20131013_033600Z.flac,DFOCRP.KkHK0R2F-NML1.SM2M-3.20131013_033600Z.flac,DFOCRP.KkHK0R2F-NML1.SM2M-3.20131013_033600Z.flac,218.911000,219.343000,218.911000,219.343000,218.911000,0.432000,dclde_DFO_CRP_NorthBc__DFOCRP.KkHK0R2F-NML1.SM2M-3.20131013_033600Z.flac_218.9s_219.3s_trainstyle.mat,mat_files/dclde_DFO_CRP_NorthBc__DFOCRP.KkHK0R2F-NML1.SM2M-3.20131013_033600Z.flac_218.9s_219.3s_trainstyle.mat,dclde_2027_DFO_CRP_NorthBc,840,DFO_CRP,NorthBc,DFOCRP.KkHK0R2F-NML1.SM2M-3.20131013_033600Z.flac,KW,species:Oo|call:orca_call,call:orca_call|species:Oo,Oo,orca_call,,TKW,Detection,1,1,843.75,968.75,dclde/2027/dclde_2027_killer_whales/dfo_crp/audio/northbc/DFOCRP.KkHK0R2F-NML1.SM2M-3.20131013_033600Z.flac,gs://noaa-passive-bioacoustic/dclde/2027/dclde_2027_killer_whales/dfo_crp/audio/northbc/DFOCRP.KkHK0R2F-NML1.SM2M-3.20131013_033600Z.flac,https://storage.googleapis.com/noaa-passive-bioacoustic/dclde/2027/dclde_2027_killer_whales/dfo_crp/audio/northbc/DFOCRP.KkHK0R2F-NML1.SM2M-3.20131013_033600Z.flac,0,reviewed,Oo,Oo,orca_call,orca_call,orca_call,DFO_CRP:NorthBc:DFOCRP.KkHK0R2F-NML1.SM2M-3.20131013_033600Z.flac,"[{""call_type"":""orca_call"",""call_type_name"":""Killer whale call"",""review_status"":""reviewed"",""source"":""dclde_2027_DFO_CRP_NorthBc"",""species"":""Killer whale"",""species_code"":""Oo"",""trainable"":true}]",call:orca_call|species:Oo
dclde_DFO_CRP_NorthBc__DFOCRP.KkHK0R2F-NML1.SM2M-3.20131013_033600Z.flac_221.0s_221.3s_trainstyle,dclde_DFO_CRP_NorthBc__DFOCRP.KkHK0R2F-NML1.SM2M-3.20131013_033600Z.flac,DFOCRP.KkHK0R2F-NML1.SM2M-3.20131013_033600Z.flac,DFOCRP.KkHK0R2F-NML1.SM2M-3.20131013_033600Z.flac,221.007000,221.263000,221.007000,221.263000,221.007000,0.256000,dclde_DFO_CRP_NorthBc__DFOCRP.KkHK0R2F-NML1.SM2M-3.20131013_033600Z.flac_221.0s_221.3s_trainstyle.mat,mat_files/dclde_DFO_CRP_NorthBc__DFOCRP.KkHK0R2F-NML1.SM2M-3.20131013_033600Z.flac_221.0s_221.3s_trainstyle.mat,dclde_2027_DFO_CRP_NorthBc,841,DFO_CRP,NorthBc,DFOCRP.KkHK0R2F-NML1.SM2M-3.20131013_033600Z.flac,KW,species:Oo|call:orca_call,call:orca_call|species:Oo,Oo,orca_call,,TKW,Detection,1,1,1562.5,1750,dclde/2027/dclde_2027_killer_whales/dfo_crp/audio/northbc/DFOCRP.KkHK0R2F-NML1.SM2M-3.20131013_033600Z.flac,gs://noaa-passive-bioacoustic/dclde/2027/dclde_2027_killer_whales/dfo_crp/audio/northbc/DFOCRP.KkHK0R2F-NML1.SM2M-3.20131013_033600Z.flac,https://storage.googleapis.com/noaa-passive-bioacoustic/dclde/2027/dclde_2027_killer_whales/dfo_crp/audio/northbc/DFOCRP.KkHK0R2F-NML1.SM2M-3.20131013_033600Z.flac,0,reviewed,Oo,Oo,orca_call,orca_call,orca_call,DFO_CRP:NorthBc:DFOCRP.KkHK0R2F-NML1.SM2M-3.20131013_033600Z.flac,"[{""call_type"":""orca_call"",""call_type_name"":""Killer whale call"",""review_status"":""reviewed"",""source"":""dclde_2027_DFO_CRP_NorthBc"",""species"":""Killer whale"",""species_code"":""Oo"",""trainable"":true}]",call:orca_call|species:Oo
dclde_DFO_CRP_NorthBc__DFOCRP.KkHK0R2F-NML1.SM2M-3.20131013_033600Z.flac_231.3s_232.3s_trainstyle,dclde_DFO_CRP_NorthBc__DFOCRP.KkHK0R2F-NML1.SM2M-3.20131013_033600Z.flac,DFOCRP.KkHK0R2F-NML1.SM2M-3.20131013_033600Z.flac,DFOCRP.KkHK0R2F-NML1.SM2M-3.20131013_033600Z.flac,231.343000,232.288000,231.343000,232.288000,231.343000,0.945000,dclde_DFO_CRP_NorthBc__DFOCRP.KkHK0R2F-NML1.SM2M-3.20131013_033600Z.flac_231.3s_232.3s_trainstyle.mat,mat_files/dclde_DFO_CRP_NorthBc__DFOCRP.KkHK0R2F-NML1.SM2M-3.20131013_033600Z.flac_231.3s_232.3s_trainstyle.mat,dclde_2027_DFO_CRP_NorthBc,842,DFO_CRP,NorthBc,DFOCRP.KkHK0R2F-NML1.SM2M-3.20131013_033600Z.flac,KW,species:Oo|call:orca_call,call:orca_call|species:Oo,Oo,orca_call,,TKW,Detection,1,1,1093.75,1656.25,dclde/2027/dclde_2027_killer_whales/dfo_crp/audio/northbc/DFOCRP.KkHK0R2F-NML1.SM2M-3.20131013_033600Z.flac,gs://noaa-passive-bioacoustic/dclde/2027/dclde_2027_killer_whales/dfo_crp/audio/northbc/DFOCRP.KkHK0R2F-NML1.SM2M-3.20131013_033600Z.flac,https://storage.googleapis.com/noaa-passive-bioacoustic/dclde/2027/dclde_2027_killer_whales/dfo_crp/audio/northbc/DFOCRP.KkHK0R2F-NML1.SM2M-3.20131013_033600Z.flac,0,reviewed,Oo,Oo,orca_call,orca_call,orca_call,DFO_CRP:NorthBc:DFOCRP.KkHK0R2F-NML1.SM2M-3.20131013_033600Z.flac,"[{""call_type"":""orca_call"",""call_type_name"":""Killer whale call"",""review_status"":""reviewed"",""source"":""dclde_2027_DFO_CRP_NorthBc"",""species"":""Killer whale"",""species_code"":""Oo"",""trainable"":true}]",call:orca_call|species:Oo
dclde_DFO_CRP_NorthBc__DFOCRP.KkHK0R2F-NML1.SM2M-3.20131013_033600Z.flac_233.3s_233.6s_trainstyle,dclde_DFO_CRP_NorthBc__DFOCRP.KkHK0R2F-NML1.SM2M-3.20131013_033600Z.flac,DFOCRP.KkHK0R2F-NML1.SM2M-3.20131013_033600Z.flac,DFOCRP.KkHK0R2F-NML1.SM2M-3.20131013_033600Z.flac,233.296000,233.647000,233.296000,233.647000,233.296000,0.351000,dclde_DFO_CRP_NorthBc__DFOCRP.KkHK0R2F-NML1.SM2M-3.20131013_033600Z.flac_233.3s_233.6s_trainstyle.mat,mat_files/dclde_DFO_CRP_NorthBc__DFOCRP.KkHK0R2F-NML1.SM2M-3.20131013_033600Z.flac_233.3s_233.6s_trainstyle.mat,dclde_2027_DFO_CRP_NorthBc,843,DFO_CRP,NorthBc,DFOCRP.KkHK0R2F-NML1.SM2M-3.20131013_033600Z.flac,KW,species:Oo|call:orca_call,call:orca_call|species:Oo,Oo,orca_call,,TKW,Detection,1,1,1812.5,2468.75,dclde/2027/dclde_2027_killer_whales/dfo_crp/audio/northbc/DFOCRP.KkHK0R2F-NML1.SM2M-3.20131013_033600Z.flac,gs://noaa-passive-bioacoustic/dclde/2027/dclde_2027_killer_whales/dfo_crp/audio/northbc/DFOCRP.KkHK0R2F-NML1.SM2M-3.20131013_033600Z.flac,https://storage.googleapis.com/noaa-passive-bioacoustic/dclde/2027/dclde_2027_killer_whales/dfo_crp/audio/northbc/DFOCRP.KkHK0R2F-NML1.SM2M-3.20131013_033600Z.flac,0,reviewed,Oo,Oo,orca_call,orca_call,orca_call,DFO_CRP:NorthBc:DFOCRP.KkHK0R2F-NML1.SM2M-3.20131013_033600Z.flac,"[{""call_type"":""orca_call"",""call_type_name"":""Killer whale call"",""review_status"":""reviewed"",""source"":""dclde_2027_DFO_CRP_NorthBc"",""species"":""Killer whale"",""species_code"":""Oo"",""trainable"":true}]",call:orca_call|species:Oo
dclde_DFO_CRP_NorthBc__DFOCRP.KkHK0R2F-NML1.SM2M-3.20131013_033600Z.flac_233.8s_234.1s_trainstyle,dclde_DFO_CRP_NorthBc__DFOCRP.KkHK0R2F-NML1.SM2M-3.20131013_033600Z.flac,DFOCRP.KkHK0R2F-NML1.SM2M-3.20131013_033600Z.flac,DFOCRP.KkHK0R2F-NML1.SM2M-3.20131013_033600Z.flac,233.823000,234.143000,233.823000,234.143000,233.823000,0.320000,dclde_DFO_CRP_NorthBc__DFOCRP.KkHK0R2F-NML1.SM2M-3.20131013_033600Z.flac_233.8s_234.1s_trainstyle.mat,mat_files/dclde_DFO_CRP_NorthBc__DFOCRP.KkHK0R2F-NML1.SM2M-3.20131013_033600Z.flac_233.8s_234.1s_trainstyle.mat,dclde_2027_DFO_CRP_NorthBc,844,DFO_CRP,NorthBc,DFOCRP.KkHK0R2F-NML1.SM2M-3.20131013_033600Z.flac,KW,species:Oo|call:orca_call,call:orca_call|species:Oo,Oo,orca_call,,TKW,Detection,1,1,781.25,1031.25,dclde/2027/dclde_2027_killer_whales/dfo_crp/audio/northbc/DFOCRP.KkHK0R2F-NML1.SM2M-3.20131013_033600Z.flac,gs://noaa-passive-bioacoustic/dclde/2027/dclde_2027_killer_whales/dfo_crp/audio/northbc/DFOCRP.KkHK0R2F-NML1.SM2M-3.20131013_033600Z.flac,https://storage.googleapis.com/noaa-passive-bioacoustic/dclde/2027/dclde_2027_killer_whales/dfo_crp/audio/northbc/DFOCRP.KkHK0R2F-NML1.SM2M-3.20131013_033600Z.flac,0,reviewed,Oo,Oo,orca_call,orca_call,orca_call,DFO_CRP:NorthBc:DFOCRP.KkHK0R2F-NML1.SM2M-3.20131013_033600Z.flac,"[{""call_type"":""orca_call"",""call_type_name"":""Killer whale call"",""review_status"":""reviewed"",""source"":""dclde_2027_DFO_CRP_NorthBc"",""species"":""Killer whale"",""species_code"":""Oo"",""trainable"":true}]",call:orca_call|species:Oo
dclde_DFO_CRP_NorthBc__DFOCRP.KkHK0R2F-NML1.SM2M-3.20131013_033600Z.flac_234.3s_235.2s_trainstyle,dclde_DFO_CRP_NorthBc__DFOCRP.KkHK0R2F-NML1.SM2M-3.20131013_033600Z.flac,DFOCRP.KkHK0R2F-NML1.SM2M-3.20131013_033600Z.flac,DFOCRP.KkHK0R2F-NML1.SM2M-3.20131013_033600Z.flac,234.272000,235.247000,234.272000,235.247000,234.272000,0.975000,dclde_DFO_CRP_NorthBc__DFOCRP.KkHK0R2F-NML1.SM2M-3.20131013_033600Z.flac_234.3s_235.2s_trainstyle.mat,mat_files/dclde_DFO_CRP_NorthBc__DFOCRP.KkHK0R2F-NML1.SM2M-3.20131013_033600Z.flac_234.3s_235.2s_trainstyle.mat,dclde_2027_DFO_CRP_NorthBc,845,DFO_CRP,NorthBc,DFOCRP.KkHK0R2F-NML1.SM2M-3.20131013_033600Z.flac,KW,species:Oo|call:orca_call,call:orca_call|species:Oo,Oo,orca_call,,TKW,Detection,1,1,781.25,1000,dclde/2027/dclde_2027_killer_whales/dfo_crp/audio/northbc/DFOCRP.KkHK0R2F-NML1.SM2M-3.20131013_033600Z.flac,gs://noaa-passive-bioacoustic/dclde/2027/dclde_2027_killer_whales/dfo_crp/audio/northbc/DFOCRP.KkHK0R2F-NML1.SM2M-3.20131013_033600Z.flac,https://storage.googleapis.com/noaa-passive-bioacoustic/dclde/2027/dclde_2027_killer_whales/dfo_crp/audio/northbc/DFOCRP.KkHK0R2F-NML1.SM2M-3.20131013_033600Z.flac,0,reviewed,Oo,Oo,orca_call,orca_call,orca_call,DFO_CRP:NorthBc:DFOCRP.KkHK0R2F-NML1.SM2M-3.20131013_033600Z.flac,"[{""call_type"":""orca_call"",""call_type_name"":""Killer whale call"",""review_status"":""reviewed"",""source"":""dclde_2027_DFO_CRP_NorthBc"",""species"":""Killer whale"",""species_code"":""Oo"",""trainable"":true}]",call:orca_call|species:Oo
dclde_DFO_CRP_NorthBc__DFOCRP.KkHK0R2F-NML1.SM2M-3.20131013_033600Z.flac_239.9s_240.8s_trainstyle,dclde_DFO_CRP_NorthBc__DFOCRP.KkHK0R2F-NML1.SM2M-3.20131013_033600Z.flac,DFOCRP.KkHK0R2F-NML1.SM2M-3.20131013_033600Z.flac,DFOCRP.KkHK0R2F-NML1.SM2M-3.20131013_033600Z.flac,239.935000,240.783000,239.935000,240.783000,239.935000,0.848000,dclde_DFO_CRP_NorthBc__DFOCRP.KkHK0R2F-NML1.SM2M-3.20131013_033600Z.flac_239.9s_240.8s_trainstyle.mat,mat_files/dclde_DFO_CRP_NorthBc__DFOCRP.KkHK0R2F-NML1.SM2M-3.20131013_033600Z.flac_239.9s_240.8s_trainstyle.mat,dclde_2027_DFO_CRP_NorthBc,846,DFO_CRP,NorthBc,DFOCRP.KkHK0R2F-NML1.SM2M-3.20131013_033600Z.flac,KW,species:Oo|call:orca_call,call:orca_call|species:Oo,Oo,orca_call,,TKW,Detection,1,1,1125,1625,dclde/2027/dclde_2027_killer_whales/dfo_crp/audio/northbc/DFOCRP.KkHK0R2F-NML1.SM2M-3.20131013_033600Z.flac,gs://noaa-passive-bioacoustic/dclde/2027/dclde_2027_killer_whales/dfo_crp/audio/northbc/DFOCRP.KkHK0R2F-NML1.SM2M-3.20131013_033600Z.flac,https://storage.googleapis.com/noaa-passive-bioacoustic/dclde/2027/dclde_2027_killer_whales/dfo_crp/audio/northbc/DFOCRP.KkHK0R2F-NML1.SM2M-3.20131013_033600Z.flac,0,reviewed,Oo,Oo,orca_call,orca_call,orca_call,DFO_CRP:NorthBc:DFOCRP.KkHK0R2F-NML1.SM2M-3.20131013_033600Z.flac,"[{""call_type"":""orca_call"",""call_type_name"":""Killer whale call"",""review_status"":""reviewed"",""source"":""dclde_2027_DFO_CRP_NorthBc"",""species"":""Killer whale"",""species_code"":""Oo"",""trainable"":true}]",call:orca_call|species:Oo
dclde_DFO_CRP_NorthBc__DFOCRP.KkHK0R2F-NML1.SM2M-3.20131013_033600Z.flac_241.8s_243.0s_trainstyle,dclde_DFO_CRP_NorthBc__DFOCRP.KkHK0R2F-NML1.SM2M-3.20131013_033600Z.flac,DFOCRP.KkHK0R2F-NML1.SM2M-3.20131013_033600Z.flac,DFOCRP.KkHK0R2F-NML1.SM2M-3.20131013_033600Z.flac,241.807000,242.992000,241.807000,242.992000,241.807000,1.185000,dclde_DFO_CRP_NorthBc__DFOCRP.KkHK0R2F-NML1.SM2M-3.20131013_033600Z.flac_241.8s_243.0s_trainstyle.mat,mat_files/dclde_DFO_CRP_NorthBc__DFOCRP.KkHK0R2F-NML1.SM2M-3.20131013_033600Z.flac_241.8s_243.0s_trainstyle.mat,dclde_2027_DFO_CRP_NorthBc,847,DFO_CRP,NorthBc,DFOCRP.KkHK0R2F-NML1.SM2M-3.20131013_033600Z.flac,KW,species:Oo|call:orca_call,call:orca_call|species:Oo,Oo,orca_call,,TKW,Detection,1,1,781.25,1000,dclde/2027/dclde_2027_killer_whales/dfo_crp/audio/northbc/DFOCRP.KkHK0R2F-NML1.SM2M-3.20131013_033600Z.flac,gs://noaa-passive-bioacoustic/dclde/2027/dclde_2027_killer_whales/dfo_crp/audio/northbc/DFOCRP.KkHK0R2F-NML1.SM2M-3.20131013_033600Z.flac,https://storage.googleapis.com/noaa-passive-bioacoustic/dclde/2027/dclde_2027_killer_whales/dfo_crp/audio/northbc/DFOCRP.KkHK0R2F-NML1.SM2M-3.20131013_033600Z.flac,0,reviewed,Oo,Oo,orca_call,orca_call,orca_call,DFO_CRP:NorthBc:DFOCRP.KkHK0R2F-NML1.SM2M-3.20131013_033600Z.flac,"[{""call_type"":""orca_call"",""call_type_name"":""Killer whale call"",""review_status"":""reviewed"",""source"":""dclde_2027_DFO_CRP_NorthBc"",""species"":""Killer whale"",""species_code"":""Oo"",""trainable"":true}]",call:orca_call|species:Oo
dclde_DFO_CRP_NorthBc__DFOCRP.KkHK0R2F-NML1.SM2M-3.20131013_033600Z.flac_255.5s_256.4s_trainstyle,dclde_DFO_CRP_NorthBc__DFOCRP.KkHK0R2F-NML1.SM2M-3.20131013_033600Z.flac,DFOCRP.KkHK0R2F-NML1.SM2M-3.20131013_033600Z.flac,DFOCRP.KkHK0R2F-NML1.SM2M-3.20131013_033600Z.flac,255.503000,256.367000,255.503000,256.367000,255.503000,0.864000,dclde_DFO_CRP_NorthBc__DFOCRP.KkHK0R2F-NML1.SM2M-3.20131013_033600Z.flac_255.5s_256.4s_trainstyle.mat,mat_files/dclde_DFO_CRP_NorthBc__DFOCRP.KkHK0R2F-NML1.SM2M-3.20131013_033600Z.flac_255.5s_256.4s_trainstyle.mat,dclde_2027_DFO_CRP_NorthBc,848,DFO_CRP,NorthBc,DFOCRP.KkHK0R2F-NML1.SM2M-3.20131013_033600Z.flac,KW,species:Oo|call:orca_call,call:orca_call|species:Oo,Oo,orca_call,,TKW,Detection,1,1,781.25,1875,dclde/2027/dclde_2027_killer_whales/dfo_crp/audio/northbc/DFOCRP.KkHK0R2F-NML1.SM2M-3.20131013_033600Z.flac,gs://noaa-passive-bioacoustic/dclde/2027/dclde_2027_killer_whales/dfo_crp/audio/northbc/DFOCRP.KkHK0R2F-NML1.SM2M-3.20131013_033600Z.flac,https://storage.googleapis.com/noaa-passive-bioacoustic/dclde/2027/dclde_2027_killer_whales/dfo_crp/audio/northbc/DFOCRP.KkHK0R2F-NML1.SM2M-3.20131013_033600Z.flac,0,reviewed,Oo,Oo,orca_call,orca_call,orca_call,DFO_CRP:NorthBc:DFOCRP.KkHK0R2F-NML1.SM2M-3.20131013_033600Z.flac,"[{""call_type"":""orca_call"",""call_type_name"":""Killer whale call"",""review_status"":""reviewed"",""source"":""dclde_2027_DFO_CRP_NorthBc"",""species"":""Killer whale"",""species_code"":""Oo"",""trainable"":true}]",call:orca_call|species:Oo
dclde_DFO_CRP_NorthBc__DFOCRP.KkHK0R2F-NML1.SM2M-3.20131013_033600Z.flac_257.9s_258.9s_trainstyle,dclde_DFO_CRP_NorthBc__DFOCRP.KkHK0R2F-NML1.SM2M-3.20131013_033600Z.flac,DFOCRP.KkHK0R2F-NML1.SM2M-3.20131013_033600Z.flac,DFOCRP.KkHK0R2F-NML1.SM2M-3.20131013_033600Z.flac,257.919000,258.944000,257.919000,258.944000,257.919000,1.025000,dclde_DFO_CRP_NorthBc__DFOCRP.KkHK0R2F-NML1.SM2M-3.20131013_033600Z.flac_257.9s_258.9s_trainstyle.mat,mat_files/dclde_DFO_CRP_NorthBc__DFOCRP.KkHK0R2F-NML1.SM2M-3.20131013_033600Z.flac_257.9s_258.9s_trainstyle.mat,dclde_2027_DFO_CRP_NorthBc,849,DFO_CRP,NorthBc,DFOCRP.KkHK0R2F-NML1.SM2M-3.20131013_033600Z.flac,KW,species:Oo|call:orca_call,call:orca_call|species:Oo,Oo,orca_call,,TKW,Detection,1,1,781.25,1000,dclde/2027/dclde_2027_killer_whales/dfo_crp/audio/northbc/DFOCRP.KkHK0R2F-NML1.SM2M-3.20131013_033600Z.flac,gs://noaa-passive-bioacoustic/dclde/2027/dclde_2027_killer_whales/dfo_crp/audio/northbc/DFOCRP.KkHK0R2F-NML1.SM2M-3.20131013_033600Z.flac,https://storage.googleapis.com/noaa-passive-bioacoustic/dclde/2027/dclde_2027_killer_whales/dfo_crp/audio/northbc/DFOCRP.KkHK0R2F-NML1.SM2M-3.20131013_033600Z.flac,0,reviewed,Oo,Oo,orca_call,orca_call,orca_call,DFO_CRP:NorthBc:DFOCRP.KkHK0R2F-NML1.SM2M-3.20131013_033600Z.flac,"[{""call_type"":""orca_call"",""call_type_name"":""Killer whale call"",""review_status"":""reviewed"",""source"":""dclde_2027_DFO_CRP_NorthBc"",""species"":""Killer whale"",""species_code"":""Oo"",""trainable"":true}]",call:orca_call|species:Oo
dclde_DFO_CRP_NorthBc__DFOCRP.KkHK0R2F-NML1.SM2M-3.20131013_033600Z.flac_266.8s_267.7s_trainstyle,dclde_DFO_CRP_NorthBc__DFOCRP.KkHK0R2F-NML1.SM2M-3.20131013_033600Z.flac,DFOCRP.KkHK0R2F-NML1.SM2M-3.20131013_033600Z.flac,DFOCRP.KkHK0R2F-NML1.SM2M-3.20131013_033600Z.flac,266.751000,267.711000,266.751000,267.711000,266.751000,0.960000,dclde_DFO_CRP_NorthBc__DFOCRP.KkHK0R2F-NML1.SM2M-3.20131013_033600Z.flac_266.8s_267.7s_trainstyle.mat,mat_files/dclde_DFO_CRP_NorthBc__DFOCRP.KkHK0R2F-NML1.SM2M-3.20131013_033600Z.flac_266.8s_267.7s_trainstyle.mat,dclde_2027_DFO_CRP_NorthBc,850,DFO_CRP,NorthBc,DFOCRP.KkHK0R2F-NML1.SM2M-3.20131013_033600Z.flac,KW,species:Oo|call:orca_call,call:orca_call|species:Oo,Oo,orca_call,,TKW,Detection,1,1,781.25,1062.5,dclde/2027/dclde_2027_killer_whales/dfo_crp/audio/northbc/DFOCRP.KkHK0R2F-NML1.SM2M-3.20131013_033600Z.flac,gs://noaa-passive-bioacoustic/dclde/2027/dclde_2027_killer_whales/dfo_crp/audio/northbc/DFOCRP.KkHK0R2F-NML1.SM2M-3.20131013_033600Z.flac,https://storage.googleapis.com/noaa-passive-bioacoustic/dclde/2027/dclde_2027_killer_whales/dfo_crp/audio/northbc/DFOCRP.KkHK0R2F-NML1.SM2M-3.20131013_033600Z.flac,0,reviewed,Oo,Oo,orca_call,orca_call,orca_call,DFO_CRP:NorthBc:DFOCRP.KkHK0R2F-NML1.SM2M-3.20131013_033600Z.flac,"[{""call_type"":""orca_call"",""call_type_name"":""Killer whale call"",""review_status"":""reviewed"",""source"":""dclde_2027_DFO_CRP_NorthBc"",""species"":""Killer whale"",""species_code"":""Oo"",""trainable"":true}]",call:orca_call|species:Oo
dclde_DFO_CRP_NorthBc__DFOCRP.KkHK0R2F-NML1.SM2M-3.20131013_033600Z.flac_276.4s_276.9s_trainstyle,dclde_DFO_CRP_NorthBc__DFOCRP.KkHK0R2F-NML1.SM2M-3.20131013_033600Z.flac,DFOCRP.KkHK0R2F-NML1.SM2M-3.20131013_033600Z.flac,DFOCRP.KkHK0R2F-NML1.SM2M-3.20131013_033600Z.flac,276.447000,276.944000,276.447000,276.944000,276.447000,0.497000,dclde_DFO_CRP_NorthBc__DFOCRP.KkHK0R2F-NML1.SM2M-3.20131013_033600Z.flac_276.4s_276.9s_trainstyle.mat,mat_files/dclde_DFO_CRP_NorthBc__DFOCRP.KkHK0R2F-NML1.SM2M-3.20131013_033600Z.flac_276.4s_276.9s_trainstyle.mat,dclde_2027_DFO_CRP_NorthBc,851,DFO_CRP,NorthBc,DFOCRP.KkHK0R2F-NML1.SM2M-3.20131013_033600Z.flac,KW,species:Oo|call:orca_call,call:orca_call|species:Oo,Oo,orca_call,,TKW,Detection,1,1,1187.5,1531.25,dclde/2027/dclde_2027_killer_whales/dfo_crp/audio/northbc/DFOCRP.KkHK0R2F-NML1.SM2M-3.20131013_033600Z.flac,gs://noaa-passive-bioacoustic/dclde/2027/dclde_2027_killer_whales/dfo_crp/audio/northbc/DFOCRP.KkHK0R2F-NML1.SM2M-3.20131013_033600Z.flac,https://storage.googleapis.com/noaa-passive-bioacoustic/dclde/2027/dclde_2027_killer_whales/dfo_crp/audio/northbc/DFOCRP.KkHK0R2F-NML1.SM2M-3.20131013_033600Z.flac,0,reviewed,Oo,Oo,orca_call,orca_call,orca_call,DFO_CRP:NorthBc:DFOCRP.KkHK0R2F-NML1.SM2M-3.20131013_033600Z.flac,"[{""call_type"":""orca_call"",""call_type_name"":""Killer whale call"",""review_status"":""reviewed"",""source"":""dclde_2027_DFO_CRP_NorthBc"",""species"":""Killer whale"",""species_code"":""Oo"",""trainable"":true}]",call:orca_call|species:Oo
dclde_DFO_CRP_NorthBc__DFOCRP.KkHK0R2F-NML1.SM2M-3.20131013_033600Z.flac_282.5s_282.9s_trainstyle,dclde_DFO_CRP_NorthBc__DFOCRP.KkHK0R2F-NML1.SM2M-3.20131013_033600Z.flac,DFOCRP.KkHK0R2F-NML1.SM2M-3.20131013_033600Z.flac,DFOCRP.KkHK0R2F-NML1.SM2M-3.20131013_033600Z.flac,282.463000,282.896000,282.463000,282.896000,282.463000,0.433000,dclde_DFO_CRP_NorthBc__DFOCRP.KkHK0R2F-NML1.SM2M-3.20131013_033600Z.flac_282.5s_282.9s_trainstyle.mat,mat_files/dclde_DFO_CRP_NorthBc__DFOCRP.KkHK0R2F-NML1.SM2M-3.20131013_033600Z.flac_282.5s_282.9s_trainstyle.mat,dclde_2027_DFO_CRP_NorthBc,852,DFO_CRP,NorthBc,DFOCRP.KkHK0R2F-NML1.SM2M-3.20131013_033600Z.flac,KW,species:Oo|call:orca_call,call:orca_call|species:Oo,Oo,orca_call,,TKW,Detection,1,1,1031.25,1687.5,dclde/2027/dclde_2027_killer_whales/dfo_crp/audio/northbc/DFOCRP.KkHK0R2F-NML1.SM2M-3.20131013_033600Z.flac,gs://noaa-passive-bioacoustic/dclde/2027/dclde_2027_killer_whales/dfo_crp/audio/northbc/DFOCRP.KkHK0R2F-NML1.SM2M-3.20131013_033600Z.flac,https://storage.googleapis.com/noaa-passive-bioacoustic/dclde/2027/dclde_2027_killer_whales/dfo_crp/audio/northbc/DFOCRP.KkHK0R2F-NML1.SM2M-3.20131013_033600Z.flac,0,reviewed,Oo,Oo,orca_call,orca_call,orca_call,DFO_CRP:NorthBc:DFOCRP.KkHK0R2F-NML1.SM2M-3.20131013_033600Z.flac,"[{""call_type"":""orca_call"",""call_type_name"":""Killer whale call"",""review_status"":""reviewed"",""source"":""dclde_2027_DFO_CRP_NorthBc"",""species"":""Killer whale"",""species_code"":""Oo"",""trainable"":true}]",call:orca_call|species:Oo
dclde_DFO_CRP_NorthBc__DFOCRP.KkHK0R2F-NML1.SM2M-3.20131013_033600Z.flac_288.3s_289.0s_trainstyle,dclde_DFO_CRP_NorthBc__DFOCRP.KkHK0R2F-NML1.SM2M-3.20131013_033600Z.flac,DFOCRP.KkHK0R2F-NML1.SM2M-3.20131013_033600Z.flac,DFOCRP.KkHK0R2F-NML1.SM2M-3.20131013_033600Z.flac,288.303000,288.991000,288.303000,288.991000,288.303000,0.688000,dclde_DFO_CRP_NorthBc__DFOCRP.KkHK0R2F-NML1.SM2M-3.20131013_033600Z.flac_288.3s_289.0s_trainstyle.mat,mat_files/dclde_DFO_CRP_NorthBc__DFOCRP.KkHK0R2F-NML1.SM2M-3.20131013_033600Z.flac_288.3s_289.0s_trainstyle.mat,dclde_2027_DFO_CRP_NorthBc,853,DFO_CRP,NorthBc,DFOCRP.KkHK0R2F-NML1.SM2M-3.20131013_033600Z.flac,KW,species:Oo|call:orca_call,call:orca_call|species:Oo,Oo,orca_call,,TKW,Detection,1,1,1750,2468.75,dclde/2027/dclde_2027_killer_whales/dfo_crp/audio/northbc/DFOCRP.KkHK0R2F-NML1.SM2M-3.20131013_033600Z.flac,gs://noaa-passive-bioacoustic/dclde/2027/dclde_2027_killer_whales/dfo_crp/audio/northbc/DFOCRP.KkHK0R2F-NML1.SM2M-3.20131013_033600Z.flac,https://storage.googleapis.com/noaa-passive-bioacoustic/dclde/2027/dclde_2027_killer_whales/dfo_crp/audio/northbc/DFOCRP.KkHK0R2F-NML1.SM2M-3.20131013_033600Z.flac,0,reviewed,Oo,Oo,orca_call,orca_call,orca_call,DFO_CRP:NorthBc:DFOCRP.KkHK0R2F-NML1.SM2M-3.20131013_033600Z.flac,"[{""call_type"":""orca_call"",""call_type_name"":""Killer whale call"",""review_status"":""reviewed"",""source"":""dclde_2027_DFO_CRP_NorthBc"",""species"":""Killer whale"",""species_code"":""Oo"",""trainable"":true}]",call:orca_call|species:Oo
dclde_DFO_CRP_NorthBc__DFOCRP.KkHK0R2F-NML1.SM2M-3.20131013_033600Z.flac_289.7s_290.6s_trainstyle,dclde_DFO_CRP_NorthBc__DFOCRP.KkHK0R2F-NML1.SM2M-3.20131013_033600Z.flac,DFOCRP.KkHK0R2F-NML1.SM2M-3.20131013_033600Z.flac,DFOCRP.KkHK0R2F-NML1.SM2M-3.20131013_033600Z.flac,289.696000,290.640000,289.696000,290.640000,289.696000,0.944000,dclde_DFO_CRP_NorthBc__DFOCRP.KkHK0R2F-NML1.SM2M-3.20131013_033600Z.flac_289.7s_290.6s_trainstyle.mat,mat_files/dclde_DFO_CRP_NorthBc__DFOCRP.KkHK0R2F-NML1.SM2M-3.20131013_033600Z.flac_289.7s_290.6s_trainstyle.mat,dclde_2027_DFO_CRP_NorthBc,854,DFO_CRP,NorthBc,DFOCRP.KkHK0R2F-NML1.SM2M-3.20131013_033600Z.flac,KW,species:Oo|call:orca_call,call:orca_call|species:Oo,Oo,orca_call,,TKW,Detection,1,1,781.25,1156.25,dclde/2027/dclde_2027_killer_whales/dfo_crp/audio/northbc/DFOCRP.KkHK0R2F-NML1.SM2M-3.20131013_033600Z.flac,gs://noaa-passive-bioacoustic/dclde/2027/dclde_2027_killer_whales/dfo_crp/audio/northbc/DFOCRP.KkHK0R2F-NML1.SM2M-3.20131013_033600Z.flac,https://storage.googleapis.com/noaa-passive-bioacoustic/dclde/2027/dclde_2027_killer_whales/dfo_crp/audio/northbc/DFOCRP.KkHK0R2F-NML1.SM2M-3.20131013_033600Z.flac,0,reviewed,Oo,Oo,orca_call,orca_call,orca_call,DFO_CRP:NorthBc:DFOCRP.KkHK0R2F-NML1.SM2M-3.20131013_033600Z.flac,"[{""call_type"":""orca_call"",""call_type_name"":""Killer whale call"",""review_status"":""reviewed"",""source"":""dclde_2027_DFO_CRP_NorthBc"",""species"":""Killer whale"",""species_code"":""Oo"",""trainable"":true}]",call:orca_call|species:Oo
dclde_DFO_CRP_NorthBc__DFOCRP.KkHK0R2F-NML1.SM2M-3.20131013_045100Z.flac_1.9s_3.5s_trainstyle,dclde_DFO_CRP_NorthBc__DFOCRP.KkHK0R2F-NML1.SM2M-3.20131013_045100Z.flac,DFOCRP.KkHK0R2F-NML1.SM2M-3.20131013_045100Z.flac,DFOCRP.KkHK0R2F-NML1.SM2M-3.20131013_045100Z.flac,1.888000,3.519000,1.888000,3.519000,1.888000,1.631000,dclde_DFO_CRP_NorthBc__DFOCRP.KkHK0R2F-NML1.SM2M-3.20131013_045100Z.flac_1.9s_3.5s_trainstyle.mat,mat_files/dclde_DFO_CRP_NorthBc__DFOCRP.KkHK0R2F-NML1.SM2M-3.20131013_045100Z.flac_1.9s_3.5s_trainstyle.mat,dclde_2027_DFO_CRP_NorthBc,944,DFO_CRP,NorthBc,DFOCRP.KkHK0R2F-NML1.SM2M-3.20131013_045100Z.flac,KW,species:Oo|call:orca_call,call:orca_call|species:Oo,Oo,orca_call,,TKW,Detection,1,1,1281.25,1812.5,dclde/2027/dclde_2027_killer_whales/dfo_crp/audio/northbc/DFOCRP.KkHK0R2F-NML1.SM2M-3.20131013_045100Z.flac,gs://noaa-passive-bioacoustic/dclde/2027/dclde_2027_killer_whales/dfo_crp/audio/northbc/DFOCRP.KkHK0R2F-NML1.SM2M-3.20131013_045100Z.flac,https://storage.googleapis.com/noaa-passive-bioacoustic/dclde/2027/dclde_2027_killer_whales/dfo_crp/audio/northbc/DFOCRP.KkHK0R2F-NML1.SM2M-3.20131013_045100Z.flac,0,reviewed,Oo,Oo,orca_call,orca_call,orca_call,DFO_CRP:NorthBc:DFOCRP.KkHK0R2F-NML1.SM2M-3.20131013_045100Z.flac,"[{""call_type"":""orca_call"",""call_type_name"":""Killer whale call"",""review_status"":""reviewed"",""source"":""dclde_2027_DFO_CRP_NorthBc"",""species"":""Killer whale"",""species_code"":""Oo"",""trainable"":true}]",call:orca_call|species:Oo
dclde_DFO_CRP_NorthBc__DFOCRP.KkHK0R2F-NML1.SM2M-3.20131013_045100Z.flac_3.8s_5.4s_trainstyle,dclde_DFO_CRP_NorthBc__DFOCRP.KkHK0R2F-NML1.SM2M-3.20131013_045100Z.flac,DFOCRP.KkHK0R2F-NML1.SM2M-3.20131013_045100Z.flac,DFOCRP.KkHK0R2F-NML1.SM2M-3.20131013_045100Z.flac,3.759000,5.376000,3.759000,5.376000,3.759000,1.617000,dclde_DFO_CRP_NorthBc__DFOCRP.KkHK0R2F-NML1.SM2M-3.20131013_045100Z.flac_3.8s_5.4s_trainstyle.mat,mat_files/dclde_DFO_CRP_NorthBc__DFOCRP.KkHK0R2F-NML1.SM2M-3.20131013_045100Z.flac_3.8s_5.4s_trainstyle.mat,dclde_2027_DFO_CRP_NorthBc,945,DFO_CRP,NorthBc,DFOCRP.KkHK0R2F-NML1.SM2M-3.20131013_045100Z.flac,KW,species:Oo|call:orca_call,call:orca_call|species:Oo,Oo,orca_call,,TKW,Detection,1,1,1968.75,2437.5,dclde/2027/dclde_2027_killer_whales/dfo_crp/audio/northbc/DFOCRP.KkHK0R2F-NML1.SM2M-3.20131013_045100Z.flac,gs://noaa-passive-bioacoustic/dclde/2027/dclde_2027_killer_whales/dfo_crp/audio/northbc/DFOCRP.KkHK0R2F-NML1.SM2M-3.20131013_045100Z.flac,https://storage.googleapis.com/noaa-passive-bioacoustic/dclde/2027/dclde_2027_killer_whales/dfo_crp/audio/northbc/DFOCRP.KkHK0R2F-NML1.SM2M-3.20131013_045100Z.flac,0,reviewed,Oo,Oo,orca_call,orca_call,orca_call,DFO_CRP:NorthBc:DFOCRP.KkHK0R2F-NML1.SM2M-3.20131013_045100Z.flac,"[{""call_type"":""orca_call"",""call_type_name"":""Killer whale call"",""review_status"":""reviewed"",""source"":""dclde_2027_DFO_CRP_NorthBc"",""species"":""Killer whale"",""species_code"":""Oo"",""trainable"":true}]",call:orca_call|species:Oo
dclde_DFO_CRP_NorthBc__DFOCRP.KkHK0R2F-NML1.SM2M-3.20131013_045100Z.flac_4.9s_6.8s_trainstyle,dclde_DFO_CRP_NorthBc__DFOCRP.KkHK0R2F-NML1.SM2M-3.20131013_045100Z.flac,DFOCRP.KkHK0R2F-NML1.SM2M-3.20131013_045100Z.flac,DFOCRP.KkHK0R2F-NML1.SM2M-3.20131013_045100Z.flac,4.927000,6.847000,4.927000,6.847000,4.927000,1.920000,dclde_DFO_CRP_NorthBc__DFOCRP.KkHK0R2F-NML1.SM2M-3.20131013_045100Z.flac_4.9s_6.8s_trainstyle.mat,mat_files/dclde_DFO_CRP_NorthBc__DFOCRP.KkHK0R2F-NML1.SM2M-3.20131013_045100Z.flac_4.9s_6.8s_trainstyle.mat,dclde_2027_DFO_CRP_NorthBc,946,DFO_CRP,NorthBc,DFOCRP.KkHK0R2F-NML1.SM2M-3.20131013_045100Z.flac,KW,species:Oo|call:orca_call,call:orca_call|species:Oo,Oo,orca_call,,TKW,Detection,1,1,1125,1968.75,dclde/2027/dclde_2027_killer_whales/dfo_crp/audio/northbc/DFOCRP.KkHK0R2F-NML1.SM2M-3.20131013_045100Z.flac,gs://noaa-passive-bioacoustic/dclde/2027/dclde_2027_killer_whales/dfo_crp/audio/northbc/DFOCRP.KkHK0R2F-NML1.SM2M-3.20131013_045100Z.flac,https://storage.googleapis.com/noaa-passive-bioacoustic/dclde/2027/dclde_2027_killer_whales/dfo_crp/audio/northbc/DFOCRP.KkHK0R2F-NML1.SM2M-3.20131013_045100Z.flac,0,reviewed,Oo,Oo,orca_call,orca_call,orca_call,DFO_CRP:NorthBc:DFOCRP.KkHK0R2F-NML1.SM2M-3.20131013_045100Z.flac,"[{""call_type"":""orca_call"",""call_type_name"":""Killer whale call"",""review_status"":""reviewed"",""source"":""dclde_2027_DFO_CRP_NorthBc"",""species"":""Killer whale"",""species_code"":""Oo"",""trainable"":true}]",call:orca_call|species:Oo
dclde_DFO_CRP_NorthBc__DFOCRP.KkHK0R2F-NML1.SM2M-3.20131013_045100Z.flac_9.3s_9.9s_trainstyle,dclde_DFO_CRP_NorthBc__DFOCRP.KkHK0R2F-NML1.SM2M-3.20131013_045100Z.flac,DFOCRP.KkHK0R2F-NML1.SM2M-3.20131013_045100Z.flac,DFOCRP.KkHK0R2F-NML1.SM2M-3.20131013_045100Z.flac,9.311000,9.935000,9.311000,9.935000,9.311000,0.624000,dclde_DFO_CRP_NorthBc__DFOCRP.KkHK0R2F-NML1.SM2M-3.20131013_045100Z.flac_9.3s_9.9s_trainstyle.mat,mat_files/dclde_DFO_CRP_NorthBc__DFOCRP.KkHK0R2F-NML1.SM2M-3.20131013_045100Z.flac_9.3s_9.9s_trainstyle.mat,dclde_2027_DFO_CRP_NorthBc,947,DFO_CRP,NorthBc,DFOCRP.KkHK0R2F-NML1.SM2M-3.20131013_045100Z.flac,KW,species:Oo|call:orca_call,call:orca_call|species:Oo,Oo,orca_call,,TKW,Detection,1,1,1343.75,1593.75,dclde/2027/dclde_2027_killer_whales/dfo_crp/audio/northbc/DFOCRP.KkHK0R2F-NML1.SM2M-3.20131013_045100Z.flac,gs://noaa-passive-bioacoustic/dclde/2027/dclde_2027_killer_whales/dfo_crp/audio/northbc/DFOCRP.KkHK0R2F-NML1.SM2M-3.20131013_045100Z.flac,https://storage.googleapis.com/noaa-passive-bioacoustic/dclde/2027/dclde_2027_killer_whales/dfo_crp/audio/northbc/DFOCRP.KkHK0R2F-NML1.SM2M-3.20131013_045100Z.flac,0,reviewed,Oo,Oo,orca_call,orca_call,orca_call,DFO_CRP:NorthBc:DFOCRP.KkHK0R2F-NML1.SM2M-3.20131013_045100Z.flac,"[{""call_type"":""orca_call"",""call_type_name"":""Killer whale call"",""review_status"":""reviewed"",""source"":""dclde_2027_DFO_CRP_NorthBc"",""species"":""Killer whale"",""species_code"":""Oo"",""trainable"":true}]",call:orca_call|species:Oo
dclde_DFO_CRP_NorthBc__DFOCRP.KkHK0R2F-NML1.SM2M-3.20131013_045100Z.flac_12.0s_12.6s_trainstyle,dclde_DFO_CRP_NorthBc__DFOCRP.KkHK0R2F-NML1.SM2M-3.20131013_045100Z.flac,DFOCRP.KkHK0R2F-NML1.SM2M-3.20131013_045100Z.flac,DFOCRP.KkHK0R2F-NML1.SM2M-3.20131013_045100Z.flac,12.031000,12.591000,12.031000,12.591000,12.031000,0.560000,dclde_DFO_CRP_NorthBc__DFOCRP.KkHK0R2F-NML1.SM2M-3.20131013_045100Z.flac_12.0s_12.6s_trainstyle.mat,mat_files/dclde_DFO_CRP_NorthBc__DFOCRP.KkHK0R2F-NML1.SM2M-3.20131013_045100Z.flac_12.0s_12.6s_trainstyle.mat,dclde_2027_DFO_CRP_NorthBc,948,DFO_CRP,NorthBc,DFOCRP.KkHK0R2F-NML1.SM2M-3.20131013_045100Z.flac,KW,species:Oo|call:orca_call,call:orca_call|species:Oo,Oo,orca_call,,TKW,Detection,1,1,1968.75,2156.25,dclde/2027/dclde_2027_killer_whales/dfo_crp/audio/northbc/DFOCRP.KkHK0R2F-NML1.SM2M-3.20131013_045100Z.flac,gs://noaa-passive-bioacoustic/dclde/2027/dclde_2027_killer_whales/dfo_crp/audio/northbc/DFOCRP.KkHK0R2F-NML1.SM2M-3.20131013_045100Z.flac,https://storage.googleapis.com/noaa-passive-bioacoustic/dclde/2027/dclde_2027_killer_whales/dfo_crp/audio/northbc/DFOCRP.KkHK0R2F-NML1.SM2M-3.20131013_045100Z.flac,0,reviewed,Oo,Oo,orca_call,orca_call,orca_call,DFO_CRP:NorthBc:DFOCRP.KkHK0R2F-NML1.SM2M-3.20131013_045100Z.flac,"[{""call_type"":""orca_call"",""call_type_name"":""Killer whale call"",""review_status"":""reviewed"",""source"":""dclde_2027_DFO_CRP_NorthBc"",""species"":""Killer whale"",""species_code"":""Oo"",""trainable"":true}]",call:orca_call|species:Oo
dclde_DFO_CRP_NorthBc__DFOCRP.KkHK0R2F-NML1.SM2M-3.20131013_045100Z.flac_13.5s_14.3s_trainstyle,dclde_DFO_CRP_NorthBc__DFOCRP.KkHK0R2F-NML1.SM2M-3.20131013_045100Z.flac,DFOCRP.KkHK0R2F-NML1.SM2M-3.20131013_045100Z.flac,DFOCRP.KkHK0R2F-NML1.SM2M-3.20131013_045100Z.flac,13.519000,14.319000,13.519000,14.319000,13.519000,0.800000,dclde_DFO_CRP_NorthBc__DFOCRP.KkHK0R2F-NML1.SM2M-3.20131013_045100Z.flac_13.5s_14.3s_trainstyle.mat,mat_files/dclde_DFO_CRP_NorthBc__DFOCRP.KkHK0R2F-NML1.SM2M-3.20131013_045100Z.flac_13.5s_14.3s_trainstyle.mat,dclde_2027_DFO_CRP_NorthBc,949,DFO_CRP,NorthBc,DFOCRP.KkHK0R2F-NML1.SM2M-3.20131013_045100Z.flac,KW,species:Oo|call:orca_call,call:orca_call|species:Oo,Oo,orca_call,,TKW,Detection,1,1,937.5,1437.5,dclde/2027/dclde_2027_killer_whales/dfo_crp/audio/northbc/DFOCRP.KkHK0R2F-NML1.SM2M-3.20131013_045100Z.flac,gs://noaa-passive-bioacoustic/dclde/2027/dclde_2027_killer_whales/dfo_crp/audio/northbc/DFOCRP.KkHK0R2F-NML1.SM2M-3.20131013_045100Z.flac,https://storage.googleapis.com/noaa-passive-bioacoustic/dclde/2027/dclde_2027_killer_whales/dfo_crp/audio/northbc/DFOCRP.KkHK0R2F-NML1.SM2M-3.20131013_045100Z.flac,0,reviewed,Oo,Oo,orca_call,orca_call,orca_call,DFO_CRP:NorthBc:DFOCRP.KkHK0R2F-NML1.SM2M-3.20131013_045100Z.flac,"[{""call_type"":""orca_call"",""call_type_name"":""Killer whale call"",""review_status"":""reviewed"",""source"":""dclde_2027_DFO_CRP_NorthBc"",""species"":""Killer whale"",""species_code"":""Oo"",""trainable"":true}]",call:orca_call|species:Oo
dclde_DFO_CRP_NorthBc__DFOCRP.KkHK0R2F-NML1.SM2M-3.20131013_045100Z.flac_19.2s_20.3s_trainstyle,dclde_DFO_CRP_NorthBc__DFOCRP.KkHK0R2F-NML1.SM2M-3.20131013_045100Z.flac,DFOCRP.KkHK0R2F-NML1.SM2M-3.20131013_045100Z.flac,DFOCRP.KkHK0R2F-NML1.SM2M-3.20131013_045100Z.flac,19.231000,20.271000,19.231000,20.271000,19.231000,1.040000,dclde_DFO_CRP_NorthBc__DFOCRP.KkHK0R2F-NML1.SM2M-3.20131013_045100Z.flac_19.2s_20.3s_trainstyle.mat,mat_files/dclde_DFO_CRP_NorthBc__DFOCRP.KkHK0R2F-NML1.SM2M-3.20131013_045100Z.flac_19.2s_20.3s_trainstyle.mat,dclde_2027_DFO_CRP_NorthBc,950,DFO_CRP,NorthBc,DFOCRP.KkHK0R2F-NML1.SM2M-3.20131013_045100Z.flac,KW,species:Oo|call:orca_call,call:orca_call|species:Oo,Oo,orca_call,,TKW,Detection,1,1,1406.25,2156.25,dclde/2027/dclde_2027_killer_whales/dfo_crp/audio/northbc/DFOCRP.KkHK0R2F-NML1.SM2M-3.20131013_045100Z.flac,gs://noaa-passive-bioacoustic/dclde/2027/dclde_2027_killer_whales/dfo_crp/audio/northbc/DFOCRP.KkHK0R2F-NML1.SM2M-3.20131013_045100Z.flac,https://storage.googleapis.com/noaa-passive-bioacoustic/dclde/2027/dclde_2027_killer_whales/dfo_crp/audio/northbc/DFOCRP.KkHK0R2F-NML1.SM2M-3.20131013_045100Z.flac,0,reviewed,Oo,Oo,orca_call,orca_call,orca_call,DFO_CRP:NorthBc:DFOCRP.KkHK0R2F-NML1.SM2M-3.20131013_045100Z.flac,"[{""call_type"":""orca_call"",""call_type_name"":""Killer whale call"",""review_status"":""reviewed"",""source"":""dclde_2027_DFO_CRP_NorthBc"",""species"":""Killer whale"",""species_code"":""Oo"",""trainable"":true}]",call:orca_call|species:Oo
dclde_DFO_CRP_NorthBc__DFOCRP.KkHK0R2F-NML1.SM2M-3.20131013_045100Z.flac_22.1s_22.7s_trainstyle,dclde_DFO_CRP_NorthBc__DFOCRP.KkHK0R2F-NML1.SM2M-3.20131013_045100Z.flac,DFOCRP.KkHK0R2F-NML1.SM2M-3.20131013_045100Z.flac,DFOCRP.KkHK0R2F-NML1.SM2M-3.20131013_045100Z.flac,22.111000,22.735000,22.111000,22.735000,22.111000,0.624000,dclde_DFO_CRP_NorthBc__DFOCRP.KkHK0R2F-NML1.SM2M-3.20131013_045100Z.flac_22.1s_22.7s_trainstyle.mat,mat_files/dclde_DFO_CRP_NorthBc__DFOCRP.KkHK0R2F-NML1.SM2M-3.20131013_045100Z.flac_22.1s_22.7s_trainstyle.mat,dclde_2027_DFO_CRP_NorthBc,951,DFO_CRP,NorthBc,DFOCRP.KkHK0R2F-NML1.SM2M-3.20131013_045100Z.flac,KW,species:Oo|call:orca_call,call:orca_call|species:Oo,Oo,orca_call,,TKW,Detection,1,1,1531.25,1843.75,dclde/2027/dclde_2027_killer_whales/dfo_crp/audio/northbc/DFOCRP.KkHK0R2F-NML1.SM2M-3.20131013_045100Z.flac,gs://noaa-passive-bioacoustic/dclde/2027/dclde_2027_killer_whales/dfo_crp/audio/northbc/DFOCRP.KkHK0R2F-NML1.SM2M-3.20131013_045100Z.flac,https://storage.googleapis.com/noaa-passive-bioacoustic/dclde/2027/dclde_2027_killer_whales/dfo_crp/audio/northbc/DFOCRP.KkHK0R2F-NML1.SM2M-3.20131013_045100Z.flac,0,reviewed,Oo,Oo,orca_call,orca_call,orca_call,DFO_CRP:NorthBc:DFOCRP.KkHK0R2F-NML1.SM2M-3.20131013_045100Z.flac,"[{""call_type"":""orca_call"",""call_type_name"":""Killer whale call"",""review_status"":""reviewed"",""source"":""dclde_2027_DFO_CRP_NorthBc"",""species"":""Killer whale"",""species_code"":""Oo"",""trainable"":true}]",call:orca_call|species:Oo
dclde_DFO_CRP_NorthBc__DFOCRP.KkHK0R2F-NML1.SM2M-3.20131013_045100Z.flac_26.3s_28.0s_trainstyle,dclde_DFO_CRP_NorthBc__DFOCRP.KkHK0R2F-NML1.SM2M-3.20131013_045100Z.flac,DFOCRP.KkHK0R2F-NML1.SM2M-3.20131013_045100Z.flac,DFOCRP.KkHK0R2F-NML1.SM2M-3.20131013_045100Z.flac,26.303000,28.015000,26.303000,28.015000,26.303000,1.712000,dclde_DFO_CRP_NorthBc__DFOCRP.KkHK0R2F-NML1.SM2M-3.20131013_045100Z.flac_26.3s_28.0s_trainstyle.mat,mat_files/dclde_DFO_CRP_NorthBc__DFOCRP.KkHK0R2F-NML1.SM2M-3.20131013_045100Z.flac_26.3s_28.0s_trainstyle.mat,dclde_2027_DFO_CRP_NorthBc,952,DFO_CRP,NorthBc,DFOCRP.KkHK0R2F-NML1.SM2M-3.20131013_045100Z.flac,KW,species:Oo|call:orca_call,call:orca_call|species:Oo,Oo,orca_call,,TKW,Detection,1,1,1437.5,2125,dclde/2027/dclde_2027_killer_whales/dfo_crp/audio/northbc/DFOCRP.KkHK0R2F-NML1.SM2M-3.20131013_045100Z.flac,gs://noaa-passive-bioacoustic/dclde/2027/dclde_2027_killer_whales/dfo_crp/audio/northbc/DFOCRP.KkHK0R2F-NML1.SM2M-3.20131013_045100Z.flac,https://storage.googleapis.com/noaa-passive-bioacoustic/dclde/2027/dclde_2027_killer_whales/dfo_crp/audio/northbc/DFOCRP.KkHK0R2F-NML1.SM2M-3.20131013_045100Z.flac,0,reviewed,Oo,Oo,orca_call,orca_call,orca_call,DFO_CRP:NorthBc:DFOCRP.KkHK0R2F-NML1.SM2M-3.20131013_045100Z.flac,"[{""call_type"":""orca_call"",""call_type_name"":""Killer whale call"",""review_status"":""reviewed"",""source"":""dclde_2027_DFO_CRP_NorthBc"",""species"":""Killer whale"",""species_code"":""Oo"",""trainable"":true}]",call:orca_call|species:Oo
dclde_DFO_CRP_NorthBc__DFOCRP.KkHK0R2F-NML1.SM2M-3.20131013_045100Z.flac_27.5s_28.3s_trainstyle,dclde_DFO_CRP_NorthBc__DFOCRP.KkHK0R2F-NML1.SM2M-3.20131013_045100Z.flac,DFOCRP.KkHK0R2F-NML1.SM2M-3.20131013_045100Z.flac,DFOCRP.KkHK0R2F-NML1.SM2M-3.20131013_045100Z.flac,27.472000,28.335000,27.472000,28.335000,27.472000,0.863000,dclde_DFO_CRP_NorthBc__DFOCRP.KkHK0R2F-NML1.SM2M-3.20131013_045100Z.flac_27.5s_28.3s_trainstyle.mat,mat_files/dclde_DFO_CRP_NorthBc__DFOCRP.KkHK0R2F-NML1.SM2M-3.20131013_045100Z.flac_27.5s_28.3s_trainstyle.mat,dclde_2027_DFO_CRP_NorthBc,953,DFO_CRP,NorthBc,DFOCRP.KkHK0R2F-NML1.SM2M-3.20131013_045100Z.flac,KW,species:Oo|call:orca_call,call:orca_call|species:Oo,Oo,orca_call,,TKW,Detection,1,1,1437.5,1843.75,dclde/2027/dclde_2027_killer_whales/dfo_crp/audio/northbc/DFOCRP.KkHK0R2F-NML1.SM2M-3.20131013_045100Z.flac,gs://noaa-passive-bioacoustic/dclde/2027/dclde_2027_killer_whales/dfo_crp/audio/northbc/DFOCRP.KkHK0R2F-NML1.SM2M-3.20131013_045100Z.flac,https://storage.googleapis.com/noaa-passive-bioacoustic/dclde/2027/dclde_2027_killer_whales/dfo_crp/audio/northbc/DFOCRP.KkHK0R2F-NML1.SM2M-3.20131013_045100Z.flac,0,reviewed,Oo,Oo,orca_call,orca_call,orca_call,DFO_CRP:NorthBc:DFOCRP.KkHK0R2F-NML1.SM2M-3.20131013_045100Z.flac,"[{""call_type"":""orca_call"",""call_type_name"":""Killer whale call"",""review_status"":""reviewed"",""source"":""dclde_2027_DFO_CRP_NorthBc"",""species"":""Killer whale"",""species_code"":""Oo"",""trainable"":true}]",call:orca_call|species:Oo
dclde_DFO_CRP_NorthBc__DFOCRP.KkHK0R2F-NML1.SM2M-3.20131013_045100Z.flac_31.0s_32.8s_trainstyle,dclde_DFO_CRP_NorthBc__DFOCRP.KkHK0R2F-NML1.SM2M-3.20131013_045100Z.flac,DFOCRP.KkHK0R2F-NML1.SM2M-3.20131013_045100Z.flac,DFOCRP.KkHK0R2F-NML1.SM2M-3.20131013_045100Z.flac,30.992000,32.752000,30.992000,32.752000,30.992000,1.760000,dclde_DFO_CRP_NorthBc__DFOCRP.KkHK0R2F-NML1.SM2M-3.20131013_045100Z.flac_31.0s_32.8s_trainstyle.mat,mat_files/dclde_DFO_CRP_NorthBc__DFOCRP.KkHK0R2F-NML1.SM2M-3.20131013_045100Z.flac_31.0s_32.8s_trainstyle.mat,dclde_2027_DFO_CRP_NorthBc,954,DFO_CRP,NorthBc,DFOCRP.KkHK0R2F-NML1.SM2M-3.20131013_045100Z.flac,KW,species:Oo|call:orca_call,call:orca_call|species:Oo,Oo,orca_call,,TKW,Detection,1,1,781.25,875,dclde/2027/dclde_2027_killer_whales/dfo_crp/audio/northbc/DFOCRP.KkHK0R2F-NML1.SM2M-3.20131013_045100Z.flac,gs://noaa-passive-bioacoustic/dclde/2027/dclde_2027_killer_whales/dfo_crp/audio/northbc/DFOCRP.KkHK0R2F-NML1.SM2M-3.20131013_045100Z.flac,https://storage.googleapis.com/noaa-passive-bioacoustic/dclde/2027/dclde_2027_killer_whales/dfo_crp/audio/northbc/DFOCRP.KkHK0R2F-NML1.SM2M-3.20131013_045100Z.flac,0,reviewed,Oo,Oo,orca_call,orca_call,orca_call,DFO_CRP:NorthBc:DFOCRP.KkHK0R2F-NML1.SM2M-3.20131013_045100Z.flac,"[{""call_type"":""orca_call"",""call_type_name"":""Killer whale call"",""review_status"":""reviewed"",""source"":""dclde_2027_DFO_CRP_NorthBc"",""species"":""Killer whale"",""species_code"":""Oo"",""trainable"":true}]",call:orca_call|species:Oo
dclde_DFO_CRP_NorthBc__DFOCRP.KkHK0R2F-NML1.SM2M-3.20131013_045100Z.flac_33.1s_33.9s_trainstyle,dclde_DFO_CRP_NorthBc__DFOCRP.KkHK0R2F-NML1.SM2M-3.20131013_045100Z.flac,DFOCRP.KkHK0R2F-NML1.SM2M-3.20131013_045100Z.flac,DFOCRP.KkHK0R2F-NML1.SM2M-3.20131013_045100Z.flac,33.055000,33.904000,33.055000,33.904000,33.055000,0.849000,dclde_DFO_CRP_NorthBc__DFOCRP.KkHK0R2F-NML1.SM2M-3.20131013_045100Z.flac_33.1s_33.9s_trainstyle.mat,mat_files/dclde_DFO_CRP_NorthBc__DFOCRP.KkHK0R2F-NML1.SM2M-3.20131013_045100Z.flac_33.1s_33.9s_trainstyle.mat,dclde_2027_DFO_CRP_NorthBc,955,DFO_CRP,NorthBc,DFOCRP.KkHK0R2F-NML1.SM2M-3.20131013_045100Z.flac,KW,species:Oo|call:orca_call,call:orca_call|species:Oo,Oo,orca_call,,TKW,Detection,1,1,781.25,1062.5,dclde/2027/dclde_2027_killer_whales/dfo_crp/audio/northbc/DFOCRP.KkHK0R2F-NML1.SM2M-3.20131013_045100Z.flac,gs://noaa-passive-bioacoustic/dclde/2027/dclde_2027_killer_whales/dfo_crp/audio/northbc/DFOCRP.KkHK0R2F-NML1.SM2M-3.20131013_045100Z.flac,https://storage.googleapis.com/noaa-passive-bioacoustic/dclde/2027/dclde_2027_killer_whales/dfo_crp/audio/northbc/DFOCRP.KkHK0R2F-NML1.SM2M-3.20131013_045100Z.flac,0,reviewed,Oo,Oo,orca_call,orca_call,orca_call,DFO_CRP:NorthBc:DFOCRP.KkHK0R2F-NML1.SM2M-3.20131013_045100Z.flac,"[{""call_type"":""orca_call"",""call_type_name"":""Killer whale call"",""review_status"":""reviewed"",""source"":""dclde_2027_DFO_CRP_NorthBc"",""species"":""Killer whale"",""species_code"":""Oo"",""trainable"":true}]",call:orca_call|species:Oo
dclde_DFO_CRP_NorthBc__DFOCRP.KkHK0R2F-NML1.SM2M-3.20131013_045100Z.flac_33.5s_34.6s_trainstyle,dclde_DFO_CRP_NorthBc__DFOCRP.KkHK0R2F-NML1.SM2M-3.20131013_045100Z.flac,DFOCRP.KkHK0R2F-NML1.SM2M-3.20131013_045100Z.flac,DFOCRP.KkHK0R2F-NML1.SM2M-3.20131013_045100Z.flac,33.455000,34.559000,33.455000,34.559000,33.455000,1.104000,dclde_DFO_CRP_NorthBc__DFOCRP.KkHK0R2F-NML1.SM2M-3.20131013_045100Z.flac_33.5s_34.6s_trainstyle.mat,mat_files/dclde_DFO_CRP_NorthBc__DFOCRP.KkHK0R2F-NML1.SM2M-3.20131013_045100Z.flac_33.5s_34.6s_trainstyle.mat,dclde_2027_DFO_CRP_NorthBc,956,DFO_CRP,NorthBc,DFOCRP.KkHK0R2F-NML1.SM2M-3.20131013_045100Z.flac,KW,species:Oo|call:orca_call,call:orca_call|species:Oo,Oo,orca_call,,TKW,Detection,1,1,1125,1406.25,dclde/2027/dclde_2027_killer_whales/dfo_crp/audio/northbc/DFOCRP.KkHK0R2F-NML1.SM2M-3.20131013_045100Z.flac,gs://noaa-passive-bioacoustic/dclde/2027/dclde_2027_killer_whales/dfo_crp/audio/northbc/DFOCRP.KkHK0R2F-NML1.SM2M-3.20131013_045100Z.flac,https://storage.googleapis.com/noaa-passive-bioacoustic/dclde/2027/dclde_2027_killer_whales/dfo_crp/audio/northbc/DFOCRP.KkHK0R2F-NML1.SM2M-3.20131013_045100Z.flac,0,reviewed,Oo,Oo,orca_call,orca_call,orca_call,DFO_CRP:NorthBc:DFOCRP.KkHK0R2F-NML1.SM2M-3.20131013_045100Z.flac,"[{""call_type"":""orca_call"",""call_type_name"":""Killer whale call"",""review_status"":""reviewed"",""source"":""dclde_2027_DFO_CRP_NorthBc"",""species"":""Killer whale"",""species_code"":""Oo"",""trainable"":true}]",call:orca_call|species:Oo
dclde_DFO_CRP_NorthBc__DFOCRP.KkHK0R2F-NML1.SM2M-3.20131013_045100Z.flac_34.4s_35.0s_trainstyle,dclde_DFO_CRP_NorthBc__DFOCRP.KkHK0R2F-NML1.SM2M-3.20131013_045100Z.flac,DFOCRP.KkHK0R2F-NML1.SM2M-3.20131013_045100Z.flac,DFOCRP.KkHK0R2F-NML1.SM2M-3.20131013_045100Z.flac,34.415000,34.959000,34.415000,34.959000,34.415000,0.544000,dclde_DFO_CRP_NorthBc__DFOCRP.KkHK0R2F-NML1.SM2M-3.20131013_045100Z.flac_34.4s_35.0s_trainstyle.mat,mat_files/dclde_DFO_CRP_NorthBc__DFOCRP.KkHK0R2F-NML1.SM2M-3.20131013_045100Z.flac_34.4s_35.0s_trainstyle.mat,dclde_2027_DFO_CRP_NorthBc,957,DFO_CRP,NorthBc,DFOCRP.KkHK0R2F-NML1.SM2M-3.20131013_045100Z.flac,KW,species:Oo|call:orca_call,call:orca_call|species:Oo,Oo,orca_call,,TKW,Detection,1,1,1468.75,1625,dclde/2027/dclde_2027_killer_whales/dfo_crp/audio/northbc/DFOCRP.KkHK0R2F-NML1.SM2M-3.20131013_045100Z.flac,gs://noaa-passive-bioacoustic/dclde/2027/dclde_2027_killer_whales/dfo_crp/audio/northbc/DFOCRP.KkHK0R2F-NML1.SM2M-3.20131013_045100Z.flac,https://storage.googleapis.com/noaa-passive-bioacoustic/dclde/2027/dclde_2027_killer_whales/dfo_crp/audio/northbc/DFOCRP.KkHK0R2F-NML1.SM2M-3.20131013_045100Z.flac,0,reviewed,Oo,Oo,orca_call,orca_call,orca_call,DFO_CRP:NorthBc:DFOCRP.KkHK0R2F-NML1.SM2M-3.20131013_045100Z.flac,"[{""call_type"":""orca_call"",""call_type_name"":""Killer whale call"",""review_status"":""reviewed"",""source"":""dclde_2027_DFO_CRP_NorthBc"",""species"":""Killer whale"",""species_code"":""Oo"",""trainable"":true}]",call:orca_call|species:Oo
dclde_DFO_CRP_NorthBc__DFOCRP.KkHK0R2F-NML1.SM2M-3.20131013_045100Z.flac_36.7s_37.4s_trainstyle,dclde_DFO_CRP_NorthBc__DFOCRP.KkHK0R2F-NML1.SM2M-3.20131013_045100Z.flac,DFOCRP.KkHK0R2F-NML1.SM2M-3.20131013_045100Z.flac,DFOCRP.KkHK0R2F-NML1.SM2M-3.20131013_045100Z.flac,36.655000,37.375000,36.655000,37.375000,36.655000,0.720000,dclde_DFO_CRP_NorthBc__DFOCRP.KkHK0R2F-NML1.SM2M-3.20131013_045100Z.flac_36.7s_37.4s_trainstyle.mat,mat_files/dclde_DFO_CRP_NorthBc__DFOCRP.KkHK0R2F-NML1.SM2M-3.20131013_045100Z.flac_36.7s_37.4s_trainstyle.mat,dclde_2027_DFO_CRP_NorthBc,958,DFO_CRP,NorthBc,DFOCRP.KkHK0R2F-NML1.SM2M-3.20131013_045100Z.flac,KW,species:Oo|call:orca_call,call:orca_call|species:Oo,Oo,orca_call,,TKW,Detection,1,1,1468.75,1937.5,dclde/2027/dclde_2027_killer_whales/dfo_crp/audio/northbc/DFOCRP.KkHK0R2F-NML1.SM2M-3.20131013_045100Z.flac,gs://noaa-passive-bioacoustic/dclde/2027/dclde_2027_killer_whales/dfo_crp/audio/northbc/DFOCRP.KkHK0R2F-NML1.SM2M-3.20131013_045100Z.flac,https://storage.googleapis.com/noaa-passive-bioacoustic/dclde/2027/dclde_2027_killer_whales/dfo_crp/audio/northbc/DFOCRP.KkHK0R2F-NML1.SM2M-3.20131013_045100Z.flac,0,reviewed,Oo,Oo,orca_call,orca_call,orca_call,DFO_CRP:NorthBc:DFOCRP.KkHK0R2F-NML1.SM2M-3.20131013_045100Z.flac,"[{""call_type"":""orca_call"",""call_type_name"":""Killer whale call"",""review_status"":""reviewed"",""source"":""dclde_2027_DFO_CRP_NorthBc"",""species"":""Killer whale"",""species_code"":""Oo"",""trainable"":true}]",call:orca_call|species:Oo
dclde_DFO_CRP_NorthBc__DFOCRP.KkHK0R2F-NML1.SM2M-3.20131013_045100Z.flac_45.8s_47.3s_trainstyle,dclde_DFO_CRP_NorthBc__DFOCRP.KkHK0R2F-NML1.SM2M-3.20131013_045100Z.flac,DFOCRP.KkHK0R2F-NML1.SM2M-3.20131013_045100Z.flac,DFOCRP.KkHK0R2F-NML1.SM2M-3.20131013_045100Z.flac,45.839000,47.328000,45.839000,47.328000,45.839000,1.489000,dclde_DFO_CRP_NorthBc__DFOCRP.KkHK0R2F-NML1.SM2M-3.20131013_045100Z.flac_45.8s_47.3s_trainstyle.mat,mat_files/dclde_DFO_CRP_NorthBc__DFOCRP.KkHK0R2F-NML1.SM2M-3.20131013_045100Z.flac_45.8s_47.3s_trainstyle.mat,dclde_2027_DFO_CRP_NorthBc,959,DFO_CRP,NorthBc,DFOCRP.KkHK0R2F-NML1.SM2M-3.20131013_045100Z.flac,KW,species:Oo|call:orca_call,call:orca_call|species:Oo,Oo,orca_call,,TKW,Detection,1,1,1500,1812.5,dclde/2027/dclde_2027_killer_whales/dfo_crp/audio/northbc/DFOCRP.KkHK0R2F-NML1.SM2M-3.20131013_045100Z.flac,gs://noaa-passive-bioacoustic/dclde/2027/dclde_2027_killer_whales/dfo_crp/audio/northbc/DFOCRP.KkHK0R2F-NML1.SM2M-3.20131013_045100Z.flac,https://storage.googleapis.com/noaa-passive-bioacoustic/dclde/2027/dclde_2027_killer_whales/dfo_crp/audio/northbc/DFOCRP.KkHK0R2F-NML1.SM2M-3.20131013_045100Z.flac,0,reviewed,Oo,Oo,orca_call,orca_call,orca_call,DFO_CRP:NorthBc:DFOCRP.KkHK0R2F-NML1.SM2M-3.20131013_045100Z.flac,"[{""call_type"":""orca_call"",""call_type_name"":""Killer whale call"",""review_status"":""reviewed"",""source"":""dclde_2027_DFO_CRP_NorthBc"",""species"":""Killer whale"",""species_code"":""Oo"",""trainable"":true}]",call:orca_call|species:Oo
dclde_DFO_CRP_NorthBc__DFOCRP.KkHK0R2F-NML1.SM2M-3.20131013_045100Z.flac_47.2s_47.5s_trainstyle,dclde_DFO_CRP_NorthBc__DFOCRP.KkHK0R2F-NML1.SM2M-3.20131013_045100Z.flac,DFOCRP.KkHK0R2F-NML1.SM2M-3.20131013_045100Z.flac,DFOCRP.KkHK0R2F-NML1.SM2M-3.20131013_045100Z.flac,47.184000,47.456000,47.184000,47.456000,47.184000,0.272000,dclde_DFO_CRP_NorthBc__DFOCRP.KkHK0R2F-NML1.SM2M-3.20131013_045100Z.flac_47.2s_47.5s_trainstyle.mat,mat_files/dclde_DFO_CRP_NorthBc__DFOCRP.KkHK0R2F-NML1.SM2M-3.20131013_045100Z.flac_47.2s_47.5s_trainstyle.mat,dclde_2027_DFO_CRP_NorthBc,960,DFO_CRP,NorthBc,DFOCRP.KkHK0R2F-NML1.SM2M-3.20131013_045100Z.flac,KW,species:Oo|call:orca_call,call:orca_call|species:Oo,Oo,orca_call,,TKW,Detection,1,1,781.25,843.75,dclde/2027/dclde_2027_killer_whales/dfo_crp/audio/northbc/DFOCRP.KkHK0R2F-NML1.SM2M-3.20131013_045100Z.flac,gs://noaa-passive-bioacoustic/dclde/2027/dclde_2027_killer_whales/dfo_crp/audio/northbc/DFOCRP.KkHK0R2F-NML1.SM2M-3.20131013_045100Z.flac,https://storage.googleapis.com/noaa-passive-bioacoustic/dclde/2027/dclde_2027_killer_whales/dfo_crp/audio/northbc/DFOCRP.KkHK0R2F-NML1.SM2M-3.20131013_045100Z.flac,0,reviewed,Oo,Oo,orca_call,orca_call,orca_call,DFO_CRP:NorthBc:DFOCRP.KkHK0R2F-NML1.SM2M-3.20131013_045100Z.flac,"[{""call_type"":""orca_call"",""call_type_name"":""Killer whale call"",""review_status"":""reviewed"",""source"":""dclde_2027_DFO_CRP_NorthBc"",""species"":""Killer whale"",""species_code"":""Oo"",""trainable"":true}]",call:orca_call|species:Oo
dclde_DFO_CRP_NorthBc__DFOCRP.KkHK0R2F-NML1.SM2M-3.20131013_045100Z.flac_49.7s_51.1s_trainstyle,dclde_DFO_CRP_NorthBc__DFOCRP.KkHK0R2F-NML1.SM2M-3.20131013_045100Z.flac,DFOCRP.KkHK0R2F-NML1.SM2M-3.20131013_045100Z.flac,DFOCRP.KkHK0R2F-NML1.SM2M-3.20131013_045100Z.flac,49.680000,51.055000,49.680000,51.055000,49.680000,1.375000,dclde_DFO_CRP_NorthBc__DFOCRP.KkHK0R2F-NML1.SM2M-3.20131013_045100Z.flac_49.7s_51.1s_trainstyle.mat,mat_files/dclde_DFO_CRP_NorthBc__DFOCRP.KkHK0R2F-NML1.SM2M-3.20131013_045100Z.flac_49.7s_51.1s_trainstyle.mat,dclde_2027_DFO_CRP_NorthBc,961,DFO_CRP,NorthBc,DFOCRP.KkHK0R2F-NML1.SM2M-3.20131013_045100Z.flac,KW,species:Oo|call:orca_call,call:orca_call|species:Oo,Oo,orca_call,,TKW,Detection,1,1,1906.25,2406.25,dclde/2027/dclde_2027_killer_whales/dfo_crp/audio/northbc/DFOCRP.KkHK0R2F-NML1.SM2M-3.20131013_045100Z.flac,gs://noaa-passive-bioacoustic/dclde/2027/dclde_2027_killer_whales/dfo_crp/audio/northbc/DFOCRP.KkHK0R2F-NML1.SM2M-3.20131013_045100Z.flac,https://storage.googleapis.com/noaa-passive-bioacoustic/dclde/2027/dclde_2027_killer_whales/dfo_crp/audio/northbc/DFOCRP.KkHK0R2F-NML1.SM2M-3.20131013_045100Z.flac,0,reviewed,Oo,Oo,orca_call,orca_call,orca_call,DFO_CRP:NorthBc:DFOCRP.KkHK0R2F-NML1.SM2M-3.20131013_045100Z.flac,"[{""call_type"":""orca_call"",""call_type_name"":""Killer whale call"",""review_status"":""reviewed"",""source"":""dclde_2027_DFO_CRP_NorthBc"",""species"":""Killer whale"",""species_code"":""Oo"",""trainable"":true}]",call:orca_call|species:Oo
dclde_DFO_CRP_NorthBc__DFOCRP.KkHK0R2F-NML1.SM2M-3.20131013_143600Z.flac_158.4s_158.7s_trainstyle,dclde_DFO_CRP_NorthBc__DFOCRP.KkHK0R2F-NML1.SM2M-3.20131013_143600Z.flac,DFOCRP.KkHK0R2F-NML1.SM2M-3.20131013_143600Z.flac,DFOCRP.KkHK0R2F-NML1.SM2M-3.20131013_143600Z.flac,158.384000,158.688000,158.384000,158.688000,158.384000,0.304000,dclde_DFO_CRP_NorthBc__DFOCRP.KkHK0R2F-NML1.SM2M-3.20131013_143600Z.flac_158.4s_158.7s_trainstyle.mat,mat_files/dclde_DFO_CRP_NorthBc__DFOCRP.KkHK0R2F-NML1.SM2M-3.20131013_143600Z.flac_158.4s_158.7s_trainstyle.mat,dclde_2027_DFO_CRP_NorthBc,1512,DFO_CRP,NorthBc,DFOCRP.KkHK0R2F-NML1.SM2M-3.20131013_143600Z.flac,UndBio,confounder:undetermined_biological,,,,confounder:undetermined_biological,NA,Detection,0,NA,2062.5,2718.75,dclde/2027/dclde_2027_killer_whales/dfo_crp/audio/northbc/DFOCRP.KkHK0R2F-NML1.SM2M-3.20131013_143600Z.flac,gs://noaa-passive-bioacoustic/dclde/2027/dclde_2027_killer_whales/dfo_crp/audio/northbc/DFOCRP.KkHK0R2F-NML1.SM2M-3.20131013_143600Z.flac,https://storage.googleapis.com/noaa-passive-bioacoustic/dclde/2027/dclde_2027_killer_whales/dfo_crp/audio/northbc/DFOCRP.KkHK0R2F-NML1.SM2M-3.20131013_143600Z.flac,1,reviewed_confounder,,,,,,DFO_CRP:NorthBc:DFOCRP.KkHK0R2F-NML1.SM2M-3.20131013_143600Z.flac,[],
dclde_DFO_CRP_NorthBc__DFOCRP.KkHK0R2F-NML1.SM2M-3.20131013_143600Z.flac_162.3s_162.8s_trainstyle,dclde_DFO_CRP_NorthBc__DFOCRP.KkHK0R2F-NML1.SM2M-3.20131013_143600Z.flac,DFOCRP.KkHK0R2F-NML1.SM2M-3.20131013_143600Z.flac,DFOCRP.KkHK0R2F-NML1.SM2M-3.20131013_143600Z.flac,162.335000,162.783000,162.335000,162.783000,162.335000,0.448000,dclde_DFO_CRP_NorthBc__DFOCRP.KkHK0R2F-NML1.SM2M-3.20131013_143600Z.flac_162.3s_162.8s_trainstyle.mat,mat_files/dclde_DFO_CRP_NorthBc__DFOCRP.KkHK0R2F-NML1.SM2M-3.20131013_143600Z.flac_162.3s_162.8s_trainstyle.mat,dclde_2027_DFO_CRP_NorthBc,1513,DFO_CRP,NorthBc,DFOCRP.KkHK0R2F-NML1.SM2M-3.20131013_143600Z.flac,UndBio,confounder:undetermined_biological,,,,confounder:undetermined_biological,NA,Detection,0,NA,1250,1781.25,dclde/2027/dclde_2027_killer_whales/dfo_crp/audio/northbc/DFOCRP.KkHK0R2F-NML1.SM2M-3.20131013_143600Z.flac,gs://noaa-passive-bioacoustic/dclde/2027/dclde_2027_killer_whales/dfo_crp/audio/northbc/DFOCRP.KkHK0R2F-NML1.SM2M-3.20131013_143600Z.flac,https://storage.googleapis.com/noaa-passive-bioacoustic/dclde/2027/dclde_2027_killer_whales/dfo_crp/audio/northbc/DFOCRP.KkHK0R2F-NML1.SM2M-3.20131013_143600Z.flac,1,reviewed_confounder,,,,,,DFO_CRP:NorthBc:DFOCRP.KkHK0R2F-NML1.SM2M-3.20131013_143600Z.flac,[],
dclde_DFO_CRP_NorthBc__DFOCRP.KkHK0R2F-NML1.SM2M-3.20131014_165100Z.flac_284.3s_284.6s_trainstyle,dclde_DFO_CRP_NorthBc__DFOCRP.KkHK0R2F-NML1.SM2M-3.20131014_165100Z.flac,DFOCRP.KkHK0R2F-NML1.SM2M-3.20131014_165100Z.flac,DFOCRP.KkHK0R2F-NML1.SM2M-3.20131014_165100Z.flac,284.335000,284.623000,284.335000,284.623000,284.335000,0.288000,dclde_DFO_CRP_NorthBc__DFOCRP.KkHK0R2F-NML1.SM2M-3.20131014_165100Z.flac_284.3s_284.6s_trainstyle.mat,mat_files/dclde_DFO_CRP_NorthBc__DFOCRP.KkHK0R2F-NML1.SM2M-3.20131014_165100Z.flac_284.3s_284.6s_trainstyle.mat,dclde_2027_DFO_CRP_NorthBc,2431,DFO_CRP,NorthBc,DFOCRP.KkHK0R2F-NML1.SM2M-3.20131014_165100Z.flac,UndBio,confounder:undetermined_biological,,,,confounder:undetermined_biological,NA,Detection,0,NA,1593.75,1875,dclde/2027/dclde_2027_killer_whales/dfo_crp/audio/northbc/DFOCRP.KkHK0R2F-NML1.SM2M-3.20131014_165100Z.flac,gs://noaa-passive-bioacoustic/dclde/2027/dclde_2027_killer_whales/dfo_crp/audio/northbc/DFOCRP.KkHK0R2F-NML1.SM2M-3.20131014_165100Z.flac,https://storage.googleapis.com/noaa-passive-bioacoustic/dclde/2027/dclde_2027_killer_whales/dfo_crp/audio/northbc/DFOCRP.KkHK0R2F-NML1.SM2M-3.20131014_165100Z.flac,1,reviewed_confounder,,,,,,DFO_CRP:NorthBc:DFOCRP.KkHK0R2F-NML1.SM2M-3.20131014_165100Z.flac,[],
dclde_DFO_CRP_NorthBc__DFOCRP.KkHK0R2F-NML1.SM2M-3.20131014_182100Z.flac_299.5s_299.7s_trainstyle,dclde_DFO_CRP_NorthBc__DFOCRP.KkHK0R2F-NML1.SM2M-3.20131014_182100Z.flac,DFOCRP.KkHK0R2F-NML1.SM2M-3.20131014_182100Z.flac,DFOCRP.KkHK0R2F-NML1.SM2M-3.20131014_182100Z.flac,299.472000,299.744000,299.472000,299.744000,299.472000,0.272000,dclde_DFO_CRP_NorthBc__DFOCRP.KkHK0R2F-NML1.SM2M-3.20131014_182100Z.flac_299.5s_299.7s_trainstyle.mat,mat_files/dclde_DFO_CRP_NorthBc__DFOCRP.KkHK0R2F-NML1.SM2M-3.20131014_182100Z.flac_299.5s_299.7s_trainstyle.mat,dclde_2027_DFO_CRP_NorthBc,2439,DFO_CRP,NorthBc,DFOCRP.KkHK0R2F-NML1.SM2M-3.20131014_182100Z.flac,UndBio,confounder:undetermined_biological,,,,confounder:undetermined_biological,NA,Detection,0,NA,3687.5,4093.75,dclde/2027/dclde_2027_killer_whales/dfo_crp/audio/northbc/DFOCRP.KkHK0R2F-NML1.SM2M-3.20131014_182100Z.flac,gs://noaa-passive-bioacoustic/dclde/2027/dclde_2027_killer_whales/dfo_crp/audio/northbc/DFOCRP.KkHK0R2F-NML1.SM2M-3.20131014_182100Z.flac,https://storage.googleapis.com/noaa-passive-bioacoustic/dclde/2027/dclde_2027_killer_whales/dfo_crp/audio/northbc/DFOCRP.KkHK0R2F-NML1.SM2M-3.20131014_182100Z.flac,1,reviewed_confounder,,,,,,DFO_CRP:NorthBc:DFOCRP.KkHK0R2F-NML1.SM2M-3.20131014_182100Z.flac,[],
dclde_DFO_CRP_NorthBc__DFOCRP.KkHK0R2F-NML1.SM2M-3.20131015_012100Z.flac_298.8s_299.0s_trainstyle,dclde_DFO_CRP_NorthBc__DFOCRP.KkHK0R2F-NML1.SM2M-3.20131015_012100Z.flac,DFOCRP.KkHK0R2F-NML1.SM2M-3.20131015_012100Z.flac,DFOCRP.KkHK0R2F-NML1.SM2M-3.20131015_012100Z.flac,298.767000,299.023000,298.767000,299.023000,298.767000,0.256000,dclde_DFO_CRP_NorthBc__DFOCRP.KkHK0R2F-NML1.SM2M-3.20131015_012100Z.flac_298.8s_299.0s_trainstyle.mat,mat_files/dclde_DFO_CRP_NorthBc__DFOCRP.KkHK0R2F-NML1.SM2M-3.20131015_012100Z.flac_298.8s_299.0s_trainstyle.mat,dclde_2027_DFO_CRP_NorthBc,2464,DFO_CRP,NorthBc,DFOCRP.KkHK0R2F-NML1.SM2M-3.20131015_012100Z.flac,UndBio,confounder:undetermined_biological,,,,confounder:undetermined_biological,NA,Detection,0,NA,5156.25,5593.75,dclde/2027/dclde_2027_killer_whales/dfo_crp/audio/northbc/DFOCRP.KkHK0R2F-NML1.SM2M-3.20131015_012100Z.flac,gs://noaa-passive-bioacoustic/dclde/2027/dclde_2027_killer_whales/dfo_crp/audio/northbc/DFOCRP.KkHK0R2F-NML1.SM2M-3.20131015_012100Z.flac,https://storage.googleapis.com/noaa-passive-bioacoustic/dclde/2027/dclde_2027_killer_whales/dfo_crp/audio/northbc/DFOCRP.KkHK0R2F-NML1.SM2M-3.20131015_012100Z.flac,1,reviewed_confounder,,,,,,DFO_CRP:NorthBc:DFOCRP.KkHK0R2F-NML1.SM2M-3.20131015_012100Z.flac,[],
dclde_DFO_CRP_NorthBc__DFOCRP.KkHK0R2F-NML1.SM2M-3.20131015_205100Z.flac_259.6s_259.9s_trainstyle,dclde_DFO_CRP_NorthBc__DFOCRP.KkHK0R2F-NML1.SM2M-3.20131015_205100Z.flac,DFOCRP.KkHK0R2F-NML1.SM2M-3.20131015_205100Z.flac,DFOCRP.KkHK0R2F-NML1.SM2M-3.20131015_205100Z.flac,259.631000,259.903000,259.631000,259.903000,259.631000,0.272000,dclde_DFO_CRP_NorthBc__DFOCRP.KkHK0R2F-NML1.SM2M-3.20131015_205100Z.flac_259.6s_259.9s_trainstyle.mat,mat_files/dclde_DFO_CRP_NorthBc__DFOCRP.KkHK0R2F-NML1.SM2M-3.20131015_205100Z.flac_259.6s_259.9s_trainstyle.mat,dclde_2027_DFO_CRP_NorthBc,2795,DFO_CRP,NorthBc,DFOCRP.KkHK0R2F-NML1.SM2M-3.20131015_205100Z.flac,UndBio,confounder:undetermined_biological,,,,confounder:undetermined_biological,NA,Detection,0,NA,781.25,1187.5,dclde/2027/dclde_2027_killer_whales/dfo_crp/audio/northbc/DFOCRP.KkHK0R2F-NML1.SM2M-3.20131015_205100Z.flac,gs://noaa-passive-bioacoustic/dclde/2027/dclde_2027_killer_whales/dfo_crp/audio/northbc/DFOCRP.KkHK0R2F-NML1.SM2M-3.20131015_205100Z.flac,https://storage.googleapis.com/noaa-passive-bioacoustic/dclde/2027/dclde_2027_killer_whales/dfo_crp/audio/northbc/DFOCRP.KkHK0R2F-NML1.SM2M-3.20131015_205100Z.flac,1,reviewed_confounder,,,,,,DFO_CRP:NorthBc:DFOCRP.KkHK0R2F-NML1.SM2M-3.20131015_205100Z.flac,[],
dclde_DFO_CRP_NorthBc__DFOCRP.KkHK0R2F-NML1.SM2M-3.20131017_133600Z.flac_221.4s_221.8s_trainstyle,dclde_DFO_CRP_NorthBc__DFOCRP.KkHK0R2F-NML1.SM2M-3.20131017_133600Z.flac,DFOCRP.KkHK0R2F-NML1.SM2M-3.20131017_133600Z.flac,DFOCRP.KkHK0R2F-NML1.SM2M-3.20131017_133600Z.flac,221.392000,221.760000,221.392000,221.760000,221.392000,0.368000,dclde_DFO_CRP_NorthBc__DFOCRP.KkHK0R2F-NML1.SM2M-3.20131017_133600Z.flac_221.4s_221.8s_trainstyle.mat,mat_files/dclde_DFO_CRP_NorthBc__DFOCRP.KkHK0R2F-NML1.SM2M-3.20131017_133600Z.flac_221.4s_221.8s_trainstyle.mat,dclde_2027_DFO_CRP_NorthBc,3287,DFO_CRP,NorthBc,DFOCRP.KkHK0R2F-NML1.SM2M-3.20131017_133600Z.flac,UndBio,confounder:undetermined_biological,,,,confounder:undetermined_biological,NA,Detection,0,NA,781.25,1093.75,dclde/2027/dclde_2027_killer_whales/dfo_crp/audio/northbc/DFOCRP.KkHK0R2F-NML1.SM2M-3.20131017_133600Z.flac,gs://noaa-passive-bioacoustic/dclde/2027/dclde_2027_killer_whales/dfo_crp/audio/northbc/DFOCRP.KkHK0R2F-NML1.SM2M-3.20131017_133600Z.flac,https://storage.googleapis.com/noaa-passive-bioacoustic/dclde/2027/dclde_2027_killer_whales/dfo_crp/audio/northbc/DFOCRP.KkHK0R2F-NML1.SM2M-3.20131017_133600Z.flac,1,reviewed_confounder,,,,,,DFO_CRP:NorthBc:DFOCRP.KkHK0R2F-NML1.SM2M-3.20131017_133600Z.flac,[],
dclde_DFO_CRP_NorthBc__DFOCRP.KkHK0R2F-NML1.SM2M-3.20131017_135100Z.flac_177.5s_177.8s_trainstyle,dclde_DFO_CRP_NorthBc__DFOCRP.KkHK0R2F-NML1.SM2M-3.20131017_135100Z.flac,DFOCRP.KkHK0R2F-NML1.SM2M-3.20131017_135100Z.flac,DFOCRP.KkHK0R2F-NML1.SM2M-3.20131017_135100Z.flac,177.519000,177.775000,177.519000,177.775000,177.519000,0.256000,dclde_DFO_CRP_NorthBc__DFOCRP.KkHK0R2F-NML1.SM2M-3.20131017_135100Z.flac_177.5s_177.8s_trainstyle.mat,mat_files/dclde_DFO_CRP_NorthBc__DFOCRP.KkHK0R2F-NML1.SM2M-3.20131017_135100Z.flac_177.5s_177.8s_trainstyle.mat,dclde_2027_DFO_CRP_NorthBc,3290,DFO_CRP,NorthBc,DFOCRP.KkHK0R2F-NML1.SM2M-3.20131017_135100Z.flac,UndBio,confounder:undetermined_biological,,,,confounder:undetermined_biological,NA,Detection,0,NA,1250,1562.5,dclde/2027/dclde_2027_killer_whales/dfo_crp/audio/northbc/DFOCRP.KkHK0R2F-NML1.SM2M-3.20131017_135100Z.flac,gs://noaa-passive-bioacoustic/dclde/2027/dclde_2027_killer_whales/dfo_crp/audio/northbc/DFOCRP.KkHK0R2F-NML1.SM2M-3.20131017_135100Z.flac,https://storage.googleapis.com/noaa-passive-bioacoustic/dclde/2027/dclde_2027_killer_whales/dfo_crp/audio/northbc/DFOCRP.KkHK0R2F-NML1.SM2M-3.20131017_135100Z.flac,1,reviewed_confounder,,,,,,DFO_CRP:NorthBc:DFOCRP.KkHK0R2F-NML1.SM2M-3.20131017_135100Z.flac,[],
dclde_DFO_CRP_WVanIsl__DFOCRP.H50bjRcb-WCV1.AURAL117LF.20110519_003000Z.flac_188.3s_188.6s_trainstyle,dclde_DFO_CRP_WVanIsl__DFOCRP.H50bjRcb-WCV1.AURAL117LF.20110519_003000Z.flac,DFOCRP.H50bjRcb-WCV1.AURAL117LF.20110519_003000Z.flac,DFOCRP.H50bjRcb-WCV1.AURAL117LF.20110519_003000Z.flac,188.343000,188.624000,188.343000,188.624000,188.343000,0.281000,dclde_DFO_CRP_WVanIsl__DFOCRP.H50bjRcb-WCV1.AURAL117LF.20110519_003000Z.flac_188.3s_188.6s_trainstyle.mat,mat_files/dclde_DFO_CRP_WVanIsl__DFOCRP.H50bjRcb-WCV1.AURAL117LF.20110519_003000Z.flac_188.3s_188.6s_trainstyle.mat,dclde_2027_DFO_CRP_WVanIsl,44819,DFO_CRP,WVanIsl,DFOCRP.H50bjRcb-WCV1.AURAL117LF.20110519_003000Z.flac,AB,confounder:abiotic,,,,confounder:abiotic,NA,Detection,0,NA,1856,2048,dclde/2027/dclde_2027_killer_whales/dfo_crp/audio/wvanisl/DFOCRP.H50bjRcb-WCV1.AURAL117LF.20110519_003000Z.flac,gs://noaa-passive-bioacoustic/dclde/2027/dclde_2027_killer_whales/dfo_crp/audio/wvanisl/DFOCRP.H50bjRcb-WCV1.AURAL117LF.20110519_003000Z.flac,https://storage.googleapis.com/noaa-passive-bioacoustic/dclde/2027/dclde_2027_killer_whales/dfo_crp/audio/wvanisl/DFOCRP.H50bjRcb-WCV1.AURAL117LF.20110519_003000Z.flac,1,reviewed_confounder,,,,,,DFO_CRP:WVanIsl:DFOCRP.H50bjRcb-WCV1.AURAL117LF.20110519_003000Z.flac,[],
dclde_DFO_CRP_WVanIsl__DFOCRP.H50bjRcb-WCV1.AURAL117LF.20110519_011500Z.flac_190.7s_191.0s_trainstyle,dclde_DFO_CRP_WVanIsl__DFOCRP.H50bjRcb-WCV1.AURAL117LF.20110519_011500Z.flac,DFOCRP.H50bjRcb-WCV1.AURAL117LF.20110519_011500Z.flac,DFOCRP.H50bjRcb-WCV1.AURAL117LF.20110519_011500Z.flac,190.718000,190.984000,190.718000,190.984000,190.718000,0.266000,dclde_DFO_CRP_WVanIsl__DFOCRP.H50bjRcb-WCV1.AURAL117LF.20110519_011500Z.flac_190.7s_191.0s_trainstyle.mat,mat_files/dclde_DFO_CRP_WVanIsl__DFOCRP.H50bjRcb-WCV1.AURAL117LF.20110519_011500Z.flac_190.7s_191.0s_trainstyle.mat,dclde_2027_DFO_CRP_WVanIsl,44820,DFO_CRP,WVanIsl,DFOCRP.H50bjRcb-WCV1.AURAL117LF.20110519_011500Z.flac,AB,confounder:abiotic,,,,confounder:abiotic,NA,Detection,0,NA,2816,3040,dclde/2027/dclde_2027_killer_whales/dfo_crp/audio/wvanisl/DFOCRP.H50bjRcb-WCV1.AURAL117LF.20110519_011500Z.flac,gs://noaa-passive-bioacoustic/dclde/2027/dclde_2027_killer_whales/dfo_crp/audio/wvanisl/DFOCRP.H50bjRcb-WCV1.AURAL117LF.20110519_011500Z.flac,https://storage.googleapis.com/noaa-passive-bioacoustic/dclde/2027/dclde_2027_killer_whales/dfo_crp/audio/wvanisl/DFOCRP.H50bjRcb-WCV1.AURAL117LF.20110519_011500Z.flac,1,reviewed_confounder,,,,,,DFO_CRP:WVanIsl:DFOCRP.H50bjRcb-WCV1.AURAL117LF.20110519_011500Z.flac,[],
dclde_DFO_CRP_WVanIsl__DFOCRP.H50bjRcb-WCV1.AURAL117LF.20110519_040000Z.flac_2.8s_3.1s_trainstyle,dclde_DFO_CRP_WVanIsl__DFOCRP.H50bjRcb-WCV1.AURAL117LF.20110519_040000Z.flac,DFOCRP.H50bjRcb-WCV1.AURAL117LF.20110519_040000Z.flac,DFOCRP.H50bjRcb-WCV1.AURAL117LF.20110519_040000Z.flac,2.781000,3.078000,2.781000,3.078000,2.781000,0.297000,dclde_DFO_CRP_WVanIsl__DFOCRP.H50bjRcb-WCV1.AURAL117LF.20110519_040000Z.flac_2.8s_3.1s_trainstyle.mat,mat_files/dclde_DFO_CRP_WVanIsl__DFOCRP.H50bjRcb-WCV1.AURAL117LF.20110519_040000Z.flac_2.8s_3.1s_trainstyle.mat,dclde_2027_DFO_CRP_WVanIsl,44821,DFO_CRP,WVanIsl,DFOCRP.H50bjRcb-WCV1.AURAL117LF.20110519_040000Z.flac,AB,confounder:abiotic,,,,confounder:abiotic,NA,Detection,0,NA,1696,1824,dclde/2027/dclde_2027_killer_whales/dfo_crp/audio/wvanisl/DFOCRP.H50bjRcb-WCV1.AURAL117LF.20110519_040000Z.flac,gs://noaa-passive-bioacoustic/dclde/2027/dclde_2027_killer_whales/dfo_crp/audio/wvanisl/DFOCRP.H50bjRcb-WCV1.AURAL117LF.20110519_040000Z.flac,https://storage.googleapis.com/noaa-passive-bioacoustic/dclde/2027/dclde_2027_killer_whales/dfo_crp/audio/wvanisl/DFOCRP.H50bjRcb-WCV1.AURAL117LF.20110519_040000Z.flac,1,reviewed_confounder,,,,,,DFO_CRP:WVanIsl:DFOCRP.H50bjRcb-WCV1.AURAL117LF.20110519_040000Z.flac,[],
dclde_DFO_CRP_WVanIsl__DFOCRP.H50bjRcb-WCV1.AURAL117LF.20110519_040000Z.flac_193.2s_193.6s_trainstyle,dclde_DFO_CRP_WVanIsl__DFOCRP.H50bjRcb-WCV1.AURAL117LF.20110519_040000Z.flac,DFOCRP.H50bjRcb-WCV1.AURAL117LF.20110519_040000Z.flac,DFOCRP.H50bjRcb-WCV1.AURAL117LF.20110519_040000Z.flac,193.217000,193.639000,193.217000,193.639000,193.217000,0.422000,dclde_DFO_CRP_WVanIsl__DFOCRP.H50bjRcb-WCV1.AURAL117LF.20110519_040000Z.flac_193.2s_193.6s_trainstyle.mat,mat_files/dclde_DFO_CRP_WVanIsl__DFOCRP.H50bjRcb-WCV1.AURAL117LF.20110519_040000Z.flac_193.2s_193.6s_trainstyle.mat,dclde_2027_DFO_CRP_WVanIsl,44822,DFO_CRP,WVanIsl,DFOCRP.H50bjRcb-WCV1.AURAL117LF.20110519_040000Z.flac,AB,confounder:abiotic,,,,confounder:abiotic,NA,Detection,0,NA,2560,2720,dclde/2027/dclde_2027_killer_whales/dfo_crp/audio/wvanisl/DFOCRP.H50bjRcb-WCV1.AURAL117LF.20110519_040000Z.flac,gs://noaa-passive-bioacoustic/dclde/2027/dclde_2027_killer_whales/dfo_crp/audio/wvanisl/DFOCRP.H50bjRcb-WCV1.AURAL117LF.20110519_040000Z.flac,https://storage.googleapis.com/noaa-passive-bioacoustic/dclde/2027/dclde_2027_killer_whales/dfo_crp/audio/wvanisl/DFOCRP.H50bjRcb-WCV1.AURAL117LF.20110519_040000Z.flac,1,reviewed_confounder,,,,,,DFO_CRP:WVanIsl:DFOCRP.H50bjRcb-WCV1.AURAL117LF.20110519_040000Z.flac,[],
dclde_DFO_CRP_WVanIsl__DFOCRP.H50bjRcb-WCV1.AURAL117LF.20110519_041500Z.flac_0.1s_0.4s_trainstyle,dclde_DFO_CRP_WVanIsl__DFOCRP.H50bjRcb-WCV1.AURAL117LF.20110519_041500Z.flac,DFOCRP.H50bjRcb-WCV1.AURAL117LF.20110519_041500Z.flac,DFOCRP.H50bjRcb-WCV1.AURAL117LF.20110519_041500Z.flac,0.062000,0.390000,0.062000,0.390000,0.062000,0.328000,dclde_DFO_CRP_WVanIsl__DFOCRP.H50bjRcb-WCV1.AURAL117LF.20110519_041500Z.flac_0.1s_0.4s_trainstyle.mat,mat_files/dclde_DFO_CRP_WVanIsl__DFOCRP.H50bjRcb-WCV1.AURAL117LF.20110519_041500Z.flac_0.1s_0.4s_trainstyle.mat,dclde_2027_DFO_CRP_WVanIsl,44823,DFO_CRP,WVanIsl,DFOCRP.H50bjRcb-WCV1.AURAL117LF.20110519_041500Z.flac,AB,confounder:abiotic,,,,confounder:abiotic,NA,Detection,0,NA,960,1056,dclde/2027/dclde_2027_killer_whales/dfo_crp/audio/wvanisl/DFOCRP.H50bjRcb-WCV1.AURAL117LF.20110519_041500Z.flac,gs://noaa-passive-bioacoustic/dclde/2027/dclde_2027_killer_whales/dfo_crp/audio/wvanisl/DFOCRP.H50bjRcb-WCV1.AURAL117LF.20110519_041500Z.flac,https://storage.googleapis.com/noaa-passive-bioacoustic/dclde/2027/dclde_2027_killer_whales/dfo_crp/audio/wvanisl/DFOCRP.H50bjRcb-WCV1.AURAL117LF.20110519_041500Z.flac,1,reviewed_confounder,,,,,,DFO_CRP:WVanIsl:DFOCRP.H50bjRcb-WCV1.AURAL117LF.20110519_041500Z.flac,[],
dclde_DFO_CRP_WVanIsl__DFOCRP.H50bjRcb-WCV1.AURAL117LF.20110519_041500Z.flac_1.0s_1.7s_trainstyle,dclde_DFO_CRP_WVanIsl__DFOCRP.H50bjRcb-WCV1.AURAL117LF.20110519_041500Z.flac,DFOCRP.H50bjRcb-WCV1.AURAL117LF.20110519_041500Z.flac,DFOCRP.H50bjRcb-WCV1.AURAL117LF.20110519_041500Z.flac,0.999000,1.671000,0.999000,1.671000,0.999000,0.672000,dclde_DFO_CRP_WVanIsl__DFOCRP.H50bjRcb-WCV1.AURAL117LF.20110519_041500Z.flac_1.0s_1.7s_trainstyle.mat,mat_files/dclde_DFO_CRP_WVanIsl__DFOCRP.H50bjRcb-WCV1.AURAL117LF.20110519_041500Z.flac_1.0s_1.7s_trainstyle.mat,dclde_2027_DFO_CRP_WVanIsl,44824,DFO_CRP,WVanIsl,DFOCRP.H50bjRcb-WCV1.AURAL117LF.20110519_041500Z.flac,AB,confounder:abiotic,,,,confounder:abiotic,NA,Detection,0,NA,2464,2624,dclde/2027/dclde_2027_killer_whales/dfo_crp/audio/wvanisl/DFOCRP.H50bjRcb-WCV1.AURAL117LF.20110519_041500Z.flac,gs://noaa-passive-bioacoustic/dclde/2027/dclde_2027_killer_whales/dfo_crp/audio/wvanisl/DFOCRP.H50bjRcb-WCV1.AURAL117LF.20110519_041500Z.flac,https://storage.googleapis.com/noaa-passive-bioacoustic/dclde/2027/dclde_2027_killer_whales/dfo_crp/audio/wvanisl/DFOCRP.H50bjRcb-WCV1.AURAL117LF.20110519_041500Z.flac,1,reviewed_confounder,,,,,,DFO_CRP:WVanIsl:DFOCRP.H50bjRcb-WCV1.AURAL117LF.20110519_041500Z.flac,[],
dclde_DFO_CRP_WVanIsl__DFOCRP.H50bjRcb-WCV1.AURAL117LF.20110519_041500Z.flac_194.4s_194.7s_trainstyle,dclde_DFO_CRP_WVanIsl__DFOCRP.H50bjRcb-WCV1.AURAL117LF.20110519_041500Z.flac,DFOCRP.H50bjRcb-WCV1.AURAL117LF.20110519_041500Z.flac,DFOCRP.H50bjRcb-WCV1.AURAL117LF.20110519_041500Z.flac,194.375000,194.688000,194.375000,194.688000,194.375000,0.313000,dclde_DFO_CRP_WVanIsl__DFOCRP.H50bjRcb-WCV1.AURAL117LF.20110519_041500Z.flac_194.4s_194.7s_trainstyle.mat,mat_files/dclde_DFO_CRP_WVanIsl__DFOCRP.H50bjRcb-WCV1.AURAL117LF.20110519_041500Z.flac_194.4s_194.7s_trainstyle.mat,dclde_2027_DFO_CRP_WVanIsl,44825,DFO_CRP,WVanIsl,DFOCRP.H50bjRcb-WCV1.AURAL117LF.20110519_041500Z.flac,AB,confounder:abiotic,,,,confounder:abiotic,NA,Detection,0,NA,1408,1600,dclde/2027/dclde_2027_killer_whales/dfo_crp/audio/wvanisl/DFOCRP.H50bjRcb-WCV1.AURAL117LF.20110519_041500Z.flac,gs://noaa-passive-bioacoustic/dclde/2027/dclde_2027_killer_whales/dfo_crp/audio/wvanisl/DFOCRP.H50bjRcb-WCV1.AURAL117LF.20110519_041500Z.flac,https://storage.googleapis.com/noaa-passive-bioacoustic/dclde/2027/dclde_2027_killer_whales/dfo_crp/audio/wvanisl/DFOCRP.H50bjRcb-WCV1.AURAL117LF.20110519_041500Z.flac,1,reviewed_confounder,,,,,,DFO_CRP:WVanIsl:DFOCRP.H50bjRcb-WCV1.AURAL117LF.20110519_041500Z.flac,[],
dclde_DFO_CRP_WVanIsl__DFOCRP.H50bjRcb-WCV1.AURAL117LF.20110519_043000Z.flac_0.1s_0.4s_trainstyle,dclde_DFO_CRP_WVanIsl__DFOCRP.H50bjRcb-WCV1.AURAL117LF.20110519_043000Z.flac,DFOCRP.H50bjRcb-WCV1.AURAL117LF.20110519_043000Z.flac,DFOCRP.H50bjRcb-WCV1.AURAL117LF.20110519_043000Z.flac,0.141000,0.422000,0.141000,0.422000,0.141000,0.281000,dclde_DFO_CRP_WVanIsl__DFOCRP.H50bjRcb-WCV1.AURAL117LF.20110519_043000Z.flac_0.1s_0.4s_trainstyle.mat,mat_files/dclde_DFO_CRP_WVanIsl__DFOCRP.H50bjRcb-WCV1.AURAL117LF.20110519_043000Z.flac_0.1s_0.4s_trainstyle.mat,dclde_2027_DFO_CRP_WVanIsl,44826,DFO_CRP,WVanIsl,DFOCRP.H50bjRcb-WCV1.AURAL117LF.20110519_043000Z.flac,AB,confounder:abiotic,,,,confounder:abiotic,NA,Detection,0,NA,800,1088,dclde/2027/dclde_2027_killer_whales/dfo_crp/audio/wvanisl/DFOCRP.H50bjRcb-WCV1.AURAL117LF.20110519_043000Z.flac,gs://noaa-passive-bioacoustic/dclde/2027/dclde_2027_killer_whales/dfo_crp/audio/wvanisl/DFOCRP.H50bjRcb-WCV1.AURAL117LF.20110519_043000Z.flac,https://storage.googleapis.com/noaa-passive-bioacoustic/dclde/2027/dclde_2027_killer_whales/dfo_crp/audio/wvanisl/DFOCRP.H50bjRcb-WCV1.AURAL117LF.20110519_043000Z.flac,1,reviewed_confounder,,,,,,DFO_CRP:WVanIsl:DFOCRP.H50bjRcb-WCV1.AURAL117LF.20110519_043000Z.flac,[],
dclde_DFO_CRP_WVanIsl__DFOCRP.H50bjRcb-WCV1.AURAL117LF.20110519_070000Z.flac_13.2s_13.5s_trainstyle,dclde_DFO_CRP_WVanIsl__DFOCRP.H50bjRcb-WCV1.AURAL117LF.20110519_070000Z.flac,DFOCRP.H50bjRcb-WCV1.AURAL117LF.20110519_070000Z.flac,DFOCRP.H50bjRcb-WCV1.AURAL117LF.20110519_070000Z.flac,13.187000,13.468000,13.187000,13.468000,13.187000,0.281000,dclde_DFO_CRP_WVanIsl__DFOCRP.H50bjRcb-WCV1.AURAL117LF.20110519_070000Z.flac_13.2s_13.5s_trainstyle.mat,mat_files/dclde_DFO_CRP_WVanIsl__DFOCRP.H50bjRcb-WCV1.AURAL117LF.20110519_070000Z.flac_13.2s_13.5s_trainstyle.mat,dclde_2027_DFO_CRP_WVanIsl,45424,DFO_CRP,WVanIsl,DFOCRP.H50bjRcb-WCV1.AURAL117LF.20110519_070000Z.flac,AB,confounder:abiotic,,,,confounder:abiotic,NA,Detection,0,NA,1408,1568,dclde/2027/dclde_2027_killer_whales/dfo_crp/audio/wvanisl/DFOCRP.H50bjRcb-WCV1.AURAL117LF.20110519_070000Z.flac,gs://noaa-passive-bioacoustic/dclde/2027/dclde_2027_killer_whales/dfo_crp/audio/wvanisl/DFOCRP.H50bjRcb-WCV1.AURAL117LF.20110519_070000Z.flac,https://storage.googleapis.com/noaa-passive-bioacoustic/dclde/2027/dclde_2027_killer_whales/dfo_crp/audio/wvanisl/DFOCRP.H50bjRcb-WCV1.AURAL117LF.20110519_070000Z.flac,1,reviewed_confounder,,,,,,DFO_CRP:WVanIsl:DFOCRP.H50bjRcb-WCV1.AURAL117LF.20110519_070000Z.flac,[],
dclde_DFO_CRP_WVanIsl__DFOCRP.H50bjRcb-WCV1.AURAL117LF.20110620_233000Z.flac_34.1s_34.4s_trainstyle,dclde_DFO_CRP_WVanIsl__DFOCRP.H50bjRcb-WCV1.AURAL117LF.20110620_233000Z.flac,DFOCRP.H50bjRcb-WCV1.AURAL117LF.20110620_233000Z.flac,DFOCRP.H50bjRcb-WCV1.AURAL117LF.20110620_233000Z.flac,34.108000,34.374000,34.108000,34.374000,34.108000,0.266000,dclde_DFO_CRP_WVanIsl__DFOCRP.H50bjRcb-WCV1.AURAL117LF.20110620_233000Z.flac_34.1s_34.4s_trainstyle.mat,mat_files/dclde_DFO_CRP_WVanIsl__DFOCRP.H50bjRcb-WCV1.AURAL117LF.20110620_233000Z.flac_34.1s_34.4s_trainstyle.mat,dclde_2027_DFO_CRP_WVanIsl,46467,DFO_CRP,WVanIsl,DFOCRP.H50bjRcb-WCV1.AURAL117LF.20110620_233000Z.flac,UndBio,confounder:undetermined_biological,,,,confounder:undetermined_biological,NA,Detection,0,NA,3328,3520,dclde/2027/dclde_2027_killer_whales/dfo_crp/audio/wvanisl/DFOCRP.H50bjRcb-WCV1.AURAL117LF.20110620_233000Z.flac,gs://noaa-passive-bioacoustic/dclde/2027/dclde_2027_killer_whales/dfo_crp/audio/wvanisl/DFOCRP.H50bjRcb-WCV1.AURAL117LF.20110620_233000Z.flac,https://storage.googleapis.com/noaa-passive-bioacoustic/dclde/2027/dclde_2027_killer_whales/dfo_crp/audio/wvanisl/DFOCRP.H50bjRcb-WCV1.AURAL117LF.20110620_233000Z.flac,1,reviewed_confounder,,,,,,DFO_CRP:WVanIsl:DFOCRP.H50bjRcb-WCV1.AURAL117LF.20110620_233000Z.flac,[],
dclde_DFO_CRP_WVanIsl__DFOCRP.H50bjRcb-WCV1.AURAL117LF.20110705_223000Z.flac_195.3s_195.5s_trainstyle,dclde_DFO_CRP_WVanIsl__DFOCRP.H50bjRcb-WCV1.AURAL117LF.20110705_223000Z.flac,DFOCRP.H50bjRcb-WCV1.AURAL117LF.20110705_223000Z.flac,DFOCRP.H50bjRcb-WCV1.AURAL117LF.20110705_223000Z.flac,195.265000,195.531000,195.265000,195.531000,195.265000,0.266000,dclde_DFO_CRP_WVanIsl__DFOCRP.H50bjRcb-WCV1.AURAL117LF.20110705_223000Z.flac_195.3s_195.5s_trainstyle.mat,mat_files/dclde_DFO_CRP_WVanIsl__DFOCRP.H50bjRcb-WCV1.AURAL117LF.20110705_223000Z.flac_195.3s_195.5s_trainstyle.mat,dclde_2027_DFO_CRP_WVanIsl,47281,DFO_CRP,WVanIsl,DFOCRP.H50bjRcb-WCV1.AURAL117LF.20110705_223000Z.flac,UndBio,confounder:undetermined_biological,,,,confounder:undetermined_biological,NA,Detection,0,NA,2400,2816,dclde/2027/dclde_2027_killer_whales/dfo_crp/audio/wvanisl/DFOCRP.H50bjRcb-WCV1.AURAL117LF.20110705_223000Z.flac,gs://noaa-passive-bioacoustic/dclde/2027/dclde_2027_killer_whales/dfo_crp/audio/wvanisl/DFOCRP.H50bjRcb-WCV1.AURAL117LF.20110705_223000Z.flac,https://storage.googleapis.com/noaa-passive-bioacoustic/dclde/2027/dclde_2027_killer_whales/dfo_crp/audio/wvanisl/DFOCRP.H50bjRcb-WCV1.AURAL117LF.20110705_223000Z.flac,1,reviewed_confounder,,,,,,DFO_CRP:WVanIsl:DFOCRP.H50bjRcb-WCV1.AURAL117LF.20110705_223000Z.flac,[],
dclde_DFO_CRP_WVanIsl__DFOCRP.H50bjRcb-WCV1.AURAL117LF.20110706_223000Z.flac_1.7s_2.0s_trainstyle,dclde_DFO_CRP_WVanIsl__DFOCRP.H50bjRcb-WCV1.AURAL117LF.20110706_223000Z.flac,DFOCRP.H50bjRcb-WCV1.AURAL117LF.20110706_223000Z.flac,DFOCRP.H50bjRcb-WCV1.AURAL117LF.20110706_223000Z.flac,1.671000,1.968000,1.671000,1.968000,1.671000,0.297000,dclde_DFO_CRP_WVanIsl__DFOCRP.H50bjRcb-WCV1.AURAL117LF.20110706_223000Z.flac_1.7s_2.0s_trainstyle.mat,mat_files/dclde_DFO_CRP_WVanIsl__DFOCRP.H50bjRcb-WCV1.AURAL117LF.20110706_223000Z.flac_1.7s_2.0s_trainstyle.mat,dclde_2027_DFO_CRP_WVanIsl,47334,DFO_CRP,WVanIsl,DFOCRP.H50bjRcb-WCV1.AURAL117LF.20110706_223000Z.flac,UndBio,confounder:undetermined_biological,,,,confounder:undetermined_biological,NA,Detection,0,NA,7392,7552,dclde/2027/dclde_2027_killer_whales/dfo_crp/audio/wvanisl/DFOCRP.H50bjRcb-WCV1.AURAL117LF.20110706_223000Z.flac,gs://noaa-passive-bioacoustic/dclde/2027/dclde_2027_killer_whales/dfo_crp/audio/wvanisl/DFOCRP.H50bjRcb-WCV1.AURAL117LF.20110706_223000Z.flac,https://storage.googleapis.com/noaa-passive-bioacoustic/dclde/2027/dclde_2027_killer_whales/dfo_crp/audio/wvanisl/DFOCRP.H50bjRcb-WCV1.AURAL117LF.20110706_223000Z.flac,1,reviewed_confounder,,,,,,DFO_CRP:WVanIsl:DFOCRP.H50bjRcb-WCV1.AURAL117LF.20110706_223000Z.flac,[],
dclde_DFO_CRP_WVanIsl__DFOCRP.H50bjRcb-WCV1.AURAL117LF.20110706_223000Z.flac_20.0s_20.3s_trainstyle,dclde_DFO_CRP_WVanIsl__DFOCRP.H50bjRcb-WCV1.AURAL117LF.20110706_223000Z.flac,DFOCRP.H50bjRcb-WCV1.AURAL117LF.20110706_223000Z.flac,DFOCRP.H50bjRcb-WCV1.AURAL117LF.20110706_223000Z.flac,20.015000,20.328000,20.015000,20.328000,20.015000,0.313000,dclde_DFO_CRP_WVanIsl__DFOCRP.H50bjRcb-WCV1.AURAL117LF.20110706_223000Z.flac_20.0s_20.3s_trainstyle.mat,mat_files/dclde_DFO_CRP_WVanIsl__DFOCRP.H50bjRcb-WCV1.AURAL117LF.20110706_223000Z.flac_20.0s_20.3s_trainstyle.mat,dclde_2027_DFO_CRP_WVanIsl,47335,DFO_CRP,WVanIsl,DFOCRP.H50bjRcb-WCV1.AURAL117LF.20110706_223000Z.flac,UndBio,confounder:undetermined_biological,,,,confounder:undetermined_biological,NA,Detection,0,NA,7456,7552,dclde/2027/dclde_2027_killer_whales/dfo_crp/audio/wvanisl/DFOCRP.H50bjRcb-WCV1.AURAL117LF.20110706_223000Z.flac,gs://noaa-passive-bioacoustic/dclde/2027/dclde_2027_killer_whales/dfo_crp/audio/wvanisl/DFOCRP.H50bjRcb-WCV1.AURAL117LF.20110706_223000Z.flac,https://storage.googleapis.com/noaa-passive-bioacoustic/dclde/2027/dclde_2027_killer_whales/dfo_crp/audio/wvanisl/DFOCRP.H50bjRcb-WCV1.AURAL117LF.20110706_223000Z.flac,1,reviewed_confounder,,,,,,DFO_CRP:WVanIsl:DFOCRP.H50bjRcb-WCV1.AURAL117LF.20110706_223000Z.flac,[],
dclde_DFO_CRP_WVanIsl__DFOCRP.H50bjRcb-WCV1.AURAL117LF.20110706_223000Z.flac_45.3s_45.9s_trainstyle,dclde_DFO_CRP_WVanIsl__DFOCRP.H50bjRcb-WCV1.AURAL117LF.20110706_223000Z.flac,DFOCRP.H50bjRcb-WCV1.AURAL117LF.20110706_223000Z.flac,DFOCRP.H50bjRcb-WCV1.AURAL117LF.20110706_223000Z.flac,45.329000,45.876000,45.329000,45.876000,45.329000,0.547000,dclde_DFO_CRP_WVanIsl__DFOCRP.H50bjRcb-WCV1.AURAL117LF.20110706_223000Z.flac_45.3s_45.9s_trainstyle.mat,mat_files/dclde_DFO_CRP_WVanIsl__DFOCRP.H50bjRcb-WCV1.AURAL117LF.20110706_223000Z.flac_45.3s_45.9s_trainstyle.mat,dclde_2027_DFO_CRP_WVanIsl,47336,DFO_CRP,WVanIsl,DFOCRP.H50bjRcb-WCV1.AURAL117LF.20110706_223000Z.flac,UndBio,confounder:undetermined_biological,,,,confounder:undetermined_biological,NA,Detection,0,NA,7424,7552,dclde/2027/dclde_2027_killer_whales/dfo_crp/audio/wvanisl/DFOCRP.H50bjRcb-WCV1.AURAL117LF.20110706_223000Z.flac,gs://noaa-passive-bioacoustic/dclde/2027/dclde_2027_killer_whales/dfo_crp/audio/wvanisl/DFOCRP.H50bjRcb-WCV1.AURAL117LF.20110706_223000Z.flac,https://storage.googleapis.com/noaa-passive-bioacoustic/dclde/2027/dclde_2027_killer_whales/dfo_crp/audio/wvanisl/DFOCRP.H50bjRcb-WCV1.AURAL117LF.20110706_223000Z.flac,1,reviewed_confounder,,,,,,DFO_CRP:WVanIsl:DFOCRP.H50bjRcb-WCV1.AURAL117LF.20110706_223000Z.flac,[],
dclde_DFO_CRP_WVanIsl__DFOCRP.H50bjRcb-WCV1.AURAL117LF.20110706_223000Z.flac_56.8s_57.4s_trainstyle,dclde_DFO_CRP_WVanIsl__DFOCRP.H50bjRcb-WCV1.AURAL117LF.20110706_223000Z.flac,DFOCRP.H50bjRcb-WCV1.AURAL117LF.20110706_223000Z.flac,DFOCRP.H50bjRcb-WCV1.AURAL117LF.20110706_223000Z.flac,56.828000,57.359000,56.828000,57.359000,56.828000,0.531000,dclde_DFO_CRP_WVanIsl__DFOCRP.H50bjRcb-WCV1.AURAL117LF.20110706_223000Z.flac_56.8s_57.4s_trainstyle.mat,mat_files/dclde_DFO_CRP_WVanIsl__DFOCRP.H50bjRcb-WCV1.AURAL117LF.20110706_223000Z.flac_56.8s_57.4s_trainstyle.mat,dclde_2027_DFO_CRP_WVanIsl,47337,DFO_CRP,WVanIsl,DFOCRP.H50bjRcb-WCV1.AURAL117LF.20110706_223000Z.flac,UndBio,confounder:undetermined_biological,,,,confounder:undetermined_biological,NA,Detection,0,NA,7424,7552,dclde/2027/dclde_2027_killer_whales/dfo_crp/audio/wvanisl/DFOCRP.H50bjRcb-WCV1.AURAL117LF.20110706_223000Z.flac,gs://noaa-passive-bioacoustic/dclde/2027/dclde_2027_killer_whales/dfo_crp/audio/wvanisl/DFOCRP.H50bjRcb-WCV1.AURAL117LF.20110706_223000Z.flac,https://storage.googleapis.com/noaa-passive-bioacoustic/dclde/2027/dclde_2027_killer_whales/dfo_crp/audio/wvanisl/DFOCRP.H50bjRcb-WCV1.AURAL117LF.20110706_223000Z.flac,1,reviewed_confounder,,,,,,DFO_CRP:WVanIsl:DFOCRP.H50bjRcb-WCV1.AURAL117LF.20110706_223000Z.flac,[],
dclde_DFO_CRP_WVanIsl__DFOCRP.H50bjRcb-WCV1.AURAL117LF.20110716_054500Z.flac_154.3s_154.7s_trainstyle,dclde_DFO_CRP_WVanIsl__DFOCRP.H50bjRcb-WCV1.AURAL117LF.20110716_054500Z.flac,DFOCRP.H50bjRcb-WCV1.AURAL117LF.20110716_054500Z.flac,DFOCRP.H50bjRcb-WCV1.AURAL117LF.20110716_054500Z.flac,154.344000,154.749000,154.344000,154.749000,154.344000,0.405000,dclde_DFO_CRP_WVanIsl__DFOCRP.H50bjRcb-WCV1.AURAL117LF.20110716_054500Z.flac_154.3s_154.7s_trainstyle.mat,mat_files/dclde_DFO_CRP_WVanIsl__DFOCRP.H50bjRcb-WCV1.AURAL117LF.20110716_054500Z.flac_154.3s_154.7s_trainstyle.mat,dclde_2027_DFO_CRP_WVanIsl,47422,DFO_CRP,WVanIsl,DFOCRP.H50bjRcb-WCV1.AURAL117LF.20110716_054500Z.flac,UndBio,confounder:undetermined_biological,,,,confounder:undetermined_biological,NA,Detection,0,NA,5152,5536,dclde/2027/dclde_2027_killer_whales/dfo_crp/audio/wvanisl/DFOCRP.H50bjRcb-WCV1.AURAL117LF.20110716_054500Z.flac,gs://noaa-passive-bioacoustic/dclde/2027/dclde_2027_killer_whales/dfo_crp/audio/wvanisl/DFOCRP.H50bjRcb-WCV1.AURAL117LF.20110716_054500Z.flac,https://storage.googleapis.com/noaa-passive-bioacoustic/dclde/2027/dclde_2027_killer_whales/dfo_crp/audio/wvanisl/DFOCRP.H50bjRcb-WCV1.AURAL117LF.20110716_054500Z.flac,1,reviewed_confounder,,,,,,DFO_CRP:WVanIsl:DFOCRP.H50bjRcb-WCV1.AURAL117LF.20110716_054500Z.flac,[],
dclde_DFO_CRP_WVanIsl__DFOCRP.H50bjRcb-WCV1.AURAL117LF.20110716_150000Z.flac_149.1s_149.4s_trainstyle,dclde_DFO_CRP_WVanIsl__DFOCRP.H50bjRcb-WCV1.AURAL117LF.20110716_150000Z.flac,DFOCRP.H50bjRcb-WCV1.AURAL117LF.20110716_150000Z.flac,DFOCRP.H50bjRcb-WCV1.AURAL117LF.20110716_150000Z.flac,149.062000,149.437000,149.062000,149.437000,149.062000,0.375000,dclde_DFO_CRP_WVanIsl__DFOCRP.H50bjRcb-WCV1.AURAL117LF.20110716_150000Z.flac_149.1s_149.4s_trainstyle.mat,mat_files/dclde_DFO_CRP_WVanIsl__DFOCRP.H50bjRcb-WCV1.AURAL117LF.20110716_150000Z.flac_149.1s_149.4s_trainstyle.mat,dclde_2027_DFO_CRP_WVanIsl,47438,DFO_CRP,WVanIsl,DFOCRP.H50bjRcb-WCV1.AURAL117LF.20110716_150000Z.flac,UndBio,confounder:undetermined_biological,,,,confounder:undetermined_biological,NA,Detection,0,NA,2400,2560,dclde/2027/dclde_2027_killer_whales/dfo_crp/audio/wvanisl/DFOCRP.H50bjRcb-WCV1.AURAL117LF.20110716_150000Z.flac,gs://noaa-passive-bioacoustic/dclde/2027/dclde_2027_killer_whales/dfo_crp/audio/wvanisl/DFOCRP.H50bjRcb-WCV1.AURAL117LF.20110716_150000Z.flac,https://storage.googleapis.com/noaa-passive-bioacoustic/dclde/2027/dclde_2027_killer_whales/dfo_crp/audio/wvanisl/DFOCRP.H50bjRcb-WCV1.AURAL117LF.20110716_150000Z.flac,1,reviewed_confounder,,,,,,DFO_CRP:WVanIsl:DFOCRP.H50bjRcb-WCV1.AURAL117LF.20110716_150000Z.flac,[],
dclde_DFO_WDLP_CarmanahPt__ST6249.220308201042.wav_50.9s_51.3s_trainstyle,dclde_DFO_WDLP_CarmanahPt__ST6249.220308201042.wav,ST6249.220308201042.wav,ST6249.220308201042.wav,50.922000,51.327000,50.922000,51.327000,50.922000,0.405000,dclde_DFO_WDLP_CarmanahPt__ST6249.220308201042.wav_50.9s_51.3s_trainstyle.mat,mat_files/dclde_DFO_WDLP_CarmanahPt__ST6249.220308201042.wav_50.9s_51.3s_trainstyle.mat,dclde_2027_DFO_WDLP_CarmanahPt,159050,DFO_WDLP,CarmanahPt,ST6249.220308201042.wav,AB,confounder:abiotic,,,,confounder:abiotic,NA,Detection,0,NA,187,257,dclde/2027/dclde_2027_killer_whales/dfo_wdlp/audio/carmanahpt/ST6249.220308201042.wav,gs://noaa-passive-bioacoustic/dclde/2027/dclde_2027_killer_whales/dfo_wdlp/audio/carmanahpt/ST6249.220308201042.wav,https://storage.googleapis.com/noaa-passive-bioacoustic/dclde/2027/dclde_2027_killer_whales/dfo_wdlp/audio/carmanahpt/ST6249.220308201042.wav,1,reviewed_confounder,,,,,,DFO_WDLP:CarmanahPt:ST6249.220308201042.wav,[],
dclde_DFO_WDLP_CarmanahPt__ST6249.220428094625.wav_139.3s_139.7s_trainstyle,dclde_DFO_WDLP_CarmanahPt__ST6249.220428094625.wav,ST6249.220428094625.wav,ST6249.220428094625.wav,139.264000,139.690000,139.264000,139.690000,139.264000,0.426000,dclde_DFO_WDLP_CarmanahPt__ST6249.220428094625.wav_139.3s_139.7s_trainstyle.mat,mat_files/dclde_DFO_WDLP_CarmanahPt__ST6249.220428094625.wav_139.3s_139.7s_trainstyle.mat,dclde_2027_DFO_WDLP_CarmanahPt,159666,DFO_WDLP,CarmanahPt,ST6249.220428094625.wav,UndBio,confounder:undetermined_biological,,,,confounder:undetermined_biological,NA,Detection,0,NA,10218,10476,dclde/2027/dclde_2027_killer_whales/dfo_wdlp/audio/carmanahpt/ST6249.220428094625.wav,gs://noaa-passive-bioacoustic/dclde/2027/dclde_2027_killer_whales/dfo_wdlp/audio/carmanahpt/ST6249.220428094625.wav,https://storage.googleapis.com/noaa-passive-bioacoustic/dclde/2027/dclde_2027_killer_whales/dfo_wdlp/audio/carmanahpt/ST6249.220428094625.wav,1,reviewed_confounder,,,,,,DFO_WDLP:CarmanahPt:ST6249.220428094625.wav,[],
dclde_DFO_WDLP_CarmanahPt__ST6249.220428095525.wav_143.2s_143.6s_trainstyle,dclde_DFO_WDLP_CarmanahPt__ST6249.220428095525.wav,ST6249.220428095525.wav,ST6249.220428095525.wav,143.210000,143.615000,143.210000,143.615000,143.210000,0.405000,dclde_DFO_WDLP_CarmanahPt__ST6249.220428095525.wav_143.2s_143.6s_trainstyle.mat,mat_files/dclde_DFO_WDLP_CarmanahPt__ST6249.220428095525.wav_143.2s_143.6s_trainstyle.mat,dclde_2027_DFO_WDLP_CarmanahPt,159667,DFO_WDLP,CarmanahPt,ST6249.220428095525.wav,UndBio,confounder:undetermined_biological,,,,confounder:undetermined_biological,NA,Detection,0,NA,4312,4453,dclde/2027/dclde_2027_killer_whales/dfo_wdlp/audio/carmanahpt/ST6249.220428095525.wav,gs://noaa-passive-bioacoustic/dclde/2027/dclde_2027_killer_whales/dfo_wdlp/audio/carmanahpt/ST6249.220428095525.wav,https://storage.googleapis.com/noaa-passive-bioacoustic/dclde/2027/dclde_2027_killer_whales/dfo_wdlp/audio/carmanahpt/ST6249.220428095525.wav,1,reviewed_confounder,,,,,,DFO_WDLP:CarmanahPt:ST6249.220428095525.wav,[],
dclde_DFO_WDLP_CarmanahPt__ST6249.220428101325.wav_59.0s_59.4s_trainstyle,dclde_DFO_WDLP_CarmanahPt__ST6249.220428101325.wav,ST6249.220428101325.wav,ST6249.220428101325.wav,59.029000,59.391000,59.029000,59.391000,59.029000,0.362000,dclde_DFO_WDLP_CarmanahPt__ST6249.220428101325.wav_59.0s_59.4s_trainstyle.mat,mat_files/dclde_DFO_WDLP_CarmanahPt__ST6249.220428101325.wav_59.0s_59.4s_trainstyle.mat,dclde_2027_DFO_WDLP_CarmanahPt,159668,DFO_WDLP,CarmanahPt,ST6249.220428101325.wav,UndBio,confounder:undetermined_biological,,,,confounder:undetermined_biological,NA,Detection,0,NA,4171,4382,dclde/2027/dclde_2027_killer_whales/dfo_wdlp/audio/carmanahpt/ST6249.220428101325.wav,gs://noaa-passive-bioacoustic/dclde/2027/dclde_2027_killer_whales/dfo_wdlp/audio/carmanahpt/ST6249.220428101325.wav,https://storage.googleapis.com/noaa-passive-bioacoustic/dclde/2027/dclde_2027_killer_whales/dfo_wdlp/audio/carmanahpt/ST6249.220428101325.wav,1,reviewed_confounder,,,,,,DFO_WDLP:CarmanahPt:ST6249.220428101325.wav,[],
dclde_DFO_WDLP_CarmanahPt__ST6249.220428101325.wav_105.0s_105.4s_trainstyle,dclde_DFO_WDLP_CarmanahPt__ST6249.220428101325.wav,ST6249.220428101325.wav,ST6249.220428101325.wav,104.982000,105.408000,104.982000,105.408000,104.982000,0.426000,dclde_DFO_WDLP_CarmanahPt__ST6249.220428101325.wav_105.0s_105.4s_trainstyle.mat,mat_files/dclde_DFO_WDLP_CarmanahPt__ST6249.220428101325.wav_105.0s_105.4s_trainstyle.mat,dclde_2027_DFO_WDLP_CarmanahPt,159669,DFO_WDLP,CarmanahPt,ST6249.220428101325.wav,UndBio,confounder:undetermined_biological,,,,confounder:undetermined_biological,NA,Detection,0,NA,4054,4335,dclde/2027/dclde_2027_killer_whales/dfo_wdlp/audio/carmanahpt/ST6249.220428101325.wav,gs://noaa-passive-bioacoustic/dclde/2027/dclde_2027_killer_whales/dfo_wdlp/audio/carmanahpt/ST6249.220428101325.wav,https://storage.googleapis.com/noaa-passive-bioacoustic/dclde/2027/dclde_2027_killer_whales/dfo_wdlp/audio/carmanahpt/ST6249.220428101325.wav,1,reviewed_confounder,,,,,,DFO_WDLP:CarmanahPt:ST6249.220428101325.wav,[],
dclde_DFO_WDLP_CarmanahPt__ST6249.220428101325.wav_113.7s_114.4s_trainstyle,dclde_DFO_WDLP_CarmanahPt__ST6249.220428101325.wav,ST6249.220428101325.wav,ST6249.220428101325.wav,113.727000,114.367000,113.727000,114.367000,113.727000,0.640000,dclde_DFO_WDLP_CarmanahPt__ST6249.220428101325.wav_113.7s_114.4s_trainstyle.mat,mat_files/dclde_DFO_WDLP_CarmanahPt__ST6249.220428101325.wav_113.7s_114.4s_trainstyle.mat,dclde_2027_DFO_WDLP_CarmanahPt,159670,DFO_WDLP,CarmanahPt,ST6249.220428101325.wav,UndBio,confounder:undetermined_biological,,,,confounder:undetermined_biological,NA,Detection,0,NA,4054,4570,dclde/2027/dclde_2027_killer_whales/dfo_wdlp/audio/carmanahpt/ST6249.220428101325.wav,gs://noaa-passive-bioacoustic/dclde/2027/dclde_2027_killer_whales/dfo_wdlp/audio/carmanahpt/ST6249.220428101325.wav,https://storage.googleapis.com/noaa-passive-bioacoustic/dclde/2027/dclde_2027_killer_whales/dfo_wdlp/audio/carmanahpt/ST6249.220428101325.wav,1,reviewed_confounder,,,,,,DFO_WDLP:CarmanahPt:ST6249.220428101325.wav,[],
dclde_DFO_WDLP_CarmanahPt__ST6249.220428103425.wav_95.3s_95.7s_trainstyle,dclde_DFO_WDLP_CarmanahPt__ST6249.220428103425.wav,ST6249.220428103425.wav,ST6249.220428103425.wav,95.317000,95.679000,95.317000,95.679000,95.317000,0.362000,dclde_DFO_WDLP_CarmanahPt__ST6249.220428103425.wav_95.3s_95.7s_trainstyle.mat,mat_files/dclde_DFO_WDLP_CarmanahPt__ST6249.220428103425.wav_95.3s_95.7s_trainstyle.mat,dclde_2027_DFO_WDLP_CarmanahPt,159671,DFO_WDLP,CarmanahPt,ST6249.220428103425.wav,UndBio,confounder:undetermined_biological,,,,confounder:undetermined_biological,NA,Detection,0,NA,8343,8835,dclde/2027/dclde_2027_killer_whales/dfo_wdlp/audio/carmanahpt/ST6249.220428103425.wav,gs://noaa-passive-bioacoustic/dclde/2027/dclde_2027_killer_whales/dfo_wdlp/audio/carmanahpt/ST6249.220428103425.wav,https://storage.googleapis.com/noaa-passive-bioacoustic/dclde/2027/dclde_2027_killer_whales/dfo_wdlp/audio/carmanahpt/ST6249.220428103425.wav,1,reviewed_confounder,,,,,,DFO_WDLP:CarmanahPt:ST6249.220428103425.wav,[],
dclde_DFO_WDLP_CarmanahPt__ST6249.220428103425.wav_118.7s_119.0s_trainstyle,dclde_DFO_WDLP_CarmanahPt__ST6249.220428103425.wav,ST6249.220428103425.wav,ST6249.220428103425.wav,118.655000,118.996000,118.655000,118.996000,118.655000,0.341000,dclde_DFO_WDLP_CarmanahPt__ST6249.220428103425.wav_118.7s_119.0s_trainstyle.mat,mat_files/dclde_DFO_WDLP_CarmanahPt__ST6249.220428103425.wav_118.7s_119.0s_trainstyle.mat,dclde_2027_DFO_WDLP_CarmanahPt,159672,DFO_WDLP,CarmanahPt,ST6249.220428103425.wav,UndBio,confounder:undetermined_biological,,,,confounder:undetermined_biological,NA,Detection,0,NA,7078,7265,dclde/2027/dclde_2027_killer_whales/dfo_wdlp/audio/carmanahpt/ST6249.220428103425.wav,gs://noaa-passive-bioacoustic/dclde/2027/dclde_2027_killer_whales/dfo_wdlp/audio/carmanahpt/ST6249.220428103425.wav,https://storage.googleapis.com/noaa-passive-bioacoustic/dclde/2027/dclde_2027_killer_whales/dfo_wdlp/audio/carmanahpt/ST6249.220428103425.wav,1,reviewed_confounder,,,,,,DFO_WDLP:CarmanahPt:ST6249.220428103425.wav,[],
dclde_DFO_WDLP_CarmanahPt__ST6249.220428103425.wav_154.4s_154.9s_trainstyle,dclde_DFO_WDLP_CarmanahPt__ST6249.220428103425.wav,ST6249.220428103425.wav,ST6249.220428103425.wav,154.431000,154.879000,154.431000,154.879000,154.431000,0.448000,dclde_DFO_WDLP_CarmanahPt__ST6249.220428103425.wav_154.4s_154.9s_trainstyle.mat,mat_files/dclde_DFO_WDLP_CarmanahPt__ST6249.220428103425.wav_154.4s_154.9s_trainstyle.mat,dclde_2027_DFO_WDLP_CarmanahPt,159673,DFO_WDLP,CarmanahPt,ST6249.220428103425.wav,UndBio,confounder:undetermined_biological,,,,confounder:undetermined_biological,NA,Detection,0,NA,6351,6468,dclde/2027/dclde_2027_killer_whales/dfo_wdlp/audio/carmanahpt/ST6249.220428103425.wav,gs://noaa-passive-bioacoustic/dclde/2027/dclde_2027_killer_whales/dfo_wdlp/audio/carmanahpt/ST6249.220428103425.wav,https://storage.googleapis.com/noaa-passive-bioacoustic/dclde/2027/dclde_2027_killer_whales/dfo_wdlp/audio/carmanahpt/ST6249.220428103425.wav,1,reviewed_confounder,,,,,,DFO_WDLP:CarmanahPt:ST6249.220428103425.wav,[],
dclde_DFO_WDLP_CarmanahPt__ST6249.220617113905.wav_127.8s_128.2s_trainstyle,dclde_DFO_WDLP_CarmanahPt__ST6249.220617113905.wav,ST6249.220617113905.wav,ST6249.220617113905.wav,127.828000,128.212000,127.828000,128.212000,127.828000,0.384000,dclde_DFO_WDLP_CarmanahPt__ST6249.220617113905.wav_127.8s_128.2s_trainstyle.mat,mat_files/dclde_DFO_WDLP_CarmanahPt__ST6249.220617113905.wav_127.8s_128.2s_trainstyle.mat,dclde_2027_DFO_WDLP_CarmanahPt,159706,DFO_WDLP,CarmanahPt,ST6249.220617113905.wav,AB,confounder:abiotic,,,,confounder:abiotic,NA,Detection,0,NA,820,890,dclde/2027/dclde_2027_killer_whales/dfo_wdlp/audio/carmanahpt/ST6249.220617113905.wav,gs://noaa-passive-bioacoustic/dclde/2027/dclde_2027_killer_whales/dfo_wdlp/audio/carmanahpt/ST6249.220617113905.wav,https://storage.googleapis.com/noaa-passive-bioacoustic/dclde/2027/dclde_2027_killer_whales/dfo_wdlp/audio/carmanahpt/ST6249.220617113905.wav,1,reviewed_confounder,,,,,,DFO_WDLP:CarmanahPt:ST6249.220617113905.wav,[],
dclde_DFO_WDLP_CarmanahPt__ST6249.220617125105.wav_179.2s_179.6s_trainstyle,dclde_DFO_WDLP_CarmanahPt__ST6249.220617125105.wav,ST6249.220617125105.wav,ST6249.220617125105.wav,179.199000,179.561000,179.199000,179.561000,179.199000,0.362000,dclde_DFO_WDLP_CarmanahPt__ST6249.220617125105.wav_179.2s_179.6s_trainstyle.mat,mat_files/dclde_DFO_WDLP_CarmanahPt__ST6249.220617125105.wav_179.2s_179.6s_trainstyle.mat,dclde_2027_DFO_WDLP_CarmanahPt,159835,DFO_WDLP,CarmanahPt,ST6249.220617125105.wav,AB,confounder:abiotic,,,,confounder:abiotic,NA,Detection,0,NA,6140,6210,dclde/2027/dclde_2027_killer_whales/dfo_wdlp/audio/carmanahpt/ST6249.220617125105.wav,gs://noaa-passive-bioacoustic/dclde/2027/dclde_2027_killer_whales/dfo_wdlp/audio/carmanahpt/ST6249.220617125105.wav,https://storage.googleapis.com/noaa-passive-bioacoustic/dclde/2027/dclde_2027_killer_whales/dfo_wdlp/audio/carmanahpt/ST6249.220617125105.wav,1,reviewed_confounder,,,,,,DFO_WDLP:CarmanahPt:ST6249.220617125105.wav,[],
dclde_DFO_WDLP_CarmanahPt__ST6249.220617125405.wav_117.1s_117.5s_trainstyle,dclde_DFO_WDLP_CarmanahPt__ST6249.220617125405.wav,ST6249.220617125405.wav,ST6249.220617125405.wav,117.118000,117.459000,117.118000,117.459000,117.118000,0.341000,dclde_DFO_WDLP_CarmanahPt__ST6249.220617125405.wav_117.1s_117.5s_trainstyle.mat,mat_files/dclde_DFO_WDLP_CarmanahPt__ST6249.220617125405.wav_117.1s_117.5s_trainstyle.mat,dclde_2027_DFO_WDLP_CarmanahPt,159836,DFO_WDLP,CarmanahPt,ST6249.220617125405.wav,AB,confounder:abiotic,,,,confounder:abiotic,NA,Detection,0,NA,4148,4265,dclde/2027/dclde_2027_killer_whales/dfo_wdlp/audio/carmanahpt/ST6249.220617125405.wav,gs://noaa-passive-bioacoustic/dclde/2027/dclde_2027_killer_whales/dfo_wdlp/audio/carmanahpt/ST6249.220617125405.wav,https://storage.googleapis.com/noaa-passive-bioacoustic/dclde/2027/dclde_2027_killer_whales/dfo_wdlp/audio/carmanahpt/ST6249.220617125405.wav,1,reviewed_confounder,,,,,,DFO_WDLP:CarmanahPt:ST6249.220617125405.wav,[],
dclde_DFO_WDLP_CarmanahPt__ST6249.220617125405.wav_117.9s_118.3s_trainstyle,dclde_DFO_WDLP_CarmanahPt__ST6249.220617125405.wav,ST6249.220617125405.wav,ST6249.220617125405.wav,117.929000,118.270000,117.929000,118.270000,117.929000,0.341000,dclde_DFO_WDLP_CarmanahPt__ST6249.220617125405.wav_117.9s_118.3s_trainstyle.mat,mat_files/dclde_DFO_WDLP_CarmanahPt__ST6249.220617125405.wav_117.9s_118.3s_trainstyle.mat,dclde_2027_DFO_WDLP_CarmanahPt,159837,DFO_WDLP,CarmanahPt,ST6249.220617125405.wav,AB,confounder:abiotic,,,,confounder:abiotic,NA,Detection,0,NA,7664,7757,dclde/2027/dclde_2027_killer_whales/dfo_wdlp/audio/carmanahpt/ST6249.220617125405.wav,gs://noaa-passive-bioacoustic/dclde/2027/dclde_2027_killer_whales/dfo_wdlp/audio/carmanahpt/ST6249.220617125405.wav,https://storage.googleapis.com/noaa-passive-bioacoustic/dclde/2027/dclde_2027_killer_whales/dfo_wdlp/audio/carmanahpt/ST6249.220617125405.wav,1,reviewed_confounder,,,,,,DFO_WDLP:CarmanahPt:ST6249.220617125405.wav,[],
dclde_DFO_WDLP_CarmanahPt__ST6249.220617125405.wav_121.2s_121.6s_trainstyle,dclde_DFO_WDLP_CarmanahPt__ST6249.220617125405.wav,ST6249.220617125405.wav,ST6249.220617125405.wav,121.236000,121.598000,121.236000,121.598000,121.236000,0.362000,dclde_DFO_WDLP_CarmanahPt__ST6249.220617125405.wav_121.2s_121.6s_trainstyle.mat,mat_files/dclde_DFO_WDLP_CarmanahPt__ST6249.220617125405.wav_121.2s_121.6s_trainstyle.mat,dclde_2027_DFO_WDLP_CarmanahPt,159838,DFO_WDLP,CarmanahPt,ST6249.220617125405.wav,AB,confounder:abiotic,,,,confounder:abiotic,NA,Detection,0,NA,7546,7664,dclde/2027/dclde_2027_killer_whales/dfo_wdlp/audio/carmanahpt/ST6249.220617125405.wav,gs://noaa-passive-bioacoustic/dclde/2027/dclde_2027_killer_whales/dfo_wdlp/audio/carmanahpt/ST6249.220617125405.wav,https://storage.googleapis.com/noaa-passive-bioacoustic/dclde/2027/dclde_2027_killer_whales/dfo_wdlp/audio/carmanahpt/ST6249.220617125405.wav,1,reviewed_confounder,,,,,,DFO_WDLP:CarmanahPt:ST6249.220617125405.wav,[],
dclde_DFO_WDLP_CarmanahPt__ST6249.220617125405.wav_124.7s_125.1s_trainstyle,dclde_DFO_WDLP_CarmanahPt__ST6249.220617125405.wav,ST6249.220617125405.wav,ST6249.220617125405.wav,124.713000,125.118000,124.713000,125.118000,124.713000,0.405000,dclde_DFO_WDLP_CarmanahPt__ST6249.220617125405.wav_124.7s_125.1s_trainstyle.mat,mat_files/dclde_DFO_WDLP_CarmanahPt__ST6249.220617125405.wav_124.7s_125.1s_trainstyle.mat,dclde_2027_DFO_WDLP_CarmanahPt,159839,DFO_WDLP,CarmanahPt,ST6249.220617125405.wav,AB,confounder:abiotic,,,,confounder:abiotic,NA,Detection,0,NA,7523,7617,dclde/2027/dclde_2027_killer_whales/dfo_wdlp/audio/carmanahpt/ST6249.220617125405.wav,gs://noaa-passive-bioacoustic/dclde/2027/dclde_2027_killer_whales/dfo_wdlp/audio/carmanahpt/ST6249.220617125405.wav,https://storage.googleapis.com/noaa-passive-bioacoustic/dclde/2027/dclde_2027_killer_whales/dfo_wdlp/audio/carmanahpt/ST6249.220617125405.wav,1,reviewed_confounder,,,,,,DFO_WDLP:CarmanahPt:ST6249.220617125405.wav,[],
dclde_DFO_WDLP_CarmanahPt__ST6249.220617125705.wav_25.6s_26.0s_trainstyle,dclde_DFO_WDLP_CarmanahPt__ST6249.220617125705.wav,ST6249.220617125705.wav,ST6249.220617125705.wav,25.620000,26.025000,25.620000,26.025000,25.620000,0.405000,dclde_DFO_WDLP_CarmanahPt__ST6249.220617125705.wav_25.6s_26.0s_trainstyle.mat,mat_files/dclde_DFO_WDLP_CarmanahPt__ST6249.220617125705.wav_25.6s_26.0s_trainstyle.mat,dclde_2027_DFO_WDLP_CarmanahPt,159840,DFO_WDLP,CarmanahPt,ST6249.220617125705.wav,AB,confounder:abiotic,,,,confounder:abiotic,NA,Detection,0,NA,4195,4242,dclde/2027/dclde_2027_killer_whales/dfo_wdlp/audio/carmanahpt/ST6249.220617125705.wav,gs://noaa-passive-bioacoustic/dclde/2027/dclde_2027_killer_whales/dfo_wdlp/audio/carmanahpt/ST6249.220617125705.wav,https://storage.googleapis.com/noaa-passive-bioacoustic/dclde/2027/dclde_2027_killer_whales/dfo_wdlp/audio/carmanahpt/ST6249.220617125705.wav,1,reviewed_confounder,,,,,,DFO_WDLP:CarmanahPt:ST6249.220617125705.wav,[],
dclde_DFO_WDLP_CarmanahPt__ST6249.220617125705.wav_90.1s_90.5s_trainstyle,dclde_DFO_WDLP_CarmanahPt__ST6249.220617125705.wav,ST6249.220617125705.wav,ST6249.220617125705.wav,90.090000,90.495000,90.090000,90.495000,90.090000,0.405000,dclde_DFO_WDLP_CarmanahPt__ST6249.220617125705.wav_90.1s_90.5s_trainstyle.mat,mat_files/dclde_DFO_WDLP_CarmanahPt__ST6249.220617125705.wav_90.1s_90.5s_trainstyle.mat,dclde_2027_DFO_WDLP_CarmanahPt,159841,DFO_WDLP,CarmanahPt,ST6249.220617125705.wav,AB,confounder:abiotic,,,,confounder:abiotic,NA,Detection,0,NA,4171,4265,dclde/2027/dclde_2027_killer_whales/dfo_wdlp/audio/carmanahpt/ST6249.220617125705.wav,gs://noaa-passive-bioacoustic/dclde/2027/dclde_2027_killer_whales/dfo_wdlp/audio/carmanahpt/ST6249.220617125705.wav,https://storage.googleapis.com/noaa-passive-bioacoustic/dclde/2027/dclde_2027_killer_whales/dfo_wdlp/audio/carmanahpt/ST6249.220617125705.wav,1,reviewed_confounder,,,,,,DFO_WDLP:CarmanahPt:ST6249.220617125705.wav,[],
dclde_DFO_WDLP_StrGeoN1__AMAR610.20210905T141735Z.wav_120.1s_120.6s_trainstyle,dclde_DFO_WDLP_StrGeoN1__AMAR610.20210905T141735Z.wav,AMAR610.20210905T141735Z.wav,AMAR610.20210905T141735Z.wav,120.085000,120.618000,120.085000,120.618000,120.085000,0.533000,dclde_DFO_WDLP_StrGeoN1__AMAR610.20210905T141735Z.wav_120.1s_120.6s_trainstyle.mat,mat_files/dclde_DFO_WDLP_StrGeoN1__AMAR610.20210905T141735Z.wav_120.1s_120.6s_trainstyle.mat,dclde_2027_DFO_WDLP_StrGeoN1,161178,DFO_WDLP,StrGeoN1,AMAR610.20210905T141735Z.wav,AB,confounder:abiotic,,,,confounder:abiotic,NA,Detection,0,NA,7007,7359,dclde/2027/dclde_2027_killer_whales/dfo_wdlp/audio/strgeon1/AMAR610.20210905T141735Z.wav,gs://noaa-passive-bioacoustic/dclde/2027/dclde_2027_killer_whales/dfo_wdlp/audio/strgeon1/AMAR610.20210905T141735Z.wav,https://storage.googleapis.com/noaa-passive-bioacoustic/dclde/2027/dclde_2027_killer_whales/dfo_wdlp/audio/strgeon1/AMAR610.20210905T141735Z.wav,1,reviewed_confounder,,,,,,DFO_WDLP:StrGeoN1:AMAR610.20210905T141735Z.wav,[],
dclde_DFO_WDLP_StrGeoN1__AMAR610.20210905T142535Z.wav_145.3s_146.5s_trainstyle,dclde_DFO_WDLP_StrGeoN1__AMAR610.20210905T142535Z.wav,AMAR610.20210905T142535Z.wav,AMAR610.20210905T142535Z.wav,145.279000,146.516000,145.279000,146.516000,145.279000,1.237000,dclde_DFO_WDLP_StrGeoN1__AMAR610.20210905T142535Z.wav_145.3s_146.5s_trainstyle.mat,mat_files/dclde_DFO_WDLP_StrGeoN1__AMAR610.20210905T142535Z.wav_145.3s_146.5s_trainstyle.mat,dclde_2027_DFO_WDLP_StrGeoN1,161403,DFO_WDLP,StrGeoN1,AMAR610.20210905T142535Z.wav,AB,confounder:abiotic,,,,confounder:abiotic,NA,Detection,0,NA,6726,7054,dclde/2027/dclde_2027_killer_whales/dfo_wdlp/audio/strgeon1/AMAR610.20210905T142535Z.wav,gs://noaa-passive-bioacoustic/dclde/2027/dclde_2027_killer_whales/dfo_wdlp/audio/strgeon1/AMAR610.20210905T142535Z.wav,https://storage.googleapis.com/noaa-passive-bioacoustic/dclde/2027/dclde_2027_killer_whales/dfo_wdlp/audio/strgeon1/AMAR610.20210905T142535Z.wav,1,reviewed_confounder,,,,,,DFO_WDLP:StrGeoN1:AMAR610.20210905T142535Z.wav,[],
dclde_DFO_WDLP_StrGeoN1__AMAR610.20210905T142535Z.wav_147.4s_148.2s_trainstyle,dclde_DFO_WDLP_StrGeoN1__AMAR610.20210905T142535Z.wav,AMAR610.20210905T142535Z.wav,AMAR610.20210905T142535Z.wav,147.370000,148.244000,147.370000,148.244000,147.370000,0.874000,dclde_DFO_WDLP_StrGeoN1__AMAR610.20210905T142535Z.wav_147.4s_148.2s_trainstyle.mat,mat_files/dclde_DFO_WDLP_StrGeoN1__AMAR610.20210905T142535Z.wav_147.4s_148.2s_trainstyle.mat,dclde_2027_DFO_WDLP_StrGeoN1,161404,DFO_WDLP,StrGeoN1,AMAR610.20210905T142535Z.wav,AB,confounder:abiotic,,,,confounder:abiotic,NA,Detection,0,NA,6984,7148,dclde/2027/dclde_2027_killer_whales/dfo_wdlp/audio/strgeon1/AMAR610.20210905T142535Z.wav,gs://noaa-passive-bioacoustic/dclde/2027/dclde_2027_killer_whales/dfo_wdlp/audio/strgeon1/AMAR610.20210905T142535Z.wav,https://storage.googleapis.com/noaa-passive-bioacoustic/dclde/2027/dclde_2027_killer_whales/dfo_wdlp/audio/strgeon1/AMAR610.20210905T142535Z.wav,1,reviewed_confounder,,,,,,DFO_WDLP:StrGeoN1:AMAR610.20210905T142535Z.wav,[],
dclde_DFO_WDLP_StrGeoN1__AMAR610.20210905T142535Z.wav_148.2s_150.2s_trainstyle,dclde_DFO_WDLP_StrGeoN1__AMAR610.20210905T142535Z.wav,AMAR610.20210905T142535Z.wav,AMAR610.20210905T142535Z.wav,148.244000,150.249000,148.244000,150.249000,148.244000,2.005000,dclde_DFO_WDLP_StrGeoN1__AMAR610.20210905T142535Z.wav_148.2s_150.2s_trainstyle.mat,mat_files/dclde_DFO_WDLP_StrGeoN1__AMAR610.20210905T142535Z.wav_148.2s_150.2s_trainstyle.mat,dclde_2027_DFO_WDLP_StrGeoN1,161406,DFO_WDLP,StrGeoN1,AMAR610.20210905T142535Z.wav,AB,confounder:abiotic,,,,confounder:abiotic,NA,Detection,0,NA,7054,7453,dclde/2027/dclde_2027_killer_whales/dfo_wdlp/audio/strgeon1/AMAR610.20210905T142535Z.wav,gs://noaa-passive-bioacoustic/dclde/2027/dclde_2027_killer_whales/dfo_wdlp/audio/strgeon1/AMAR610.20210905T142535Z.wav,https://storage.googleapis.com/noaa-passive-bioacoustic/dclde/2027/dclde_2027_killer_whales/dfo_wdlp/audio/strgeon1/AMAR610.20210905T142535Z.wav,1,reviewed_confounder,,,,,,DFO_WDLP:StrGeoN1:AMAR610.20210905T142535Z.wav,[],
dclde_DFO_WDLP_StrGeoN1__AMAR610.20210905T142535Z.wav_150.2s_151.3s_trainstyle,dclde_DFO_WDLP_StrGeoN1__AMAR610.20210905T142535Z.wav,AMAR610.20210905T142535Z.wav,AMAR610.20210905T142535Z.wav,150.249000,151.273000,150.249000,151.273000,150.249000,1.024000,dclde_DFO_WDLP_StrGeoN1__AMAR610.20210905T142535Z.wav_150.2s_151.3s_trainstyle.mat,mat_files/dclde_DFO_WDLP_StrGeoN1__AMAR610.20210905T142535Z.wav_150.2s_151.3s_trainstyle.mat,dclde_2027_DFO_WDLP_StrGeoN1,161407,DFO_WDLP,StrGeoN1,AMAR610.20210905T142535Z.wav,AB,confounder:abiotic,,,,confounder:abiotic,NA,Detection,0,NA,7359,7593,dclde/2027/dclde_2027_killer_whales/dfo_wdlp/audio/strgeon1/AMAR610.20210905T142535Z.wav,gs://noaa-passive-bioacoustic/dclde/2027/dclde_2027_killer_whales/dfo_wdlp/audio/strgeon1/AMAR610.20210905T142535Z.wav,https://storage.googleapis.com/noaa-passive-bioacoustic/dclde/2027/dclde_2027_killer_whales/dfo_wdlp/audio/strgeon1/AMAR610.20210905T142535Z.wav,1,reviewed_confounder,,,,,,DFO_WDLP:StrGeoN1:AMAR610.20210905T142535Z.wav,[],
dclde_DFO_WDLP_StrGeoN1__AMAR610.20210905T142535Z.wav_151.8s_152.7s_trainstyle,dclde_DFO_WDLP_StrGeoN1__AMAR610.20210905T142535Z.wav,AMAR610.20210905T142535Z.wav,AMAR610.20210905T142535Z.wav,151.849000,152.723000,151.849000,152.723000,151.849000,0.874000,dclde_DFO_WDLP_StrGeoN1__AMAR610.20210905T142535Z.wav_151.8s_152.7s_trainstyle.mat,mat_files/dclde_DFO_WDLP_StrGeoN1__AMAR610.20210905T142535Z.wav_151.8s_152.7s_trainstyle.mat,dclde_2027_DFO_WDLP_StrGeoN1,161408,DFO_WDLP,StrGeoN1,AMAR610.20210905T142535Z.wav,AB,confounder:abiotic,,,,confounder:abiotic,NA,Detection,0,NA,7007,7406,dclde/2027/dclde_2027_killer_whales/dfo_wdlp/audio/strgeon1/AMAR610.20210905T142535Z.wav,gs://noaa-passive-bioacoustic/dclde/2027/dclde_2027_killer_whales/dfo_wdlp/audio/strgeon1/AMAR610.20210905T142535Z.wav,https://storage.googleapis.com/noaa-passive-bioacoustic/dclde/2027/dclde_2027_killer_whales/dfo_wdlp/audio/strgeon1/AMAR610.20210905T142535Z.wav,1,reviewed_confounder,,,,,,DFO_WDLP:StrGeoN1:AMAR610.20210905T142535Z.wav,[],
dclde_DFO_WDLP_StrGeoN1__AMAR610.20210905T142535Z.wav_154.1s_154.7s_trainstyle,dclde_DFO_WDLP_StrGeoN1__AMAR610.20210905T142535Z.wav,AMAR610.20210905T142535Z.wav,AMAR610.20210905T142535Z.wav,154.110000,154.664000,154.110000,154.664000,154.110000,0.554000,dclde_DFO_WDLP_StrGeoN1__AMAR610.20210905T142535Z.wav_154.1s_154.7s_trainstyle.mat,mat_files/dclde_DFO_WDLP_StrGeoN1__AMAR610.20210905T142535Z.wav_154.1s_154.7s_trainstyle.mat,dclde_2027_DFO_WDLP_StrGeoN1,161409,DFO_WDLP,StrGeoN1,AMAR610.20210905T142535Z.wav,AB,confounder:abiotic,,,,confounder:abiotic,NA,Detection,0,NA,7148,7265,dclde/2027/dclde_2027_killer_whales/dfo_wdlp/audio/strgeon1/AMAR610.20210905T142535Z.wav,gs://noaa-passive-bioacoustic/dclde/2027/dclde_2027_killer_whales/dfo_wdlp/audio/strgeon1/AMAR610.20210905T142535Z.wav,https://storage.googleapis.com/noaa-passive-bioacoustic/dclde/2027/dclde_2027_killer_whales/dfo_wdlp/audio/strgeon1/AMAR610.20210905T142535Z.wav,1,reviewed_confounder,,,,,,DFO_WDLP:StrGeoN1:AMAR610.20210905T142535Z.wav,[],
dclde_DFO_WDLP_StrGeoN1__AMAR610.20210905T143735Z.wav_130.8s_131.7s_trainstyle,dclde_DFO_WDLP_StrGeoN1__AMAR610.20210905T143735Z.wav,AMAR610.20210905T143735Z.wav,AMAR610.20210905T143735Z.wav,130.750000,131.688000,130.750000,131.688000,130.750000,0.938000,dclde_DFO_WDLP_StrGeoN1__AMAR610.20210905T143735Z.wav_130.8s_131.7s_trainstyle.mat,mat_files/dclde_DFO_WDLP_StrGeoN1__AMAR610.20210905T143735Z.wav_130.8s_131.7s_trainstyle.mat,dclde_2027_DFO_WDLP_StrGeoN1,161497,DFO_WDLP,StrGeoN1,AMAR610.20210905T143735Z.wav,AB,confounder:abiotic,,,,confounder:abiotic,NA,Detection,0,NA,3445,3632,dclde/2027/dclde_2027_killer_whales/dfo_wdlp/audio/strgeon1/AMAR610.20210905T143735Z.wav,gs://noaa-passive-bioacoustic/dclde/2027/dclde_2027_killer_whales/dfo_wdlp/audio/strgeon1/AMAR610.20210905T143735Z.wav,https://storage.googleapis.com/noaa-passive-bioacoustic/dclde/2027/dclde_2027_killer_whales/dfo_wdlp/audio/strgeon1/AMAR610.20210905T143735Z.wav,1,reviewed_confounder,,,,,,DFO_WDLP:StrGeoN1:AMAR610.20210905T143735Z.wav,[],
dclde_DFO_WDLP_StrGeoN1__AMAR610.20210905T143735Z.wav_153.3s_154.1s_trainstyle,dclde_DFO_WDLP_StrGeoN1__AMAR610.20210905T143735Z.wav,AMAR610.20210905T143735Z.wav,AMAR610.20210905T143735Z.wav,153.300000,154.068000,153.300000,154.068000,153.300000,0.768000,dclde_DFO_WDLP_StrGeoN1__AMAR610.20210905T143735Z.wav_153.3s_154.1s_trainstyle.mat,mat_files/dclde_DFO_WDLP_StrGeoN1__AMAR610.20210905T143735Z.wav_153.3s_154.1s_trainstyle.mat,dclde_2027_DFO_WDLP_StrGeoN1,161498,DFO_WDLP,StrGeoN1,AMAR610.20210905T143735Z.wav,AB,confounder:abiotic,,,,confounder:abiotic,NA,Detection,0,NA,3351,3421,dclde/2027/dclde_2027_killer_whales/dfo_wdlp/audio/strgeon1/AMAR610.20210905T143735Z.wav,gs://noaa-passive-bioacoustic/dclde/2027/dclde_2027_killer_whales/dfo_wdlp/audio/strgeon1/AMAR610.20210905T143735Z.wav,https://storage.googleapis.com/noaa-passive-bioacoustic/dclde/2027/dclde_2027_killer_whales/dfo_wdlp/audio/strgeon1/AMAR610.20210905T143735Z.wav,1,reviewed_confounder,,,,,,DFO_WDLP:StrGeoN1:AMAR610.20210905T143735Z.wav,[],
dclde_DFO_WDLP_StrGeoN2__AMAR617.20211128T075245Z.wav_187.0s_187.3s_trainstyle,dclde_DFO_WDLP_StrGeoN2__AMAR617.20211128T075245Z.wav,AMAR617.20211128T075245Z.wav,AMAR617.20211128T075245Z.wav,187.006000,187.347000,187.006000,187.347000,187.006000,0.341000,dclde_DFO_WDLP_StrGeoN2__AMAR617.20211128T075245Z.wav_187.0s_187.3s_trainstyle.mat,mat_files/dclde_DFO_WDLP_StrGeoN2__AMAR617.20211128T075245Z.wav_187.0s_187.3s_trainstyle.mat,dclde_2027_DFO_WDLP_StrGeoN2,162886,DFO_WDLP,StrGeoN2,AMAR617.20211128T075245Z.wav,AB,confounder:abiotic,,,,confounder:abiotic,NA,Detection,0,NA,304,445,dclde/2027/dclde_2027_killer_whales/dfo_wdlp/audio/strgeon2/AMAR617.20211128T075245Z.wav,gs://noaa-passive-bioacoustic/dclde/2027/dclde_2027_killer_whales/dfo_wdlp/audio/strgeon2/AMAR617.20211128T075245Z.wav,https://storage.googleapis.com/noaa-passive-bioacoustic/dclde/2027/dclde_2027_killer_whales/dfo_wdlp/audio/strgeon2/AMAR617.20211128T075245Z.wav,1,reviewed_confounder,,,,,,DFO_WDLP:StrGeoN2:AMAR617.20211128T075245Z.wav,[],
dclde_DFO_WDLP_StrGeoS1__AMAR607.20211111T225218Z.wav_21.9s_22.4s_trainstyle,dclde_DFO_WDLP_StrGeoS1__AMAR607.20211111T225218Z.wav,AMAR607.20211111T225218Z.wav,AMAR607.20211111T225218Z.wav,21.866000,22.378000,21.866000,22.378000,21.866000,0.512000,dclde_DFO_WDLP_StrGeoS1__AMAR607.20211111T225218Z.wav_21.9s_22.4s_trainstyle.mat,mat_files/dclde_DFO_WDLP_StrGeoS1__AMAR607.20211111T225218Z.wav_21.9s_22.4s_trainstyle.mat,dclde_2027_DFO_WDLP_StrGeoS1,163194,DFO_WDLP,StrGeoS1,AMAR607.20211111T225218Z.wav,AB,confounder:abiotic,,,,confounder:abiotic,NA,Detection,0,NA,1007,1125,dclde/2027/dclde_2027_killer_whales/dfo_wdlp/audio/strgeos1/AMAR607.20211111T225218Z.wav,gs://noaa-passive-bioacoustic/dclde/2027/dclde_2027_killer_whales/dfo_wdlp/audio/strgeos1/AMAR607.20211111T225218Z.wav,https://storage.googleapis.com/noaa-passive-bioacoustic/dclde/2027/dclde_2027_killer_whales/dfo_wdlp/audio/strgeos1/AMAR607.20211111T225218Z.wav,1,reviewed_confounder,,,,,,DFO_WDLP:StrGeoS1:AMAR607.20211111T225218Z.wav,[],
dclde_DFO_WDLP_StrGeoS1__AMAR607.20211113T181618Z.wav_109.7s_110.1s_trainstyle,dclde_DFO_WDLP_StrGeoS1__AMAR607.20211113T181618Z.wav,AMAR607.20211113T181618Z.wav,AMAR607.20211113T181618Z.wav,109.674000,110.079000,109.674000,110.079000,109.674000,0.405000,dclde_DFO_WDLP_StrGeoS1__AMAR607.20211113T181618Z.wav_109.7s_110.1s_trainstyle.mat,mat_files/dclde_DFO_WDLP_StrGeoS1__AMAR607.20211113T181618Z.wav_109.7s_110.1s_trainstyle.mat,dclde_2027_DFO_WDLP_StrGeoS1,163329,DFO_WDLP,StrGeoS1,AMAR607.20211113T181618Z.wav,AB,confounder:abiotic,,,,confounder:abiotic,NA,Detection,0,NA,6539,6632,dclde/2027/dclde_2027_killer_whales/dfo_wdlp/audio/strgeos1/AMAR607.20211113T181618Z.wav,gs://noaa-passive-bioacoustic/dclde/2027/dclde_2027_killer_whales/dfo_wdlp/audio/strgeos1/AMAR607.20211113T181618Z.wav,https://storage.googleapis.com/noaa-passive-bioacoustic/dclde/2027/dclde_2027_killer_whales/dfo_wdlp/audio/strgeos1/AMAR607.20211113T181618Z.wav,1,reviewed_confounder,,,,,,DFO_WDLP:StrGeoS1:AMAR607.20211113T181618Z.wav,[],
dclde_DFO_WDLP_StrGeoS1__AMAR607.20211113T201618Z.wav_213.5s_213.9s_trainstyle,dclde_DFO_WDLP_StrGeoS1__AMAR607.20211113T201618Z.wav,AMAR607.20211113T201618Z.wav,AMAR607.20211113T201618Z.wav,213.545000,213.907000,213.545000,213.907000,213.545000,0.362000,dclde_DFO_WDLP_StrGeoS1__AMAR607.20211113T201618Z.wav_213.5s_213.9s_trainstyle.mat,mat_files/dclde_DFO_WDLP_StrGeoS1__AMAR607.20211113T201618Z.wav_213.5s_213.9s_trainstyle.mat,dclde_2027_DFO_WDLP_StrGeoS1,163363,DFO_WDLP,StrGeoS1,AMAR607.20211113T201618Z.wav,AB,confounder:abiotic,,,,confounder:abiotic,NA,Detection,0,NA,4007,4078,dclde/2027/dclde_2027_killer_whales/dfo_wdlp/audio/strgeos1/AMAR607.20211113T201618Z.wav,gs://noaa-passive-bioacoustic/dclde/2027/dclde_2027_killer_whales/dfo_wdlp/audio/strgeos1/AMAR607.20211113T201618Z.wav,https://storage.googleapis.com/noaa-passive-bioacoustic/dclde/2027/dclde_2027_killer_whales/dfo_wdlp/audio/strgeos1/AMAR607.20211113T201618Z.wav,1,reviewed_confounder,,,,,,DFO_WDLP:StrGeoS1:AMAR607.20211113T201618Z.wav,[],
dclde_DFO_WDLP_StrGeoS2__AMAR779.20210904T190752Z.wav_102.0s_102.4s_trainstyle,dclde_DFO_WDLP_StrGeoS2__AMAR779.20210904T190752Z.wav,AMAR779.20210904T190752Z.wav,AMAR779.20210904T190752Z.wav,102.014000,102.440000,102.014000,102.440000,102.014000,0.426000,dclde_DFO_WDLP_StrGeoS2__AMAR779.20210904T190752Z.wav_102.0s_102.4s_trainstyle.mat,mat_files/dclde_DFO_WDLP_StrGeoS2__AMAR779.20210904T190752Z.wav_102.0s_102.4s_trainstyle.mat,dclde_2027_DFO_WDLP_StrGeoS2,163566,DFO_WDLP,StrGeoS2,AMAR779.20210904T190752Z.wav,AB,confounder:abiotic,,,,confounder:abiotic,NA,Detection,0,NA,2929,3000,dclde/2027/dclde_2027_killer_whales/dfo_wdlp/audio/strgeos2/AMAR779.20210904T190752Z.wav,gs://noaa-passive-bioacoustic/dclde/2027/dclde_2027_killer_whales/dfo_wdlp/audio/strgeos2/AMAR779.20210904T190752Z.wav,https://storage.googleapis.com/noaa-passive-bioacoustic/dclde/2027/dclde_2027_killer_whales/dfo_wdlp/audio/strgeos2/AMAR779.20210904T190752Z.wav,1,reviewed_confounder,,,,,,DFO_WDLP:StrGeoS2:AMAR779.20210904T190752Z.wav,[],
dclde_DFO_WDLP_StrGeoS2__AMAR779.20210904T190752Z.wav_104.7s_105.0s_trainstyle,dclde_DFO_WDLP_StrGeoS2__AMAR779.20210904T190752Z.wav,AMAR779.20210904T190752Z.wav,AMAR779.20210904T190752Z.wav,104.702000,105.043000,104.702000,105.043000,104.702000,0.341000,dclde_DFO_WDLP_StrGeoS2__AMAR779.20210904T190752Z.wav_104.7s_105.0s_trainstyle.mat,mat_files/dclde_DFO_WDLP_StrGeoS2__AMAR779.20210904T190752Z.wav_104.7s_105.0s_trainstyle.mat,dclde_2027_DFO_WDLP_StrGeoS2,163567,DFO_WDLP,StrGeoS2,AMAR779.20210904T190752Z.wav,AB,confounder:abiotic,,,,confounder:abiotic,NA,Detection,0,NA,2414,2460,dclde/2027/dclde_2027_killer_whales/dfo_wdlp/audio/strgeos2/AMAR779.20210904T190752Z.wav,gs://noaa-passive-bioacoustic/dclde/2027/dclde_2027_killer_whales/dfo_wdlp/audio/strgeos2/AMAR779.20210904T190752Z.wav,https://storage.googleapis.com/noaa-passive-bioacoustic/dclde/2027/dclde_2027_killer_whales/dfo_wdlp/audio/strgeos2/AMAR779.20210904T190752Z.wav,1,reviewed_confounder,,,,,,DFO_WDLP:StrGeoS2:AMAR779.20210904T190752Z.wav,[],
dclde_DFO_WDLP_StrGeoS2__AMAR779.20210904T190752Z.wav_108.1s_108.5s_trainstyle,dclde_DFO_WDLP_StrGeoS2__AMAR779.20210904T190752Z.wav,AMAR779.20210904T190752Z.wav,AMAR779.20210904T190752Z.wav,108.052000,108.500000,108.052000,108.500000,108.052000,0.448000,dclde_DFO_WDLP_StrGeoS2__AMAR779.20210904T190752Z.wav_108.1s_108.5s_trainstyle.mat,mat_files/dclde_DFO_WDLP_StrGeoS2__AMAR779.20210904T190752Z.wav_108.1s_108.5s_trainstyle.mat,dclde_2027_DFO_WDLP_StrGeoS2,163568,DFO_WDLP,StrGeoS2,AMAR779.20210904T190752Z.wav,AB,confounder:abiotic,,,,confounder:abiotic,NA,Detection,0,NA,2343,2390,dclde/2027/dclde_2027_killer_whales/dfo_wdlp/audio/strgeos2/AMAR779.20210904T190752Z.wav,gs://noaa-passive-bioacoustic/dclde/2027/dclde_2027_killer_whales/dfo_wdlp/audio/strgeos2/AMAR779.20210904T190752Z.wav,https://storage.googleapis.com/noaa-passive-bioacoustic/dclde/2027/dclde_2027_killer_whales/dfo_wdlp/audio/strgeos2/AMAR779.20210904T190752Z.wav,1,reviewed_confounder,,,,,,DFO_WDLP:StrGeoS2:AMAR779.20210904T190752Z.wav,[],
dclde_DFO_WDLP_StrGeoS2__AMAR779.20210904T191552Z.wav_74.9s_75.5s_trainstyle,dclde_DFO_WDLP_StrGeoS2__AMAR779.20210904T191552Z.wav,AMAR779.20210904T191552Z.wav,AMAR779.20210904T191552Z.wav,74.879000,75.476000,74.879000,75.476000,74.879000,0.597000,dclde_DFO_WDLP_StrGeoS2__AMAR779.20210904T191552Z.wav_74.9s_75.5s_trainstyle.mat,mat_files/dclde_DFO_WDLP_StrGeoS2__AMAR779.20210904T191552Z.wav_74.9s_75.5s_trainstyle.mat,dclde_2027_DFO_WDLP_StrGeoS2,163569,DFO_WDLP,StrGeoS2,AMAR779.20210904T191552Z.wav,AB,confounder:abiotic,,,,confounder:abiotic,NA,Detection,0,NA,2625,2742,dclde/2027/dclde_2027_killer_whales/dfo_wdlp/audio/strgeos2/AMAR779.20210904T191552Z.wav,gs://noaa-passive-bioacoustic/dclde/2027/dclde_2027_killer_whales/dfo_wdlp/audio/strgeos2/AMAR779.20210904T191552Z.wav,https://storage.googleapis.com/noaa-passive-bioacoustic/dclde/2027/dclde_2027_killer_whales/dfo_wdlp/audio/strgeos2/AMAR779.20210904T191552Z.wav,1,reviewed_confounder,,,,,,DFO_WDLP:StrGeoS2:AMAR779.20210904T191552Z.wav,[],
dclde_DFO_WDLP_StrGeoS2__AMAR779.20210904T191552Z.wav_89.3s_90.1s_trainstyle,dclde_DFO_WDLP_StrGeoS2__AMAR779.20210904T191552Z.wav,AMAR779.20210904T191552Z.wav,AMAR779.20210904T191552Z.wav,89.279000,90.068000,89.279000,90.068000,89.279000,0.789000,dclde_DFO_WDLP_StrGeoS2__AMAR779.20210904T191552Z.wav_89.3s_90.1s_trainstyle.mat,mat_files/dclde_DFO_WDLP_StrGeoS2__AMAR779.20210904T191552Z.wav_89.3s_90.1s_trainstyle.mat,dclde_2027_DFO_WDLP_StrGeoS2,163570,DFO_WDLP,StrGeoS2,AMAR779.20210904T191552Z.wav,AB,confounder:abiotic,,,,confounder:abiotic,NA,Detection,0,NA,2039,2109,dclde/2027/dclde_2027_killer_whales/dfo_wdlp/audio/strgeos2/AMAR779.20210904T191552Z.wav,gs://noaa-passive-bioacoustic/dclde/2027/dclde_2027_killer_whales/dfo_wdlp/audio/strgeos2/AMAR779.20210904T191552Z.wav,https://storage.googleapis.com/noaa-passive-bioacoustic/dclde/2027/dclde_2027_killer_whales/dfo_wdlp/audio/strgeos2/AMAR779.20210904T191552Z.wav,1,reviewed_confounder,,,,,,DFO_WDLP:StrGeoS2:AMAR779.20210904T191552Z.wav,[],
dclde_DFO_WDLP_StrGeoS2__AMAR779.20210904T191552Z.wav_90.3s_91.4s_trainstyle,dclde_DFO_WDLP_StrGeoS2__AMAR779.20210904T191552Z.wav,AMAR779.20210904T191552Z.wav,AMAR779.20210904T191552Z.wav,90.345000,91.369000,90.345000,91.369000,90.345000,1.024000,dclde_DFO_WDLP_StrGeoS2__AMAR779.20210904T191552Z.wav_90.3s_91.4s_trainstyle.mat,mat_files/dclde_DFO_WDLP_StrGeoS2__AMAR779.20210904T191552Z.wav_90.3s_91.4s_trainstyle.mat,dclde_2027_DFO_WDLP_StrGeoS2,163571,DFO_WDLP,StrGeoS2,AMAR779.20210904T191552Z.wav,AB,confounder:abiotic,,,,confounder:abiotic,NA,Detection,0,NA,2648,2718,dclde/2027/dclde_2027_killer_whales/dfo_wdlp/audio/strgeos2/AMAR779.20210904T191552Z.wav,gs://noaa-passive-bioacoustic/dclde/2027/dclde_2027_killer_whales/dfo_wdlp/audio/strgeos2/AMAR779.20210904T191552Z.wav,https://storage.googleapis.com/noaa-passive-bioacoustic/dclde/2027/dclde_2027_killer_whales/dfo_wdlp/audio/strgeos2/AMAR779.20210904T191552Z.wav,1,reviewed_confounder,,,,,,DFO_WDLP:StrGeoS2:AMAR779.20210904T191552Z.wav,[],
dclde_DFO_WDLP_StrGeoS2__AMAR779.20210904T191552Z.wav_96.3s_96.7s_trainstyle,dclde_DFO_WDLP_StrGeoS2__AMAR779.20210904T191552Z.wav,AMAR779.20210904T191552Z.wav,AMAR779.20210904T191552Z.wav,96.277000,96.661000,96.277000,96.661000,96.277000,0.384000,dclde_DFO_WDLP_StrGeoS2__AMAR779.20210904T191552Z.wav_96.3s_96.7s_trainstyle.mat,mat_files/dclde_DFO_WDLP_StrGeoS2__AMAR779.20210904T191552Z.wav_96.3s_96.7s_trainstyle.mat,dclde_2027_DFO_WDLP_StrGeoS2,163572,DFO_WDLP,StrGeoS2,AMAR779.20210904T191552Z.wav,AB,confounder:abiotic,,,,confounder:abiotic,NA,Detection,0,NA,5484,5554,dclde/2027/dclde_2027_killer_whales/dfo_wdlp/audio/strgeos2/AMAR779.20210904T191552Z.wav,gs://noaa-passive-bioacoustic/dclde/2027/dclde_2027_killer_whales/dfo_wdlp/audio/strgeos2/AMAR779.20210904T191552Z.wav,https://storage.googleapis.com/noaa-passive-bioacoustic/dclde/2027/dclde_2027_killer_whales/dfo_wdlp/audio/strgeos2/AMAR779.20210904T191552Z.wav,1,reviewed_confounder,,,,,,DFO_WDLP:StrGeoS2:AMAR779.20210904T191552Z.wav,[],
dclde_DFO_WDLP_StrGeoS2__AMAR779.20210904T191552Z.wav_100.0s_100.5s_trainstyle,dclde_DFO_WDLP_StrGeoS2__AMAR779.20210904T191552Z.wav,AMAR779.20210904T191552Z.wav,AMAR779.20210904T191552Z.wav,99.989000,100.458000,99.989000,100.458000,99.989000,0.469000,dclde_DFO_WDLP_StrGeoS2__AMAR779.20210904T191552Z.wav_100.0s_100.5s_trainstyle.mat,mat_files/dclde_DFO_WDLP_StrGeoS2__AMAR779.20210904T191552Z.wav_100.0s_100.5s_trainstyle.mat,dclde_2027_DFO_WDLP_StrGeoS2,163573,DFO_WDLP,StrGeoS2,AMAR779.20210904T191552Z.wav,AB,confounder:abiotic,,,,confounder:abiotic,NA,Detection,0,NA,2812,2859,dclde/2027/dclde_2027_killer_whales/dfo_wdlp/audio/strgeos2/AMAR779.20210904T191552Z.wav,gs://noaa-passive-bioacoustic/dclde/2027/dclde_2027_killer_whales/dfo_wdlp/audio/strgeos2/AMAR779.20210904T191552Z.wav,https://storage.googleapis.com/noaa-passive-bioacoustic/dclde/2027/dclde_2027_killer_whales/dfo_wdlp/audio/strgeos2/AMAR779.20210904T191552Z.wav,1,reviewed_confounder,,,,,,DFO_WDLP:StrGeoS2:AMAR779.20210904T191552Z.wav,[],
dclde_DFO_WDLP_StrGeoS2__AMAR779.20210904T193552Z.wav_79.1s_79.7s_trainstyle,dclde_DFO_WDLP_StrGeoS2__AMAR779.20210904T193552Z.wav,AMAR779.20210904T193552Z.wav,AMAR779.20210904T193552Z.wav,79.082000,79.700000,79.082000,79.700000,79.082000,0.618000,dclde_DFO_WDLP_StrGeoS2__AMAR779.20210904T193552Z.wav_79.1s_79.7s_trainstyle.mat,mat_files/dclde_DFO_WDLP_StrGeoS2__AMAR779.20210904T193552Z.wav_79.1s_79.7s_trainstyle.mat,dclde_2027_DFO_WDLP_StrGeoS2,163576,DFO_WDLP,StrGeoS2,AMAR779.20210904T193552Z.wav,AB,confounder:abiotic,,,,confounder:abiotic,NA,Detection,0,NA,5132,5390,dclde/2027/dclde_2027_killer_whales/dfo_wdlp/audio/strgeos2/AMAR779.20210904T193552Z.wav,gs://noaa-passive-bioacoustic/dclde/2027/dclde_2027_killer_whales/dfo_wdlp/audio/strgeos2/AMAR779.20210904T193552Z.wav,https://storage.googleapis.com/noaa-passive-bioacoustic/dclde/2027/dclde_2027_killer_whales/dfo_wdlp/audio/strgeos2/AMAR779.20210904T193552Z.wav,1,reviewed_confounder,,,,,,DFO_WDLP:StrGeoS2:AMAR779.20210904T193552Z.wav,[],
dclde_DFO_WDLP_SwanChan__AMAR777.20211116T172347Z.wav_231.3s_231.7s_trainstyle,dclde_DFO_WDLP_SwanChan__AMAR777.20211116T172347Z.wav,AMAR777.20211116T172347Z.wav,AMAR777.20211116T172347Z.wav,231.337000,231.699000,231.337000,231.699000,231.337000,0.362000,dclde_DFO_WDLP_SwanChan__AMAR777.20211116T172347Z.wav_231.3s_231.7s_trainstyle.mat,mat_files/dclde_DFO_WDLP_SwanChan__AMAR777.20211116T172347Z.wav_231.3s_231.7s_trainstyle.mat,dclde_2027_DFO_WDLP_SwanChan,165714,DFO_WDLP,SwanChan,AMAR777.20211116T172347Z.wav,AB,confounder:abiotic,,,,confounder:abiotic,NA,Detection,0,NA,4945,5015,dclde/2027/dclde_2027_killer_whales/dfo_wdlp/audio/swanchan/AMAR777.20211116T172347Z.wav,gs://noaa-passive-bioacoustic/dclde/2027/dclde_2027_killer_whales/dfo_wdlp/audio/swanchan/AMAR777.20211116T172347Z.wav,https://storage.googleapis.com/noaa-passive-bioacoustic/dclde/2027/dclde_2027_killer_whales/dfo_wdlp/audio/swanchan/AMAR777.20211116T172347Z.wav,1,reviewed_confounder,,,,,,DFO_WDLP:SwanChan:AMAR777.20211116T172347Z.wav,[],
dclde_DFO_WDLP_SwanChan__AMAR777.20211116T172747Z.wav_9.3s_9.7s_trainstyle,dclde_DFO_WDLP_SwanChan__AMAR777.20211116T172747Z.wav,AMAR777.20211116T172747Z.wav,AMAR777.20211116T172747Z.wav,9.342000,9.747000,9.342000,9.747000,9.342000,0.405000,dclde_DFO_WDLP_SwanChan__AMAR777.20211116T172747Z.wav_9.3s_9.7s_trainstyle.mat,mat_files/dclde_DFO_WDLP_SwanChan__AMAR777.20211116T172747Z.wav_9.3s_9.7s_trainstyle.mat,dclde_2027_DFO_WDLP_SwanChan,165715,DFO_WDLP,SwanChan,AMAR777.20211116T172747Z.wav,AB,confounder:abiotic,,,,confounder:abiotic,NA,Detection,0,NA,4851,4992,dclde/2027/dclde_2027_killer_whales/dfo_wdlp/audio/swanchan/AMAR777.20211116T172747Z.wav,gs://noaa-passive-bioacoustic/dclde/2027/dclde_2027_killer_whales/dfo_wdlp/audio/swanchan/AMAR777.20211116T172747Z.wav,https://storage.googleapis.com/noaa-passive-bioacoustic/dclde/2027/dclde_2027_killer_whales/dfo_wdlp/audio/swanchan/AMAR777.20211116T172747Z.wav,1,reviewed_confounder,,,,,,DFO_WDLP:SwanChan:AMAR777.20211116T172747Z.wav,[],
dclde_DFO_WDLP_SwanChan__AMAR777.20211116T172747Z.wav_48.3s_48.6s_trainstyle,dclde_DFO_WDLP_SwanChan__AMAR777.20211116T172747Z.wav,AMAR777.20211116T172747Z.wav,AMAR777.20211116T172747Z.wav,48.254000,48.616000,48.254000,48.616000,48.254000,0.362000,dclde_DFO_WDLP_SwanChan__AMAR777.20211116T172747Z.wav_48.3s_48.6s_trainstyle.mat,mat_files/dclde_DFO_WDLP_SwanChan__AMAR777.20211116T172747Z.wav_48.3s_48.6s_trainstyle.mat,dclde_2027_DFO_WDLP_SwanChan,165716,DFO_WDLP,SwanChan,AMAR777.20211116T172747Z.wav,AB,confounder:abiotic,,,,confounder:abiotic,NA,Detection,0,NA,3351,3421,dclde/2027/dclde_2027_killer_whales/dfo_wdlp/audio/swanchan/AMAR777.20211116T172747Z.wav,gs://noaa-passive-bioacoustic/dclde/2027/dclde_2027_killer_whales/dfo_wdlp/audio/swanchan/AMAR777.20211116T172747Z.wav,https://storage.googleapis.com/noaa-passive-bioacoustic/dclde/2027/dclde_2027_killer_whales/dfo_wdlp/audio/swanchan/AMAR777.20211116T172747Z.wav,1,reviewed_confounder,,,,,,DFO_WDLP:SwanChan:AMAR777.20211116T172747Z.wav,[],
dclde_DFO_WDLP_SwanChan__AMAR777.20211116T172747Z.wav_57.6s_58.5s_trainstyle,dclde_DFO_WDLP_SwanChan__AMAR777.20211116T172747Z.wav,AMAR777.20211116T172747Z.wav,AMAR777.20211116T172747Z.wav,57.641000,58.451000,57.641000,58.451000,57.641000,0.810000,dclde_DFO_WDLP_SwanChan__AMAR777.20211116T172747Z.wav_57.6s_58.5s_trainstyle.mat,mat_files/dclde_DFO_WDLP_SwanChan__AMAR777.20211116T172747Z.wav_57.6s_58.5s_trainstyle.mat,dclde_2027_DFO_WDLP_SwanChan,165717,DFO_WDLP,SwanChan,AMAR777.20211116T172747Z.wav,AB,confounder:abiotic,,,,confounder:abiotic,NA,Detection,0,NA,7781,8015,dclde/2027/dclde_2027_killer_whales/dfo_wdlp/audio/swanchan/AMAR777.20211116T172747Z.wav,gs://noaa-passive-bioacoustic/dclde/2027/dclde_2027_killer_whales/dfo_wdlp/audio/swanchan/AMAR777.20211116T172747Z.wav,https://storage.googleapis.com/noaa-passive-bioacoustic/dclde/2027/dclde_2027_killer_whales/dfo_wdlp/audio/swanchan/AMAR777.20211116T172747Z.wav,1,reviewed_confounder,,,,,,DFO_WDLP:SwanChan:AMAR777.20211116T172747Z.wav,[],
dclde_DFO_WDLP_SwanChan__AMAR777.20211116T172747Z.wav_59.0s_59.5s_trainstyle,dclde_DFO_WDLP_SwanChan__AMAR777.20211116T172747Z.wav,AMAR777.20211116T172747Z.wav,AMAR777.20211116T172747Z.wav,58.986000,59.498000,58.986000,59.498000,58.986000,0.512000,dclde_DFO_WDLP_SwanChan__AMAR777.20211116T172747Z.wav_59.0s_59.5s_trainstyle.mat,mat_files/dclde_DFO_WDLP_SwanChan__AMAR777.20211116T172747Z.wav_59.0s_59.5s_trainstyle.mat,dclde_2027_DFO_WDLP_SwanChan,165718,DFO_WDLP,SwanChan,AMAR777.20211116T172747Z.wav,AB,confounder:abiotic,,,,confounder:abiotic,NA,Detection,0,NA,7664,7921,dclde/2027/dclde_2027_killer_whales/dfo_wdlp/audio/swanchan/AMAR777.20211116T172747Z.wav,gs://noaa-passive-bioacoustic/dclde/2027/dclde_2027_killer_whales/dfo_wdlp/audio/swanchan/AMAR777.20211116T172747Z.wav,https://storage.googleapis.com/noaa-passive-bioacoustic/dclde/2027/dclde_2027_killer_whales/dfo_wdlp/audio/swanchan/AMAR777.20211116T172747Z.wav,1,reviewed_confounder,,,,,,DFO_WDLP:SwanChan:AMAR777.20211116T172747Z.wav,[],
dclde_DFO_WDLP_SwanChan__AMAR777.20211116T172747Z.wav_59.5s_59.9s_trainstyle,dclde_DFO_WDLP_SwanChan__AMAR777.20211116T172747Z.wav,AMAR777.20211116T172747Z.wav,AMAR777.20211116T172747Z.wav,59.498000,59.903000,59.498000,59.903000,59.498000,0.405000,dclde_DFO_WDLP_SwanChan__AMAR777.20211116T172747Z.wav_59.5s_59.9s_trainstyle.mat,mat_files/dclde_DFO_WDLP_SwanChan__AMAR777.20211116T172747Z.wav_59.5s_59.9s_trainstyle.mat,dclde_2027_DFO_WDLP_SwanChan,165719,DFO_WDLP,SwanChan,AMAR777.20211116T172747Z.wav,AB,confounder:abiotic,,,,confounder:abiotic,NA,Detection,0,NA,7734,7828,dclde/2027/dclde_2027_killer_whales/dfo_wdlp/audio/swanchan/AMAR777.20211116T172747Z.wav,gs://noaa-passive-bioacoustic/dclde/2027/dclde_2027_killer_whales/dfo_wdlp/audio/swanchan/AMAR777.20211116T172747Z.wav,https://storage.googleapis.com/noaa-passive-bioacoustic/dclde/2027/dclde_2027_killer_whales/dfo_wdlp/audio/swanchan/AMAR777.20211116T172747Z.wav,1,reviewed_confounder,,,,,,DFO_WDLP:SwanChan:AMAR777.20211116T172747Z.wav,[],
dclde_DFO_WDLP_SwanChan__AMAR777.20211116T172747Z.wav_60.1s_60.5s_trainstyle,dclde_DFO_WDLP_SwanChan__AMAR777.20211116T172747Z.wav,AMAR777.20211116T172747Z.wav,AMAR777.20211116T172747Z.wav,60.137000,60.478000,60.137000,60.478000,60.137000,0.341000,dclde_DFO_WDLP_SwanChan__AMAR777.20211116T172747Z.wav_60.1s_60.5s_trainstyle.mat,mat_files/dclde_DFO_WDLP_SwanChan__AMAR777.20211116T172747Z.wav_60.1s_60.5s_trainstyle.mat,dclde_2027_DFO_WDLP_SwanChan,165720,DFO_WDLP,SwanChan,AMAR777.20211116T172747Z.wav,AB,confounder:abiotic,,,,confounder:abiotic,NA,Detection,0,NA,14812,14976,dclde/2027/dclde_2027_killer_whales/dfo_wdlp/audio/swanchan/AMAR777.20211116T172747Z.wav,gs://noaa-passive-bioacoustic/dclde/2027/dclde_2027_killer_whales/dfo_wdlp/audio/swanchan/AMAR777.20211116T172747Z.wav,https://storage.googleapis.com/noaa-passive-bioacoustic/dclde/2027/dclde_2027_killer_whales/dfo_wdlp/audio/swanchan/AMAR777.20211116T172747Z.wav,1,reviewed_confounder,,,,,,DFO_WDLP:SwanChan:AMAR777.20211116T172747Z.wav,[],
dclde_DFO_WDLP_SwanChan__AMAR777.20211116T172747Z.wav_60.8s_61.5s_trainstyle,dclde_DFO_WDLP_SwanChan__AMAR777.20211116T172747Z.wav,AMAR777.20211116T172747Z.wav,AMAR777.20211116T172747Z.wav,60.756000,61.481000,60.756000,61.481000,60.756000,0.725000,dclde_DFO_WDLP_SwanChan__AMAR777.20211116T172747Z.wav_60.8s_61.5s_trainstyle.mat,mat_files/dclde_DFO_WDLP_SwanChan__AMAR777.20211116T172747Z.wav_60.8s_61.5s_trainstyle.mat,dclde_2027_DFO_WDLP_SwanChan,165721,DFO_WDLP,SwanChan,AMAR777.20211116T172747Z.wav,AB,confounder:abiotic,,,,confounder:abiotic,NA,Detection,0,NA,7687,7898,dclde/2027/dclde_2027_killer_whales/dfo_wdlp/audio/swanchan/AMAR777.20211116T172747Z.wav,gs://noaa-passive-bioacoustic/dclde/2027/dclde_2027_killer_whales/dfo_wdlp/audio/swanchan/AMAR777.20211116T172747Z.wav,https://storage.googleapis.com/noaa-passive-bioacoustic/dclde/2027/dclde_2027_killer_whales/dfo_wdlp/audio/swanchan/AMAR777.20211116T172747Z.wav,1,reviewed_confounder,,,,,,DFO_WDLP:SwanChan:AMAR777.20211116T172747Z.wav,[],
dclde_DFO_WDLP_SwanChan__AMAR777.20211116T172747Z.wav_68.6s_68.9s_trainstyle,dclde_DFO_WDLP_SwanChan__AMAR777.20211116T172747Z.wav,AMAR777.20211116T172747Z.wav,AMAR777.20211116T172747Z.wav,68.606000,68.947000,68.606000,68.947000,68.606000,0.341000,dclde_DFO_WDLP_SwanChan__AMAR777.20211116T172747Z.wav_68.6s_68.9s_trainstyle.mat,mat_files/dclde_DFO_WDLP_SwanChan__AMAR777.20211116T172747Z.wav_68.6s_68.9s_trainstyle.mat,dclde_2027_DFO_WDLP_SwanChan,165722,DFO_WDLP,SwanChan,AMAR777.20211116T172747Z.wav,AB,confounder:abiotic,,,,confounder:abiotic,NA,Detection,0,NA,7710,7804,dclde/2027/dclde_2027_killer_whales/dfo_wdlp/audio/swanchan/AMAR777.20211116T172747Z.wav,gs://noaa-passive-bioacoustic/dclde/2027/dclde_2027_killer_whales/dfo_wdlp/audio/swanchan/AMAR777.20211116T172747Z.wav,https://storage.googleapis.com/noaa-passive-bioacoustic/dclde/2027/dclde_2027_killer_whales/dfo_wdlp/audio/swanchan/AMAR777.20211116T172747Z.wav,1,reviewed_confounder,,,,,,DFO_WDLP:SwanChan:AMAR777.20211116T172747Z.wav,[],
dclde_JASCO_VFPA_BoundaryPass__AMAR418.1.20180902T143639Z.wav_340.6s_343.0s_trainstyle,dclde_JASCO_VFPA_BoundaryPass__AMAR418.1.20180902T143639Z.wav,AMAR418.1.20180902T143639Z.wav,AMAR418.1.20180902T143639Z.wav,340.636000,342.951000,340.636000,342.951000,340.636000,2.315000,dclde_JASCO_VFPA_BoundaryPass__AMAR418.1.20180902T143639Z.wav_340.6s_343.0s_trainstyle.mat,mat_files/dclde_JASCO_VFPA_BoundaryPass__AMAR418.1.20180902T143639Z.wav_340.6s_343.0s_trainstyle.mat,dclde_2027_JASCO_VFPA_BoundaryPass,181248,JASCO_VFPA,BoundaryPass,AMAR418.1.20180902T143639Z.wav,AB,confounder:abiotic,,,,confounder:abiotic,NA,Call,0,NA,147.5,13000.8,dclde/2027/dclde_2027_killer_whales/vfpa/audio/boundarypass/AMAR418.1.20180902T143639Z.wav,gs://noaa-passive-bioacoustic/dclde/2027/dclde_2027_killer_whales/vfpa/audio/boundarypass/AMAR418.1.20180902T143639Z.wav,https://storage.googleapis.com/noaa-passive-bioacoustic/dclde/2027/dclde_2027_killer_whales/vfpa/audio/boundarypass/AMAR418.1.20180902T143639Z.wav,1,reviewed_confounder,,,,,,JASCO_VFPA:BoundaryPass:AMAR418.1.20180902T143639Z.wav,[],
dclde_JASCO_VFPA_BoundaryPass__AMAR418.1.20180902T143639Z.wav_375.0s_376.2s_trainstyle,dclde_JASCO_VFPA_BoundaryPass__AMAR418.1.20180902T143639Z.wav,AMAR418.1.20180902T143639Z.wav,AMAR418.1.20180902T143639Z.wav,374.980000,376.242000,374.980000,376.242000,374.980000,1.262000,dclde_JASCO_VFPA_BoundaryPass__AMAR418.1.20180902T143639Z.wav_375.0s_376.2s_trainstyle.mat,mat_files/dclde_JASCO_VFPA_BoundaryPass__AMAR418.1.20180902T143639Z.wav_375.0s_376.2s_trainstyle.mat,dclde_2027_JASCO_VFPA_BoundaryPass,181251,JASCO_VFPA,BoundaryPass,AMAR418.1.20180902T143639Z.wav,AB,confounder:abiotic,,,,confounder:abiotic,NA,Call,0,NA,84.3,10640.8,dclde/2027/dclde_2027_killer_whales/vfpa/audio/boundarypass/AMAR418.1.20180902T143639Z.wav,gs://noaa-passive-bioacoustic/dclde/2027/dclde_2027_killer_whales/vfpa/audio/boundarypass/AMAR418.1.20180902T143639Z.wav,https://storage.googleapis.com/noaa-passive-bioacoustic/dclde/2027/dclde_2027_killer_whales/vfpa/audio/boundarypass/AMAR418.1.20180902T143639Z.wav,1,reviewed_confounder,,,,,,JASCO_VFPA:BoundaryPass:AMAR418.1.20180902T143639Z.wav,[],
dclde_JASCO_VFPA_BoundaryPass__AMAR418.1.20180902T143639Z.wav_820.2s_822.1s_trainstyle,dclde_JASCO_VFPA_BoundaryPass__AMAR418.1.20180902T143639Z.wav,AMAR418.1.20180902T143639Z.wav,AMAR418.1.20180902T143639Z.wav,820.159000,822.074000,820.159000,822.074000,820.159000,1.915000,dclde_JASCO_VFPA_BoundaryPass__AMAR418.1.20180902T143639Z.wav_820.2s_822.1s_trainstyle.mat,mat_files/dclde_JASCO_VFPA_BoundaryPass__AMAR418.1.20180902T143639Z.wav_820.2s_822.1s_trainstyle.mat,dclde_2027_JASCO_VFPA_BoundaryPass,181277,JASCO_VFPA,BoundaryPass,AMAR418.1.20180902T143639Z.wav,AB,confounder:abiotic,,,,confounder:abiotic,NA,Call,0,NA,168.6,10156.2,dclde/2027/dclde_2027_killer_whales/vfpa/audio/boundarypass/AMAR418.1.20180902T143639Z.wav,gs://noaa-passive-bioacoustic/dclde/2027/dclde_2027_killer_whales/vfpa/audio/boundarypass/AMAR418.1.20180902T143639Z.wav,https://storage.googleapis.com/noaa-passive-bioacoustic/dclde/2027/dclde_2027_killer_whales/vfpa/audio/boundarypass/AMAR418.1.20180902T143639Z.wav,1,reviewed_confounder,,,,,,JASCO_VFPA:BoundaryPass:AMAR418.1.20180902T143639Z.wav,[],
dclde_JASCO_VFPA_BoundaryPass__AMAR418.1.20180902T143639Z.wav_1503.9s_1508.9s_trainstyle,dclde_JASCO_VFPA_BoundaryPass__AMAR418.1.20180902T143639Z.wav,AMAR418.1.20180902T143639Z.wav,AMAR418.1.20180902T143639Z.wav,1503.895000,1508.889000,1503.895000,1508.889000,1503.895000,4.994000,dclde_JASCO_VFPA_BoundaryPass__AMAR418.1.20180902T143639Z.wav_1503.9s_1508.9s_trainstyle.mat,mat_files/dclde_JASCO_VFPA_BoundaryPass__AMAR418.1.20180902T143639Z.wav_1503.9s_1508.9s_trainstyle.mat,dclde_2027_JASCO_VFPA_BoundaryPass,181214,JASCO_VFPA,BoundaryPass,AMAR418.1.20180902T143639Z.wav,AB,confounder:abiotic,,,,confounder:abiotic,NA,Call,0,NA,4003.5,18424.6,dclde/2027/dclde_2027_killer_whales/vfpa/audio/boundarypass/AMAR418.1.20180902T143639Z.wav,gs://noaa-passive-bioacoustic/dclde/2027/dclde_2027_killer_whales/vfpa/audio/boundarypass/AMAR418.1.20180902T143639Z.wav,https://storage.googleapis.com/noaa-passive-bioacoustic/dclde/2027/dclde_2027_killer_whales/vfpa/audio/boundarypass/AMAR418.1.20180902T143639Z.wav,1,reviewed_confounder,,,,,,JASCO_VFPA:BoundaryPass:AMAR418.1.20180902T143639Z.wav,[],
dclde_JASCO_VFPA_BoundaryPass__AMAR418.1.20180902T143639Z.wav_1510.3s_1513.7s_trainstyle,dclde_JASCO_VFPA_BoundaryPass__AMAR418.1.20180902T143639Z.wav,AMAR418.1.20180902T143639Z.wav,AMAR418.1.20180902T143639Z.wav,1510.309000,1513.659000,1510.309000,1513.659000,1510.309000,3.350000,dclde_JASCO_VFPA_BoundaryPass__AMAR418.1.20180902T143639Z.wav_1510.3s_1513.7s_trainstyle.mat,mat_files/dclde_JASCO_VFPA_BoundaryPass__AMAR418.1.20180902T143639Z.wav_1510.3s_1513.7s_trainstyle.mat,dclde_2027_JASCO_VFPA_BoundaryPass,181215,JASCO_VFPA,BoundaryPass,AMAR418.1.20180902T143639Z.wav,AB,confounder:abiotic,,,,confounder:abiotic,NA,Call,0,NA,3624.2,18394.9,dclde/2027/dclde_2027_killer_whales/vfpa/audio/boundarypass/AMAR418.1.20180902T143639Z.wav,gs://noaa-passive-bioacoustic/dclde/2027/dclde_2027_killer_whales/vfpa/audio/boundarypass/AMAR418.1.20180902T143639Z.wav,https://storage.googleapis.com/noaa-passive-bioacoustic/dclde/2027/dclde_2027_killer_whales/vfpa/audio/boundarypass/AMAR418.1.20180902T143639Z.wav,1,reviewed_confounder,,,,,,JASCO_VFPA:BoundaryPass:AMAR418.1.20180902T143639Z.wav,[],
dclde_JASCO_VFPA_BoundaryPass__AMAR418.1.20180907T030639Z.wav_12.6s_13.4s_trainstyle,dclde_JASCO_VFPA_BoundaryPass__AMAR418.1.20180907T030639Z.wav,AMAR418.1.20180907T030639Z.wav,AMAR418.1.20180907T030639Z.wav,12.570000,13.430000,12.570000,13.430000,12.570000,0.860000,dclde_JASCO_VFPA_BoundaryPass__AMAR418.1.20180907T030639Z.wav_12.6s_13.4s_trainstyle.mat,mat_files/dclde_JASCO_VFPA_BoundaryPass__AMAR418.1.20180907T030639Z.wav_12.6s_13.4s_trainstyle.mat,dclde_2027_JASCO_VFPA_BoundaryPass,181307,JASCO_VFPA,BoundaryPass,AMAR418.1.20180907T030639Z.wav,AB,confounder:abiotic,,,,confounder:abiotic,NA,Call,0,NA,100,3000,dclde/2027/dclde_2027_killer_whales/vfpa/audio/boundarypass/AMAR418.1.20180907T030639Z.wav,gs://noaa-passive-bioacoustic/dclde/2027/dclde_2027_killer_whales/vfpa/audio/boundarypass/AMAR418.1.20180907T030639Z.wav,https://storage.googleapis.com/noaa-passive-bioacoustic/dclde/2027/dclde_2027_killer_whales/vfpa/audio/boundarypass/AMAR418.1.20180907T030639Z.wav,1,reviewed_confounder,,,,,,JASCO_VFPA:BoundaryPass:AMAR418.1.20180907T030639Z.wav,[],
dclde_JASCO_VFPA_BoundaryPass__AMAR418.1.20180907T030639Z.wav_393.4s_401.6s_trainstyle,dclde_JASCO_VFPA_BoundaryPass__AMAR418.1.20180907T030639Z.wav,AMAR418.1.20180907T030639Z.wav,AMAR418.1.20180907T030639Z.wav,393.415000,401.584000,393.415000,401.584000,393.415000,8.169000,dclde_JASCO_VFPA_BoundaryPass__AMAR418.1.20180907T030639Z.wav_393.4s_401.6s_trainstyle.mat,mat_files/dclde_JASCO_VFPA_BoundaryPass__AMAR418.1.20180907T030639Z.wav_393.4s_401.6s_trainstyle.mat,dclde_2027_JASCO_VFPA_BoundaryPass,181479,JASCO_VFPA,BoundaryPass,AMAR418.1.20180907T030639Z.wav,AB,confounder:abiotic,,,,confounder:abiotic,NA,Call,0,NA,970.6,9989,dclde/2027/dclde_2027_killer_whales/vfpa/audio/boundarypass/AMAR418.1.20180907T030639Z.wav,gs://noaa-passive-bioacoustic/dclde/2027/dclde_2027_killer_whales/vfpa/audio/boundarypass/AMAR418.1.20180907T030639Z.wav,https://storage.googleapis.com/noaa-passive-bioacoustic/dclde/2027/dclde_2027_killer_whales/vfpa/audio/boundarypass/AMAR418.1.20180907T030639Z.wav,1,reviewed_confounder,,,,,,JASCO_VFPA:BoundaryPass:AMAR418.1.20180907T030639Z.wav,[],
dclde_JASCO_VFPA_BoundaryPass__AMAR418.1.20180907T030639Z.wav_459.0s_482.6s_trainstyle,dclde_JASCO_VFPA_BoundaryPass__AMAR418.1.20180907T030639Z.wav,AMAR418.1.20180907T030639Z.wav,AMAR418.1.20180907T030639Z.wav,459.044000,482.564000,459.044000,482.564000,459.044000,23.520000,dclde_JASCO_VFPA_BoundaryPass__AMAR418.1.20180907T030639Z.wav_459.0s_482.6s_trainstyle.mat,mat_files/dclde_JASCO_VFPA_BoundaryPass__AMAR418.1.20180907T030639Z.wav_459.0s_482.6s_trainstyle.mat,dclde_2027_JASCO_VFPA_BoundaryPass,181483,JASCO_VFPA,BoundaryPass,AMAR418.1.20180907T030639Z.wav,AB,confounder:abiotic,,,,confounder:abiotic,NA,Call,0,NA,707.7,10575.4,dclde/2027/dclde_2027_killer_whales/vfpa/audio/boundarypass/AMAR418.1.20180907T030639Z.wav,gs://noaa-passive-bioacoustic/dclde/2027/dclde_2027_killer_whales/vfpa/audio/boundarypass/AMAR418.1.20180907T030639Z.wav,https://storage.googleapis.com/noaa-passive-bioacoustic/dclde/2027/dclde_2027_killer_whales/vfpa/audio/boundarypass/AMAR418.1.20180907T030639Z.wav,1,reviewed_confounder,,,,,,JASCO_VFPA:BoundaryPass:AMAR418.1.20180907T030639Z.wav,[],
dclde_JASCO_VFPA_BoundaryPass__AMAR418.1.20180907T030639Z.wav_573.6s_574.0s_trainstyle,dclde_JASCO_VFPA_BoundaryPass__AMAR418.1.20180907T030639Z.wav,AMAR418.1.20180907T030639Z.wav,AMAR418.1.20180907T030639Z.wav,573.610000,573.968000,573.610000,573.968000,573.610000,0.358000,dclde_JASCO_VFPA_BoundaryPass__AMAR418.1.20180907T030639Z.wav_573.6s_574.0s_trainstyle.mat,mat_files/dclde_JASCO_VFPA_BoundaryPass__AMAR418.1.20180907T030639Z.wav_573.6s_574.0s_trainstyle.mat,dclde_2027_JASCO_VFPA_BoundaryPass,181371,JASCO_VFPA,BoundaryPass,AMAR418.1.20180907T030639Z.wav,AB,confounder:abiotic,,,,confounder:abiotic,NA,Call,0,NA,100,10324,dclde/2027/dclde_2027_killer_whales/vfpa/audio/boundarypass/AMAR418.1.20180907T030639Z.wav,gs://noaa-passive-bioacoustic/dclde/2027/dclde_2027_killer_whales/vfpa/audio/boundarypass/AMAR418.1.20180907T030639Z.wav,https://storage.googleapis.com/noaa-passive-bioacoustic/dclde/2027/dclde_2027_killer_whales/vfpa/audio/boundarypass/AMAR418.1.20180907T030639Z.wav,1,reviewed_confounder,,,,,,JASCO_VFPA:BoundaryPass:AMAR418.1.20180907T030639Z.wav,[],
dclde_JASCO_VFPA_BoundaryPass__AMAR418.1.20190322T172409Z.wav_1268.3s_1268.4s_trainstyle,dclde_JASCO_VFPA_BoundaryPass__AMAR418.1.20190322T172409Z.wav,AMAR418.1.20190322T172409Z.wav,AMAR418.1.20190322T172409Z.wav,1268.269000,1268.358000,1268.269000,1268.358000,1268.269000,0.089000,dclde_JASCO_VFPA_BoundaryPass__AMAR418.1.20190322T172409Z.wav_1268.3s_1268.4s_trainstyle.mat,mat_files/dclde_JASCO_VFPA_BoundaryPass__AMAR418.1.20190322T172409Z.wav_1268.3s_1268.4s_trainstyle.mat,dclde_2027_JASCO_VFPA_BoundaryPass,182588,JASCO_VFPA,BoundaryPass,AMAR418.1.20190322T172409Z.wav,UndBio,confounder:undetermined_biological,,,,confounder:undetermined_biological,NA,Call,0,NA,138.4,1699.1,dclde/2027/dclde_2027_killer_whales/vfpa/audio/boundarypass/AMAR418.1.20190322T172409Z.wav,gs://noaa-passive-bioacoustic/dclde/2027/dclde_2027_killer_whales/vfpa/audio/boundarypass/AMAR418.1.20190322T172409Z.wav,https://storage.googleapis.com/noaa-passive-bioacoustic/dclde/2027/dclde_2027_killer_whales/vfpa/audio/boundarypass/AMAR418.1.20190322T172409Z.wav,1,reviewed_confounder,,,,,,JASCO_VFPA:BoundaryPass:AMAR418.1.20190322T172409Z.wav,[],
dclde_JASCO_VFPA_BoundaryPass__AMAR418.1.20190326T175409Z.wav_1482.8s_1484.8s_trainstyle,dclde_JASCO_VFPA_BoundaryPass__AMAR418.1.20190326T175409Z.wav,AMAR418.1.20190326T175409Z.wav,AMAR418.1.20190326T175409Z.wav,1482.759000,1484.764000,1482.759000,1484.764000,1482.759000,2.005000,dclde_JASCO_VFPA_BoundaryPass__AMAR418.1.20190326T175409Z.wav_1482.8s_1484.8s_trainstyle.mat,mat_files/dclde_JASCO_VFPA_BoundaryPass__AMAR418.1.20190326T175409Z.wav_1482.8s_1484.8s_trainstyle.mat,dclde_2027_JASCO_VFPA_BoundaryPass,182830,JASCO_VFPA,BoundaryPass,AMAR418.1.20190326T175409Z.wav,UndBio,confounder:undetermined_biological,,,,confounder:undetermined_biological,NA,Call,0,NA,251,13826.4,dclde/2027/dclde_2027_killer_whales/vfpa/audio/boundarypass/AMAR418.1.20190326T175409Z.wav,gs://noaa-passive-bioacoustic/dclde/2027/dclde_2027_killer_whales/vfpa/audio/boundarypass/AMAR418.1.20190326T175409Z.wav,https://storage.googleapis.com/noaa-passive-bioacoustic/dclde/2027/dclde_2027_killer_whales/vfpa/audio/boundarypass/AMAR418.1.20190326T175409Z.wav,1,reviewed_confounder,,,,,,JASCO_VFPA:BoundaryPass:AMAR418.1.20190326T175409Z.wav,[],
dclde_JASCO_VFPA_BoundaryPass__AMAR418.1.20190326T175409Z.wav_1485.5s_1486.2s_trainstyle,dclde_JASCO_VFPA_BoundaryPass__AMAR418.1.20190326T175409Z.wav,AMAR418.1.20190326T175409Z.wav,AMAR418.1.20190326T175409Z.wav,1485.454000,1486.214000,1485.454000,1486.214000,1485.454000,0.760000,dclde_JASCO_VFPA_BoundaryPass__AMAR418.1.20190326T175409Z.wav_1485.5s_1486.2s_trainstyle.mat,mat_files/dclde_JASCO_VFPA_BoundaryPass__AMAR418.1.20190326T175409Z.wav_1485.5s_1486.2s_trainstyle.mat,dclde_2027_JASCO_VFPA_BoundaryPass,182831,JASCO_VFPA,BoundaryPass,AMAR418.1.20190326T175409Z.wav,UndBio,confounder:undetermined_biological,,,,confounder:undetermined_biological,NA,Call,0,NA,0,9557,dclde/2027/dclde_2027_killer_whales/vfpa/audio/boundarypass/AMAR418.1.20190326T175409Z.wav,gs://noaa-passive-bioacoustic/dclde/2027/dclde_2027_killer_whales/vfpa/audio/boundarypass/AMAR418.1.20190326T175409Z.wav,https://storage.googleapis.com/noaa-passive-bioacoustic/dclde/2027/dclde_2027_killer_whales/vfpa/audio/boundarypass/AMAR418.1.20190326T175409Z.wav,1,reviewed_confounder,,,,,,JASCO_VFPA:BoundaryPass:AMAR418.1.20190326T175409Z.wav,[],
dclde_JASCO_VFPA_HaroStraitNorth__AMAR418.1.20170708T073001Z.wav_834.5s_835.0s_trainstyle,dclde_JASCO_VFPA_HaroStraitNorth__AMAR418.1.20170708T073001Z.wav,AMAR418.1.20170708T073001Z.wav,AMAR418.1.20170708T073001Z.wav,834.500000,835.000000,834.500000,835.000000,834.500000,0.500000,dclde_JASCO_VFPA_HaroStraitNorth__AMAR418.1.20170708T073001Z.wav_834.5s_835.0s_trainstyle.mat,mat_files/dclde_JASCO_VFPA_HaroStraitNorth__AMAR418.1.20170708T073001Z.wav_834.5s_835.0s_trainstyle.mat,dclde_2027_JASCO_VFPA_HaroStraitNorth,183221,JASCO_VFPA,HaroStraitNorth,AMAR418.1.20170708T073001Z.wav,AB,confounder:abiotic,,,,confounder:abiotic,NA,Call,0,NA,2532.94,3185.94,dclde/2027/dclde_2027_killer_whales/vfpa/audio/harostraitnorth/AMAR418.1.20170708T073001Z.wav,gs://noaa-passive-bioacoustic/dclde/2027/dclde_2027_killer_whales/vfpa/audio/harostraitnorth/AMAR418.1.20170708T073001Z.wav,https://storage.googleapis.com/noaa-passive-bioacoustic/dclde/2027/dclde_2027_killer_whales/vfpa/audio/harostraitnorth/AMAR418.1.20170708T073001Z.wav,1,reviewed_confounder,,,,,,JASCO_VFPA:HaroStraitNorth:AMAR418.1.20170708T073001Z.wav,[],
dclde_JASCO_VFPA_HaroStraitNorth__AMAR418.1.20170708T073001Z.wav_1008.5s_1009.0s_trainstyle,dclde_JASCO_VFPA_HaroStraitNorth__AMAR418.1.20170708T073001Z.wav,AMAR418.1.20170708T073001Z.wav,AMAR418.1.20170708T073001Z.wav,1008.540000,1009.000000,1008.540000,1009.000000,1008.540000,0.460000,dclde_JASCO_VFPA_HaroStraitNorth__AMAR418.1.20170708T073001Z.wav_1008.5s_1009.0s_trainstyle.mat,mat_files/dclde_JASCO_VFPA_HaroStraitNorth__AMAR418.1.20170708T073001Z.wav_1008.5s_1009.0s_trainstyle.mat,dclde_2027_JASCO_VFPA_HaroStraitNorth,183222,JASCO_VFPA,HaroStraitNorth,AMAR418.1.20170708T073001Z.wav,AB,confounder:abiotic,,,,confounder:abiotic,NA,Call,0,NA,1860.05,2977.05,dclde/2027/dclde_2027_killer_whales/vfpa/audio/harostraitnorth/AMAR418.1.20170708T073001Z.wav,gs://noaa-passive-bioacoustic/dclde/2027/dclde_2027_killer_whales/vfpa/audio/harostraitnorth/AMAR418.1.20170708T073001Z.wav,https://storage.googleapis.com/noaa-passive-bioacoustic/dclde/2027/dclde_2027_killer_whales/vfpa/audio/harostraitnorth/AMAR418.1.20170708T073001Z.wav,1,reviewed_confounder,,,,,,JASCO_VFPA:HaroStraitNorth:AMAR418.1.20170708T073001Z.wav,[],
dclde_JASCO_VFPA_HaroStraitNorth__AMAR418.1.20170708T073001Z.wav_1179.1s_1179.7s_trainstyle,dclde_JASCO_VFPA_HaroStraitNorth__AMAR418.1.20170708T073001Z.wav,AMAR418.1.20170708T073001Z.wav,AMAR418.1.20170708T073001Z.wav,1179.100000,1179.680000,1179.100000,1179.680000,1179.100000,0.580000,dclde_JASCO_VFPA_HaroStraitNorth__AMAR418.1.20170708T073001Z.wav_1179.1s_1179.7s_trainstyle.mat,mat_files/dclde_JASCO_VFPA_HaroStraitNorth__AMAR418.1.20170708T073001Z.wav_1179.1s_1179.7s_trainstyle.mat,dclde_2027_JASCO_VFPA_HaroStraitNorth,183223,JASCO_VFPA,HaroStraitNorth,AMAR418.1.20170708T073001Z.wav,AB,confounder:abiotic,,,,confounder:abiotic,NA,Call,0,NA,2539.19,2860.19,dclde/2027/dclde_2027_killer_whales/vfpa/audio/harostraitnorth/AMAR418.1.20170708T073001Z.wav,gs://noaa-passive-bioacoustic/dclde/2027/dclde_2027_killer_whales/vfpa/audio/harostraitnorth/AMAR418.1.20170708T073001Z.wav,https://storage.googleapis.com/noaa-passive-bioacoustic/dclde/2027/dclde_2027_killer_whales/vfpa/audio/harostraitnorth/AMAR418.1.20170708T073001Z.wav,1,reviewed_confounder,,,,,,JASCO_VFPA:HaroStraitNorth:AMAR418.1.20170708T073001Z.wav,[],
dclde_JASCO_VFPA_HaroStraitNorth__AMAR418.1.20170708T073001Z.wav_1197.0s_1197.5s_trainstyle,dclde_JASCO_VFPA_HaroStraitNorth__AMAR418.1.20170708T073001Z.wav,AMAR418.1.20170708T073001Z.wav,AMAR418.1.20170708T073001Z.wav,1196.980000,1197.460000,1196.980000,1197.460000,1196.980000,0.480000,dclde_JASCO_VFPA_HaroStraitNorth__AMAR418.1.20170708T073001Z.wav_1197.0s_1197.5s_trainstyle.mat,mat_files/dclde_JASCO_VFPA_HaroStraitNorth__AMAR418.1.20170708T073001Z.wav_1197.0s_1197.5s_trainstyle.mat,dclde_2027_JASCO_VFPA_HaroStraitNorth,183224,JASCO_VFPA,HaroStraitNorth,AMAR418.1.20170708T073001Z.wav,AB,confounder:abiotic,,,,confounder:abiotic,NA,Call,0,NA,2534.06,3654.06,dclde/2027/dclde_2027_killer_whales/vfpa/audio/harostraitnorth/AMAR418.1.20170708T073001Z.wav,gs://noaa-passive-bioacoustic/dclde/2027/dclde_2027_killer_whales/vfpa/audio/harostraitnorth/AMAR418.1.20170708T073001Z.wav,https://storage.googleapis.com/noaa-passive-bioacoustic/dclde/2027/dclde_2027_killer_whales/vfpa/audio/harostraitnorth/AMAR418.1.20170708T073001Z.wav,1,reviewed_confounder,,,,,,JASCO_VFPA:HaroStraitNorth:AMAR418.1.20170708T073001Z.wav,[],
dclde_JASCO_VFPA_HaroStraitNorth__AMAR418.1.20170708T073001Z.wav_1554.9s_1555.5s_trainstyle,dclde_JASCO_VFPA_HaroStraitNorth__AMAR418.1.20170708T073001Z.wav,AMAR418.1.20170708T073001Z.wav,AMAR418.1.20170708T073001Z.wav,1554.940000,1555.500000,1554.940000,1555.500000,1554.940000,0.560000,dclde_JASCO_VFPA_HaroStraitNorth__AMAR418.1.20170708T073001Z.wav_1554.9s_1555.5s_trainstyle.mat,mat_files/dclde_JASCO_VFPA_HaroStraitNorth__AMAR418.1.20170708T073001Z.wav_1554.9s_1555.5s_trainstyle.mat,dclde_2027_JASCO_VFPA_HaroStraitNorth,183225,JASCO_VFPA,HaroStraitNorth,AMAR418.1.20170708T073001Z.wav,AB,confounder:abiotic,,,,confounder:abiotic,NA,Call,0,NA,2015.61,2840.61,dclde/2027/dclde_2027_killer_whales/vfpa/audio/harostraitnorth/AMAR418.1.20170708T073001Z.wav,gs://noaa-passive-bioacoustic/dclde/2027/dclde_2027_killer_whales/vfpa/audio/harostraitnorth/AMAR418.1.20170708T073001Z.wav,https://storage.googleapis.com/noaa-passive-bioacoustic/dclde/2027/dclde_2027_killer_whales/vfpa/audio/harostraitnorth/AMAR418.1.20170708T073001Z.wav,1,reviewed_confounder,,,,,,JASCO_VFPA:HaroStraitNorth:AMAR418.1.20170708T073001Z.wav,[],
dclde_JASCO_VFPA_HaroStraitNorth__AMAR418.1.20170708T073001Z.wav_1725.2s_1725.6s_trainstyle,dclde_JASCO_VFPA_HaroStraitNorth__AMAR418.1.20170708T073001Z.wav,AMAR418.1.20170708T073001Z.wav,AMAR418.1.20170708T073001Z.wav,1725.180000,1725.580000,1725.180000,1725.580000,1725.180000,0.400000,dclde_JASCO_VFPA_HaroStraitNorth__AMAR418.1.20170708T073001Z.wav_1725.2s_1725.6s_trainstyle.mat,mat_files/dclde_JASCO_VFPA_HaroStraitNorth__AMAR418.1.20170708T073001Z.wav_1725.2s_1725.6s_trainstyle.mat,dclde_2027_JASCO_VFPA_HaroStraitNorth,183226,JASCO_VFPA,HaroStraitNorth,AMAR418.1.20170708T073001Z.wav,AB,confounder:abiotic,,,,confounder:abiotic,NA,Call,0,NA,2138.06,2835.06,dclde/2027/dclde_2027_killer_whales/vfpa/audio/harostraitnorth/AMAR418.1.20170708T073001Z.wav,gs://noaa-passive-bioacoustic/dclde/2027/dclde_2027_killer_whales/vfpa/audio/harostraitnorth/AMAR418.1.20170708T073001Z.wav,https://storage.googleapis.com/noaa-passive-bioacoustic/dclde/2027/dclde_2027_killer_whales/vfpa/audio/harostraitnorth/AMAR418.1.20170708T073001Z.wav,1,reviewed_confounder,,,,,,JASCO_VFPA:HaroStraitNorth:AMAR418.1.20170708T073001Z.wav,[],
dclde_JASCO_VFPA_HaroStraitNorth__AMAR418.1.20170711T110001Z.wav_223.0s_223.8s_trainstyle,dclde_JASCO_VFPA_HaroStraitNorth__AMAR418.1.20170711T110001Z.wav,AMAR418.1.20170711T110001Z.wav,AMAR418.1.20170711T110001Z.wav,223.020000,223.760000,223.020000,223.760000,223.020000,0.740000,dclde_JASCO_VFPA_HaroStraitNorth__AMAR418.1.20170711T110001Z.wav_223.0s_223.8s_trainstyle.mat,mat_files/dclde_JASCO_VFPA_HaroStraitNorth__AMAR418.1.20170711T110001Z.wav_223.0s_223.8s_trainstyle.mat,dclde_2027_JASCO_VFPA_HaroStraitNorth,183227,JASCO_VFPA,HaroStraitNorth,AMAR418.1.20170711T110001Z.wav,AB,confounder:abiotic,,,,confounder:abiotic,NA,Call,0,NA,1270.98,3439.98,dclde/2027/dclde_2027_killer_whales/vfpa/audio/harostraitnorth/AMAR418.1.20170711T110001Z.wav,gs://noaa-passive-bioacoustic/dclde/2027/dclde_2027_killer_whales/vfpa/audio/harostraitnorth/AMAR418.1.20170711T110001Z.wav,https://storage.googleapis.com/noaa-passive-bioacoustic/dclde/2027/dclde_2027_killer_whales/vfpa/audio/harostraitnorth/AMAR418.1.20170711T110001Z.wav,1,reviewed_confounder,,,,,,JASCO_VFPA:HaroStraitNorth:AMAR418.1.20170711T110001Z.wav,[],
dclde_JASCO_VFPA_HaroStraitNorth__AMAR418.1.20170711T110001Z.wav_333.4s_334.4s_trainstyle,dclde_JASCO_VFPA_HaroStraitNorth__AMAR418.1.20170711T110001Z.wav,AMAR418.1.20170711T110001Z.wav,AMAR418.1.20170711T110001Z.wav,333.440000,334.420000,333.440000,334.420000,333.440000,0.980000,dclde_JASCO_VFPA_HaroStraitNorth__AMAR418.1.20170711T110001Z.wav_333.4s_334.4s_trainstyle.mat,mat_files/dclde_JASCO_VFPA_HaroStraitNorth__AMAR418.1.20170711T110001Z.wav_333.4s_334.4s_trainstyle.mat,dclde_2027_JASCO_VFPA_HaroStraitNorth,183228,JASCO_VFPA,HaroStraitNorth,AMAR418.1.20170711T110001Z.wav,AB,confounder:abiotic,,,,confounder:abiotic,NA,Call,0,NA,2030.33,2954.33,dclde/2027/dclde_2027_killer_whales/vfpa/audio/harostraitnorth/AMAR418.1.20170711T110001Z.wav,gs://noaa-passive-bioacoustic/dclde/2027/dclde_2027_killer_whales/vfpa/audio/harostraitnorth/AMAR418.1.20170711T110001Z.wav,https://storage.googleapis.com/noaa-passive-bioacoustic/dclde/2027/dclde_2027_killer_whales/vfpa/audio/harostraitnorth/AMAR418.1.20170711T110001Z.wav,1,reviewed_confounder,,,,,,JASCO_VFPA:HaroStraitNorth:AMAR418.1.20170711T110001Z.wav,[],
dclde_JASCO_VFPA_HaroStraitNorth__AMAR418.1.20170711T110001Z.wav_458.3s_459.2s_trainstyle,dclde_JASCO_VFPA_HaroStraitNorth__AMAR418.1.20170711T110001Z.wav,AMAR418.1.20170711T110001Z.wav,AMAR418.1.20170711T110001Z.wav,458.260000,459.200000,458.260000,459.200000,458.260000,0.940000,dclde_JASCO_VFPA_HaroStraitNorth__AMAR418.1.20170711T110001Z.wav_458.3s_459.2s_trainstyle.mat,mat_files/dclde_JASCO_VFPA_HaroStraitNorth__AMAR418.1.20170711T110001Z.wav_458.3s_459.2s_trainstyle.mat,dclde_2027_JASCO_VFPA_HaroStraitNorth,183229,JASCO_VFPA,HaroStraitNorth,AMAR418.1.20170711T110001Z.wav,AB,confounder:abiotic,,,,confounder:abiotic,NA,Call,0,NA,1690.17,2855.17,dclde/2027/dclde_2027_killer_whales/vfpa/audio/harostraitnorth/AMAR418.1.20170711T110001Z.wav,gs://noaa-passive-bioacoustic/dclde/2027/dclde_2027_killer_whales/vfpa/audio/harostraitnorth/AMAR418.1.20170711T110001Z.wav,https://storage.googleapis.com/noaa-passive-bioacoustic/dclde/2027/dclde_2027_killer_whales/vfpa/audio/harostraitnorth/AMAR418.1.20170711T110001Z.wav,1,reviewed_confounder,,,,,,JASCO_VFPA:HaroStraitNorth:AMAR418.1.20170711T110001Z.wav,[],
dclde_JASCO_VFPA_HaroStraitSouth__AMAR395.1.20170708T073001Z.wav_461.7s_462.3s_trainstyle,dclde_JASCO_VFPA_HaroStraitSouth__AMAR395.1.20170708T073001Z.wav,AMAR395.1.20170708T073001Z.wav,AMAR395.1.20170708T073001Z.wav,461.740000,462.280000,461.740000,462.280000,461.740000,0.540000,dclde_JASCO_VFPA_HaroStraitSouth__AMAR395.1.20170708T073001Z.wav_461.7s_462.3s_trainstyle.mat,mat_files/dclde_JASCO_VFPA_HaroStraitSouth__AMAR395.1.20170708T073001Z.wav_461.7s_462.3s_trainstyle.mat,dclde_2027_JASCO_VFPA_HaroStraitSouth,188547,JASCO_VFPA,HaroStraitSouth,AMAR395.1.20170708T073001Z.wav,AB,confounder:abiotic,,,,confounder:abiotic,NA,Call,0,NA,613.72,2373.72,dclde/2027/dclde_2027_killer_whales/vfpa/audio/harostraitsouth/AMAR395.1.20170708T073001Z.wav,gs://noaa-passive-bioacoustic/dclde/2027/dclde_2027_killer_whales/vfpa/audio/harostraitsouth/AMAR395.1.20170708T073001Z.wav,https://storage.googleapis.com/noaa-passive-bioacoustic/dclde/2027/dclde_2027_killer_whales/vfpa/audio/harostraitsouth/AMAR395.1.20170708T073001Z.wav,1,reviewed_confounder,,,,,,JASCO_VFPA:HaroStraitSouth:AMAR395.1.20170708T073001Z.wav,[],
dclde_JASCO_VFPA_HaroStraitSouth__AMAR395.1.20170708T073001Z.wav_520.9s_521.7s_trainstyle,dclde_JASCO_VFPA_HaroStraitSouth__AMAR395.1.20170708T073001Z.wav,AMAR395.1.20170708T073001Z.wav,AMAR395.1.20170708T073001Z.wav,520.900000,521.660000,520.900000,521.660000,520.900000,0.760000,dclde_JASCO_VFPA_HaroStraitSouth__AMAR395.1.20170708T073001Z.wav_520.9s_521.7s_trainstyle.mat,mat_files/dclde_JASCO_VFPA_HaroStraitSouth__AMAR395.1.20170708T073001Z.wav_520.9s_521.7s_trainstyle.mat,dclde_2027_JASCO_VFPA_HaroStraitSouth,188548,JASCO_VFPA,HaroStraitSouth,AMAR395.1.20170708T073001Z.wav,AB,confounder:abiotic,,,,confounder:abiotic,NA,Call,0,NA,492.97,2387.97,dclde/2027/dclde_2027_killer_whales/vfpa/audio/harostraitsouth/AMAR395.1.20170708T073001Z.wav,gs://noaa-passive-bioacoustic/dclde/2027/dclde_2027_killer_whales/vfpa/audio/harostraitsouth/AMAR395.1.20170708T073001Z.wav,https://storage.googleapis.com/noaa-passive-bioacoustic/dclde/2027/dclde_2027_killer_whales/vfpa/audio/harostraitsouth/AMAR395.1.20170708T073001Z.wav,1,reviewed_confounder,,,,,,JASCO_VFPA:HaroStraitSouth:AMAR395.1.20170708T073001Z.wav,[],
dclde_JASCO_VFPA_HaroStraitSouth__AMAR395.1.20170708T073001Z.wav_523.3s_524.0s_trainstyle,dclde_JASCO_VFPA_HaroStraitSouth__AMAR395.1.20170708T073001Z.wav,AMAR395.1.20170708T073001Z.wav,AMAR395.1.20170708T073001Z.wav,523.260000,524.020000,523.260000,524.020000,523.260000,0.760000,dclde_JASCO_VFPA_HaroStraitSouth__AMAR395.1.20170708T073001Z.wav_523.3s_524.0s_trainstyle.mat,mat_files/dclde_JASCO_VFPA_HaroStraitSouth__AMAR395.1.20170708T073001Z.wav_523.3s_524.0s_trainstyle.mat,dclde_2027_JASCO_VFPA_HaroStraitSouth,188549,JASCO_VFPA,HaroStraitSouth,AMAR395.1.20170708T073001Z.wav,AB,confounder:abiotic,,,,confounder:abiotic,NA,Call,0,NA,628.47,3262.47,dclde/2027/dclde_2027_killer_whales/vfpa/audio/harostraitsouth/AMAR395.1.20170708T073001Z.wav,gs://noaa-passive-bioacoustic/dclde/2027/dclde_2027_killer_whales/vfpa/audio/harostraitsouth/AMAR395.1.20170708T073001Z.wav,https://storage.googleapis.com/noaa-passive-bioacoustic/dclde/2027/dclde_2027_killer_whales/vfpa/audio/harostraitsouth/AMAR395.1.20170708T073001Z.wav,1,reviewed_confounder,,,,,,JASCO_VFPA:HaroStraitSouth:AMAR395.1.20170708T073001Z.wav,[],
dclde_JASCO_VFPA_HaroStraitSouth__AMAR395.1.20170708T073001Z.wav_524.0s_524.5s_trainstyle,dclde_JASCO_VFPA_HaroStraitSouth__AMAR395.1.20170708T073001Z.wav,AMAR395.1.20170708T073001Z.wav,AMAR395.1.20170708T073001Z.wav,524.000000,524.460000,524.000000,524.460000,524.000000,0.460000,dclde_JASCO_VFPA_HaroStraitSouth__AMAR395.1.20170708T073001Z.wav_524.0s_524.5s_trainstyle.mat,mat_files/dclde_JASCO_VFPA_HaroStraitSouth__AMAR395.1.20170708T073001Z.wav_524.0s_524.5s_trainstyle.mat,dclde_2027_JASCO_VFPA_HaroStraitSouth,188550,JASCO_VFPA,HaroStraitSouth,AMAR395.1.20170708T073001Z.wav,AB,confounder:abiotic,,,,confounder:abiotic,NA,Call,0,NA,683.63,2396.63,dclde/2027/dclde_2027_killer_whales/vfpa/audio/harostraitsouth/AMAR395.1.20170708T073001Z.wav,gs://noaa-passive-bioacoustic/dclde/2027/dclde_2027_killer_whales/vfpa/audio/harostraitsouth/AMAR395.1.20170708T073001Z.wav,https://storage.googleapis.com/noaa-passive-bioacoustic/dclde/2027/dclde_2027_killer_whales/vfpa/audio/harostraitsouth/AMAR395.1.20170708T073001Z.wav,1,reviewed_confounder,,,,,,JASCO_VFPA:HaroStraitSouth:AMAR395.1.20170708T073001Z.wav,[],
dclde_JASCO_VFPA_HaroStraitSouth__AMAR395.1.20170708T073001Z.wav_648.4s_648.9s_trainstyle,dclde_JASCO_VFPA_HaroStraitSouth__AMAR395.1.20170708T073001Z.wav,AMAR395.1.20170708T073001Z.wav,AMAR395.1.20170708T073001Z.wav,648.400000,648.860000,648.400000,648.860000,648.400000,0.460000,dclde_JASCO_VFPA_HaroStraitSouth__AMAR395.1.20170708T073001Z.wav_648.4s_648.9s_trainstyle.mat,mat_files/dclde_JASCO_VFPA_HaroStraitSouth__AMAR395.1.20170708T073001Z.wav_648.4s_648.9s_trainstyle.mat,dclde_2027_JASCO_VFPA_HaroStraitSouth,188551,JASCO_VFPA,HaroStraitSouth,AMAR395.1.20170708T073001Z.wav,AB,confounder:abiotic,,,,confounder:abiotic,NA,Call,0,NA,924.14,2882.14,dclde/2027/dclde_2027_killer_whales/vfpa/audio/harostraitsouth/AMAR395.1.20170708T073001Z.wav,gs://noaa-passive-bioacoustic/dclde/2027/dclde_2027_killer_whales/vfpa/audio/harostraitsouth/AMAR395.1.20170708T073001Z.wav,https://storage.googleapis.com/noaa-passive-bioacoustic/dclde/2027/dclde_2027_killer_whales/vfpa/audio/harostraitsouth/AMAR395.1.20170708T073001Z.wav,1,reviewed_confounder,,,,,,JASCO_VFPA:HaroStraitSouth:AMAR395.1.20170708T073001Z.wav,[],
dclde_JASCO_VFPA_HaroStraitSouth__AMAR395.1.20170708T073001Z.wav_669.8s_670.2s_trainstyle,dclde_JASCO_VFPA_HaroStraitSouth__AMAR395.1.20170708T073001Z.wav,AMAR395.1.20170708T073001Z.wav,AMAR395.1.20170708T073001Z.wav,669.780000,670.200000,669.780000,670.200000,669.780000,0.420000,dclde_JASCO_VFPA_HaroStraitSouth__AMAR395.1.20170708T073001Z.wav_669.8s_670.2s_trainstyle.mat,mat_files/dclde_JASCO_VFPA_HaroStraitSouth__AMAR395.1.20170708T073001Z.wav_669.8s_670.2s_trainstyle.mat,dclde_2027_JASCO_VFPA_HaroStraitSouth,188552,JASCO_VFPA,HaroStraitSouth,AMAR395.1.20170708T073001Z.wav,AB,confounder:abiotic,,,,confounder:abiotic,NA,Call,0,NA,920.28,2375.28,dclde/2027/dclde_2027_killer_whales/vfpa/audio/harostraitsouth/AMAR395.1.20170708T073001Z.wav,gs://noaa-passive-bioacoustic/dclde/2027/dclde_2027_killer_whales/vfpa/audio/harostraitsouth/AMAR395.1.20170708T073001Z.wav,https://storage.googleapis.com/noaa-passive-bioacoustic/dclde/2027/dclde_2027_killer_whales/vfpa/audio/harostraitsouth/AMAR395.1.20170708T073001Z.wav,1,reviewed_confounder,,,,,,JASCO_VFPA:HaroStraitSouth:AMAR395.1.20170708T073001Z.wav,[],
dclde_JASCO_VFPA_HaroStraitSouth__AMAR395.1.20170708T073001Z.wav_680.2s_680.7s_trainstyle,dclde_JASCO_VFPA_HaroStraitSouth__AMAR395.1.20170708T073001Z.wav,AMAR395.1.20170708T073001Z.wav,AMAR395.1.20170708T073001Z.wav,680.160000,680.700000,680.160000,680.700000,680.160000,0.540000,dclde_JASCO_VFPA_HaroStraitSouth__AMAR395.1.20170708T073001Z.wav_680.2s_680.7s_trainstyle.mat,mat_files/dclde_JASCO_VFPA_HaroStraitSouth__AMAR395.1.20170708T073001Z.wav_680.2s_680.7s_trainstyle.mat,dclde_2027_JASCO_VFPA_HaroStraitSouth,188553,JASCO_VFPA,HaroStraitSouth,AMAR395.1.20170708T073001Z.wav,AB,confounder:abiotic,,,,confounder:abiotic,NA,Call,0,NA,1308.8,2750.8,dclde/2027/dclde_2027_killer_whales/vfpa/audio/harostraitsouth/AMAR395.1.20170708T073001Z.wav,gs://noaa-passive-bioacoustic/dclde/2027/dclde_2027_killer_whales/vfpa/audio/harostraitsouth/AMAR395.1.20170708T073001Z.wav,https://storage.googleapis.com/noaa-passive-bioacoustic/dclde/2027/dclde_2027_killer_whales/vfpa/audio/harostraitsouth/AMAR395.1.20170708T073001Z.wav,1,reviewed_confounder,,,,,,JASCO_VFPA:HaroStraitSouth:AMAR395.1.20170708T073001Z.wav,[],
dclde_JASCO_VFPA_HaroStraitSouth__AMAR395.1.20170708T073001Z.wav_737.6s_738.4s_trainstyle,dclde_JASCO_VFPA_HaroStraitSouth__AMAR395.1.20170708T073001Z.wav,AMAR395.1.20170708T073001Z.wav,AMAR395.1.20170708T073001Z.wav,737.640000,738.380000,737.640000,738.380000,737.640000,0.740000,dclde_JASCO_VFPA_HaroStraitSouth__AMAR395.1.20170708T073001Z.wav_737.6s_738.4s_trainstyle.mat,mat_files/dclde_JASCO_VFPA_HaroStraitSouth__AMAR395.1.20170708T073001Z.wav_737.6s_738.4s_trainstyle.mat,dclde_2027_JASCO_VFPA_HaroStraitSouth,188554,JASCO_VFPA,HaroStraitSouth,AMAR395.1.20170708T073001Z.wav,AB,confounder:abiotic,,,,confounder:abiotic,NA,Call,0,NA,922.19,2487.19,dclde/2027/dclde_2027_killer_whales/vfpa/audio/harostraitsouth/AMAR395.1.20170708T073001Z.wav,gs://noaa-passive-bioacoustic/dclde/2027/dclde_2027_killer_whales/vfpa/audio/harostraitsouth/AMAR395.1.20170708T073001Z.wav,https://storage.googleapis.com/noaa-passive-bioacoustic/dclde/2027/dclde_2027_killer_whales/vfpa/audio/harostraitsouth/AMAR395.1.20170708T073001Z.wav,1,reviewed_confounder,,,,,,JASCO_VFPA:HaroStraitSouth:AMAR395.1.20170708T073001Z.wav,[],
dclde_JASCO_VFPA_HaroStraitSouth__AMAR395.1.20170708T073001Z.wav_1424.8s_1425.5s_trainstyle,dclde_JASCO_VFPA_HaroStraitSouth__AMAR395.1.20170708T073001Z.wav,AMAR395.1.20170708T073001Z.wav,AMAR395.1.20170708T073001Z.wav,1424.800000,1425.540000,1424.800000,1425.540000,1424.800000,0.740000,dclde_JASCO_VFPA_HaroStraitSouth__AMAR395.1.20170708T073001Z.wav_1424.8s_1425.5s_trainstyle.mat,mat_files/dclde_JASCO_VFPA_HaroStraitSouth__AMAR395.1.20170708T073001Z.wav_1424.8s_1425.5s_trainstyle.mat,dclde_2027_JASCO_VFPA_HaroStraitSouth,188555,JASCO_VFPA,HaroStraitSouth,AMAR395.1.20170708T073001Z.wav,AB,confounder:abiotic,,,,confounder:abiotic,NA,Call,0,NA,1071.33,2132.33,dclde/2027/dclde_2027_killer_whales/vfpa/audio/harostraitsouth/AMAR395.1.20170708T073001Z.wav,gs://noaa-passive-bioacoustic/dclde/2027/dclde_2027_killer_whales/vfpa/audio/harostraitsouth/AMAR395.1.20170708T073001Z.wav,https://storage.googleapis.com/noaa-passive-bioacoustic/dclde/2027/dclde_2027_killer_whales/vfpa/audio/harostraitsouth/AMAR395.1.20170708T073001Z.wav,1,reviewed_confounder,,,,,,JASCO_VFPA:HaroStraitSouth:AMAR395.1.20170708T073001Z.wav,[],
dclde_JASCO_VFPA_ONC_StraitofGeorgia__JASCOAMARHYDROPHONE2402_20150929T075616.320Z.wav_230.3s_241.0s_trainstyle,dclde_JASCO_VFPA_ONC_StraitofGeorgia__JASCOAMARHYDROPHONE2402_20150929T075616.320Z.wav,JASCOAMARHYDROPHONE2402_20150929T075616.320Z.wav,JASCOAMARHYDROPHONE2402_20150929T075616.320Z.wav,230.310000,240.975000,230.310000,240.975000,230.310000,10.665000,dclde_JASCO_VFPA_ONC_StraitofGeorgia__JASCOAMARHYDROPHONE2402_20150929T075616.320Z.wav_230.3s_241.0s_trainstyle.mat,mat_files/dclde_JASCO_VFPA_ONC_StraitofGeorgia__JASCOAMARHYDROPHONE2402_20150929T075616.320Z.wav_230.3s_241.0s_trainstyle.mat,dclde_2027_JASCO_VFPA_ONC_StraitofGeorgia,193844,JASCO_VFPA_ONC,StraitofGeorgia,JASCOAMARHYDROPHONE2402_20150929T075616.320Z.wav,AB,confounder:abiotic,,,,confounder:abiotic,NA,Call,0,NA,431.1,32000,dclde/2027/dclde_2027_killer_whales/vfpa/audio/straitofgeorgia/JASCOAMARHYDROPHONE2402_20150929T075616.320Z.wav,gs://noaa-passive-bioacoustic/dclde/2027/dclde_2027_killer_whales/vfpa/audio/straitofgeorgia/JASCOAMARHYDROPHONE2402_20150929T075616.320Z.wav,https://storage.googleapis.com/noaa-passive-bioacoustic/dclde/2027/dclde_2027_killer_whales/vfpa/audio/straitofgeorgia/JASCOAMARHYDROPHONE2402_20150929T075616.320Z.wav,1,reviewed_confounder,,,,,,JASCO_VFPA_ONC:StraitofGeorgia:JASCOAMARHYDROPHONE2402_20150929T075616.320Z.wav,[],
dclde_JASCO_VFPA_ONC_StraitofGeorgia__JASCOAMARHYDROPHONE2402_20150929T075616.320Z.wav_245.5s_256.5s_trainstyle,dclde_JASCO_VFPA_ONC_StraitofGeorgia__JASCOAMARHYDROPHONE2402_20150929T075616.320Z.wav,JASCOAMARHYDROPHONE2402_20150929T075616.320Z.wav,JASCOAMARHYDROPHONE2402_20150929T075616.320Z.wav,245.453000,256.487000,245.453000,256.487000,245.453000,11.034000,dclde_JASCO_VFPA_ONC_StraitofGeorgia__JASCOAMARHYDROPHONE2402_20150929T075616.320Z.wav_245.5s_256.5s_trainstyle.mat,mat_files/dclde_JASCO_VFPA_ONC_StraitofGeorgia__JASCOAMARHYDROPHONE2402_20150929T075616.320Z.wav_245.5s_256.5s_trainstyle.mat,dclde_2027_JASCO_VFPA_ONC_StraitofGeorgia,193855,JASCO_VFPA_ONC,StraitofGeorgia,JASCOAMARHYDROPHONE2402_20150929T075616.320Z.wav,AB,confounder:abiotic,,,,confounder:abiotic,NA,Call,0,NA,265,32000,dclde/2027/dclde_2027_killer_whales/vfpa/audio/straitofgeorgia/JASCOAMARHYDROPHONE2402_20150929T075616.320Z.wav,gs://noaa-passive-bioacoustic/dclde/2027/dclde_2027_killer_whales/vfpa/audio/straitofgeorgia/JASCOAMARHYDROPHONE2402_20150929T075616.320Z.wav,https://storage.googleapis.com/noaa-passive-bioacoustic/dclde/2027/dclde_2027_killer_whales/vfpa/audio/straitofgeorgia/JASCOAMARHYDROPHONE2402_20150929T075616.320Z.wav,1,reviewed_confounder,,,,,,JASCO_VFPA_ONC:StraitofGeorgia:JASCOAMARHYDROPHONE2402_20150929T075616.320Z.wav,[],
dclde_JASCO_VFPA_ONC_StraitofGeorgia__JASCOAMARHYDROPHONE2402_20150930T142116.829Z.wav_139.8s_143.2s_trainstyle,dclde_JASCO_VFPA_ONC_StraitofGeorgia__JASCOAMARHYDROPHONE2402_20150930T142116.829Z.wav,JASCOAMARHYDROPHONE2402_20150930T142116.829Z.wav,JASCOAMARHYDROPHONE2402_20150930T142116.829Z.wav,139.764000,143.163000,139.764000,143.163000,139.764000,3.399000,dclde_JASCO_VFPA_ONC_StraitofGeorgia__JASCOAMARHYDROPHONE2402_20150930T142116.829Z.wav_139.8s_143.2s_trainstyle.mat,mat_files/dclde_JASCO_VFPA_ONC_StraitofGeorgia__JASCOAMARHYDROPHONE2402_20150930T142116.829Z.wav_139.8s_143.2s_trainstyle.mat,dclde_2027_JASCO_VFPA_ONC_StraitofGeorgia,193986,JASCO_VFPA_ONC,StraitofGeorgia,JASCOAMARHYDROPHONE2402_20150930T142116.829Z.wav,AB,confounder:abiotic,,,,confounder:abiotic,NA,Call,0,NA,935.6,4095.4,dclde/2027/dclde_2027_killer_whales/vfpa/audio/straitofgeorgia/JASCOAMARHYDROPHONE2402_20150930T142116.829Z.wav,gs://noaa-passive-bioacoustic/dclde/2027/dclde_2027_killer_whales/vfpa/audio/straitofgeorgia/JASCOAMARHYDROPHONE2402_20150930T142116.829Z.wav,https://storage.googleapis.com/noaa-passive-bioacoustic/dclde/2027/dclde_2027_killer_whales/vfpa/audio/straitofgeorgia/JASCOAMARHYDROPHONE2402_20150930T142116.829Z.wav,1,reviewed_confounder,,,,,,JASCO_VFPA_ONC:StraitofGeorgia:JASCOAMARHYDROPHONE2402_20150930T142116.829Z.wav,[],
dclde_JASCO_VFPA_ONC_StraitofGeorgia__JASCOAMARHYDROPHONE2402_20151016T121123.257Z.wav_129.7s_138.6s_trainstyle,dclde_JASCO_VFPA_ONC_StraitofGeorgia__JASCOAMARHYDROPHONE2402_20151016T121123.257Z.wav,JASCOAMARHYDROPHONE2402_20151016T121123.257Z.wav,JASCOAMARHYDROPHONE2402_20151016T121123.257Z.wav,129.746000,138.620000,129.746000,138.620000,129.746000,8.874000,dclde_JASCO_VFPA_ONC_StraitofGeorgia__JASCOAMARHYDROPHONE2402_20151016T121123.257Z.wav_129.7s_138.6s_trainstyle.mat,mat_files/dclde_JASCO_VFPA_ONC_StraitofGeorgia__JASCOAMARHYDROPHONE2402_20151016T121123.257Z.wav_129.7s_138.6s_trainstyle.mat,dclde_2027_JASCO_VFPA_ONC_StraitofGeorgia,193996,JASCO_VFPA_ONC,StraitofGeorgia,JASCOAMARHYDROPHONE2402_20151016T121123.257Z.wav,AB,confounder:abiotic,,,,confounder:abiotic,NA,Call,0,NA,4113.1,18235.1,dclde/2027/dclde_2027_killer_whales/vfpa/audio/straitofgeorgia/JASCOAMARHYDROPHONE2402_20151016T121123.257Z.wav,gs://noaa-passive-bioacoustic/dclde/2027/dclde_2027_killer_whales/vfpa/audio/straitofgeorgia/JASCOAMARHYDROPHONE2402_20151016T121123.257Z.wav,https://storage.googleapis.com/noaa-passive-bioacoustic/dclde/2027/dclde_2027_killer_whales/vfpa/audio/straitofgeorgia/JASCOAMARHYDROPHONE2402_20151016T121123.257Z.wav,1,reviewed_confounder,,,,,,JASCO_VFPA_ONC:StraitofGeorgia:JASCOAMARHYDROPHONE2402_20151016T121123.257Z.wav,[],
dclde_JASCO_VFPA_ONC_StraitofGeorgia__JASCOAMARHYDROPHONE2402_20151016T131123.270Z.wav_139.2s_139.4s_trainstyle,dclde_JASCO_VFPA_ONC_StraitofGeorgia__JASCOAMARHYDROPHONE2402_20151016T131123.270Z.wav,JASCOAMARHYDROPHONE2402_20151016T131123.270Z.wav,JASCOAMARHYDROPHONE2402_20151016T131123.270Z.wav,139.232000,139.393000,139.232000,139.393000,139.232000,0.161000,dclde_JASCO_VFPA_ONC_StraitofGeorgia__JASCOAMARHYDROPHONE2402_20151016T131123.270Z.wav_139.2s_139.4s_trainstyle.mat,mat_files/dclde_JASCO_VFPA_ONC_StraitofGeorgia__JASCOAMARHYDROPHONE2402_20151016T131123.270Z.wav_139.2s_139.4s_trainstyle.mat,dclde_2027_JASCO_VFPA_ONC_StraitofGeorgia,194056,JASCO_VFPA_ONC,StraitofGeorgia,JASCOAMARHYDROPHONE2402_20151016T131123.270Z.wav,AB,confounder:abiotic,,,,confounder:abiotic,NA,Call,0,NA,108.1,30573.7,dclde/2027/dclde_2027_killer_whales/vfpa/audio/straitofgeorgia/JASCOAMARHYDROPHONE2402_20151016T131123.270Z.wav,gs://noaa-passive-bioacoustic/dclde/2027/dclde_2027_killer_whales/vfpa/audio/straitofgeorgia/JASCOAMARHYDROPHONE2402_20151016T131123.270Z.wav,https://storage.googleapis.com/noaa-passive-bioacoustic/dclde/2027/dclde_2027_killer_whales/vfpa/audio/straitofgeorgia/JASCOAMARHYDROPHONE2402_20151016T131123.270Z.wav,1,reviewed_confounder,,,,,,JASCO_VFPA_ONC:StraitofGeorgia:JASCOAMARHYDROPHONE2402_20151016T131123.270Z.wav,[],
dclde_JASCO_VFPA_ONC_StraitofGeorgia__JASCOAMARHYDROPHONE2402_20160831T084112.222Z.wav_82.1s_88.9s_trainstyle,dclde_JASCO_VFPA_ONC_StraitofGeorgia__JASCOAMARHYDROPHONE2402_20160831T084112.222Z.wav,JASCOAMARHYDROPHONE2402_20160831T084112.222Z.wav,JASCOAMARHYDROPHONE2402_20160831T084112.222Z.wav,82.082000,88.921000,82.082000,88.921000,82.082000,6.839000,dclde_JASCO_VFPA_ONC_StraitofGeorgia__JASCOAMARHYDROPHONE2402_20160831T084112.222Z.wav_82.1s_88.9s_trainstyle.mat,mat_files/dclde_JASCO_VFPA_ONC_StraitofGeorgia__JASCOAMARHYDROPHONE2402_20160831T084112.222Z.wav_82.1s_88.9s_trainstyle.mat,dclde_2027_JASCO_VFPA_ONC_StraitofGeorgia,194516,JASCO_VFPA_ONC,StraitofGeorgia,JASCOAMARHYDROPHONE2402_20160831T084112.222Z.wav,AB,confounder:abiotic,,,,confounder:abiotic,NA,Call,0,NA,0,1056.5,dclde/2027/dclde_2027_killer_whales/vfpa/audio/straitofgeorgia/JASCOAMARHYDROPHONE2402_20160831T084112.222Z.wav,gs://noaa-passive-bioacoustic/dclde/2027/dclde_2027_killer_whales/vfpa/audio/straitofgeorgia/JASCOAMARHYDROPHONE2402_20160831T084112.222Z.wav,https://storage.googleapis.com/noaa-passive-bioacoustic/dclde/2027/dclde_2027_killer_whales/vfpa/audio/straitofgeorgia/JASCOAMARHYDROPHONE2402_20160831T084112.222Z.wav,1,reviewed_confounder,,,,,,JASCO_VFPA_ONC:StraitofGeorgia:JASCOAMARHYDROPHONE2402_20160831T084112.222Z.wav,[],
dclde_JASCO_VFPA_ONC_StraitofGeorgia__JASCOAMARHYDROPHONE2402_20160831T091612.222Z.wav_4.4s_15.7s_trainstyle,dclde_JASCO_VFPA_ONC_StraitofGeorgia__JASCOAMARHYDROPHONE2402_20160831T091612.222Z.wav,JASCOAMARHYDROPHONE2402_20160831T091612.222Z.wav,JASCOAMARHYDROPHONE2402_20160831T091612.222Z.wav,4.374000,15.692000,4.374000,15.692000,4.374000,11.318000,dclde_JASCO_VFPA_ONC_StraitofGeorgia__JASCOAMARHYDROPHONE2402_20160831T091612.222Z.wav_4.4s_15.7s_trainstyle.mat,mat_files/dclde_JASCO_VFPA_ONC_StraitofGeorgia__JASCOAMARHYDROPHONE2402_20160831T091612.222Z.wav_4.4s_15.7s_trainstyle.mat,dclde_2027_JASCO_VFPA_ONC_StraitofGeorgia,194580,JASCO_VFPA_ONC,StraitofGeorgia,JASCOAMARHYDROPHONE2402_20160831T091612.222Z.wav,UndBio,confounder:undetermined_biological,,,,confounder:undetermined_biological,NA,Call,0,NA,88.6,670.9,dclde/2027/dclde_2027_killer_whales/vfpa/audio/straitofgeorgia/JASCOAMARHYDROPHONE2402_20160831T091612.222Z.wav,gs://noaa-passive-bioacoustic/dclde/2027/dclde_2027_killer_whales/vfpa/audio/straitofgeorgia/JASCOAMARHYDROPHONE2402_20160831T091612.222Z.wav,https://storage.googleapis.com/noaa-passive-bioacoustic/dclde/2027/dclde_2027_killer_whales/vfpa/audio/straitofgeorgia/JASCOAMARHYDROPHONE2402_20160831T091612.222Z.wav,1,reviewed_confounder,,,,,,JASCO_VFPA_ONC:StraitofGeorgia:JASCOAMARHYDROPHONE2402_20160831T091612.222Z.wav,[],
dclde_JASCO_VFPA_ONC_StraitofGeorgia__JASCOAMARHYDROPHONE2402_20160922T125757.087Z.wav_275.4s_276.4s_trainstyle,dclde_JASCO_VFPA_ONC_StraitofGeorgia__JASCOAMARHYDROPHONE2402_20160922T125757.087Z.wav,JASCOAMARHYDROPHONE2402_20160922T125757.087Z.wav,JASCOAMARHYDROPHONE2402_20160922T125757.087Z.wav,275.434000,276.442000,275.434000,276.442000,275.434000,1.008000,dclde_JASCO_VFPA_ONC_StraitofGeorgia__JASCOAMARHYDROPHONE2402_20160922T125757.087Z.wav_275.4s_276.4s_trainstyle.mat,mat_files/dclde_JASCO_VFPA_ONC_StraitofGeorgia__JASCOAMARHYDROPHONE2402_20160922T125757.087Z.wav_275.4s_276.4s_trainstyle.mat,dclde_2027_JASCO_VFPA_ONC_StraitofGeorgia,194847,JASCO_VFPA_ONC,StraitofGeorgia,JASCOAMARHYDROPHONE2402_20160922T125757.087Z.wav,AB,confounder:abiotic,,,,confounder:abiotic,NA,Call,0,NA,1822.6,3988.3,dclde/2027/dclde_2027_killer_whales/vfpa/audio/straitofgeorgia/JASCOAMARHYDROPHONE2402_20160922T125757.087Z.wav,gs://noaa-passive-bioacoustic/dclde/2027/dclde_2027_killer_whales/vfpa/audio/straitofgeorgia/JASCOAMARHYDROPHONE2402_20160922T125757.087Z.wav,https://storage.googleapis.com/noaa-passive-bioacoustic/dclde/2027/dclde_2027_killer_whales/vfpa/audio/straitofgeorgia/JASCOAMARHYDROPHONE2402_20160922T125757.087Z.wav,1,reviewed_confounder,,,,,,JASCO_VFPA_ONC:StraitofGeorgia:JASCOAMARHYDROPHONE2402_20160922T125757.087Z.wav,[],
dclde_JASCO_VFPA_ONC_StraitofGeorgia__JASCOAMARHYDROPHONEC000682_20171103T150328.359Z.wav_52.9s_54.5s_trainstyle,dclde_JASCO_VFPA_ONC_StraitofGeorgia__JASCOAMARHYDROPHONEC000682_20171103T150328.359Z.wav,JASCOAMARHYDROPHONEC000682_20171103T150328.359Z.wav,JASCOAMARHYDROPHONEC000682_20171103T150328.359Z.wav,52.888000,54.538000,52.888000,54.538000,52.888000,1.650000,dclde_JASCO_VFPA_ONC_StraitofGeorgia__JASCOAMARHYDROPHONEC000682_20171103T150328.359Z.wav_52.9s_54.5s_trainstyle.mat,mat_files/dclde_JASCO_VFPA_ONC_StraitofGeorgia__JASCOAMARHYDROPHONEC000682_20171103T150328.359Z.wav_52.9s_54.5s_trainstyle.mat,dclde_2027_JASCO_VFPA_ONC_StraitofGeorgia,195118,JASCO_VFPA_ONC,StraitofGeorgia,JASCOAMARHYDROPHONEC000682_20171103T150328.359Z.wav,AB,confounder:abiotic,,,,confounder:abiotic,NA,Call,0,NA,1588.4,2322.5,dclde/2027/dclde_2027_killer_whales/vfpa/audio/straitofgeorgia/JASCOAMARHYDROPHONEC000682_20171103T150328.359Z.wav,gs://noaa-passive-bioacoustic/dclde/2027/dclde_2027_killer_whales/vfpa/audio/straitofgeorgia/JASCOAMARHYDROPHONEC000682_20171103T150328.359Z.wav,https://storage.googleapis.com/noaa-passive-bioacoustic/dclde/2027/dclde_2027_killer_whales/vfpa/audio/straitofgeorgia/JASCOAMARHYDROPHONEC000682_20171103T150328.359Z.wav,1,reviewed_confounder,,,,,,JASCO_VFPA_ONC:StraitofGeorgia:JASCOAMARHYDROPHONEC000682_20171103T150328.359Z.wav,[],
dclde_JASCO_VFPA_ONC_StraitofGeorgia__JASCOAMARHYDROPHONEC000682_20171103T150328.359Z.wav_78.6s_79.5s_trainstyle,dclde_JASCO_VFPA_ONC_StraitofGeorgia__JASCOAMARHYDROPHONEC000682_20171103T150328.359Z.wav,JASCOAMARHYDROPHONEC000682_20171103T150328.359Z.wav,JASCOAMARHYDROPHONEC000682_20171103T150328.359Z.wav,78.613000,79.450000,78.613000,79.450000,78.613000,0.837000,dclde_JASCO_VFPA_ONC_StraitofGeorgia__JASCOAMARHYDROPHONEC000682_20171103T150328.359Z.wav_78.6s_79.5s_trainstyle.mat,mat_files/dclde_JASCO_VFPA_ONC_StraitofGeorgia__JASCOAMARHYDROPHONEC000682_20171103T150328.359Z.wav_78.6s_79.5s_trainstyle.mat,dclde_2027_JASCO_VFPA_ONC_StraitofGeorgia,195119,JASCO_VFPA_ONC,StraitofGeorgia,JASCOAMARHYDROPHONEC000682_20171103T150328.359Z.wav,AB,confounder:abiotic,,,,confounder:abiotic,NA,Call,0,NA,1444,2960.3,dclde/2027/dclde_2027_killer_whales/vfpa/audio/straitofgeorgia/JASCOAMARHYDROPHONEC000682_20171103T150328.359Z.wav,gs://noaa-passive-bioacoustic/dclde/2027/dclde_2027_killer_whales/vfpa/audio/straitofgeorgia/JASCOAMARHYDROPHONEC000682_20171103T150328.359Z.wav,https://storage.googleapis.com/noaa-passive-bioacoustic/dclde/2027/dclde_2027_killer_whales/vfpa/audio/straitofgeorgia/JASCOAMARHYDROPHONEC000682_20171103T150328.359Z.wav,1,reviewed_confounder,,,,,,JASCO_VFPA_ONC:StraitofGeorgia:JASCOAMARHYDROPHONEC000682_20171103T150328.359Z.wav,[],
dclde_JASCO_VFPA_ONC_StraitofGeorgia__JASCOAMARHYDROPHONEC000682_20180117T105208.527Z.wav_13.2s_15.5s_trainstyle,dclde_JASCO_VFPA_ONC_StraitofGeorgia__JASCOAMARHYDROPHONEC000682_20180117T105208.527Z.wav,JASCOAMARHYDROPHONEC000682_20180117T105208.527Z.wav,JASCOAMARHYDROPHONEC000682_20180117T105208.527Z.wav,13.199000,15.539000,13.199000,15.539000,13.199000,2.340000,dclde_JASCO_VFPA_ONC_StraitofGeorgia__JASCOAMARHYDROPHONEC000682_20180117T105208.527Z.wav_13.2s_15.5s_trainstyle.mat,mat_files/dclde_JASCO_VFPA_ONC_StraitofGeorgia__JASCOAMARHYDROPHONEC000682_20180117T105208.527Z.wav_13.2s_15.5s_trainstyle.mat,dclde_2027_JASCO_VFPA_ONC_StraitofGeorgia,195635,JASCO_VFPA_ONC,StraitofGeorgia,JASCOAMARHYDROPHONEC000682_20180117T105208.527Z.wav,UndBio,confounder:undetermined_biological,,,,confounder:undetermined_biological,NA,Call,0,NA,1672.9,5340.8,dclde/2027/dclde_2027_killer_whales/vfpa/audio/straitofgeorgia/JASCOAMARHYDROPHONEC000682_20180117T105208.527Z.wav,gs://noaa-passive-bioacoustic/dclde/2027/dclde_2027_killer_whales/vfpa/audio/straitofgeorgia/JASCOAMARHYDROPHONEC000682_20180117T105208.527Z.wav,https://storage.googleapis.com/noaa-passive-bioacoustic/dclde/2027/dclde_2027_killer_whales/vfpa/audio/straitofgeorgia/JASCOAMARHYDROPHONEC000682_20180117T105208.527Z.wav,1,reviewed_confounder,,,,,,JASCO_VFPA_ONC:StraitofGeorgia:JASCOAMARHYDROPHONEC000682_20180117T105208.527Z.wav,[],
dclde_JASCO_VFPA_ONC_StraitofGeorgia__JASCOAMARHYDROPHONEC000682_20180117T105208.527Z.wav_36.0s_36.7s_trainstyle,dclde_JASCO_VFPA_ONC_StraitofGeorgia__JASCOAMARHYDROPHONEC000682_20180117T105208.527Z.wav,JASCOAMARHYDROPHONEC000682_20180117T105208.527Z.wav,JASCOAMARHYDROPHONEC000682_20180117T105208.527Z.wav,35.996000,36.735000,35.996000,36.735000,35.996000,0.739000,dclde_JASCO_VFPA_ONC_StraitofGeorgia__JASCOAMARHYDROPHONEC000682_20180117T105208.527Z.wav_36.0s_36.7s_trainstyle.mat,mat_files/dclde_JASCO_VFPA_ONC_StraitofGeorgia__JASCOAMARHYDROPHONEC000682_20180117T105208.527Z.wav_36.0s_36.7s_trainstyle.mat,dclde_2027_JASCO_VFPA_ONC_StraitofGeorgia,195636,JASCO_VFPA_ONC,StraitofGeorgia,JASCOAMARHYDROPHONEC000682_20180117T105208.527Z.wav,UndBio,confounder:undetermined_biological,,,,confounder:undetermined_biological,NA,Call,0,NA,2837.7,17174.7,dclde/2027/dclde_2027_killer_whales/vfpa/audio/straitofgeorgia/JASCOAMARHYDROPHONEC000682_20180117T105208.527Z.wav,gs://noaa-passive-bioacoustic/dclde/2027/dclde_2027_killer_whales/vfpa/audio/straitofgeorgia/JASCOAMARHYDROPHONEC000682_20180117T105208.527Z.wav,https://storage.googleapis.com/noaa-passive-bioacoustic/dclde/2027/dclde_2027_killer_whales/vfpa/audio/straitofgeorgia/JASCOAMARHYDROPHONEC000682_20180117T105208.527Z.wav,1,reviewed_confounder,,,,,,JASCO_VFPA_ONC:StraitofGeorgia:JASCOAMARHYDROPHONEC000682_20180117T105208.527Z.wav,[],
dclde_JASCO_VFPA_ONC_StraitofGeorgia__JASCOAMARHYDROPHONEC000682_20180117T105208.527Z.wav_44.8s_46.3s_trainstyle,dclde_JASCO_VFPA_ONC_StraitofGeorgia__JASCOAMARHYDROPHONEC000682_20180117T105208.527Z.wav,JASCOAMARHYDROPHONEC000682_20180117T105208.527Z.wav,JASCOAMARHYDROPHONEC000682_20180117T105208.527Z.wav,44.809000,46.287000,44.809000,46.287000,44.809000,1.478000,dclde_JASCO_VFPA_ONC_StraitofGeorgia__JASCOAMARHYDROPHONEC000682_20180117T105208.527Z.wav_44.8s_46.3s_trainstyle.mat,mat_files/dclde_JASCO_VFPA_ONC_StraitofGeorgia__JASCOAMARHYDROPHONEC000682_20180117T105208.527Z.wav_44.8s_46.3s_trainstyle.mat,dclde_2027_JASCO_VFPA_ONC_StraitofGeorgia,195637,JASCO_VFPA_ONC,StraitofGeorgia,JASCOAMARHYDROPHONEC000682_20180117T105208.527Z.wav,UndBio,confounder:undetermined_biological,,,,confounder:undetermined_biological,NA,Call,0,NA,3531.6,14200.7,dclde/2027/dclde_2027_killer_whales/vfpa/audio/straitofgeorgia/JASCOAMARHYDROPHONEC000682_20180117T105208.527Z.wav,gs://noaa-passive-bioacoustic/dclde/2027/dclde_2027_killer_whales/vfpa/audio/straitofgeorgia/JASCOAMARHYDROPHONEC000682_20180117T105208.527Z.wav,https://storage.googleapis.com/noaa-passive-bioacoustic/dclde/2027/dclde_2027_killer_whales/vfpa/audio/straitofgeorgia/JASCOAMARHYDROPHONEC000682_20180117T105208.527Z.wav,1,reviewed_confounder,,,,,,JASCO_VFPA_ONC:StraitofGeorgia:JASCOAMARHYDROPHONEC000682_20180117T105208.527Z.wav,[],
dclde_JASCO_VFPA_ONC_StraitofGeorgia__JASCOAMARHYDROPHONEC000682_20180117T105208.527Z.wav_56.0s_67.5s_trainstyle,dclde_JASCO_VFPA_ONC_StraitofGeorgia__JASCOAMARHYDROPHONEC000682_20180117T105208.527Z.wav,JASCOAMARHYDROPHONEC000682_20180117T105208.527Z.wav,JASCOAMARHYDROPHONEC000682_20180117T105208.527Z.wav,55.991000,67.525000,55.991000,67.525000,55.991000,11.534000,dclde_JASCO_VFPA_ONC_StraitofGeorgia__JASCOAMARHYDROPHONEC000682_20180117T105208.527Z.wav_56.0s_67.5s_trainstyle.mat,mat_files/dclde_JASCO_VFPA_ONC_StraitofGeorgia__JASCOAMARHYDROPHONEC000682_20180117T105208.527Z.wav_56.0s_67.5s_trainstyle.mat,dclde_2027_JASCO_VFPA_ONC_StraitofGeorgia,195638,JASCO_VFPA_ONC,StraitofGeorgia,JASCOAMARHYDROPHONEC000682_20180117T105208.527Z.wav,UndBio,confounder:undetermined_biological,,,,confounder:undetermined_biological,NA,Call,0,NA,1189.6,35031,dclde/2027/dclde_2027_killer_whales/vfpa/audio/straitofgeorgia/JASCOAMARHYDROPHONEC000682_20180117T105208.527Z.wav,gs://noaa-passive-bioacoustic/dclde/2027/dclde_2027_killer_whales/vfpa/audio/straitofgeorgia/JASCOAMARHYDROPHONEC000682_20180117T105208.527Z.wav,https://storage.googleapis.com/noaa-passive-bioacoustic/dclde/2027/dclde_2027_killer_whales/vfpa/audio/straitofgeorgia/JASCOAMARHYDROPHONEC000682_20180117T105208.527Z.wav,1,reviewed_confounder,,,,,,JASCO_VFPA_ONC:StraitofGeorgia:JASCOAMARHYDROPHONEC000682_20180117T105208.527Z.wav,[],
dclde_JASCO_VFPA_ONC_StraitofGeorgia__JASCOAMARHYDROPHONEC000682_20180117T105208.527Z.wav_68.2s_72.9s_trainstyle,dclde_JASCO_VFPA_ONC_StraitofGeorgia__JASCOAMARHYDROPHONEC000682_20180117T105208.527Z.wav,JASCOAMARHYDROPHONEC000682_20180117T105208.527Z.wav,JASCOAMARHYDROPHONEC000682_20180117T105208.527Z.wav,68.228000,72.920000,68.228000,72.920000,68.228000,4.692000,dclde_JASCO_VFPA_ONC_StraitofGeorgia__JASCOAMARHYDROPHONEC000682_20180117T105208.527Z.wav_68.2s_72.9s_trainstyle.mat,mat_files/dclde_JASCO_VFPA_ONC_StraitofGeorgia__JASCOAMARHYDROPHONEC000682_20180117T105208.527Z.wav_68.2s_72.9s_trainstyle.mat,dclde_2027_JASCO_VFPA_ONC_StraitofGeorgia,195639,JASCO_VFPA_ONC,StraitofGeorgia,JASCOAMARHYDROPHONEC000682_20180117T105208.527Z.wav,UndBio,confounder:undetermined_biological,,,,confounder:undetermined_biological,NA,Call,0,NA,1561.3,42589.8,dclde/2027/dclde_2027_killer_whales/vfpa/audio/straitofgeorgia/JASCOAMARHYDROPHONEC000682_20180117T105208.527Z.wav,gs://noaa-passive-bioacoustic/dclde/2027/dclde_2027_killer_whales/vfpa/audio/straitofgeorgia/JASCOAMARHYDROPHONEC000682_20180117T105208.527Z.wav,https://storage.googleapis.com/noaa-passive-bioacoustic/dclde/2027/dclde_2027_killer_whales/vfpa/audio/straitofgeorgia/JASCOAMARHYDROPHONEC000682_20180117T105208.527Z.wav,1,reviewed_confounder,,,,,,JASCO_VFPA_ONC:StraitofGeorgia:JASCOAMARHYDROPHONEC000682_20180117T105208.527Z.wav,[],
dclde_JASCO_VFPA_ONC_StraitofGeorgia__JASCOAMARHYDROPHONEC000682_20180117T105208.527Z.wav_74.1s_92.3s_trainstyle,dclde_JASCO_VFPA_ONC_StraitofGeorgia__JASCOAMARHYDROPHONEC000682_20180117T105208.527Z.wav,JASCOAMARHYDROPHONEC000682_20180117T105208.527Z.wav,JASCOAMARHYDROPHONEC000682_20180117T105208.527Z.wav,74.114000,92.262000,74.114000,92.262000,74.114000,18.148000,dclde_JASCO_VFPA_ONC_StraitofGeorgia__JASCOAMARHYDROPHONEC000682_20180117T105208.527Z.wav_74.1s_92.3s_trainstyle.mat,mat_files/dclde_JASCO_VFPA_ONC_StraitofGeorgia__JASCOAMARHYDROPHONEC000682_20180117T105208.527Z.wav_74.1s_92.3s_trainstyle.mat,dclde_2027_JASCO_VFPA_ONC_StraitofGeorgia,195640,JASCO_VFPA_ONC,StraitofGeorgia,JASCOAMARHYDROPHONEC000682_20180117T105208.527Z.wav,UndBio,confounder:undetermined_biological,,,,confounder:undetermined_biological,NA,Call,0,NA,1189.6,61682.8,dclde/2027/dclde_2027_killer_whales/vfpa/audio/straitofgeorgia/JASCOAMARHYDROPHONEC000682_20180117T105208.527Z.wav,gs://noaa-passive-bioacoustic/dclde/2027/dclde_2027_killer_whales/vfpa/audio/straitofgeorgia/JASCOAMARHYDROPHONEC000682_20180117T105208.527Z.wav,https://storage.googleapis.com/noaa-passive-bioacoustic/dclde/2027/dclde_2027_killer_whales/vfpa/audio/straitofgeorgia/JASCOAMARHYDROPHONEC000682_20180117T105208.527Z.wav,1,reviewed_confounder,,,,,,JASCO_VFPA_ONC:StraitofGeorgia:JASCOAMARHYDROPHONEC000682_20180117T105208.527Z.wav,[],
dclde_JASCO_VFPA_ONC_StraitofGeorgia__JASCOAMARHYDROPHONEC000682_20180117T105208.527Z.wav_92.7s_105.8s_trainstyle,dclde_JASCO_VFPA_ONC_StraitofGeorgia__JASCOAMARHYDROPHONEC000682_20180117T105208.527Z.wav,JASCOAMARHYDROPHONEC000682_20180117T105208.527Z.wav,JASCOAMARHYDROPHONEC000682_20180117T105208.527Z.wav,92.693000,105.755000,92.693000,105.755000,92.693000,13.062000,dclde_JASCO_VFPA_ONC_StraitofGeorgia__JASCOAMARHYDROPHONEC000682_20180117T105208.527Z.wav_92.7s_105.8s_trainstyle.mat,mat_files/dclde_JASCO_VFPA_ONC_StraitofGeorgia__JASCOAMARHYDROPHONEC000682_20180117T105208.527Z.wav_92.7s_105.8s_trainstyle.mat,dclde_2027_JASCO_VFPA_ONC_StraitofGeorgia,195641,JASCO_VFPA_ONC,StraitofGeorgia,JASCOAMARHYDROPHONEC000682_20180117T105208.527Z.wav,UndBio,confounder:undetermined_biological,,,,confounder:undetermined_biological,NA,Call,0,NA,1251.5,60803,dclde/2027/dclde_2027_killer_whales/vfpa/audio/straitofgeorgia/JASCOAMARHYDROPHONEC000682_20180117T105208.527Z.wav,gs://noaa-passive-bioacoustic/dclde/2027/dclde_2027_killer_whales/vfpa/audio/straitofgeorgia/JASCOAMARHYDROPHONEC000682_20180117T105208.527Z.wav,https://storage.googleapis.com/noaa-passive-bioacoustic/dclde/2027/dclde_2027_killer_whales/vfpa/audio/straitofgeorgia/JASCOAMARHYDROPHONEC000682_20180117T105208.527Z.wav,1,reviewed_confounder,,,,,,JASCO_VFPA_ONC:StraitofGeorgia:JASCOAMARHYDROPHONEC000682_20180117T105208.527Z.wav,[],
dclde_ONC_BarkleyCanyon__ICLISTENHF1251_20140101T114159.851Z.wav_277.5s_278.3s_trainstyle,dclde_ONC_BarkleyCanyon__ICLISTENHF1251_20140101T114159.851Z.wav,ICLISTENHF1251_20140101T114159.851Z.wav,ICLISTENHF1251_20140101T114159.851Z.wav,277.528520,278.307980,277.528520,278.307980,277.528520,0.779460,dclde_ONC_BarkleyCanyon__ICLISTENHF1251_20140101T114159.851Z.wav_277.5s_278.3s_trainstyle.mat,mat_files/dclde_ONC_BarkleyCanyon__ICLISTENHF1251_20140101T114159.851Z.wav_277.5s_278.3s_trainstyle.mat,dclde_2027_ONC_BarkleyCanyon,172501,ONC,BarkleyCanyon,ICLISTENHF1251_20140101T114159.851Z.wav,UndBio,confounder:undetermined_biological,,,,confounder:undetermined_biological,NA,Call,0,NA,6513.91,16831.57,dclde/2027/dclde_2027_killer_whales/onc/audio/barkleycanyon/ICLISTENHF1251_20140101T114159.851Z.wav,gs://noaa-passive-bioacoustic/dclde/2027/dclde_2027_killer_whales/onc/audio/barkleycanyon/ICLISTENHF1251_20140101T114159.851Z.wav,https://storage.googleapis.com/noaa-passive-bioacoustic/dclde/2027/dclde_2027_killer_whales/onc/audio/barkleycanyon/ICLISTENHF1251_20140101T114159.851Z.wav,1,reviewed_confounder,,,,,,ONC:BarkleyCanyon:ICLISTENHF1251_20140101T114159.851Z.wav,[],
dclde_ONC_BarkleyCanyon__ICLISTENHF1251_20140101T114159.851Z.wav_277.5s_278.3s_trainstyle,dclde_ONC_BarkleyCanyon__ICLISTENHF1251_20140101T114159.851Z.wav,ICLISTENHF1251_20140101T114159.851Z.wav,ICLISTENHF1251_20140101T114159.851Z.wav,277.528520,278.307980,277.528520,278.307980,277.528520,0.779460,dclde_ONC_BarkleyCanyon__ICLISTENHF1251_20140101T114159.851Z.wav_277.5s_278.3s_trainstyle.mat,mat_files/dclde_ONC_BarkleyCanyon__ICLISTENHF1251_20140101T114159.851Z.wav_277.5s_278.3s_trainstyle.mat,dclde_2027_ONC_BarkleyCanyon,172502,ONC,BarkleyCanyon,ICLISTENHF1251_20140101T114159.851Z.wav,UndBio,confounder:undetermined_biological,,,,confounder:undetermined_biological,NA,Call,0,NA,6513.91,16831.57,dclde/2027/dclde_2027_killer_whales/onc/audio/barkleycanyon/ICLISTENHF1251_20140101T114159.851Z.wav,gs://noaa-passive-bioacoustic/dclde/2027/dclde_2027_killer_whales/onc/audio/barkleycanyon/ICLISTENHF1251_20140101T114159.851Z.wav,https://storage.googleapis.com/noaa-passive-bioacoustic/dclde/2027/dclde_2027_killer_whales/onc/audio/barkleycanyon/ICLISTENHF1251_20140101T114159.851Z.wav,1,reviewed_confounder,,,,,,ONC:BarkleyCanyon:ICLISTENHF1251_20140101T114159.851Z.wav,[],
dclde_ONC_BarkleyCanyon__ICLISTENHF1251_20140101T115159.853Z.wav_163.0s_164.1s_trainstyle,dclde_ONC_BarkleyCanyon__ICLISTENHF1251_20140101T115159.853Z.wav,ICLISTENHF1251_20140101T115159.853Z.wav,ICLISTENHF1251_20140101T115159.853Z.wav,163.003800,164.087440,163.003800,164.087440,163.003800,1.083640,dclde_ONC_BarkleyCanyon__ICLISTENHF1251_20140101T115159.853Z.wav_163.0s_164.1s_trainstyle.mat,mat_files/dclde_ONC_BarkleyCanyon__ICLISTENHF1251_20140101T115159.853Z.wav_163.0s_164.1s_trainstyle.mat,dclde_2027_ONC_BarkleyCanyon,172503,ONC,BarkleyCanyon,ICLISTENHF1251_20140101T115159.853Z.wav,UndBio,confounder:undetermined_biological,,,,confounder:undetermined_biological,NA,Call,0,NA,2282.25,19161.36,dclde/2027/dclde_2027_killer_whales/onc/audio/barkleycanyon/ICLISTENHF1251_20140101T115159.853Z.wav,gs://noaa-passive-bioacoustic/dclde/2027/dclde_2027_killer_whales/onc/audio/barkleycanyon/ICLISTENHF1251_20140101T115159.853Z.wav,https://storage.googleapis.com/noaa-passive-bioacoustic/dclde/2027/dclde_2027_killer_whales/onc/audio/barkleycanyon/ICLISTENHF1251_20140101T115159.853Z.wav,1,reviewed_confounder,,,,,,ONC:BarkleyCanyon:ICLISTENHF1251_20140101T115159.853Z.wav,[],
dclde_ONC_BarkleyCanyon__ICLISTENHF1251_20140101T120159.855Z.wav_1.7s_2.3s_trainstyle,dclde_ONC_BarkleyCanyon__ICLISTENHF1251_20140101T120159.855Z.wav,ICLISTENHF1251_20140101T120159.855Z.wav,ICLISTENHF1251_20140101T120159.855Z.wav,1.749050,2.319380,1.749050,2.319380,1.749050,0.570330,dclde_ONC_BarkleyCanyon__ICLISTENHF1251_20140101T120159.855Z.wav_1.7s_2.3s_trainstyle.mat,mat_files/dclde_ONC_BarkleyCanyon__ICLISTENHF1251_20140101T120159.855Z.wav_1.7s_2.3s_trainstyle.mat,dclde_2027_ONC_BarkleyCanyon,172504,ONC,BarkleyCanyon,ICLISTENHF1251_20140101T120159.855Z.wav,UndBio,confounder:undetermined_biological,,,,confounder:undetermined_biological,NA,Call,0,NA,4134.38,19375.91,dclde/2027/dclde_2027_killer_whales/onc/audio/barkleycanyon/ICLISTENHF1251_20140101T120159.855Z.wav,gs://noaa-passive-bioacoustic/dclde/2027/dclde_2027_killer_whales/onc/audio/barkleycanyon/ICLISTENHF1251_20140101T120159.855Z.wav,https://storage.googleapis.com/noaa-passive-bioacoustic/dclde/2027/dclde_2027_killer_whales/onc/audio/barkleycanyon/ICLISTENHF1251_20140101T120159.855Z.wav,1,reviewed_confounder,,,,,,ONC:BarkleyCanyon:ICLISTENHF1251_20140101T120159.855Z.wav,[],
dclde_ONC_BarkleyCanyon__ICLISTENHF1251_20140101T120159.855Z.wav_36.2s_36.9s_trainstyle,dclde_ONC_BarkleyCanyon__ICLISTENHF1251_20140101T120159.855Z.wav,ICLISTENHF1251_20140101T120159.855Z.wav,ICLISTENHF1251_20140101T120159.855Z.wav,36.172470,36.944020,36.172470,36.944020,36.172470,0.771550,dclde_ONC_BarkleyCanyon__ICLISTENHF1251_20140101T120159.855Z.wav_36.2s_36.9s_trainstyle.mat,mat_files/dclde_ONC_BarkleyCanyon__ICLISTENHF1251_20140101T120159.855Z.wav_36.2s_36.9s_trainstyle.mat,dclde_2027_ONC_BarkleyCanyon,172505,ONC,BarkleyCanyon,ICLISTENHF1251_20140101T120159.855Z.wav,UndBio,confounder:undetermined_biological,,,,confounder:undetermined_biological,NA,Call,0,NA,5436.42,20202.58,dclde/2027/dclde_2027_killer_whales/onc/audio/barkleycanyon/ICLISTENHF1251_20140101T120159.855Z.wav,gs://noaa-passive-bioacoustic/dclde/2027/dclde_2027_killer_whales/onc/audio/barkleycanyon/ICLISTENHF1251_20140101T120159.855Z.wav,https://storage.googleapis.com/noaa-passive-bioacoustic/dclde/2027/dclde_2027_killer_whales/onc/audio/barkleycanyon/ICLISTENHF1251_20140101T120159.855Z.wav,1,reviewed_confounder,,,,,,ONC:BarkleyCanyon:ICLISTENHF1251_20140101T120159.855Z.wav,[],
dclde_ONC_BarkleyCanyon__ICLISTENHF1251_20140101T121159.857Z.wav_82.2s_83.4s_trainstyle,dclde_ONC_BarkleyCanyon__ICLISTENHF1251_20140101T121159.857Z.wav,ICLISTENHF1251_20140101T121159.857Z.wav,ICLISTENHF1251_20140101T121159.857Z.wav,82.205320,83.365020,82.205320,83.365020,82.205320,1.159700,dclde_ONC_BarkleyCanyon__ICLISTENHF1251_20140101T121159.857Z.wav_82.2s_83.4s_trainstyle.mat,mat_files/dclde_ONC_BarkleyCanyon__ICLISTENHF1251_20140101T121159.857Z.wav_82.2s_83.4s_trainstyle.mat,dclde_2027_ONC_BarkleyCanyon,172506,ONC,BarkleyCanyon,ICLISTENHF1251_20140101T121159.857Z.wav,UndBio,confounder:undetermined_biological,,,,confounder:undetermined_biological,NA,Call,0,NA,9031.29,19655.34,dclde/2027/dclde_2027_killer_whales/onc/audio/barkleycanyon/ICLISTENHF1251_20140101T121159.857Z.wav,gs://noaa-passive-bioacoustic/dclde/2027/dclde_2027_killer_whales/onc/audio/barkleycanyon/ICLISTENHF1251_20140101T121159.857Z.wav,https://storage.googleapis.com/noaa-passive-bioacoustic/dclde/2027/dclde_2027_killer_whales/onc/audio/barkleycanyon/ICLISTENHF1251_20140101T121159.857Z.wav,1,reviewed_confounder,,,,,,ONC:BarkleyCanyon:ICLISTENHF1251_20140101T121159.857Z.wav,[],
dclde_ONC_BarkleyCanyon__ICLISTENHF1251_20140101T121159.857Z.wav_101.9s_102.5s_trainstyle,dclde_ONC_BarkleyCanyon__ICLISTENHF1251_20140101T121159.857Z.wav,ICLISTENHF1251_20140101T121159.857Z.wav,ICLISTENHF1251_20140101T121159.857Z.wav,101.868380,102.526460,101.868380,102.526460,101.868380,0.658080,dclde_ONC_BarkleyCanyon__ICLISTENHF1251_20140101T121159.857Z.wav_101.9s_102.5s_trainstyle.mat,mat_files/dclde_ONC_BarkleyCanyon__ICLISTENHF1251_20140101T121159.857Z.wav_101.9s_102.5s_trainstyle.mat,dclde_2027_ONC_BarkleyCanyon,172508,ONC,BarkleyCanyon,ICLISTENHF1251_20140101T121159.857Z.wav,UndBio,confounder:undetermined_biological,,,,confounder:undetermined_biological,NA,Call,0,NA,6195.85,28402.34,dclde/2027/dclde_2027_killer_whales/onc/audio/barkleycanyon/ICLISTENHF1251_20140101T121159.857Z.wav,gs://noaa-passive-bioacoustic/dclde/2027/dclde_2027_killer_whales/onc/audio/barkleycanyon/ICLISTENHF1251_20140101T121159.857Z.wav,https://storage.googleapis.com/noaa-passive-bioacoustic/dclde/2027/dclde_2027_killer_whales/onc/audio/barkleycanyon/ICLISTENHF1251_20140101T121159.857Z.wav,1,reviewed_confounder,,,,,,ONC:BarkleyCanyon:ICLISTENHF1251_20140101T121159.857Z.wav,[],
dclde_ONC_BarkleyCanyon__ICLISTENHF1251_20140101T121159.857Z.wav_248.1s_248.6s_trainstyle,dclde_ONC_BarkleyCanyon__ICLISTENHF1251_20140101T121159.857Z.wav,ICLISTENHF1251_20140101T121159.857Z.wav,ICLISTENHF1251_20140101T121159.857Z.wav,248.101360,248.600610,248.101360,248.600610,248.101360,0.499250,dclde_ONC_BarkleyCanyon__ICLISTENHF1251_20140101T121159.857Z.wav_248.1s_248.6s_trainstyle.mat,mat_files/dclde_ONC_BarkleyCanyon__ICLISTENHF1251_20140101T121159.857Z.wav_248.1s_248.6s_trainstyle.mat,dclde_2027_ONC_BarkleyCanyon,172509,ONC,BarkleyCanyon,ICLISTENHF1251_20140101T121159.857Z.wav,UndBio,confounder:undetermined_biological,,,,confounder:undetermined_biological,NA,Call,0,NA,6440.19,28688.57,dclde/2027/dclde_2027_killer_whales/onc/audio/barkleycanyon/ICLISTENHF1251_20140101T121159.857Z.wav,gs://noaa-passive-bioacoustic/dclde/2027/dclde_2027_killer_whales/onc/audio/barkleycanyon/ICLISTENHF1251_20140101T121159.857Z.wav,https://storage.googleapis.com/noaa-passive-bioacoustic/dclde/2027/dclde_2027_killer_whales/onc/audio/barkleycanyon/ICLISTENHF1251_20140101T121159.857Z.wav,1,reviewed_confounder,,,,,,ONC:BarkleyCanyon:ICLISTENHF1251_20140101T121159.857Z.wav,[],
dclde_OrcaSound_bush_point__rpi-bush-point_2020_09_27_23_16_00.wav_0.0s_2.5s_trainstyle,dclde_OrcaSound_bush_point__rpi-bush-point_2020_09_27_23_16_00.wav,rpi-bush-point_2020_09_27_23_16_00.wav,rpi-bush-point_2020_09_27_23_16_00.wav,0.000000,2.450000,0.000000,2.450000,0.000000,2.450000,dclde_OrcaSound_bush_point__rpi-bush-point_2020_09_27_23_16_00.wav_0.0s_2.5s_trainstyle.mat,mat_files/dclde_OrcaSound_bush_point__rpi-bush-point_2020_09_27_23_16_00.wav_0.0s_2.5s_trainstyle.mat,dclde_2027_OrcaSound_bush_point,171413,OrcaSound,bush_point,rpi-bush-point_2020_09_27_23_16_00.wav,AB,confounder:abiotic,,,,confounder:abiotic,NA,File,0,NA,NA,NA,dclde/2027/dclde_2027_killer_whales/orcasound/audio/bushpoint/rpi-bush-point_2020_09_27_23_16_00.wav,gs://noaa-passive-bioacoustic/dclde/2027/dclde_2027_killer_whales/orcasound/audio/bushpoint/rpi-bush-point_2020_09_27_23_16_00.wav,https://storage.googleapis.com/noaa-passive-bioacoustic/dclde/2027/dclde_2027_killer_whales/orcasound/audio/bushpoint/rpi-bush-point_2020_09_27_23_16_00.wav,1,reviewed_confounder,,,,,,OrcaSound:bush_point:rpi-bush-point_2020_09_27_23_16_00.wav,[],
dclde_OrcaSound_bush_point__rpi-bush-point_2020_09_27_23_17_00.wav_0.0s_2.5s_trainstyle,dclde_OrcaSound_bush_point__rpi-bush-point_2020_09_27_23_17_00.wav,rpi-bush-point_2020_09_27_23_17_00.wav,rpi-bush-point_2020_09_27_23_17_00.wav,0.000000,2.450000,0.000000,2.450000,0.000000,2.450000,dclde_OrcaSound_bush_point__rpi-bush-point_2020_09_27_23_17_00.wav_0.0s_2.5s_trainstyle.mat,mat_files/dclde_OrcaSound_bush_point__rpi-bush-point_2020_09_27_23_17_00.wav_0.0s_2.5s_trainstyle.mat,dclde_2027_OrcaSound_bush_point,171378,OrcaSound,bush_point,rpi-bush-point_2020_09_27_23_17_00.wav,AB,confounder:abiotic,,,,confounder:abiotic,NA,File,0,NA,NA,NA,dclde/2027/dclde_2027_killer_whales/orcasound/audio/bushpoint/rpi-bush-point_2020_09_27_23_17_00.wav,gs://noaa-passive-bioacoustic/dclde/2027/dclde_2027_killer_whales/orcasound/audio/bushpoint/rpi-bush-point_2020_09_27_23_17_00.wav,https://storage.googleapis.com/noaa-passive-bioacoustic/dclde/2027/dclde_2027_killer_whales/orcasound/audio/bushpoint/rpi-bush-point_2020_09_27_23_17_00.wav,1,reviewed_confounder,,,,,,OrcaSound:bush_point:rpi-bush-point_2020_09_27_23_17_00.wav,[],
dclde_OrcaSound_bush_point__rpi-bush-point_2020_09_27_23_18_00.wav_0.0s_2.5s_trainstyle,dclde_OrcaSound_bush_point__rpi-bush-point_2020_09_27_23_18_00.wav,rpi-bush-point_2020_09_27_23_18_00.wav,rpi-bush-point_2020_09_27_23_18_00.wav,0.000000,2.450000,0.000000,2.450000,0.000000,2.450000,dclde_OrcaSound_bush_point__rpi-bush-point_2020_09_27_23_18_00.wav_0.0s_2.5s_trainstyle.mat,mat_files/dclde_OrcaSound_bush_point__rpi-bush-point_2020_09_27_23_18_00.wav_0.0s_2.5s_trainstyle.mat,dclde_2027_OrcaSound_bush_point,171184,OrcaSound,bush_point,rpi-bush-point_2020_09_27_23_18_00.wav,AB,confounder:abiotic,,,,confounder:abiotic,NA,File,0,NA,NA,NA,dclde/2027/dclde_2027_killer_whales/orcasound/audio/bushpoint/rpi-bush-point_2020_09_27_23_18_00.wav,gs://noaa-passive-bioacoustic/dclde/2027/dclde_2027_killer_whales/orcasound/audio/bushpoint/rpi-bush-point_2020_09_27_23_18_00.wav,https://storage.googleapis.com/noaa-passive-bioacoustic/dclde/2027/dclde_2027_killer_whales/orcasound/audio/bushpoint/rpi-bush-point_2020_09_27_23_18_00.wav,1,reviewed_confounder,,,,,,OrcaSound:bush_point:rpi-bush-point_2020_09_27_23_18_00.wav,[],
dclde_OrcaSound_bush_point__rpi-bush-point_2020_09_27_23_21_00.wav_0.0s_2.5s_trainstyle,dclde_OrcaSound_bush_point__rpi-bush-point_2020_09_27_23_21_00.wav,rpi-bush-point_2020_09_27_23_21_00.wav,rpi-bush-point_2020_09_27_23_21_00.wav,0.000000,2.450000,0.000000,2.450000,0.000000,2.450000,dclde_OrcaSound_bush_point__rpi-bush-point_2020_09_27_23_21_00.wav_0.0s_2.5s_trainstyle.mat,mat_files/dclde_OrcaSound_bush_point__rpi-bush-point_2020_09_27_23_21_00.wav_0.0s_2.5s_trainstyle.mat,dclde_2027_OrcaSound_bush_point,171346,OrcaSound,bush_point,rpi-bush-point_2020_09_27_23_21_00.wav,AB,confounder:abiotic,,,,confounder:abiotic,NA,File,0,NA,NA,NA,dclde/2027/dclde_2027_killer_whales/orcasound/audio/bushpoint/rpi-bush-point_2020_09_27_23_21_00.wav,gs://noaa-passive-bioacoustic/dclde/2027/dclde_2027_killer_whales/orcasound/audio/bushpoint/rpi-bush-point_2020_09_27_23_21_00.wav,https://storage.googleapis.com/noaa-passive-bioacoustic/dclde/2027/dclde_2027_killer_whales/orcasound/audio/bushpoint/rpi-bush-point_2020_09_27_23_21_00.wav,1,reviewed_confounder,,,,,,OrcaSound:bush_point:rpi-bush-point_2020_09_27_23_21_00.wav,[],
dclde_OrcaSound_bush_point__rpi-bush-point_2020_09_27_23_23_00.wav_0.0s_2.5s_trainstyle,dclde_OrcaSound_bush_point__rpi-bush-point_2020_09_27_23_23_00.wav,rpi-bush-point_2020_09_27_23_23_00.wav,rpi-bush-point_2020_09_27_23_23_00.wav,0.000000,2.450000,0.000000,2.450000,0.000000,2.450000,dclde_OrcaSound_bush_point__rpi-bush-point_2020_09_27_23_23_00.wav_0.0s_2.5s_trainstyle.mat,mat_files/dclde_OrcaSound_bush_point__rpi-bush-point_2020_09_27_23_23_00.wav_0.0s_2.5s_trainstyle.mat,dclde_2027_OrcaSound_bush_point,171280,OrcaSound,bush_point,rpi-bush-point_2020_09_27_23_23_00.wav,AB,confounder:abiotic,,,,confounder:abiotic,NA,File,0,NA,NA,NA,dclde/2027/dclde_2027_killer_whales/orcasound/audio/bushpoint/rpi-bush-point_2020_09_27_23_23_00.wav,gs://noaa-passive-bioacoustic/dclde/2027/dclde_2027_killer_whales/orcasound/audio/bushpoint/rpi-bush-point_2020_09_27_23_23_00.wav,https://storage.googleapis.com/noaa-passive-bioacoustic/dclde/2027/dclde_2027_killer_whales/orcasound/audio/bushpoint/rpi-bush-point_2020_09_27_23_23_00.wav,1,reviewed_confounder,,,,,,OrcaSound:bush_point:rpi-bush-point_2020_09_27_23_23_00.wav,[],
dclde_OrcaSound_bush_point__rpi-bush-point_2020_09_27_23_24_00.wav_0.0s_2.8s_trainstyle,dclde_OrcaSound_bush_point__rpi-bush-point_2020_09_27_23_24_00.wav,rpi-bush-point_2020_09_27_23_24_00.wav,rpi-bush-point_2020_09_27_23_24_00.wav,0.000000,2.831794,0.000000,2.831794,0.000000,2.831794,dclde_OrcaSound_bush_point__rpi-bush-point_2020_09_27_23_24_00.wav_0.0s_2.8s_trainstyle.mat,mat_files/dclde_OrcaSound_bush_point__rpi-bush-point_2020_09_27_23_24_00.wav_0.0s_2.8s_trainstyle.mat,dclde_2027_OrcaSound_bush_point,171031,OrcaSound,bush_point,rpi-bush-point_2020_09_27_23_24_00.wav,AB,confounder:abiotic,,,,confounder:abiotic,NA,File,0,NA,NA,NA,dclde/2027/dclde_2027_killer_whales/orcasound/audio/bushpoint/rpi-bush-point_2020_09_27_23_24_00.wav,gs://noaa-passive-bioacoustic/dclde/2027/dclde_2027_killer_whales/orcasound/audio/bushpoint/rpi-bush-point_2020_09_27_23_24_00.wav,https://storage.googleapis.com/noaa-passive-bioacoustic/dclde/2027/dclde_2027_killer_whales/orcasound/audio/bushpoint/rpi-bush-point_2020_09_27_23_24_00.wav,1,reviewed_confounder,,,,,,OrcaSound:bush_point:rpi-bush-point_2020_09_27_23_24_00.wav,[],
dclde_OrcaSound_bush_point__rpi-bush-point_2020_09_27_23_27_00.wav_0.0s_1.5s_trainstyle,dclde_OrcaSound_bush_point__rpi-bush-point_2020_09_27_23_27_00.wav,rpi-bush-point_2020_09_27_23_27_00.wav,rpi-bush-point_2020_09_27_23_27_00.wav,0.000000,1.500000,0.000000,1.500000,0.000000,1.500000,dclde_OrcaSound_bush_point__rpi-bush-point_2020_09_27_23_27_00.wav_0.0s_1.5s_trainstyle.mat,mat_files/dclde_OrcaSound_bush_point__rpi-bush-point_2020_09_27_23_27_00.wav_0.0s_1.5s_trainstyle.mat,dclde_2027_OrcaSound_bush_point,171148,OrcaSound,bush_point,rpi-bush-point_2020_09_27_23_27_00.wav,AB,confounder:abiotic,,,,confounder:abiotic,NA,File,0,NA,NA,NA,dclde/2027/dclde_2027_killer_whales/orcasound/audio/bushpoint/rpi-bush-point_2020_09_27_23_27_00.wav,gs://noaa-passive-bioacoustic/dclde/2027/dclde_2027_killer_whales/orcasound/audio/bushpoint/rpi-bush-point_2020_09_27_23_27_00.wav,https://storage.googleapis.com/noaa-passive-bioacoustic/dclde/2027/dclde_2027_killer_whales/orcasound/audio/bushpoint/rpi-bush-point_2020_09_27_23_27_00.wav,1,reviewed_confounder,,,,,,OrcaSound:bush_point:rpi-bush-point_2020_09_27_23_27_00.wav,[],
dclde_OrcaSound_bush_point__rpi-bush-point_2020_09_27_23_29_00.wav_0.0s_2.5s_trainstyle,dclde_OrcaSound_bush_point__rpi-bush-point_2020_09_27_23_29_00.wav,rpi-bush-point_2020_09_27_23_29_00.wav,rpi-bush-point_2020_09_27_23_29_00.wav,0.000000,2.450000,0.000000,2.450000,0.000000,2.450000,dclde_OrcaSound_bush_point__rpi-bush-point_2020_09_27_23_29_00.wav_0.0s_2.5s_trainstyle.mat,mat_files/dclde_OrcaSound_bush_point__rpi-bush-point_2020_09_27_23_29_00.wav_0.0s_2.5s_trainstyle.mat,dclde_2027_OrcaSound_bush_point,171448,OrcaSound,bush_point,rpi-bush-point_2020_09_27_23_29_00.wav,AB,confounder:abiotic,,,,confounder:abiotic,NA,File,0,NA,NA,NA,dclde/2027/dclde_2027_killer_whales/orcasound/audio/bushpoint/rpi-bush-point_2020_09_27_23_29_00.wav,gs://noaa-passive-bioacoustic/dclde/2027/dclde_2027_killer_whales/orcasound/audio/bushpoint/rpi-bush-point_2020_09_27_23_29_00.wav,https://storage.googleapis.com/noaa-passive-bioacoustic/dclde/2027/dclde_2027_killer_whales/orcasound/audio/bushpoint/rpi-bush-point_2020_09_27_23_29_00.wav,1,reviewed_confounder,,,,,,OrcaSound:bush_point:rpi-bush-point_2020_09_27_23_29_00.wav,[],
dclde_OrcaSound_bush_point__rpi-bush-point_2020_09_27_23_39_00.wav_0.0s_1.9s_trainstyle,dclde_OrcaSound_bush_point__rpi-bush-point_2020_09_27_23_39_00.wav,rpi-bush-point_2020_09_27_23_39_00.wav,rpi-bush-point_2020_09_27_23_39_00.wav,0.000000,1.947857,0.000000,1.947857,0.000000,1.947857,dclde_OrcaSound_bush_point__rpi-bush-point_2020_09_27_23_39_00.wav_0.0s_1.9s_trainstyle.mat,mat_files/dclde_OrcaSound_bush_point__rpi-bush-point_2020_09_27_23_39_00.wav_0.0s_1.9s_trainstyle.mat,dclde_2027_OrcaSound_bush_point,171471,OrcaSound,bush_point,rpi-bush-point_2020_09_27_23_39_00.wav,AB,confounder:abiotic,,,,confounder:abiotic,NA,File,0,NA,NA,NA,dclde/2027/dclde_2027_killer_whales/orcasound/audio/bushpoint/rpi-bush-point_2020_09_27_23_39_00.wav,gs://noaa-passive-bioacoustic/dclde/2027/dclde_2027_killer_whales/orcasound/audio/bushpoint/rpi-bush-point_2020_09_27_23_39_00.wav,https://storage.googleapis.com/noaa-passive-bioacoustic/dclde/2027/dclde_2027_killer_whales/orcasound/audio/bushpoint/rpi-bush-point_2020_09_27_23_39_00.wav,1,reviewed_confounder,,,,,,OrcaSound:bush_point:rpi-bush-point_2020_09_27_23_39_00.wav,[],
dclde_OrcaSound_orcasound_lab__1562337136_0005.wav_0.0s_1.1s_trainstyle,dclde_OrcaSound_orcasound_lab__1562337136_0005.wav,1562337136_0005.wav,1562337136_0005.wav,0.000000,1.121445,0.000000,1.121445,0.000000,1.121445,dclde_OrcaSound_orcasound_lab__1562337136_0005.wav_0.0s_1.1s_trainstyle.mat,mat_files/dclde_OrcaSound_orcasound_lab__1562337136_0005.wav_0.0s_1.1s_trainstyle.mat,dclde_2027_OrcaSound_orcasound_lab,169283,OrcaSound,orcasound_lab,1562337136_0005.wav,AB,confounder:abiotic,,,,confounder:abiotic,NA,File,0,NA,NA,NA,dclde/2027/dclde_2027_killer_whales/orcasound/audio/orcasoundlab/1562337136_0005.wav,gs://noaa-passive-bioacoustic/dclde/2027/dclde_2027_killer_whales/orcasound/audio/orcasoundlab/1562337136_0005.wav,https://storage.googleapis.com/noaa-passive-bioacoustic/dclde/2027/dclde_2027_killer_whales/orcasound/audio/orcasoundlab/1562337136_0005.wav,1,reviewed_confounder,,,,,,OrcaSound:orcasound_lab:1562337136_0005.wav,[],
dclde_OrcaSound_orcasound_lab__1562337136_0005.wav_0.0s_1.1s_trainstyle,dclde_OrcaSound_orcasound_lab__1562337136_0005.wav,1562337136_0005.wav,1562337136_0005.wav,0.000000,1.121445,0.000000,1.121445,0.000000,1.121445,dclde_OrcaSound_orcasound_lab__1562337136_0005.wav_0.0s_1.1s_trainstyle.mat,mat_files/dclde_OrcaSound_orcasound_lab__1562337136_0005.wav_0.0s_1.1s_trainstyle.mat,dclde_2027_OrcaSound_orcasound_lab,169302,OrcaSound,orcasound_lab,1562337136_0005.wav,AB,confounder:abiotic,,,,confounder:abiotic,NA,File,0,NA,NA,NA,dclde/2027/dclde_2027_killer_whales/orcasound/audio/orcasoundlab/1562337136_0005.wav,gs://noaa-passive-bioacoustic/dclde/2027/dclde_2027_killer_whales/orcasound/audio/orcasoundlab/1562337136_0005.wav,https://storage.googleapis.com/noaa-passive-bioacoustic/dclde/2027/dclde_2027_killer_whales/orcasound/audio/orcasoundlab/1562337136_0005.wav,1,reviewed_confounder,,,,,,OrcaSound:orcasound_lab:1562337136_0005.wav,[],
dclde_OrcaSound_orcasound_lab__1562337136_001b.wav_0.0s_2.5s_trainstyle,dclde_OrcaSound_orcasound_lab__1562337136_001b.wav,1562337136_001b.wav,1562337136_001b.wav,0.000000,2.450000,0.000000,2.450000,0.000000,2.450000,dclde_OrcaSound_orcasound_lab__1562337136_001b.wav_0.0s_2.5s_trainstyle.mat,mat_files/dclde_OrcaSound_orcasound_lab__1562337136_001b.wav_0.0s_2.5s_trainstyle.mat,dclde_2027_OrcaSound_orcasound_lab,169339,OrcaSound,orcasound_lab,1562337136_001b.wav,AB,confounder:abiotic,,,,confounder:abiotic,NA,File,0,NA,NA,NA,dclde/2027/dclde_2027_killer_whales/orcasound/audio/orcasoundlab/1562337136_001b.wav,gs://noaa-passive-bioacoustic/dclde/2027/dclde_2027_killer_whales/orcasound/audio/orcasoundlab/1562337136_001b.wav,https://storage.googleapis.com/noaa-passive-bioacoustic/dclde/2027/dclde_2027_killer_whales/orcasound/audio/orcasoundlab/1562337136_001b.wav,1,reviewed_confounder,,,,,,OrcaSound:orcasound_lab:1562337136_001b.wav,[],
dclde_OrcaSound_orcasound_lab__1562340736_000d.wav_0.0s_0.6s_trainstyle,dclde_OrcaSound_orcasound_lab__1562340736_000d.wav,1562340736_000d.wav,1562340736_000d.wav,0.000000,0.552951,0.000000,0.552951,0.000000,0.552951,dclde_OrcaSound_orcasound_lab__1562340736_000d.wav_0.0s_0.6s_trainstyle.mat,mat_files/dclde_OrcaSound_orcasound_lab__1562340736_000d.wav_0.0s_0.6s_trainstyle.mat,dclde_2027_OrcaSound_orcasound_lab,169490,OrcaSound,orcasound_lab,1562340736_000d.wav,AB,confounder:abiotic,,,,confounder:abiotic,NA,File,0,NA,NA,NA,dclde/2027/dclde_2027_killer_whales/orcasound/audio/orcasoundlab/1562340736_000d.wav,gs://noaa-passive-bioacoustic/dclde/2027/dclde_2027_killer_whales/orcasound/audio/orcasoundlab/1562340736_000d.wav,https://storage.googleapis.com/noaa-passive-bioacoustic/dclde/2027/dclde_2027_killer_whales/orcasound/audio/orcasoundlab/1562340736_000d.wav,1,reviewed_confounder,,,,,,OrcaSound:orcasound_lab:1562340736_000d.wav,[],
dclde_OrcaSound_orcasound_lab__1562340736_0012.wav_0.0s_2.5s_trainstyle,dclde_OrcaSound_orcasound_lab__1562340736_0012.wav,1562340736_0012.wav,1562340736_0012.wav,0.000000,2.450000,0.000000,2.450000,0.000000,2.450000,dclde_OrcaSound_orcasound_lab__1562340736_0012.wav_0.0s_2.5s_trainstyle.mat,mat_files/dclde_OrcaSound_orcasound_lab__1562340736_0012.wav_0.0s_2.5s_trainstyle.mat,dclde_2027_OrcaSound_orcasound_lab,169513,OrcaSound,orcasound_lab,1562340736_0012.wav,AB,confounder:abiotic,,,,confounder:abiotic,NA,File,0,NA,NA,NA,dclde/2027/dclde_2027_killer_whales/orcasound/audio/orcasoundlab/1562340736_0012.wav,gs://noaa-passive-bioacoustic/dclde/2027/dclde_2027_killer_whales/orcasound/audio/orcasoundlab/1562340736_0012.wav,https://storage.googleapis.com/noaa-passive-bioacoustic/dclde/2027/dclde_2027_killer_whales/orcasound/audio/orcasoundlab/1562340736_0012.wav,1,reviewed_confounder,,,,,,OrcaSound:orcasound_lab:1562340736_0012.wav,[],
dclde_OrcaSound_orcasound_lab__1562340736_0013.wav_0.0s_1.6s_trainstyle,dclde_OrcaSound_orcasound_lab__1562340736_0013.wav,1562340736_0013.wav,1562340736_0013.wav,0.000000,1.635629,0.000000,1.635629,0.000000,1.635629,dclde_OrcaSound_orcasound_lab__1562340736_0013.wav_0.0s_1.6s_trainstyle.mat,mat_files/dclde_OrcaSound_orcasound_lab__1562340736_0013.wav_0.0s_1.6s_trainstyle.mat,dclde_2027_OrcaSound_orcasound_lab,169529,OrcaSound,orcasound_lab,1562340736_0013.wav,AB,confounder:abiotic,,,,confounder:abiotic,NA,File,0,NA,NA,NA,dclde/2027/dclde_2027_killer_whales/orcasound/audio/orcasoundlab/1562340736_0013.wav,gs://noaa-passive-bioacoustic/dclde/2027/dclde_2027_killer_whales/orcasound/audio/orcasoundlab/1562340736_0013.wav,https://storage.googleapis.com/noaa-passive-bioacoustic/dclde/2027/dclde_2027_killer_whales/orcasound/audio/orcasoundlab/1562340736_0013.wav,1,reviewed_confounder,,,,,,OrcaSound:orcasound_lab:1562340736_0013.wav,[],
dclde_OrcaSound_orcasound_lab__1562340736_0019.wav_0.0s_1.4s_trainstyle,dclde_OrcaSound_orcasound_lab__1562340736_0019.wav,1562340736_0019.wav,1562340736_0019.wav,0.000000,1.435547,0.000000,1.435547,0.000000,1.435547,dclde_OrcaSound_orcasound_lab__1562340736_0019.wav_0.0s_1.4s_trainstyle.mat,mat_files/dclde_OrcaSound_orcasound_lab__1562340736_0019.wav_0.0s_1.4s_trainstyle.mat,dclde_2027_OrcaSound_orcasound_lab,169592,OrcaSound,orcasound_lab,1562340736_0019.wav,AB,confounder:abiotic,,,,confounder:abiotic,NA,File,0,NA,NA,NA,dclde/2027/dclde_2027_killer_whales/orcasound/audio/orcasoundlab/1562340736_0019.wav,gs://noaa-passive-bioacoustic/dclde/2027/dclde_2027_killer_whales/orcasound/audio/orcasoundlab/1562340736_0019.wav,https://storage.googleapis.com/noaa-passive-bioacoustic/dclde/2027/dclde_2027_killer_whales/orcasound/audio/orcasoundlab/1562340736_0019.wav,1,reviewed_confounder,,,,,,OrcaSound:orcasound_lab:1562340736_0019.wav,[],
dclde_OrcaSound_orcasound_lab__1562340736_001c.wav_0.0s_0.6s_trainstyle,dclde_OrcaSound_orcasound_lab__1562340736_001c.wav,1562340736_001c.wav,1562340736_001c.wav,0.000000,0.606120,0.000000,0.606120,0.000000,0.606120,dclde_OrcaSound_orcasound_lab__1562340736_001c.wav_0.0s_0.6s_trainstyle.mat,mat_files/dclde_OrcaSound_orcasound_lab__1562340736_001c.wav_0.0s_0.6s_trainstyle.mat,dclde_2027_OrcaSound_orcasound_lab,169619,OrcaSound,orcasound_lab,1562340736_001c.wav,AB,confounder:abiotic,,,,confounder:abiotic,NA,File,0,NA,NA,NA,dclde/2027/dclde_2027_killer_whales/orcasound/audio/orcasoundlab/1562340736_001c.wav,gs://noaa-passive-bioacoustic/dclde/2027/dclde_2027_killer_whales/orcasound/audio/orcasoundlab/1562340736_001c.wav,https://storage.googleapis.com/noaa-passive-bioacoustic/dclde/2027/dclde_2027_killer_whales/orcasound/audio/orcasoundlab/1562340736_001c.wav,1,reviewed_confounder,,,,,,OrcaSound:orcasound_lab:1562340736_001c.wav,[],
dclde_OrcaSound_orcasound_lab__1562344334_000b.wav_0.0s_1.8s_trainstyle,dclde_OrcaSound_orcasound_lab__1562344334_000b.wav,1562344334_000b.wav,1562344334_000b.wav,0.000000,1.848668,0.000000,1.848668,0.000000,1.848668,dclde_OrcaSound_orcasound_lab__1562344334_000b.wav_0.0s_1.8s_trainstyle.mat,mat_files/dclde_OrcaSound_orcasound_lab__1562344334_000b.wav_0.0s_1.8s_trainstyle.mat,dclde_2027_OrcaSound_orcasound_lab,169694,OrcaSound,orcasound_lab,1562344334_000b.wav,AB,confounder:abiotic,,,,confounder:abiotic,NA,File,0,NA,NA,NA,dclde/2027/dclde_2027_killer_whales/orcasound/audio/orcasoundlab/1562344334_000b.wav,gs://noaa-passive-bioacoustic/dclde/2027/dclde_2027_killer_whales/orcasound/audio/orcasoundlab/1562344334_000b.wav,https://storage.googleapis.com/noaa-passive-bioacoustic/dclde/2027/dclde_2027_killer_whales/orcasound/audio/orcasoundlab/1562344334_000b.wav,1,reviewed_confounder,,,,,,OrcaSound:orcasound_lab:1562344334_000b.wav,[],
dclde_OrcaSound_port_townsend__rpi-port-townsend_2020_09_29_19_12_00.wav_0.0s_2.5s_trainstyle,dclde_OrcaSound_port_townsend__rpi-port-townsend_2020_09_29_19_12_00.wav,rpi-port-townsend_2020_09_29_19_12_00.wav,rpi-port-townsend_2020_09_29_19_12_00.wav,0.000000,2.450000,0.000000,2.450000,0.000000,2.450000,dclde_OrcaSound_port_townsend__rpi-port-townsend_2020_09_29_19_12_00.wav_0.0s_2.5s_trainstyle.mat,mat_files/dclde_OrcaSound_port_townsend__rpi-port-townsend_2020_09_29_19_12_00.wav_0.0s_2.5s_trainstyle.mat,dclde_2027_OrcaSound_port_townsend,170792,OrcaSound,port_townsend,rpi-port-townsend_2020_09_29_19_12_00.wav,AB,confounder:abiotic,,,,confounder:abiotic,NA,File,0,NA,NA,NA,dclde/2027/dclde_2027_killer_whales/orcasound/audio/porttownsend/rpi-port-townsend_2020_09_29_19_12_00.wav,gs://noaa-passive-bioacoustic/dclde/2027/dclde_2027_killer_whales/orcasound/audio/porttownsend/rpi-port-townsend_2020_09_29_19_12_00.wav,https://storage.googleapis.com/noaa-passive-bioacoustic/dclde/2027/dclde_2027_killer_whales/orcasound/audio/porttownsend/rpi-port-townsend_2020_09_29_19_12_00.wav,1,reviewed_confounder,,,,,,OrcaSound:port_townsend:rpi-port-townsend_2020_09_29_19_12_00.wav,[],
dclde_OrcaSound_port_townsend__rpi-port-townsend_2020_09_29_19_15_00.wav_0.0s_2.5s_trainstyle,dclde_OrcaSound_port_townsend__rpi-port-townsend_2020_09_29_19_15_00.wav,rpi-port-townsend_2020_09_29_19_15_00.wav,rpi-port-townsend_2020_09_29_19_15_00.wav,0.000000,2.450000,0.000000,2.450000,0.000000,2.450000,dclde_OrcaSound_port_townsend__rpi-port-townsend_2020_09_29_19_15_00.wav_0.0s_2.5s_trainstyle.mat,mat_files/dclde_OrcaSound_port_townsend__rpi-port-townsend_2020_09_29_19_15_00.wav_0.0s_2.5s_trainstyle.mat,dclde_2027_OrcaSound_port_townsend,170677,OrcaSound,port_townsend,rpi-port-townsend_2020_09_29_19_15_00.wav,AB,confounder:abiotic,,,,confounder:abiotic,NA,File,0,NA,NA,NA,dclde/2027/dclde_2027_killer_whales/orcasound/audio/porttownsend/rpi-port-townsend_2020_09_29_19_15_00.wav,gs://noaa-passive-bioacoustic/dclde/2027/dclde_2027_killer_whales/orcasound/audio/porttownsend/rpi-port-townsend_2020_09_29_19_15_00.wav,https://storage.googleapis.com/noaa-passive-bioacoustic/dclde/2027/dclde_2027_killer_whales/orcasound/audio/porttownsend/rpi-port-townsend_2020_09_29_19_15_00.wav,1,reviewed_confounder,,,,,,OrcaSound:port_townsend:rpi-port-townsend_2020_09_29_19_15_00.wav,[],
dclde_OrcaSound_port_townsend__rpi-port-townsend_2020_09_29_19_29_00.wav_0.0s_4.4s_trainstyle,dclde_OrcaSound_port_townsend__rpi-port-townsend_2020_09_29_19_29_00.wav,rpi-port-townsend_2020_09_29_19_29_00.wav,rpi-port-townsend_2020_09_29_19_29_00.wav,0.000000,4.420429,0.000000,4.420429,0.000000,4.420429,dclde_OrcaSound_port_townsend__rpi-port-townsend_2020_09_29_19_29_00.wav_0.0s_4.4s_trainstyle.mat,mat_files/dclde_OrcaSound_port_townsend__rpi-port-townsend_2020_09_29_19_29_00.wav_0.0s_4.4s_trainstyle.mat,dclde_2027_OrcaSound_port_townsend,170747,OrcaSound,port_townsend,rpi-port-townsend_2020_09_29_19_29_00.wav,AB,confounder:abiotic,,,,confounder:abiotic,NA,File,0,NA,NA,NA,dclde/2027/dclde_2027_killer_whales/orcasound/audio/porttownsend/rpi-port-townsend_2020_09_29_19_29_00.wav,gs://noaa-passive-bioacoustic/dclde/2027/dclde_2027_killer_whales/orcasound/audio/porttownsend/rpi-port-townsend_2020_09_29_19_29_00.wav,https://storage.googleapis.com/noaa-passive-bioacoustic/dclde/2027/dclde_2027_killer_whales/orcasound/audio/porttownsend/rpi-port-townsend_2020_09_29_19_29_00.wav,1,reviewed_confounder,,,,,,OrcaSound:port_townsend:rpi-port-townsend_2020_09_29_19_29_00.wav,[],
dclde_SIMRES_Tekteksen__ICLISTENHF6156_20220624T164000.000Z_20220624T164459.996Z.flac_0.0s_5.0s_trainstyle,dclde_SIMRES_Tekteksen__ICLISTENHF6156_20220624T164000.000Z_20220624T164459.996Z.flac,ICLISTENHF6156_20220624T164000.000Z_20220624T164459.996Z.flac,ICLISTENHF6156_20220624T164000.000Z_20220624T164459.996Z.flac,0.000000,5.005900,0.000000,5.005900,0.000000,5.005900,dclde_SIMRES_Tekteksen__ICLISTENHF6156_20220624T164000.000Z_20220624T164459.996Z.flac_0.0s_5.0s_trainstyle.mat,mat_files/dclde_SIMRES_Tekteksen__ICLISTENHF6156_20220624T164000.000Z_20220624T164459.996Z.flac_0.0s_5.0s_trainstyle.mat,dclde_2027_SIMRES_Tekteksen,177182,SIMRES,Tekteksen,ICLISTENHF6156_20220624T164000.000Z_20220624T164459.996Z.flac,AB,confounder:abiotic,,,,confounder:abiotic,NA,Call,0,NA,0,0,dclde/2027/dclde_2027_killer_whales/simres/audio/tekteksen/ICLISTENHF6156_20220624T164000.000Z_20220624T164459.996Z.flac,gs://noaa-passive-bioacoustic/dclde/2027/dclde_2027_killer_whales/simres/audio/tekteksen/ICLISTENHF6156_20220624T164000.000Z_20220624T164459.996Z.flac,https://storage.googleapis.com/noaa-passive-bioacoustic/dclde/2027/dclde_2027_killer_whales/simres/audio/tekteksen/ICLISTENHF6156_20220624T164000.000Z_20220624T164459.996Z.flac,1,reviewed_confounder,,,,,,SIMRES:Tekteksen:ICLISTENHF6156_20220624T164000.000Z_20220624T164459.996Z.flac,[],
dclde_SIMRES_Tekteksen__ICLISTENHF6156_20220624T164000.000Z_20220624T164459.996Z.flac_170.0s_175.0s_trainstyle,dclde_SIMRES_Tekteksen__ICLISTENHF6156_20220624T164000.000Z_20220624T164459.996Z.flac,ICLISTENHF6156_20220624T164000.000Z_20220624T164459.996Z.flac,ICLISTENHF6156_20220624T164000.000Z_20220624T164459.996Z.flac,169.999700,175.005600,169.999700,175.005600,169.999700,5.005900,dclde_SIMRES_Tekteksen__ICLISTENHF6156_20220624T164000.000Z_20220624T164459.996Z.flac_170.0s_175.0s_trainstyle.mat,mat_files/dclde_SIMRES_Tekteksen__ICLISTENHF6156_20220624T164000.000Z_20220624T164459.996Z.flac_170.0s_175.0s_trainstyle.mat,dclde_2027_SIMRES_Tekteksen,177183,SIMRES,Tekteksen,ICLISTENHF6156_20220624T164000.000Z_20220624T164459.996Z.flac,AB,confounder:abiotic,,,,confounder:abiotic,NA,Call,0,NA,0,0,dclde/2027/dclde_2027_killer_whales/simres/audio/tekteksen/ICLISTENHF6156_20220624T164000.000Z_20220624T164459.996Z.flac,gs://noaa-passive-bioacoustic/dclde/2027/dclde_2027_killer_whales/simres/audio/tekteksen/ICLISTENHF6156_20220624T164000.000Z_20220624T164459.996Z.flac,https://storage.googleapis.com/noaa-passive-bioacoustic/dclde/2027/dclde_2027_killer_whales/simres/audio/tekteksen/ICLISTENHF6156_20220624T164000.000Z_20220624T164459.996Z.flac,1,reviewed_confounder,,,,,,SIMRES:Tekteksen:ICLISTENHF6156_20220624T164000.000Z_20220624T164459.996Z.flac,[],
dclde_SIMRES_Tekteksen__ICLISTENHF6156_20220624T164000.000Z_20220624T164459.996Z.flac_295.0s_300.0s_trainstyle,dclde_SIMRES_Tekteksen__ICLISTENHF6156_20220624T164000.000Z_20220624T164459.996Z.flac,ICLISTENHF6156_20220624T164000.000Z_20220624T164459.996Z.flac,ICLISTENHF6156_20220624T164000.000Z_20220624T164459.996Z.flac,294.995600,300.000000,294.995600,300.000000,294.995600,5.004400,dclde_SIMRES_Tekteksen__ICLISTENHF6156_20220624T164000.000Z_20220624T164459.996Z.flac_295.0s_300.0s_trainstyle.mat,mat_files/dclde_SIMRES_Tekteksen__ICLISTENHF6156_20220624T164000.000Z_20220624T164459.996Z.flac_295.0s_300.0s_trainstyle.mat,dclde_2027_SIMRES_Tekteksen,177186,SIMRES,Tekteksen,ICLISTENHF6156_20220624T164000.000Z_20220624T164459.996Z.flac,AB,confounder:abiotic,,,,confounder:abiotic,NA,Call,0,NA,0,0,dclde/2027/dclde_2027_killer_whales/simres/audio/tekteksen/ICLISTENHF6156_20220624T164000.000Z_20220624T164459.996Z.flac,gs://noaa-passive-bioacoustic/dclde/2027/dclde_2027_killer_whales/simres/audio/tekteksen/ICLISTENHF6156_20220624T164000.000Z_20220624T164459.996Z.flac,https://storage.googleapis.com/noaa-passive-bioacoustic/dclde/2027/dclde_2027_killer_whales/simres/audio/tekteksen/ICLISTENHF6156_20220624T164000.000Z_20220624T164459.996Z.flac,1,reviewed_confounder,,,,,,SIMRES:Tekteksen:ICLISTENHF6156_20220624T164000.000Z_20220624T164459.996Z.flac,[],
dclde_SIMRES_Tekteksen__ICLISTENHF6156_20220628T141000.000Z_20220628T141459.996Z.flac_0.0s_5.0s_trainstyle,dclde_SIMRES_Tekteksen__ICLISTENHF6156_20220628T141000.000Z_20220628T141459.996Z.flac,ICLISTENHF6156_20220628T141000.000Z_20220628T141459.996Z.flac,ICLISTENHF6156_20220628T141000.000Z_20220628T141459.996Z.flac,0.000000,5.001000,0.000000,5.001000,0.000000,5.001000,dclde_SIMRES_Tekteksen__ICLISTENHF6156_20220628T141000.000Z_20220628T141459.996Z.flac_0.0s_5.0s_trainstyle.mat,mat_files/dclde_SIMRES_Tekteksen__ICLISTENHF6156_20220628T141000.000Z_20220628T141459.996Z.flac_0.0s_5.0s_trainstyle.mat,dclde_2027_SIMRES_Tekteksen,177187,SIMRES,Tekteksen,ICLISTENHF6156_20220628T141000.000Z_20220628T141459.996Z.flac,AB,confounder:abiotic,,,,confounder:abiotic,NA,Call,0,NA,0,0,dclde/2027/dclde_2027_killer_whales/simres/audio/tekteksen/ICLISTENHF6156_20220628T141000.000Z_20220628T141459.996Z.flac,gs://noaa-passive-bioacoustic/dclde/2027/dclde_2027_killer_whales/simres/audio/tekteksen/ICLISTENHF6156_20220628T141000.000Z_20220628T141459.996Z.flac,https://storage.googleapis.com/noaa-passive-bioacoustic/dclde/2027/dclde_2027_killer_whales/simres/audio/tekteksen/ICLISTENHF6156_20220628T141000.000Z_20220628T141459.996Z.flac,1,reviewed_confounder,,,,,,SIMRES:Tekteksen:ICLISTENHF6156_20220628T141000.000Z_20220628T141459.996Z.flac,[],
dclde_SIMRES_Tekteksen__ICLISTENHF6156_20220628T141000.000Z_20220628T141459.996Z.flac_170.0s_175.0s_trainstyle,dclde_SIMRES_Tekteksen__ICLISTENHF6156_20220628T141000.000Z_20220628T141459.996Z.flac,ICLISTENHF6156_20220628T141000.000Z_20220628T141459.996Z.flac,ICLISTENHF6156_20220628T141000.000Z_20220628T141459.996Z.flac,169.989300,175.001300,169.989300,175.001300,169.989300,5.012000,dclde_SIMRES_Tekteksen__ICLISTENHF6156_20220628T141000.000Z_20220628T141459.996Z.flac_170.0s_175.0s_trainstyle.mat,mat_files/dclde_SIMRES_Tekteksen__ICLISTENHF6156_20220628T141000.000Z_20220628T141459.996Z.flac_170.0s_175.0s_trainstyle.mat,dclde_2027_SIMRES_Tekteksen,177189,SIMRES,Tekteksen,ICLISTENHF6156_20220628T141000.000Z_20220628T141459.996Z.flac,AB,confounder:abiotic,,,,confounder:abiotic,NA,Call,0,NA,0,0,dclde/2027/dclde_2027_killer_whales/simres/audio/tekteksen/ICLISTENHF6156_20220628T141000.000Z_20220628T141459.996Z.flac,gs://noaa-passive-bioacoustic/dclde/2027/dclde_2027_killer_whales/simres/audio/tekteksen/ICLISTENHF6156_20220628T141000.000Z_20220628T141459.996Z.flac,https://storage.googleapis.com/noaa-passive-bioacoustic/dclde/2027/dclde_2027_killer_whales/simres/audio/tekteksen/ICLISTENHF6156_20220628T141000.000Z_20220628T141459.996Z.flac,1,reviewed_confounder,,,,,,SIMRES:Tekteksen:ICLISTENHF6156_20220628T141000.000Z_20220628T141459.996Z.flac,[],
dclde_SIMRES_Tekteksen__ICLISTENHF6156_20220628T141000.000Z_20220628T141459.996Z.flac_295.0s_300.0s_trainstyle,dclde_SIMRES_Tekteksen__ICLISTENHF6156_20220628T141000.000Z_20220628T141459.996Z.flac,ICLISTENHF6156_20220628T141000.000Z_20220628T141459.996Z.flac,ICLISTENHF6156_20220628T141000.000Z_20220628T141459.996Z.flac,294.992200,300.000000,294.992200,300.000000,294.992200,5.007800,dclde_SIMRES_Tekteksen__ICLISTENHF6156_20220628T141000.000Z_20220628T141459.996Z.flac_295.0s_300.0s_trainstyle.mat,mat_files/dclde_SIMRES_Tekteksen__ICLISTENHF6156_20220628T141000.000Z_20220628T141459.996Z.flac_295.0s_300.0s_trainstyle.mat,dclde_2027_SIMRES_Tekteksen,177190,SIMRES,Tekteksen,ICLISTENHF6156_20220628T141000.000Z_20220628T141459.996Z.flac,AB,confounder:abiotic,,,,confounder:abiotic,NA,Call,0,NA,0,0,dclde/2027/dclde_2027_killer_whales/simres/audio/tekteksen/ICLISTENHF6156_20220628T141000.000Z_20220628T141459.996Z.flac,gs://noaa-passive-bioacoustic/dclde/2027/dclde_2027_killer_whales/simres/audio/tekteksen/ICLISTENHF6156_20220628T141000.000Z_20220628T141459.996Z.flac,https://storage.googleapis.com/noaa-passive-bioacoustic/dclde/2027/dclde_2027_killer_whales/simres/audio/tekteksen/ICLISTENHF6156_20220628T141000.000Z_20220628T141459.996Z.flac,1,reviewed_confounder,,,,,,SIMRES:Tekteksen:ICLISTENHF6156_20220628T141000.000Z_20220628T141459.996Z.flac,[],
dclde_SIMRES_Tekteksen__ICLISTENHF6156_20220628T141500.000Z_20220628T141959.996Z.flac_0.0s_5.0s_trainstyle,dclde_SIMRES_Tekteksen__ICLISTENHF6156_20220628T141500.000Z_20220628T141959.996Z.flac,ICLISTENHF6156_20220628T141500.000Z_20220628T141959.996Z.flac,ICLISTENHF6156_20220628T141500.000Z_20220628T141959.996Z.flac,0.000000,5.016500,0.000000,5.016500,0.000000,5.016500,dclde_SIMRES_Tekteksen__ICLISTENHF6156_20220628T141500.000Z_20220628T141959.996Z.flac_0.0s_5.0s_trainstyle.mat,mat_files/dclde_SIMRES_Tekteksen__ICLISTENHF6156_20220628T141500.000Z_20220628T141959.996Z.flac_0.0s_5.0s_trainstyle.mat,dclde_2027_SIMRES_Tekteksen,177191,SIMRES,Tekteksen,ICLISTENHF6156_20220628T141500.000Z_20220628T141959.996Z.flac,AB,confounder:abiotic,,,,confounder:abiotic,NA,Call,0,NA,0,0,dclde/2027/dclde_2027_killer_whales/simres/audio/tekteksen/ICLISTENHF6156_20220628T141500.000Z_20220628T141959.996Z.flac,gs://noaa-passive-bioacoustic/dclde/2027/dclde_2027_killer_whales/simres/audio/tekteksen/ICLISTENHF6156_20220628T141500.000Z_20220628T141959.996Z.flac,https://storage.googleapis.com/noaa-passive-bioacoustic/dclde/2027/dclde_2027_killer_whales/simres/audio/tekteksen/ICLISTENHF6156_20220628T141500.000Z_20220628T141959.996Z.flac,1,reviewed_confounder,,,,,,SIMRES:Tekteksen:ICLISTENHF6156_20220628T141500.000Z_20220628T141959.996Z.flac,[],
dclde_SIMRES_Tekteksen__ICLISTENHF6156_20220628T141500.000Z_20220628T141959.996Z.flac_170.0s_175.0s_trainstyle,dclde_SIMRES_Tekteksen__ICLISTENHF6156_20220628T141500.000Z_20220628T141959.996Z.flac,ICLISTENHF6156_20220628T141500.000Z_20220628T141959.996Z.flac,ICLISTENHF6156_20220628T141500.000Z_20220628T141959.996Z.flac,169.999100,175.008800,169.999100,175.008800,169.999100,5.009700,dclde_SIMRES_Tekteksen__ICLISTENHF6156_20220628T141500.000Z_20220628T141959.996Z.flac_170.0s_175.0s_trainstyle.mat,mat_files/dclde_SIMRES_Tekteksen__ICLISTENHF6156_20220628T141500.000Z_20220628T141959.996Z.flac_170.0s_175.0s_trainstyle.mat,dclde_2027_SIMRES_Tekteksen,177210,SIMRES,Tekteksen,ICLISTENHF6156_20220628T141500.000Z_20220628T141959.996Z.flac,AB,confounder:abiotic,,,,confounder:abiotic,NA,Call,0,NA,0,0,dclde/2027/dclde_2027_killer_whales/simres/audio/tekteksen/ICLISTENHF6156_20220628T141500.000Z_20220628T141959.996Z.flac,gs://noaa-passive-bioacoustic/dclde/2027/dclde_2027_killer_whales/simres/audio/tekteksen/ICLISTENHF6156_20220628T141500.000Z_20220628T141959.996Z.flac,https://storage.googleapis.com/noaa-passive-bioacoustic/dclde/2027/dclde_2027_killer_whales/simres/audio/tekteksen/ICLISTENHF6156_20220628T141500.000Z_20220628T141959.996Z.flac,1,reviewed_confounder,,,,,,SIMRES:Tekteksen:ICLISTENHF6156_20220628T141500.000Z_20220628T141959.996Z.flac,[],
dclde_SIMRES_Tekteksen__ICLISTENHF6156_20220628T141500.000Z_20220628T141959.996Z.flac_290.0s_295.0s_trainstyle,dclde_SIMRES_Tekteksen__ICLISTENHF6156_20220628T141500.000Z_20220628T141959.996Z.flac,ICLISTENHF6156_20220628T141500.000Z_20220628T141959.996Z.flac,ICLISTENHF6156_20220628T141500.000Z_20220628T141959.996Z.flac,290.002900,295.007000,290.002900,295.007000,290.002900,5.004100,dclde_SIMRES_Tekteksen__ICLISTENHF6156_20220628T141500.000Z_20220628T141959.996Z.flac_290.0s_295.0s_trainstyle.mat,mat_files/dclde_SIMRES_Tekteksen__ICLISTENHF6156_20220628T141500.000Z_20220628T141959.996Z.flac_290.0s_295.0s_trainstyle.mat,dclde_2027_SIMRES_Tekteksen,177218,SIMRES,Tekteksen,ICLISTENHF6156_20220628T141500.000Z_20220628T141959.996Z.flac,AB,confounder:abiotic,,,,confounder:abiotic,NA,Call,0,NA,0,0,dclde/2027/dclde_2027_killer_whales/simres/audio/tekteksen/ICLISTENHF6156_20220628T141500.000Z_20220628T141959.996Z.flac,gs://noaa-passive-bioacoustic/dclde/2027/dclde_2027_killer_whales/simres/audio/tekteksen/ICLISTENHF6156_20220628T141500.000Z_20220628T141959.996Z.flac,https://storage.googleapis.com/noaa-passive-bioacoustic/dclde/2027/dclde_2027_killer_whales/simres/audio/tekteksen/ICLISTENHF6156_20220628T141500.000Z_20220628T141959.996Z.flac,1,reviewed_confounder,,,,,,SIMRES:Tekteksen:ICLISTENHF6156_20220628T141500.000Z_20220628T141959.996Z.flac,[],
dclde_SIO_Cpe_Elz__OCNMS13CE_110528_023827_BCTransients.wav_166.5s_173.1s_trainstyle,dclde_SIO_Cpe_Elz__OCNMS13CE_110528_023827_BCTransients.wav,OCNMS13CE_110528_023827_BCTransients.wav,OCNMS13CE_110528_023827_BCTransients.wav,166.489805,173.073963,166.489805,173.073963,166.489805,6.584158,dclde_SIO_Cpe_Elz__OCNMS13CE_110528_023827_BCTransients.wav_166.5s_173.1s_trainstyle.mat,mat_files/dclde_SIO_Cpe_Elz__OCNMS13CE_110528_023827_BCTransients.wav_166.5s_173.1s_trainstyle.mat,dclde_2027_SIO_Cpe_Elz,174396,SIO,Cpe_Elz,OCNMS13CE_110528_023827_BCTransients.wav,AB,confounder:abiotic,,,,confounder:abiotic,NA,Call,0,NA,0,0,dclde/2027/dclde_2027_killer_whales/scripps/audio/cpeelz/OCNMS13CE_110528_023827_BCTransients.wav,gs://noaa-passive-bioacoustic/dclde/2027/dclde_2027_killer_whales/scripps/audio/cpeelz/OCNMS13CE_110528_023827_BCTransients.wav,https://storage.googleapis.com/noaa-passive-bioacoustic/dclde/2027/dclde_2027_killer_whales/scripps/audio/cpeelz/OCNMS13CE_110528_023827_BCTransients.wav,1,reviewed_confounder,,,,,,SIO:Cpe_Elz:OCNMS13CE_110528_023827_BCTransients.wav,[],
dclde_SIO_Cpe_Elz__OCNMS13CE_110528_033702_BCTransients.wav_26.5s_32.6s_trainstyle,dclde_SIO_Cpe_Elz__OCNMS13CE_110528_033702_BCTransients.wav,OCNMS13CE_110528_033702_BCTransients.wav,OCNMS13CE_110528_033702_BCTransients.wav,26.534305,32.573908,26.534305,32.573908,26.534305,6.039603,dclde_SIO_Cpe_Elz__OCNMS13CE_110528_033702_BCTransients.wav_26.5s_32.6s_trainstyle.mat,mat_files/dclde_SIO_Cpe_Elz__OCNMS13CE_110528_033702_BCTransients.wav_26.5s_32.6s_trainstyle.mat,dclde_2027_SIO_Cpe_Elz,174397,SIO,Cpe_Elz,OCNMS13CE_110528_033702_BCTransients.wav,AB,confounder:abiotic,,,,confounder:abiotic,NA,Call,0,NA,0,0,dclde/2027/dclde_2027_killer_whales/scripps/audio/cpeelz/OCNMS13CE_110528_033702_BCTransients.wav,gs://noaa-passive-bioacoustic/dclde/2027/dclde_2027_killer_whales/scripps/audio/cpeelz/OCNMS13CE_110528_033702_BCTransients.wav,https://storage.googleapis.com/noaa-passive-bioacoustic/dclde/2027/dclde_2027_killer_whales/scripps/audio/cpeelz/OCNMS13CE_110528_033702_BCTransients.wav,1,reviewed_confounder,,,,,,SIO:Cpe_Elz:OCNMS13CE_110528_033702_BCTransients.wav,[],
dclde_SIO_Cpe_Elz__OCNMS13CE_110528_044617_BCTransients.wav_297.3s_300.0s_trainstyle,dclde_SIO_Cpe_Elz__OCNMS13CE_110528_044617_BCTransients.wav,OCNMS13CE_110528_044617_BCTransients.wav,OCNMS13CE_110528_044617_BCTransients.wav,297.286565,299.959832,297.286565,299.959832,297.286565,2.673267,dclde_SIO_Cpe_Elz__OCNMS13CE_110528_044617_BCTransients.wav_297.3s_300.0s_trainstyle.mat,mat_files/dclde_SIO_Cpe_Elz__OCNMS13CE_110528_044617_BCTransients.wav_297.3s_300.0s_trainstyle.mat,dclde_2027_SIO_Cpe_Elz,174398,SIO,Cpe_Elz,OCNMS13CE_110528_044617_BCTransients.wav,AB,confounder:abiotic,,,,confounder:abiotic,NA,Call,0,NA,0,0,dclde/2027/dclde_2027_killer_whales/scripps/audio/cpeelz/OCNMS13CE_110528_044617_BCTransients.wav,gs://noaa-passive-bioacoustic/dclde/2027/dclde_2027_killer_whales/scripps/audio/cpeelz/OCNMS13CE_110528_044617_BCTransients.wav,https://storage.googleapis.com/noaa-passive-bioacoustic/dclde/2027/dclde_2027_killer_whales/scripps/audio/cpeelz/OCNMS13CE_110528_044617_BCTransients.wav,1,reviewed_confounder,,,,,,SIO:Cpe_Elz:OCNMS13CE_110528_044617_BCTransients.wav,[],
dclde_SIO_Cpe_Elz__OCNMS13CE_110531_201417_SouthernResidents.wav_117.3s_123.1s_trainstyle,dclde_SIO_Cpe_Elz__OCNMS13CE_110531_201417_SouthernResidents.wav,OCNMS13CE_110531_201417_SouthernResidents.wav,OCNMS13CE_110531_201417_SouthernResidents.wav,117.316195,123.058769,117.316195,123.058769,117.316195,5.742574,dclde_SIO_Cpe_Elz__OCNMS13CE_110531_201417_SouthernResidents.wav_117.3s_123.1s_trainstyle.mat,mat_files/dclde_SIO_Cpe_Elz__OCNMS13CE_110531_201417_SouthernResidents.wav_117.3s_123.1s_trainstyle.mat,dclde_2027_SIO_Cpe_Elz,174399,SIO,Cpe_Elz,OCNMS13CE_110531_201417_SouthernResidents.wav,AB,confounder:abiotic,,,,confounder:abiotic,NA,Call,0,NA,0,0,dclde/2027/dclde_2027_killer_whales/scripps/audio/cpeelz/OCNMS13CE_110531_201417_SouthernResidents.wav,gs://noaa-passive-bioacoustic/dclde/2027/dclde_2027_killer_whales/scripps/audio/cpeelz/OCNMS13CE_110531_201417_SouthernResidents.wav,https://storage.googleapis.com/noaa-passive-bioacoustic/dclde/2027/dclde_2027_killer_whales/scripps/audio/cpeelz/OCNMS13CE_110531_201417_SouthernResidents.wav,1,reviewed_confounder,,,,,,SIO:Cpe_Elz:OCNMS13CE_110531_201417_SouthernResidents.wav,[],
dclde_SIO_Cpe_Elz__OCNMS13CE_110609_074657_Transients.wav_3858.6s_3861.1s_trainstyle,dclde_SIO_Cpe_Elz__OCNMS13CE_110609_074657_Transients.wav,OCNMS13CE_110609_074657_Transients.wav,OCNMS13CE_110609_074657_Transients.wav,3858.550960,3861.110687,3858.550960,3861.110687,3858.550960,2.559727,dclde_SIO_Cpe_Elz__OCNMS13CE_110609_074657_Transients.wav_3858.6s_3861.1s_trainstyle.mat,mat_files/dclde_SIO_Cpe_Elz__OCNMS13CE_110609_074657_Transients.wav_3858.6s_3861.1s_trainstyle.mat,dclde_2027_SIO_Cpe_Elz,176545,SIO,Cpe_Elz,OCNMS13CE_110609_074657_Transients.wav,AB,confounder:abiotic,,,,confounder:abiotic,NA,Call,0,NA,0,0,dclde/2027/dclde_2027_killer_whales/scripps/audio/cpeelz/OCNMS13CE_110609_074657_Transients.wav,gs://noaa-passive-bioacoustic/dclde/2027/dclde_2027_killer_whales/scripps/audio/cpeelz/OCNMS13CE_110609_074657_Transients.wav,https://storage.googleapis.com/noaa-passive-bioacoustic/dclde/2027/dclde_2027_killer_whales/scripps/audio/cpeelz/OCNMS13CE_110609_074657_Transients.wav,1,reviewed_confounder,,,,,,SIO:Cpe_Elz:OCNMS13CE_110609_074657_Transients.wav,[],
dclde_SIO_Cpe_Elz__OCNMS13CE_110811_040112_Transients.wav_2401.5s_2405.4s_trainstyle,dclde_SIO_Cpe_Elz__OCNMS13CE_110811_040112_Transients.wav,OCNMS13CE_110811_040112_Transients.wav,OCNMS13CE_110811_040112_Transients.wav,2401.472310,2405.383201,2401.472310,2405.383201,2401.472310,3.910891,dclde_SIO_Cpe_Elz__OCNMS13CE_110811_040112_Transients.wav_2401.5s_2405.4s_trainstyle.mat,mat_files/dclde_SIO_Cpe_Elz__OCNMS13CE_110811_040112_Transients.wav_2401.5s_2405.4s_trainstyle.mat,dclde_2027_SIO_Cpe_Elz,174542,SIO,Cpe_Elz,OCNMS13CE_110811_040112_Transients.wav,AB,confounder:abiotic,,,,confounder:abiotic,NA,Call,0,NA,0,0,dclde/2027/dclde_2027_killer_whales/scripps/audio/cpeelz/OCNMS13CE_110811_040112_Transients.wav,gs://noaa-passive-bioacoustic/dclde/2027/dclde_2027_killer_whales/scripps/audio/cpeelz/OCNMS13CE_110811_040112_Transients.wav,https://storage.googleapis.com/noaa-passive-bioacoustic/dclde/2027/dclde_2027_killer_whales/scripps/audio/cpeelz/OCNMS13CE_110811_040112_Transients.wav,1,reviewed_confounder,,,,,,SIO:Cpe_Elz:OCNMS13CE_110811_040112_Transients.wav,[],
dclde_SIO_Cpe_Elz__OCNMS14CE_111210_092137_BCtransients.wav_767.2s_770.3s_trainstyle,dclde_SIO_Cpe_Elz__OCNMS14CE_111210_092137_BCtransients.wav,OCNMS14CE_111210_092137_BCtransients.wav,OCNMS14CE_111210_092137_BCtransients.wav,767.160985,770.329302,767.160985,770.329302,767.160985,3.168317,dclde_SIO_Cpe_Elz__OCNMS14CE_111210_092137_BCtransients.wav_767.2s_770.3s_trainstyle.mat,mat_files/dclde_SIO_Cpe_Elz__OCNMS14CE_111210_092137_BCtransients.wav_767.2s_770.3s_trainstyle.mat,dclde_2027_SIO_Cpe_Elz,174400,SIO,Cpe_Elz,OCNMS14CE_111210_092137_BCtransients.wav,AB,confounder:abiotic,,,,confounder:abiotic,NA,Call,0,NA,0,0,dclde/2027/dclde_2027_killer_whales/scripps/audio/cpeelz/OCNMS14CE_111210_092137_BCtransients.wav,gs://noaa-passive-bioacoustic/dclde/2027/dclde_2027_killer_whales/scripps/audio/cpeelz/OCNMS14CE_111210_092137_BCtransients.wav,https://storage.googleapis.com/noaa-passive-bioacoustic/dclde/2027/dclde_2027_killer_whales/scripps/audio/cpeelz/OCNMS14CE_111210_092137_BCtransients.wav,1,reviewed_confounder,,,,,,SIO:Cpe_Elz:OCNMS14CE_111210_092137_BCtransients.wav,[],
dclde_SIO_Cpe_Elz__OCNMS14CE_111210_092137_BCtransients.wav_782.1s_784.3s_trainstyle,dclde_SIO_Cpe_Elz__OCNMS14CE_111210_092137_BCtransients.wav,OCNMS14CE_111210_092137_BCtransients.wav,OCNMS14CE_111210_092137_BCtransients.wav,782.061970,784.289693,782.061970,784.289693,782.061970,2.227723,dclde_SIO_Cpe_Elz__OCNMS14CE_111210_092137_BCtransients.wav_782.1s_784.3s_trainstyle.mat,mat_files/dclde_SIO_Cpe_Elz__OCNMS14CE_111210_092137_BCtransients.wav_782.1s_784.3s_trainstyle.mat,dclde_2027_SIO_Cpe_Elz,174401,SIO,Cpe_Elz,OCNMS14CE_111210_092137_BCtransients.wav,AB,confounder:abiotic,,,,confounder:abiotic,NA,Call,0,NA,0,0,dclde/2027/dclde_2027_killer_whales/scripps/audio/cpeelz/OCNMS14CE_111210_092137_BCtransients.wav,gs://noaa-passive-bioacoustic/dclde/2027/dclde_2027_killer_whales/scripps/audio/cpeelz/OCNMS14CE_111210_092137_BCtransients.wav,https://storage.googleapis.com/noaa-passive-bioacoustic/dclde/2027/dclde_2027_killer_whales/scripps/audio/cpeelz/OCNMS14CE_111210_092137_BCtransients.wav,1,reviewed_confounder,,,,,,SIO:Cpe_Elz:OCNMS14CE_111210_092137_BCtransients.wav,[],
dclde_SIO_Cpe_Elz__OCNMS14CE_111210_092137_BCtransients.wav_796.8s_800.1s_trainstyle,dclde_SIO_Cpe_Elz__OCNMS14CE_111210_092137_BCtransients.wav,OCNMS14CE_111210_092137_BCtransients.wav,OCNMS14CE_111210_092137_BCtransients.wav,796.764940,800.081771,796.764940,800.081771,796.764940,3.316831,dclde_SIO_Cpe_Elz__OCNMS14CE_111210_092137_BCtransients.wav_796.8s_800.1s_trainstyle.mat,mat_files/dclde_SIO_Cpe_Elz__OCNMS14CE_111210_092137_BCtransients.wav_796.8s_800.1s_trainstyle.mat,dclde_2027_SIO_Cpe_Elz,174402,SIO,Cpe_Elz,OCNMS14CE_111210_092137_BCtransients.wav,AB,confounder:abiotic,,,,confounder:abiotic,NA,Call,0,NA,0,0,dclde/2027/dclde_2027_killer_whales/scripps/audio/cpeelz/OCNMS14CE_111210_092137_BCtransients.wav,gs://noaa-passive-bioacoustic/dclde/2027/dclde_2027_killer_whales/scripps/audio/cpeelz/OCNMS14CE_111210_092137_BCtransients.wav,https://storage.googleapis.com/noaa-passive-bioacoustic/dclde/2027/dclde_2027_killer_whales/scripps/audio/cpeelz/OCNMS14CE_111210_092137_BCtransients.wav,1,reviewed_confounder,,,,,,SIO:Cpe_Elz:OCNMS14CE_111210_092137_BCtransients.wav,[],
dclde_SIO_Quin_Can__OCNMS12QC_110210_114037_Offshores.wav_260.4s_268.0s_trainstyle,dclde_SIO_Quin_Can__OCNMS12QC_110210_114037_Offshores.wav,OCNMS12QC_110210_114037_Offshores.wav,OCNMS12QC_110210_114037_Offshores.wav,260.395995,268.019757,260.395995,268.019757,260.395995,7.623762,dclde_SIO_Quin_Can__OCNMS12QC_110210_114037_Offshores.wav_260.4s_268.0s_trainstyle.mat,mat_files/dclde_SIO_Quin_Can__OCNMS12QC_110210_114037_Offshores.wav_260.4s_268.0s_trainstyle.mat,dclde_2027_SIO_Quin_Can,176549,SIO,Quin_Can,OCNMS12QC_110210_114037_Offshores.wav,AB,confounder:abiotic,,,,confounder:abiotic,NA,Call,0,NA,0,0,dclde/2027/dclde_2027_killer_whales/scripps/audio/quincan/OCNMS12QC_110210_114037_Offshores.wav,gs://noaa-passive-bioacoustic/dclde/2027/dclde_2027_killer_whales/scripps/audio/quincan/OCNMS12QC_110210_114037_Offshores.wav,https://storage.googleapis.com/noaa-passive-bioacoustic/dclde/2027/dclde_2027_killer_whales/scripps/audio/quincan/OCNMS12QC_110210_114037_Offshores.wav,1,reviewed_confounder,,,,,,SIO:Quin_Can:OCNMS12QC_110210_114037_Offshores.wav,[],
dclde_SIO_Quin_Can__OCNMS12QC_110210_114037_Offshores.wav_636.6s_643.0s_trainstyle,dclde_SIO_Quin_Can__OCNMS12QC_110210_114037_Offshores.wav,OCNMS12QC_110210_114037_Offshores.wav,OCNMS12QC_110210_114037_Offshores.wav,636.623660,642.960293,636.623660,642.960293,636.623660,6.336633,dclde_SIO_Quin_Can__OCNMS12QC_110210_114037_Offshores.wav_636.6s_643.0s_trainstyle.mat,mat_files/dclde_SIO_Quin_Can__OCNMS12QC_110210_114037_Offshores.wav_636.6s_643.0s_trainstyle.mat,dclde_2027_SIO_Quin_Can,176560,SIO,Quin_Can,OCNMS12QC_110210_114037_Offshores.wav,AB,confounder:abiotic,,,,confounder:abiotic,NA,Call,0,NA,0,0,dclde/2027/dclde_2027_killer_whales/scripps/audio/quincan/OCNMS12QC_110210_114037_Offshores.wav,gs://noaa-passive-bioacoustic/dclde/2027/dclde_2027_killer_whales/scripps/audio/quincan/OCNMS12QC_110210_114037_Offshores.wav,https://storage.googleapis.com/noaa-passive-bioacoustic/dclde/2027/dclde_2027_killer_whales/scripps/audio/quincan/OCNMS12QC_110210_114037_Offshores.wav,1,reviewed_confounder,,,,,,SIO:Quin_Can:OCNMS12QC_110210_114037_Offshores.wav,[],
dclde_SIO_Quin_Can__OCNMS12QC_110709_041942_Offshores.wav_1744.1s_1747.5s_trainstyle,dclde_SIO_Quin_Can__OCNMS12QC_110709_041942_Offshores.wav,OCNMS12QC_110709_041942_Offshores.wav,OCNMS12QC_110709_041942_Offshores.wav,1744.059200,1747.499794,1744.059200,1747.499794,1744.059200,3.440594,dclde_SIO_Quin_Can__OCNMS12QC_110709_041942_Offshores.wav_1744.1s_1747.5s_trainstyle.mat,mat_files/dclde_SIO_Quin_Can__OCNMS12QC_110709_041942_Offshores.wav_1744.1s_1747.5s_trainstyle.mat,dclde_2027_SIO_Quin_Can,177113,SIO,Quin_Can,OCNMS12QC_110709_041942_Offshores.wav,AB,confounder:abiotic,,,,confounder:abiotic,NA,Call,0,NA,0,0,dclde/2027/dclde_2027_killer_whales/scripps/audio/quincan/OCNMS12QC_110709_041942_Offshores.wav,gs://noaa-passive-bioacoustic/dclde/2027/dclde_2027_killer_whales/scripps/audio/quincan/OCNMS12QC_110709_041942_Offshores.wav,https://storage.googleapis.com/noaa-passive-bioacoustic/dclde/2027/dclde_2027_killer_whales/scripps/audio/quincan/OCNMS12QC_110709_041942_Offshores.wav,1,reviewed_confounder,,,,,,SIO:Quin_Can:OCNMS12QC_110709_041942_Offshores.wav,[],
dclde_SIO_Quin_Can__OCNMS12QC_110709_041942_Offshores.wav_1967.9s_1972.4s_trainstyle,dclde_SIO_Quin_Can__OCNMS12QC_110709_041942_Offshores.wav,OCNMS12QC_110709_041942_Offshores.wav,OCNMS12QC_110709_041942_Offshores.wav,1967.856295,1972.435503,1967.856295,1972.435503,1967.856295,4.579208,dclde_SIO_Quin_Can__OCNMS12QC_110709_041942_Offshores.wav_1967.9s_1972.4s_trainstyle.mat,mat_files/dclde_SIO_Quin_Can__OCNMS12QC_110709_041942_Offshores.wav_1967.9s_1972.4s_trainstyle.mat,dclde_2027_SIO_Quin_Can,177121,SIO,Quin_Can,OCNMS12QC_110709_041942_Offshores.wav,AB,confounder:abiotic,,,,confounder:abiotic,NA,Call,0,NA,0,0,dclde/2027/dclde_2027_killer_whales/scripps/audio/quincan/OCNMS12QC_110709_041942_Offshores.wav,gs://noaa-passive-bioacoustic/dclde/2027/dclde_2027_killer_whales/scripps/audio/quincan/OCNMS12QC_110709_041942_Offshores.wav,https://storage.googleapis.com/noaa-passive-bioacoustic/dclde/2027/dclde_2027_killer_whales/scripps/audio/quincan/OCNMS12QC_110709_041942_Offshores.wav,1,reviewed_confounder,,,,,,SIO:Quin_Can:OCNMS12QC_110709_041942_Offshores.wav,[],
dclde_SIO_Quin_Can__OCNMS12QC_110809_121712_Offshores.wav_2340.9s_2347.9s_trainstyle,dclde_SIO_Quin_Can__OCNMS12QC_110809_121712_Offshores.wav,OCNMS12QC_110809_121712_Offshores.wav,OCNMS12QC_110809_121712_Offshores.wav,2340.879830,2347.860027,2340.879830,2347.860027,2340.879830,6.980197,dclde_SIO_Quin_Can__OCNMS12QC_110809_121712_Offshores.wav_2340.9s_2347.9s_trainstyle.mat,mat_files/dclde_SIO_Quin_Can__OCNMS12QC_110809_121712_Offshores.wav_2340.9s_2347.9s_trainstyle.mat,dclde_2027_SIO_Quin_Can,177176,SIO,Quin_Can,OCNMS12QC_110809_121712_Offshores.wav,AB,confounder:abiotic,,,,confounder:abiotic,NA,Call,0,NA,0,0,dclde/2027/dclde_2027_killer_whales/scripps/audio/quincan/OCNMS12QC_110809_121712_Offshores.wav,gs://noaa-passive-bioacoustic/dclde/2027/dclde_2027_killer_whales/scripps/audio/quincan/OCNMS12QC_110809_121712_Offshores.wav,https://storage.googleapis.com/noaa-passive-bioacoustic/dclde/2027/dclde_2027_killer_whales/scripps/audio/quincan/OCNMS12QC_110809_121712_Offshores.wav,1,reviewed_confounder,,,,,,SIO:Quin_Can:OCNMS12QC_110809_121712_Offshores.wav,[],
dclde_SIO_Quin_Can__OCNMS12QC_110809_121712_Offshores.wav_2353.1s_2355.9s_trainstyle,dclde_SIO_Quin_Can__OCNMS12QC_110809_121712_Offshores.wav,OCNMS12QC_110809_121712_Offshores.wav,OCNMS12QC_110809_121712_Offshores.wav,2353.058045,2355.879827,2353.058045,2355.879827,2353.058045,2.821782,dclde_SIO_Quin_Can__OCNMS12QC_110809_121712_Offshores.wav_2353.1s_2355.9s_trainstyle.mat,mat_files/dclde_SIO_Quin_Can__OCNMS12QC_110809_121712_Offshores.wav_2353.1s_2355.9s_trainstyle.mat,dclde_2027_SIO_Quin_Can,177177,SIO,Quin_Can,OCNMS12QC_110809_121712_Offshores.wav,AB,confounder:abiotic,,,,confounder:abiotic,NA,Call,0,NA,0,0,dclde/2027/dclde_2027_killer_whales/scripps/audio/quincan/OCNMS12QC_110809_121712_Offshores.wav,gs://noaa-passive-bioacoustic/dclde/2027/dclde_2027_killer_whales/scripps/audio/quincan/OCNMS12QC_110809_121712_Offshores.wav,https://storage.googleapis.com/noaa-passive-bioacoustic/dclde/2027/dclde_2027_killer_whales/scripps/audio/quincan/OCNMS12QC_110809_121712_Offshores.wav,1,reviewed_confounder,,,,,,SIO:Quin_Can:OCNMS12QC_110809_121712_Offshores.wav,[],
dclde_SIO_Quin_Can__OCNMS12QC_110809_121712_Offshores.wav_2566.5s_2572.8s_trainstyle,dclde_SIO_Quin_Can__OCNMS12QC_110809_121712_Offshores.wav,OCNMS12QC_110809_121712_Offshores.wav,OCNMS12QC_110809_121712_Offshores.wav,2566.533240,2572.770863,2566.533240,2572.770863,2566.533240,6.237623,dclde_SIO_Quin_Can__OCNMS12QC_110809_121712_Offshores.wav_2566.5s_2572.8s_trainstyle.mat,mat_files/dclde_SIO_Quin_Can__OCNMS12QC_110809_121712_Offshores.wav_2566.5s_2572.8s_trainstyle.mat,dclde_2027_SIO_Quin_Can,177178,SIO,Quin_Can,OCNMS12QC_110809_121712_Offshores.wav,AB,confounder:abiotic,,,,confounder:abiotic,NA,Call,0,NA,0,0,dclde/2027/dclde_2027_killer_whales/scripps/audio/quincan/OCNMS12QC_110809_121712_Offshores.wav,gs://noaa-passive-bioacoustic/dclde/2027/dclde_2027_killer_whales/scripps/audio/quincan/OCNMS12QC_110809_121712_Offshores.wav,https://storage.googleapis.com/noaa-passive-bioacoustic/dclde/2027/dclde_2027_killer_whales/scripps/audio/quincan/OCNMS12QC_110809_121712_Offshores.wav,1,reviewed_confounder,,,,,,SIO:Quin_Can:OCNMS12QC_110809_121712_Offshores.wav,[],
dclde_SIO_Quin_Can__OCNMS12QC_110809_121712_Offshores.wav_2792.5s_2797.7s_trainstyle,dclde_SIO_Quin_Can__OCNMS12QC_110809_121712_Offshores.wav,OCNMS12QC_110809_121712_Offshores.wav,OCNMS12QC_110809_121712_Offshores.wav,2792.483690,2797.681709,2792.483690,2797.681709,2792.483690,5.198019,dclde_SIO_Quin_Can__OCNMS12QC_110809_121712_Offshores.wav_2792.5s_2797.7s_trainstyle.mat,mat_files/dclde_SIO_Quin_Can__OCNMS12QC_110809_121712_Offshores.wav_2792.5s_2797.7s_trainstyle.mat,dclde_2027_SIO_Quin_Can,177179,SIO,Quin_Can,OCNMS12QC_110809_121712_Offshores.wav,AB,confounder:abiotic,,,,confounder:abiotic,NA,Call,0,NA,0,0,dclde/2027/dclde_2027_killer_whales/scripps/audio/quincan/OCNMS12QC_110809_121712_Offshores.wav,gs://noaa-passive-bioacoustic/dclde/2027/dclde_2027_killer_whales/scripps/audio/quincan/OCNMS12QC_110809_121712_Offshores.wav,https://storage.googleapis.com/noaa-passive-bioacoustic/dclde/2027/dclde_2027_killer_whales/scripps/audio/quincan/OCNMS12QC_110809_121712_Offshores.wav,1,reviewed_confounder,,,,,,SIO:Quin_Can:OCNMS12QC_110809_121712_Offshores.wav,[],
dclde_SMRUConsulting_LimeKiln__LK_20161106_034800_000.wav_3.1s_3.4s_trainstyle,dclde_SMRUConsulting_LimeKiln__LK_20161106_034800_000.wav,LK_20161106_034800_000.wav,LK_20161106_034800_000.wav,3.058000,3.398000,3.058000,3.398000,3.058000,0.340000,dclde_SMRUConsulting_LimeKiln__LK_20161106_034800_000.wav_3.1s_3.4s_trainstyle.mat,mat_files/dclde_SMRUConsulting_LimeKiln__LK_20161106_034800_000.wav_3.1s_3.4s_trainstyle.mat,dclde_2027_SMRUConsulting_LimeKiln,195795,SMRUConsulting,LimeKiln,LK_20161106_034800_000.wav,AB,confounder:abiotic,,,,confounder:abiotic,NA,Call,0,NA,2041.8,9701.16,dclde/2027/dclde_2027_killer_whales/smru/audio/limekiln/LK_20161106_034800_000.wav,gs://noaa-passive-bioacoustic/dclde/2027/dclde_2027_killer_whales/smru/audio/limekiln/LK_20161106_034800_000.wav,https://storage.googleapis.com/noaa-passive-bioacoustic/dclde/2027/dclde_2027_killer_whales/smru/audio/limekiln/LK_20161106_034800_000.wav,1,reviewed_confounder,,,,,,SMRUConsulting:LimeKiln:LK_20161106_034800_000.wav,[],
dclde_SMRUConsulting_LimeKiln__LK_20161106_034800_000.wav_12.9s_14.1s_trainstyle,dclde_SMRUConsulting_LimeKiln__LK_20161106_034800_000.wav,LK_20161106_034800_000.wav,LK_20161106_034800_000.wav,12.854000,14.133000,12.854000,14.133000,12.854000,1.279000,dclde_SMRUConsulting_LimeKiln__LK_20161106_034800_000.wav_12.9s_14.1s_trainstyle.mat,mat_files/dclde_SMRUConsulting_LimeKiln__LK_20161106_034800_000.wav_12.9s_14.1s_trainstyle.mat,dclde_2027_SMRUConsulting_LimeKiln,195796,SMRUConsulting,LimeKiln,LK_20161106_034800_000.wav,AB,confounder:abiotic,,,,confounder:abiotic,NA,Call,0,NA,1232.26,1514.21,dclde/2027/dclde_2027_killer_whales/smru/audio/limekiln/LK_20161106_034800_000.wav,gs://noaa-passive-bioacoustic/dclde/2027/dclde_2027_killer_whales/smru/audio/limekiln/LK_20161106_034800_000.wav,https://storage.googleapis.com/noaa-passive-bioacoustic/dclde/2027/dclde_2027_killer_whales/smru/audio/limekiln/LK_20161106_034800_000.wav,1,reviewed_confounder,,,,,,SMRUConsulting:LimeKiln:LK_20161106_034800_000.wav,[],
dclde_SMRUConsulting_LimeKiln__LK_20161106_034800_000.wav_20.3s_28.6s_trainstyle,dclde_SMRUConsulting_LimeKiln__LK_20161106_034800_000.wav,LK_20161106_034800_000.wav,LK_20161106_034800_000.wav,20.289000,28.649000,20.289000,28.649000,20.289000,8.360000,dclde_SMRUConsulting_LimeKiln__LK_20161106_034800_000.wav_20.3s_28.6s_trainstyle.mat,mat_files/dclde_SMRUConsulting_LimeKiln__LK_20161106_034800_000.wav_20.3s_28.6s_trainstyle.mat,dclde_2027_SMRUConsulting_LimeKiln,195797,SMRUConsulting,LimeKiln,LK_20161106_034800_000.wav,AB,confounder:abiotic,,,,confounder:abiotic,NA,Call,0,NA,0,1471.86,dclde/2027/dclde_2027_killer_whales/smru/audio/limekiln/LK_20161106_034800_000.wav,gs://noaa-passive-bioacoustic/dclde/2027/dclde_2027_killer_whales/smru/audio/limekiln/LK_20161106_034800_000.wav,https://storage.googleapis.com/noaa-passive-bioacoustic/dclde/2027/dclde_2027_killer_whales/smru/audio/limekiln/LK_20161106_034800_000.wav,1,reviewed_confounder,,,,,,SMRUConsulting:LimeKiln:LK_20161106_034800_000.wav,[],
dclde_SMRUConsulting_LimeKiln__LK_20161106_034859_999.wav_1.8s_3.5s_trainstyle,dclde_SMRUConsulting_LimeKiln__LK_20161106_034859_999.wav,LK_20161106_034859_999.wav,LK_20161106_034859_999.wav,1.790000,3.502000,1.790000,3.502000,1.790000,1.712000,dclde_SMRUConsulting_LimeKiln__LK_20161106_034859_999.wav_1.8s_3.5s_trainstyle.mat,mat_files/dclde_SMRUConsulting_LimeKiln__LK_20161106_034859_999.wav_1.8s_3.5s_trainstyle.mat,dclde_2027_SMRUConsulting_LimeKiln,195799,SMRUConsulting,LimeKiln,LK_20161106_034859_999.wav,AB,confounder:abiotic,,,,confounder:abiotic,NA,Call,0,NA,1906.04,2527.17,dclde/2027/dclde_2027_killer_whales/smru/audio/limekiln/LK_20161106_034859_999.wav,gs://noaa-passive-bioacoustic/dclde/2027/dclde_2027_killer_whales/smru/audio/limekiln/LK_20161106_034859_999.wav,https://storage.googleapis.com/noaa-passive-bioacoustic/dclde/2027/dclde_2027_killer_whales/smru/audio/limekiln/LK_20161106_034859_999.wav,1,reviewed_confounder,,,,,,SMRUConsulting:LimeKiln:LK_20161106_034859_999.wav,[],
dclde_SMRUConsulting_LimeKiln__LK_20161106_034859_999.wav_54.3s_54.8s_trainstyle,dclde_SMRUConsulting_LimeKiln__LK_20161106_034859_999.wav,LK_20161106_034859_999.wav,LK_20161106_034859_999.wav,54.308000,54.808000,54.308000,54.808000,54.308000,0.500000,dclde_SMRUConsulting_LimeKiln__LK_20161106_034859_999.wav_54.3s_54.8s_trainstyle.mat,mat_files/dclde_SMRUConsulting_LimeKiln__LK_20161106_034859_999.wav_54.3s_54.8s_trainstyle.mat,dclde_2027_SMRUConsulting_LimeKiln,195809,SMRUConsulting,LimeKiln,LK_20161106_034859_999.wav,AB,confounder:abiotic,,,,confounder:abiotic,NA,Call,0,NA,1284.47,1555.99,dclde/2027/dclde_2027_killer_whales/smru/audio/limekiln/LK_20161106_034859_999.wav,gs://noaa-passive-bioacoustic/dclde/2027/dclde_2027_killer_whales/smru/audio/limekiln/LK_20161106_034859_999.wav,https://storage.googleapis.com/noaa-passive-bioacoustic/dclde/2027/dclde_2027_killer_whales/smru/audio/limekiln/LK_20161106_034859_999.wav,1,reviewed_confounder,,,,,,SMRUConsulting:LimeKiln:LK_20161106_034859_999.wav,[],
dclde_SMRUConsulting_LimeKiln__LK_20161106_035159_999.wav_6.1s_6.6s_trainstyle,dclde_SMRUConsulting_LimeKiln__LK_20161106_035159_999.wav,LK_20161106_035159_999.wav,LK_20161106_035159_999.wav,6.080000,6.599000,6.080000,6.599000,6.080000,0.519000,dclde_SMRUConsulting_LimeKiln__LK_20161106_035159_999.wav_6.1s_6.6s_trainstyle.mat,mat_files/dclde_SMRUConsulting_LimeKiln__LK_20161106_035159_999.wav_6.1s_6.6s_trainstyle.mat,dclde_2027_SMRUConsulting_LimeKiln,195810,SMRUConsulting,LimeKiln,LK_20161106_035159_999.wav,AB,confounder:abiotic,,,,confounder:abiotic,NA,Call,0,NA,73.1,25522.34,dclde/2027/dclde_2027_killer_whales/smru/audio/limekiln/LK_20161106_035159_999.wav,gs://noaa-passive-bioacoustic/dclde/2027/dclde_2027_killer_whales/smru/audio/limekiln/LK_20161106_035159_999.wav,https://storage.googleapis.com/noaa-passive-bioacoustic/dclde/2027/dclde_2027_killer_whales/smru/audio/limekiln/LK_20161106_035159_999.wav,1,reviewed_confounder,,,,,,SMRUConsulting:LimeKiln:LK_20161106_035159_999.wav,[],
dclde_SMRUConsulting_LimeKiln__LK_20161106_035300_001.wav_28.6s_29.0s_trainstyle,dclde_SMRUConsulting_LimeKiln__LK_20161106_035300_001.wav,LK_20161106_035300_001.wav,LK_20161106_035300_001.wav,28.556000,29.016000,28.556000,29.016000,28.556000,0.460000,dclde_SMRUConsulting_LimeKiln__LK_20161106_035300_001.wav_28.6s_29.0s_trainstyle.mat,mat_files/dclde_SMRUConsulting_LimeKiln__LK_20161106_035300_001.wav_28.6s_29.0s_trainstyle.mat,dclde_2027_SMRUConsulting_LimeKiln,195818,SMRUConsulting,LimeKiln,LK_20161106_035300_001.wav,UndBio,confounder:undetermined_biological,,,,confounder:undetermined_biological,NA,Call,0,NA,0,476.93,dclde/2027/dclde_2027_killer_whales/smru/audio/limekiln/LK_20161106_035300_001.wav,gs://noaa-passive-bioacoustic/dclde/2027/dclde_2027_killer_whales/smru/audio/limekiln/LK_20161106_035300_001.wav,https://storage.googleapis.com/noaa-passive-bioacoustic/dclde/2027/dclde_2027_killer_whales/smru/audio/limekiln/LK_20161106_035300_001.wav,1,reviewed_confounder,,,,,,SMRUConsulting:LimeKiln:LK_20161106_035300_001.wav,[],
dclde_SMRUConsulting_LimeKiln__LK_20161106_035300_001.wav_55.1s_55.5s_trainstyle,dclde_SMRUConsulting_LimeKiln__LK_20161106_035300_001.wav,LK_20161106_035300_001.wav,LK_20161106_035300_001.wav,55.097000,55.537000,55.097000,55.537000,55.097000,0.440000,dclde_SMRUConsulting_LimeKiln__LK_20161106_035300_001.wav_55.1s_55.5s_trainstyle.mat,mat_files/dclde_SMRUConsulting_LimeKiln__LK_20161106_035300_001.wav_55.1s_55.5s_trainstyle.mat,dclde_2027_SMRUConsulting_LimeKiln,195820,SMRUConsulting,LimeKiln,LK_20161106_035300_001.wav,UndBio,confounder:undetermined_biological,,,,confounder:undetermined_biological,NA,Call,0,NA,105.98,446.64,dclde/2027/dclde_2027_killer_whales/smru/audio/limekiln/LK_20161106_035300_001.wav,gs://noaa-passive-bioacoustic/dclde/2027/dclde_2027_killer_whales/smru/audio/limekiln/LK_20161106_035300_001.wav,https://storage.googleapis.com/noaa-passive-bioacoustic/dclde/2027/dclde_2027_killer_whales/smru/audio/limekiln/LK_20161106_035300_001.wav,1,reviewed_confounder,,,,,,SMRUConsulting:LimeKiln:LK_20161106_035300_001.wav,[],
dclde_SMRUConsulting_LimeKiln__LK_20161106_035300_001.wav_56.3s_56.7s_trainstyle,dclde_SMRUConsulting_LimeKiln__LK_20161106_035300_001.wav,LK_20161106_035300_001.wav,LK_20161106_035300_001.wav,56.316000,56.696000,56.316000,56.696000,56.316000,0.380000,dclde_SMRUConsulting_LimeKiln__LK_20161106_035300_001.wav_56.3s_56.7s_trainstyle.mat,mat_files/dclde_SMRUConsulting_LimeKiln__LK_20161106_035300_001.wav_56.3s_56.7s_trainstyle.mat,dclde_2027_SMRUConsulting_LimeKiln,195821,SMRUConsulting,LimeKiln,LK_20161106_035300_001.wav,UndBio,confounder:undetermined_biological,,,,confounder:undetermined_biological,NA,Call,0,NA,113.55,545.06,dclde/2027/dclde_2027_killer_whales/smru/audio/limekiln/LK_20161106_035300_001.wav,gs://noaa-passive-bioacoustic/dclde/2027/dclde_2027_killer_whales/smru/audio/limekiln/LK_20161106_035300_001.wav,https://storage.googleapis.com/noaa-passive-bioacoustic/dclde/2027/dclde_2027_killer_whales/smru/audio/limekiln/LK_20161106_035300_001.wav,1,reviewed_confounder,,,,,,SMRUConsulting:LimeKiln:LK_20161106_035300_001.wav,[],
dclde_SMRUConsulting_LimeKiln__LK_20161106_035300_001.wav_57.5s_57.8s_trainstyle,dclde_SMRUConsulting_LimeKiln__LK_20161106_035300_001.wav,LK_20161106_035300_001.wav,LK_20161106_035300_001.wav,57.515000,57.815000,57.515000,57.815000,57.515000,0.300000,dclde_SMRUConsulting_LimeKiln__LK_20161106_035300_001.wav_57.5s_57.8s_trainstyle.mat,mat_files/dclde_SMRUConsulting_LimeKiln__LK_20161106_035300_001.wav_57.5s_57.8s_trainstyle.mat,dclde_2027_SMRUConsulting_LimeKiln,195822,SMRUConsulting,LimeKiln,LK_20161106_035300_001.wav,UndBio,confounder:undetermined_biological,,,,confounder:undetermined_biological,NA,Call,0,NA,45.42,522.35,dclde/2027/dclde_2027_killer_whales/smru/audio/limekiln/LK_20161106_035300_001.wav,gs://noaa-passive-bioacoustic/dclde/2027/dclde_2027_killer_whales/smru/audio/limekiln/LK_20161106_035300_001.wav,https://storage.googleapis.com/noaa-passive-bioacoustic/dclde/2027/dclde_2027_killer_whales/smru/audio/limekiln/LK_20161106_035300_001.wav,1,reviewed_confounder,,,,,,SMRUConsulting:LimeKiln:LK_20161106_035300_001.wav,[],
dclde_SMRUConsulting_LimeKiln__LK_20161106_050000_000.wav_3.1s_3.5s_trainstyle,dclde_SMRUConsulting_LimeKiln__LK_20161106_050000_000.wav,LK_20161106_050000_000.wav,LK_20161106_050000_000.wav,3.078000,3.538000,3.078000,3.538000,3.078000,0.460000,dclde_SMRUConsulting_LimeKiln__LK_20161106_050000_000.wav_3.1s_3.5s_trainstyle.mat,mat_files/dclde_SMRUConsulting_LimeKiln__LK_20161106_050000_000.wav_3.1s_3.5s_trainstyle.mat,dclde_2027_SMRUConsulting_LimeKiln,195831,SMRUConsulting,LimeKiln,LK_20161106_050000_000.wav,UndBio,confounder:undetermined_biological,,,,confounder:undetermined_biological,NA,Call,0,NA,5.81,372.02,dclde/2027/dclde_2027_killer_whales/smru/audio/limekiln/LK_20161106_050000_000.wav,gs://noaa-passive-bioacoustic/dclde/2027/dclde_2027_killer_whales/smru/audio/limekiln/LK_20161106_050000_000.wav,https://storage.googleapis.com/noaa-passive-bioacoustic/dclde/2027/dclde_2027_killer_whales/smru/audio/limekiln/LK_20161106_050000_000.wav,1,reviewed_confounder,,,,,,SMRUConsulting:LimeKiln:LK_20161106_050000_000.wav,[],
dclde_SMRUConsulting_LimeKiln__LK_20161106_050000_000.wav_5.5s_6.1s_trainstyle,dclde_SMRUConsulting_LimeKiln__LK_20161106_050000_000.wav,LK_20161106_050000_000.wav,LK_20161106_050000_000.wav,5.496000,6.076000,5.496000,6.076000,5.496000,0.580000,dclde_SMRUConsulting_LimeKiln__LK_20161106_050000_000.wav_5.5s_6.1s_trainstyle.mat,mat_files/dclde_SMRUConsulting_LimeKiln__LK_20161106_050000_000.wav_5.5s_6.1s_trainstyle.mat,dclde_2027_SMRUConsulting_LimeKiln,195833,SMRUConsulting,LimeKiln,LK_20161106_050000_000.wav,UndBio,confounder:undetermined_biological,,,,confounder:undetermined_biological,NA,Call,0,NA,34.88,325.52,dclde/2027/dclde_2027_killer_whales/smru/audio/limekiln/LK_20161106_050000_000.wav,gs://noaa-passive-bioacoustic/dclde/2027/dclde_2027_killer_whales/smru/audio/limekiln/LK_20161106_050000_000.wav,https://storage.googleapis.com/noaa-passive-bioacoustic/dclde/2027/dclde_2027_killer_whales/smru/audio/limekiln/LK_20161106_050000_000.wav,1,reviewed_confounder,,,,,,SMRUConsulting:LimeKiln:LK_20161106_050000_000.wav,[],
dclde_SMRUConsulting_LimeKiln__LK_20161106_050000_000.wav_6.8s_8.6s_trainstyle,dclde_SMRUConsulting_LimeKiln__LK_20161106_050000_000.wav,LK_20161106_050000_000.wav,LK_20161106_050000_000.wav,6.836000,8.595000,6.836000,8.595000,6.836000,1.759000,dclde_SMRUConsulting_LimeKiln__LK_20161106_050000_000.wav_6.8s_8.6s_trainstyle.mat,mat_files/dclde_SMRUConsulting_LimeKiln__LK_20161106_050000_000.wav_6.8s_8.6s_trainstyle.mat,dclde_2027_SMRUConsulting_LimeKiln,195835,SMRUConsulting,LimeKiln,LK_20161106_050000_000.wav,UndBio,confounder:undetermined_biological,,,,confounder:undetermined_biological,NA,Call,0,NA,23.25,406.9,dclde/2027/dclde_2027_killer_whales/smru/audio/limekiln/LK_20161106_050000_000.wav,gs://noaa-passive-bioacoustic/dclde/2027/dclde_2027_killer_whales/smru/audio/limekiln/LK_20161106_050000_000.wav,https://storage.googleapis.com/noaa-passive-bioacoustic/dclde/2027/dclde_2027_killer_whales/smru/audio/limekiln/LK_20161106_050000_000.wav,1,reviewed_confounder,,,,,,SMRUConsulting:LimeKiln:LK_20161106_050000_000.wav,[],
dclde_SMRUConsulting_LimeKiln__LK_20161106_050000_000.wav_9.0s_10.6s_trainstyle,dclde_SMRUConsulting_LimeKiln__LK_20161106_050000_000.wav,LK_20161106_050000_000.wav,LK_20161106_050000_000.wav,9.034000,10.593000,9.034000,10.593000,9.034000,1.559000,dclde_SMRUConsulting_LimeKiln__LK_20161106_050000_000.wav_9.0s_10.6s_trainstyle.mat,mat_files/dclde_SMRUConsulting_LimeKiln__LK_20161106_050000_000.wav_9.0s_10.6s_trainstyle.mat,dclde_2027_SMRUConsulting_LimeKiln,195836,SMRUConsulting,LimeKiln,LK_20161106_050000_000.wav,UndBio,confounder:undetermined_biological,,,,confounder:undetermined_biological,NA,Call,0,NA,11.63,494.09,dclde/2027/dclde_2027_killer_whales/smru/audio/limekiln/LK_20161106_050000_000.wav,gs://noaa-passive-bioacoustic/dclde/2027/dclde_2027_killer_whales/smru/audio/limekiln/LK_20161106_050000_000.wav,https://storage.googleapis.com/noaa-passive-bioacoustic/dclde/2027/dclde_2027_killer_whales/smru/audio/limekiln/LK_20161106_050000_000.wav,1,reviewed_confounder,,,,,,SMRUConsulting:LimeKiln:LK_20161106_050000_000.wav,[],
dclde_SMRUConsulting_LimeKiln__LK_20161106_050800_000.wav_10.3s_10.8s_trainstyle,dclde_SMRUConsulting_LimeKiln__LK_20161106_050800_000.wav,LK_20161106_050800_000.wav,LK_20161106_050800_000.wav,10.294000,10.773000,10.294000,10.773000,10.294000,0.479000,dclde_SMRUConsulting_LimeKiln__LK_20161106_050800_000.wav_10.3s_10.8s_trainstyle.mat,mat_files/dclde_SMRUConsulting_LimeKiln__LK_20161106_050800_000.wav_10.3s_10.8s_trainstyle.mat,dclde_2027_SMRUConsulting_LimeKiln,195966,SMRUConsulting,LimeKiln,LK_20161106_050800_000.wav,AB,confounder:abiotic,,,,confounder:abiotic,NA,Call,0,NA,489.37,10480.69,dclde/2027/dclde_2027_killer_whales/smru/audio/limekiln/LK_20161106_050800_000.wav,gs://noaa-passive-bioacoustic/dclde/2027/dclde_2027_killer_whales/smru/audio/limekiln/LK_20161106_050800_000.wav,https://storage.googleapis.com/noaa-passive-bioacoustic/dclde/2027/dclde_2027_killer_whales/smru/audio/limekiln/LK_20161106_050800_000.wav,1,reviewed_confounder,,,,,,SMRUConsulting:LimeKiln:LK_20161106_050800_000.wav,[],
dclde_SMRUConsulting_LimeKiln__LK_20161106_050800_000.wav_38.1s_38.4s_trainstyle,dclde_SMRUConsulting_LimeKiln__LK_20161106_050800_000.wav,LK_20161106_050800_000.wav,LK_20161106_050800_000.wav,38.054000,38.393000,38.054000,38.393000,38.054000,0.339000,dclde_SMRUConsulting_LimeKiln__LK_20161106_050800_000.wav_38.1s_38.4s_trainstyle.mat,mat_files/dclde_SMRUConsulting_LimeKiln__LK_20161106_050800_000.wav_38.1s_38.4s_trainstyle.mat,dclde_2027_SMRUConsulting_LimeKiln,195978,SMRUConsulting,LimeKiln,LK_20161106_050800_000.wav,AB,confounder:abiotic,,,,confounder:abiotic,NA,Call,0,NA,103.52,2258.65,dclde/2027/dclde_2027_killer_whales/smru/audio/limekiln/LK_20161106_050800_000.wav,gs://noaa-passive-bioacoustic/dclde/2027/dclde_2027_killer_whales/smru/audio/limekiln/LK_20161106_050800_000.wav,https://storage.googleapis.com/noaa-passive-bioacoustic/dclde/2027/dclde_2027_killer_whales/smru/audio/limekiln/LK_20161106_050800_000.wav,1,reviewed_confounder,,,,,,SMRUConsulting:LimeKiln:LK_20161106_050800_000.wav,[],
