item_id,source_audio,mat_path,device,start_time,end_time,window_start_s,duration_s,source_dataset,review_status,event_group,matched_annotation_count,labels_json,label_ids,is_background,split,source_label_ids,canonical_label_ids,analysis_label_ids,canonical_schema_version,clip,filename,begin_s,end_s,begin_time_s,end_time_s,expected_mat_name,species,species_code,call_type,call_type_std,call_type_raw,low_frequency_hz,high_frequency_hz,source_row_id,source_provider,source_dataset_raw,source_soundfile,source_class_species,canonical_species,canonical_call_type,dclde_ecotype,dclde_annotation_level,dclde_kw,dclde_kw_certain,gcs_object,gcs_uri,https_url,negative_bucket,context_tags,source_kind
ICLISTENHF6016_20250115T010000.000Z.flac_130.0s_170.0s_trainstyle,/project/6070467/merileo/data/finwhales/final2025_resnet_20260423/multispecies_calltype_experiments/prep_runs/multispecies_prep_balanced100_availaudio_20260430T120219Z/ICLISTENHF6016_20250115T010000.000Z.flac,/project/6070467/merileo/data/finwhales/final2025_resnet_20260423/multispecies_calltype_experiments/prep_runs/multispecies_prep_balanced100_availaudio_20260430T120219Z/mat_files/ICLISTENHF6016_20250115T010000.000Z.flac_130.0s_170.0s_trainstyle.mat,ICLISTENHF6016,2025-01-15T01:02:10+00:00,2025-01-15T01:02:50+00:00,130.000000,40.000000,final2025_part2_multispecies_tiny_trainstyle,unreviewed,ICLISTENHF6016_20250115T010000.000Z.flac:130.000,0,[],,1,test,,,,weekend-canonical-v1,,,,,,,,,,,,,,,,,,,,,,,,,,,,,ambiguous_hard_negative,,ONC
ICLISTENHF6016_20250305T170000.000Z.flac_130.0s_170.0s_trainstyle,/project/6070467/merileo/data/finwhales/final2025_resnet_20260423/multispecies_calltype_experiments/prep_runs/multispecies_prep_balanced100_availaudio_20260430T120219Z/ICLISTENHF6016_20250305T170000.000Z.flac,/project/6070467/merileo/data/finwhales/final2025_resnet_20260423/multispecies_calltype_experiments/prep_runs/multispecies_prep_balanced100_availaudio_20260430T120219Z/mat_files/ICLISTENHF6016_20250305T170000.000Z.flac_130.0s_170.0s_trainstyle.mat,ICLISTENHF6016,2025-03-05T17:02:10+00:00,2025-03-05T17:02:50+00:00,130.000000,40.000000,final2025_part2_multispecies_tiny_trainstyle,unreviewed,ICLISTENHF6016_20250305T170000.000Z.flac:130.000,0,[],,1,val,,,,weekend-canonical-v1,,,,,,,,,,,,,,,,,,,,,,,,,,,,,ambiguous_hard_negative,,ONC
ICLISTENHF6016_20250310T070000.000Z.flac_130.0s_170.0s_trainstyle,/project/6070467/merileo/data/finwhales/final2025_resnet_20260423/multispecies_calltype_experiments/prep_runs/multispecies_prep_balanced100_availaudio_20260430T120219Z/ICLISTENHF6016_20250310T070000.000Z.flac,/project/6070467/merileo/data/finwhales/final2025_resnet_20260423/multispecies_calltype_experiments/prep_runs/multispecies_prep_balanced100_availaudio_20260430T120219Z/mat_files/ICLISTENHF6016_20250310T070000.000Z.flac_130.0s_170.0s_trainstyle.mat,ICLISTENHF6016,2025-03-10T07:02:10+00:00,2025-03-10T07:02:50+00:00,130.000000,40.000000,final2025_part2_multispecies_tiny_trainstyle,unreviewed,ICLISTENHF6016_20250310T070000.000Z.flac:130.000,0,[],,1,train,,,,weekend-canonical-v1,,,,,,,,,,,,,,,,,,,,,,,,,,,,,ambiguous_hard_negative,,ONC
ICLISTENHF6016_20250310T160000.000Z.flac_130.0s_170.0s_trainstyle,/project/6070467/merileo/data/finwhales/final2025_resnet_20260423/multispecies_calltype_experiments/prep_runs/multispecies_prep_balanced100_availaudio_20260430T120219Z/ICLISTENHF6016_20250310T160000.000Z.flac,/project/6070467/merileo/data/finwhales/final2025_resnet_20260423/multispecies_calltype_experiments/prep_runs/multispecies_prep_balanced100_availaudio_20260430T120219Z/mat_files/ICLISTENHF6016_20250310T160000.000Z.flac_130.0s_170.0s_trainstyle.mat,ICLISTENHF6016,2025-03-10T16:02:10+00:00,2025-03-10T16:02:50+00:00,130.000000,40.000000,final2025_part2_multispecies_tiny_trainstyle,unreviewed,ICLISTENHF6016_20250310T160000.000Z.flac:130.000,0,[],,1,train,,,,weekend-canonical-v1,,,,,,,,,,,,,,,,,,,,,,,,,,,,,ambiguous_hard_negative,,ONC
ICLISTENHF6016_20250310T190000.000Z.flac_130.0s_170.0s_trainstyle,/project/6070467/merileo/data/finwhales/final2025_resnet_20260423/multispecies_calltype_experiments/prep_runs/multispecies_prep_balanced100_availaudio_20260430T120219Z/ICLISTENHF6016_20250310T190000.000Z.flac,/project/6070467/merileo/data/finwhales/final2025_resnet_20260423/multispecies_calltype_experiments/prep_runs/multispecies_prep_balanced100_availaudio_20260430T120219Z/mat_files/ICLISTENHF6016_20250310T190000.000Z.flac_130.0s_170.0s_trainstyle.mat,ICLISTENHF6016,2025-03-10T19:02:10+00:00,2025-03-10T19:02:50+00:00,130.000000,40.000000,final2025_part2_multispecies_tiny_trainstyle,unreviewed,ICLISTENHF6016_20250310T190000.000Z.flac:130.000,0,[],,1,train,,,,weekend-canonical-v1,,,,,,,,,,,,,,,,,,,,,,,,,,,,,ambiguous_hard_negative,,ONC
ICLISTENHF6016_20250320T170000.000Z-LPF.flac_130.0s_170.0s_trainstyle,/project/6070467/merileo/data/finwhales/final2025_resnet_20260423/multispecies_calltype_experiments/prep_runs/multispecies_prep_balanced100_availaudio_20260430T120219Z/ICLISTENHF6016_20250320T170000.000Z-LPF.flac,/project/6070467/merileo/data/finwhales/final2025_resnet_20260423/multispecies_calltype_experiments/prep_runs/multispecies_prep_balanced100_availaudio_20260430T120219Z/mat_files/ICLISTENHF6016_20250320T170000.000Z-LPF.flac_130.0s_170.0s_trainstyle.mat,ICLISTENHF6016,2025-03-20T17:02:10+00:00,2025-03-20T17:02:50+00:00,130.000000,40.000000,final2025_part2_multispecies_tiny_trainstyle,unreviewed,ICLISTENHF6016_20250320T170000.000Z-LPF.flac:130.000,0,[],,1,train,,,,weekend-canonical-v1,,,,,,,,,,,,,,,,,,,,,,,,,,,,,ambiguous_hard_negative,,ONC
ICLISTENHF6016_20250320T210000.000Z-LPF.flac_130.0s_170.0s_trainstyle,/project/6070467/merileo/data/finwhales/final2025_resnet_20260423/multispecies_calltype_experiments/prep_runs/multispecies_prep_balanced100_availaudio_20260430T120219Z/ICLISTENHF6016_20250320T210000.000Z-LPF.flac,/project/6070467/merileo/data/finwhales/final2025_resnet_20260423/multispecies_calltype_experiments/prep_runs/multispecies_prep_balanced100_availaudio_20260430T120219Z/mat_files/ICLISTENHF6016_20250320T210000.000Z-LPF.flac_130.0s_170.0s_trainstyle.mat,ICLISTENHF6016,2025-03-20T21:02:10+00:00,2025-03-20T21:02:50+00:00,130.000000,40.000000,final2025_part2_multispecies_tiny_trainstyle,unreviewed,ICLISTENHF6016_20250320T210000.000Z-LPF.flac:130.000,0,[],,1,val,,,,weekend-canonical-v1,,,,,,,,,,,,,,,,,,,,,,,,,,,,,ambiguous_hard_negative,,ONC
ICLISTENHF6016_20250330T020000.000Z.flac_130.0s_170.0s_trainstyle,/project/6070467/merileo/data/finwhales/final2025_resnet_20260423/multispecies_calltype_experiments/prep_runs/multispecies_prep_balanced100_availaudio_20260430T120219Z/ICLISTENHF6016_20250330T020000.000Z.flac,/project/6070467/merileo/data/finwhales/final2025_resnet_20260423/multispecies_calltype_experiments/prep_runs/multispecies_prep_balanced100_availaudio_20260430T120219Z/mat_files/ICLISTENHF6016_20250330T020000.000Z.flac_130.0s_170.0s_trainstyle.mat,ICLISTENHF6016,2025-03-30T02:02:10+00:00,2025-03-30T02:02:50+00:00,130.000000,40.000000,final2025_part2_multispecies_tiny_trainstyle,unreviewed,ICLISTENHF6016_20250330T020000.000Z.flac:130.000,0,[],,1,train,,,,weekend-canonical-v1,,,,,,,,,,,,,,,,,,,,,,,,,,,,,ambiguous_hard_negative,,ONC
ICLISTENHF6016_20250330T100000.000Z.flac_130.0s_170.0s_trainstyle,/project/6070467/merileo/data/finwhales/final2025_resnet_20260423/multispecies_calltype_experiments/prep_runs/multispecies_prep_balanced100_availaudio_20260430T120219Z/ICLISTENHF6016_20250330T100000.000Z.flac,/project/6070467/merileo/data/finwhales/final2025_resnet_20260423/multispecies_calltype_experiments/prep_runs/multispecies_prep_balanced100_availaudio_20260430T120219Z/mat_files/ICLISTENHF6016_20250330T100000.000Z.flac_130.0s_170.0s_trainstyle.mat,ICLISTENHF6016,2025-03-30T10:02:10+00:00,2025-03-30T10:02:50+00:00,130.000000,40.000000,final2025_part2_multispecies_tiny_trainstyle,unreviewed,ICLISTENHF6016_20250330T100000.000Z.flac:130.000,0,[],,1,train,,,,weekend-canonical-v1,,,,,,,,,,,,,,,,,,,,,,,,,,,,,ambiguous_hard_negative,,ONC
ICLISTENHF6016_20250330T150000.000Z.flac_130.0s_170.0s_trainstyle,/project/6070467/merileo/data/finwhales/final2025_resnet_20260423/multispecies_calltype_experiments/prep_runs/multispecies_prep_balanced100_availaudio_20260430T120219Z/ICLISTENHF6016_20250330T150000.000Z.flac,/project/6070467/merileo/data/finwhales/final2025_resnet_20260423/multispecies_calltype_experiments/prep_runs/multispecies_prep_balanced100_availaudio_20260430T120219Z/mat_files/ICLISTENHF6016_20250330T150000.000Z.flac_130.0s_170.0s_trainstyle.mat,ICLISTENHF6016,2025-03-30T15:02:10+00:00,2025-03-30T15:02:50+00:00,130.000000,40.000000,final2025_part2_multispecies_tiny_trainstyle,unreviewed,ICLISTENHF6016_20250330T150000.000Z.flac:130.000,0,[],,1,test,,,,weekend-canonical-v1,,,,,,,,,,,,,,,,,,,,,,,,,,,,,ambiguous_hard_negative,,ONC
ICLISTENHF6016_20250330T190000.000Z.flac_130.0s_170.0s_trainstyle,/project/6070467/merileo/data/finwhales/final2025_resnet_20260423/multispecies_calltype_experiments/prep_runs/multispecies_prep_balanced100_availaudio_20260430T120219Z/ICLISTENHF6016_20250330T190000.000Z.flac,/project/6070467/merileo/data/finwhales/final2025_resnet_20260423/multispecies_calltype_experiments/prep_runs/multispecies_prep_balanced100_availaudio_20260430T120219Z/mat_files/ICLISTENHF6016_20250330T190000.000Z.flac_130.0s_170.0s_trainstyle.mat,ICLISTENHF6016,2025-03-30T19:02:10+00:00,2025-03-30T19:02:50+00:00,130.000000,40.000000,final2025_part2_multispecies_tiny_trainstyle,unreviewed,ICLISTENHF6016_20250330T190000.000Z.flac:130.000,0,[],,1,train,,,,weekend-canonical-v1,,,,,,,,,,,,,,,,,,,,,,,,,,,,,ambiguous_hard_negative,,ONC
ICLISTENHF6016_20250405T000000.000Z.flac_130.0s_170.0s_trainstyle,/project/6070467/merileo/data/finwhales/final2025_resnet_20260423/multispecies_calltype_experiments/prep_runs/multispecies_prep_balanced100_availaudio_20260430T120219Z/ICLISTENHF6016_20250405T000000.000Z.flac,/project/6070467/merileo/data/finwhales/final2025_resnet_20260423/multispecies_calltype_experiments/prep_runs/multispecies_prep_balanced100_availaudio_20260430T120219Z/mat_files/ICLISTENHF6016_20250405T000000.000Z.flac_130.0s_170.0s_trainstyle.mat,ICLISTENHF6016,2025-04-05T00:02:10+00:00,2025-04-05T00:02:50+00:00,130.000000,40.000000,final2025_part2_multispecies_tiny_trainstyle,unreviewed,ICLISTENHF6016_20250405T000000.000Z.flac:130.000,0,[],,1,train,,,,weekend-canonical-v1,,,,,,,,,,,,,,,,,,,,,,,,,,,,,ambiguous_hard_negative,,ONC
ICLISTENHF6016_20250405T040000.000Z.flac_130.0s_170.0s_trainstyle,/project/6070467/merileo/data/finwhales/final2025_resnet_20260423/multispecies_calltype_experiments/prep_runs/multispecies_prep_balanced100_availaudio_20260430T120219Z/ICLISTENHF6016_20250405T040000.000Z.flac,/project/6070467/merileo/data/finwhales/final2025_resnet_20260423/multispecies_calltype_experiments/prep_runs/multispecies_prep_balanced100_availaudio_20260430T120219Z/mat_files/ICLISTENHF6016_20250405T040000.000Z.flac_130.0s_170.0s_trainstyle.mat,ICLISTENHF6016,2025-04-05T04:02:10+00:00,2025-04-05T04:02:50+00:00,130.000000,40.000000,final2025_part2_multispecies_tiny_trainstyle,unreviewed,ICLISTENHF6016_20250405T040000.000Z.flac:130.000,0,[],,1,val,,,,weekend-canonical-v1,,,,,,,,,,,,,,,,,,,,,,,,,,,,,ambiguous_hard_negative,,ONC
ICLISTENHF6016_20250405T090000.000Z.flac_130.0s_170.0s_trainstyle,/project/6070467/merileo/data/finwhales/final2025_resnet_20260423/multispecies_calltype_experiments/prep_runs/multispecies_prep_balanced100_availaudio_20260430T120219Z/ICLISTENHF6016_20250405T090000.000Z.flac,/project/6070467/merileo/data/finwhales/final2025_resnet_20260423/multispecies_calltype_experiments/prep_runs/multispecies_prep_balanced100_availaudio_20260430T120219Z/mat_files/ICLISTENHF6016_20250405T090000.000Z.flac_130.0s_170.0s_trainstyle.mat,ICLISTENHF6016,2025-04-05T09:02:10+00:00,2025-04-05T09:02:50+00:00,130.000000,40.000000,final2025_part2_multispecies_tiny_trainstyle,unreviewed,ICLISTENHF6016_20250405T090000.000Z.flac:130.000,0,[],,1,train,,,,weekend-canonical-v1,,,,,,,,,,,,,,,,,,,,,,,,,,,,,ambiguous_hard_negative,,ONC
ICLISTENHF6016_20250405T120000.000Z.flac_130.0s_170.0s_trainstyle,/project/6070467/merileo/data/finwhales/final2025_resnet_20260423/multispecies_calltype_experiments/prep_runs/multispecies_prep_balanced100_availaudio_20260430T120219Z/ICLISTENHF6016_20250405T120000.000Z.flac,/project/6070467/merileo/data/finwhales/final2025_resnet_20260423/multispecies_calltype_experiments/prep_runs/multispecies_prep_balanced100_availaudio_20260430T120219Z/mat_files/ICLISTENHF6016_20250405T120000.000Z.flac_130.0s_170.0s_trainstyle.mat,ICLISTENHF6016,2025-04-05T12:02:10+00:00,2025-04-05T12:02:50+00:00,130.000000,40.000000,final2025_part2_multispecies_tiny_trainstyle,unreviewed,ICLISTENHF6016_20250405T120000.000Z.flac:130.000,0,[],,1,train,,,,weekend-canonical-v1,,,,,,,,,,,,,,,,,,,,,,,,,,,,,ambiguous_hard_negative,,ONC
ICLISTENHF6016_20250405T150000.000Z.flac_130.0s_170.0s_trainstyle,/project/6070467/merileo/data/finwhales/final2025_resnet_20260423/multispecies_calltype_experiments/prep_runs/multispecies_prep_balanced100_availaudio_20260430T120219Z/ICLISTENHF6016_20250405T150000.000Z.flac,/project/6070467/merileo/data/finwhales/final2025_resnet_20260423/multispecies_calltype_experiments/prep_runs/multispecies_prep_balanced100_availaudio_20260430T120219Z/mat_files/ICLISTENHF6016_20250405T150000.000Z.flac_130.0s_170.0s_trainstyle.mat,ICLISTENHF6016,2025-04-05T15:02:10+00:00,2025-04-05T15:02:50+00:00,130.000000,40.000000,final2025_part2_multispecies_tiny_trainstyle,unreviewed,ICLISTENHF6016_20250405T150000.000Z.flac:130.000,0,[],,1,train,,,,weekend-canonical-v1,,,,,,,,,,,,,,,,,,,,,,,,,,,,,ambiguous_hard_negative,,ONC
ICLISTENHF6016_20250405T180000.000Z.flac_130.0s_170.0s_trainstyle,/project/6070467/merileo/data/finwhales/final2025_resnet_20260423/multispecies_calltype_experiments/prep_runs/multispecies_prep_balanced100_availaudio_20260430T120219Z/ICLISTENHF6016_20250405T180000.000Z.flac,/project/6070467/merileo/data/finwhales/final2025_resnet_20260423/multispecies_calltype_experiments/prep_runs/multispecies_prep_balanced100_availaudio_20260430T120219Z/mat_files/ICLISTENHF6016_20250405T180000.000Z.flac_130.0s_170.0s_trainstyle.mat,ICLISTENHF6016,2025-04-05T18:02:10+00:00,2025-04-05T18:02:50+00:00,130.000000,40.000000,final2025_part2_multispecies_tiny_trainstyle,unreviewed,ICLISTENHF6016_20250405T180000.000Z.flac:130.000,0,[],,1,test,,,,weekend-canonical-v1,,,,,,,,,,,,,,,,,,,,,,,,,,,,,ambiguous_hard_negative,,ONC
ICLISTENHF6016_20250405T210000.000Z.flac_130.0s_170.0s_trainstyle,/project/6070467/merileo/data/finwhales/final2025_resnet_20260423/multispecies_calltype_experiments/prep_runs/multispecies_prep_balanced100_availaudio_20260430T120219Z/ICLISTENHF6016_20250405T210000.000Z.flac,/project/6070467/merileo/data/finwhales/final2025_resnet_20260423/multispecies_calltype_experiments/prep_runs/multispecies_prep_balanced100_availaudio_20260430T120219Z/mat_files/ICLISTENHF6016_20250405T210000.000Z.flac_130.0s_170.0s_trainstyle.mat,ICLISTENHF6016,2025-04-05T21:02:10+00:00,2025-04-05T21:02:50+00:00,130.000000,40.000000,final2025_part2_multispecies_tiny_trainstyle,unreviewed,ICLISTENHF6016_20250405T210000.000Z.flac:130.000,0,[],,1,train,,,,weekend-canonical-v1,,,,,,,,,,,,,,,,,,,,,,,,,,,,,ambiguous_hard_negative,,ONC
ICLISTENHF6016_20250410T020000.000Z.flac_130.0s_170.0s_trainstyle,/project/6070467/merileo/data/finwhales/final2025_resnet_20260423/multispecies_calltype_experiments/prep_runs/multispecies_prep_balanced100_availaudio_20260430T120219Z/ICLISTENHF6016_20250410T020000.000Z.flac,/project/6070467/merileo/data/finwhales/final2025_resnet_20260423/multispecies_calltype_experiments/prep_runs/multispecies_prep_balanced100_availaudio_20260430T120219Z/mat_files/ICLISTENHF6016_20250410T020000.000Z.flac_130.0s_170.0s_trainstyle.mat,ICLISTENHF6016,2025-04-10T02:02:10+00:00,2025-04-10T02:02:50+00:00,130.000000,40.000000,final2025_part2_multispecies_tiny_trainstyle,unreviewed,ICLISTENHF6016_20250410T020000.000Z.flac:130.000,0,[],,1,train,,,,weekend-canonical-v1,,,,,,,,,,,,,,,,,,,,,,,,,,,,,ambiguous_hard_negative,,ONC
ICLISTENHF6016_20250410T060000.000Z.flac_130.0s_170.0s_trainstyle,/project/6070467/merileo/data/finwhales/final2025_resnet_20260423/multispecies_calltype_experiments/prep_runs/multispecies_prep_balanced100_availaudio_20260430T120219Z/ICLISTENHF6016_20250410T060000.000Z.flac,/project/6070467/merileo/data/finwhales/final2025_resnet_20260423/multispecies_calltype_experiments/prep_runs/multispecies_prep_balanced100_availaudio_20260430T120219Z/mat_files/ICLISTENHF6016_20250410T060000.000Z.flac_130.0s_170.0s_trainstyle.mat,ICLISTENHF6016,2025-04-10T06:02:10+00:00,2025-04-10T06:02:50+00:00,130.000000,40.000000,final2025_part2_multispecies_tiny_trainstyle,unreviewed,ICLISTENHF6016_20250410T060000.000Z.flac:130.000,0,[],,1,val,,,,weekend-canonical-v1,,,,,,,,,,,,,,,,,,,,,,,,,,,,,ambiguous_hard_negative,,ONC
ICLISTENHF6016_20250410T100000.000Z.flac_130.0s_170.0s_trainstyle,/project/6070467/merileo/data/finwhales/final2025_resnet_20260423/multispecies_calltype_experiments/prep_runs/multispecies_prep_balanced100_availaudio_20260430T120219Z/ICLISTENHF6016_20250410T100000.000Z.flac,/project/6070467/merileo/data/finwhales/final2025_resnet_20260423/multispecies_calltype_experiments/prep_runs/multispecies_prep_balanced100_availaudio_20260430T120219Z/mat_files/ICLISTENHF6016_20250410T100000.000Z.flac_130.0s_170.0s_trainstyle.mat,ICLISTENHF6016,2025-04-10T10:02:10+00:00,2025-04-10T10:02:50+00:00,130.000000,40.000000,final2025_part2_multispecies_tiny_trainstyle,unreviewed,ICLISTENHF6016_20250410T100000.000Z.flac:130.000,0,[],,1,train,,,,weekend-canonical-v1,,,,,,,,,,,,,,,,,,,,,,,,,,,,,ambiguous_hard_negative,,ONC
ICLISTENHF6016_20250410T130000.000Z.flac_130.0s_170.0s_trainstyle,/project/6070467/merileo/data/finwhales/final2025_resnet_20260423/multispecies_calltype_experiments/prep_runs/multispecies_prep_balanced100_availaudio_20260430T120219Z/ICLISTENHF6016_20250410T130000.000Z.flac,/project/6070467/merileo/data/finwhales/final2025_resnet_20260423/multispecies_calltype_experiments/prep_runs/multispecies_prep_balanced100_availaudio_20260430T120219Z/mat_files/ICLISTENHF6016_20250410T130000.000Z.flac_130.0s_170.0s_trainstyle.mat,ICLISTENHF6016,2025-04-10T13:02:10+00:00,2025-04-10T13:02:50+00:00,130.000000,40.000000,final2025_part2_multispecies_tiny_trainstyle,unreviewed,ICLISTENHF6016_20250410T130000.000Z.flac:130.000,0,[],,1,train,,,,weekend-canonical-v1,,,,,,,,,,,,,,,,,,,,,,,,,,,,,ambiguous_hard_negative,,ONC
ICLISTENHF6016_20250410T180000.000Z.flac_130.0s_170.0s_trainstyle,/project/6070467/merileo/data/finwhales/final2025_resnet_20260423/multispecies_calltype_experiments/prep_runs/multispecies_prep_balanced100_availaudio_20260430T120219Z/ICLISTENHF6016_20250410T180000.000Z.flac,/project/6070467/merileo/data/finwhales/final2025_resnet_20260423/multispecies_calltype_experiments/prep_runs/multispecies_prep_balanced100_availaudio_20260430T120219Z/mat_files/ICLISTENHF6016_20250410T180000.000Z.flac_130.0s_170.0s_trainstyle.mat,ICLISTENHF6016,2025-04-10T18:02:10+00:00,2025-04-10T18:02:50+00:00,130.000000,40.000000,final2025_part2_multispecies_tiny_trainstyle,unreviewed,ICLISTENHF6016_20250410T180000.000Z.flac:130.000,0,[],,1,train,,,,weekend-canonical-v1,,,,,,,,,,,,,,,,,,,,,,,,,,,,,ambiguous_hard_negative,,ONC
ICLISTENHF6016_20250410T210000.000Z.flac_130.0s_170.0s_trainstyle,/project/6070467/merileo/data/finwhales/final2025_resnet_20260423/multispecies_calltype_experiments/prep_runs/multispecies_prep_balanced100_availaudio_20260430T120219Z/ICLISTENHF6016_20250410T210000.000Z.flac,/project/6070467/merileo/data/finwhales/final2025_resnet_20260423/multispecies_calltype_experiments/prep_runs/multispecies_prep_balanced100_availaudio_20260430T120219Z/mat_files/ICLISTENHF6016_20250410T210000.000Z.flac_130.0s_170.0s_trainstyle.mat,ICLISTENHF6016,2025-04-10T21:02:10+00:00,2025-04-10T21:02:50+00:00,130.000000,40.000000,final2025_part2_multispecies_tiny_trainstyle,unreviewed,ICLISTENHF6016_20250410T210000.000Z.flac:130.000,0,[],,1,test,,,,weekend-canonical-v1,,,,,,,,,,,,,,,,,,,,,,,,,,,,,ambiguous_hard_negative,,ONC
ICLISTENHF6016_20250415T000000.000Z-LPF.flac_130.0s_170.0s_trainstyle,/project/6070467/merileo/data/finwhales/final2025_resnet_20260423/multispecies_calltype_experiments/prep_runs/multispecies_prep_balanced100_availaudio_20260430T120219Z/ICLISTENHF6016_20250415T000000.000Z-LPF.flac,/project/6070467/merileo/data/finwhales/final2025_resnet_20260423/multispecies_calltype_experiments/prep_runs/multispecies_prep_balanced100_availaudio_20260430T120219Z/mat_files/ICLISTENHF6016_20250415T000000.000Z-LPF.flac_130.0s_170.0s_trainstyle.mat,ICLISTENHF6016,2025-04-15T00:02:10+00:00,2025-04-15T00:02:50+00:00,130.000000,40.000000,final2025_part2_multispecies_tiny_trainstyle,unreviewed,ICLISTENHF6016_20250415T000000.000Z-LPF.flac:130.000,0,[],,1,train,,,,weekend-canonical-v1,,,,,,,,,,,,,,,,,,,,,,,,,,,,,ambiguous_hard_negative,,ONC
ICLISTENHF6016_20250415T040000.000Z-LPF.flac_130.0s_170.0s_trainstyle,/project/6070467/merileo/data/finwhales/final2025_resnet_20260423/multispecies_calltype_experiments/prep_runs/multispecies_prep_balanced100_availaudio_20260430T120219Z/ICLISTENHF6016_20250415T040000.000Z-LPF.flac,/project/6070467/merileo/data/finwhales/final2025_resnet_20260423/multispecies_calltype_experiments/prep_runs/multispecies_prep_balanced100_availaudio_20260430T120219Z/mat_files/ICLISTENHF6016_20250415T040000.000Z-LPF.flac_130.0s_170.0s_trainstyle.mat,ICLISTENHF6016,2025-04-15T04:02:10+00:00,2025-04-15T04:02:50+00:00,130.000000,40.000000,final2025_part2_multispecies_tiny_trainstyle,unreviewed,ICLISTENHF6016_20250415T040000.000Z-LPF.flac:130.000,0,[],,1,val,,,,weekend-canonical-v1,,,,,,,,,,,,,,,,,,,,,,,,,,,,,ambiguous_hard_negative,,ONC
ICLISTENHF6016_20250415T070000.000Z-LPF.flac_130.0s_170.0s_trainstyle,/project/6070467/merileo/data/finwhales/final2025_resnet_20260423/multispecies_calltype_experiments/prep_runs/multispecies_prep_balanced100_availaudio_20260430T120219Z/ICLISTENHF6016_20250415T070000.000Z-LPF.flac,/project/6070467/merileo/data/finwhales/final2025_resnet_20260423/multispecies_calltype_experiments/prep_runs/multispecies_prep_balanced100_availaudio_20260430T120219Z/mat_files/ICLISTENHF6016_20250415T070000.000Z-LPF.flac_130.0s_170.0s_trainstyle.mat,ICLISTENHF6016,2025-04-15T07:02:10+00:00,2025-04-15T07:02:50+00:00,130.000000,40.000000,final2025_part2_multispecies_tiny_trainstyle,unreviewed,ICLISTENHF6016_20250415T070000.000Z-LPF.flac:130.000,0,[],,1,train,,,,weekend-canonical-v1,,,,,,,,,,,,,,,,,,,,,,,,,,,,,ambiguous_hard_negative,,ONC
ICLISTENHF6016_20250415T100000.000Z-LPF.flac_130.0s_170.0s_trainstyle,/project/6070467/merileo/data/finwhales/final2025_resnet_20260423/multispecies_calltype_experiments/prep_runs/multispecies_prep_balanced100_availaudio_20260430T120219Z/ICLISTENHF6016_20250415T100000.000Z-LPF.flac,/project/6070467/merileo/data/finwhales/final2025_resnet_20260423/multispecies_calltype_experiments/prep_runs/multispecies_prep_balanced100_availaudio_20260430T120219Z/mat_files/ICLISTENHF6016_20250415T100000.000Z-LPF.flac_130.0s_170.0s_trainstyle.mat,ICLISTENHF6016,2025-04-15T10:02:10+00:00,2025-04-15T10:02:50+00:00,130.000000,40.000000,final2025_part2_multispecies_tiny_trainstyle,unreviewed,ICLISTENHF6016_20250415T100000.000Z-LPF.flac:130.000,0,[],,1,train,,,,weekend-canonical-v1,,,,,,,,,,,,,,,,,,,,,,,,,,,,,ambiguous_hard_negative,,ONC
ICLISTENHF6016_20250415T130000.000Z-LPF.flac_130.0s_170.0s_trainstyle,/project/6070467/merileo/data/finwhales/final2025_resnet_20260423/multispecies_calltype_experiments/prep_runs/multispecies_prep_balanced100_availaudio_20260430T120219Z/ICLISTENHF6016_20250415T130000.000Z-LPF.flac,/project/6070467/merileo/data/finwhales/final2025_resnet_20260423/multispecies_calltype_experiments/prep_runs/multispecies_prep_balanced100_availaudio_20260430T120219Z/mat_files/ICLISTENHF6016_20250415T130000.000Z-LPF.flac_130.0s_170.0s_trainstyle.mat,ICLISTENHF6016,2025-04-15T13:02:10+00:00,2025-04-15T13:02:50+00:00,130.000000,40.000000,final2025_part2_multispecies_tiny_trainstyle,unreviewed,ICLISTENHF6016_20250415T130000.000Z-LPF.flac:130.000,0,[],,1,train,,,,weekend-canonical-v1,,,,,,,,,,,,,,,,,,,,,,,,,,,,,ambiguous_hard_negative,,ONC
ICLISTENHF6016_20250415T150000.000Z-LPF.flac_130.0s_170.0s_trainstyle,/project/6070467/merileo/data/finwhales/final2025_resnet_20260423/multispecies_calltype_experiments/prep_runs/multispecies_prep_balanced100_availaudio_20260430T120219Z/ICLISTENHF6016_20250415T150000.000Z-LPF.flac,/project/6070467/merileo/data/finwhales/final2025_resnet_20260423/multispecies_calltype_experiments/prep_runs/multispecies_prep_balanced100_availaudio_20260430T120219Z/mat_files/ICLISTENHF6016_20250415T150000.000Z-LPF.flac_130.0s_170.0s_trainstyle.mat,ICLISTENHF6016,2025-04-15T15:02:10+00:00,2025-04-15T15:02:50+00:00,130.000000,40.000000,final2025_part2_multispecies_tiny_trainstyle,unreviewed,ICLISTENHF6016_20250415T150000.000Z-LPF.flac:130.000,0,[],,1,test,,,,weekend-canonical-v1,,,,,,,,,,,,,,,,,,,,,,,,,,,,,ambiguous_hard_negative,,ONC
ICLISTENHF6016_20250415T190000.000Z-LPF.flac_130.0s_170.0s_trainstyle,/project/6070467/merileo/data/finwhales/final2025_resnet_20260423/multispecies_calltype_experiments/prep_runs/multispecies_prep_balanced100_availaudio_20260430T120219Z/ICLISTENHF6016_20250415T190000.000Z-LPF.flac,/project/6070467/merileo/data/finwhales/final2025_resnet_20260423/multispecies_calltype_experiments/prep_runs/multispecies_prep_balanced100_availaudio_20260430T120219Z/mat_files/ICLISTENHF6016_20250415T190000.000Z-LPF.flac_130.0s_170.0s_trainstyle.mat,ICLISTENHF6016,2025-04-15T19:02:10+00:00,2025-04-15T19:02:50+00:00,130.000000,40.000000,final2025_part2_multispecies_tiny_trainstyle,unreviewed,ICLISTENHF6016_20250415T190000.000Z-LPF.flac:130.000,0,[],,1,train,,,,weekend-canonical-v1,,,,,,,,,,,,,,,,,,,,,,,,,,,,,ambiguous_hard_negative,,ONC
ICLISTENHF6016_20250415T220000.000Z-LPF.flac_130.0s_170.0s_trainstyle,/project/6070467/merileo/data/finwhales/final2025_resnet_20260423/multispecies_calltype_experiments/prep_runs/multispecies_prep_balanced100_availaudio_20260430T120219Z/ICLISTENHF6016_20250415T220000.000Z-LPF.flac,/project/6070467/merileo/data/finwhales/final2025_resnet_20260423/multispecies_calltype_experiments/prep_runs/multispecies_prep_balanced100_availaudio_20260430T120219Z/mat_files/ICLISTENHF6016_20250415T220000.000Z-LPF.flac_130.0s_170.0s_trainstyle.mat,ICLISTENHF6016,2025-04-15T22:02:10+00:00,2025-04-15T22:02:50+00:00,130.000000,40.000000,final2025_part2_multispecies_tiny_trainstyle,unreviewed,ICLISTENHF6016_20250415T220000.000Z-LPF.flac:130.000,0,[],,1,train,,,,weekend-canonical-v1,,,,,,,,,,,,,,,,,,,,,,,,,,,,,ambiguous_hard_negative,,ONC
ICLISTENHF6016_20250420T020000.000Z.flac_130.0s_170.0s_trainstyle,/project/6070467/merileo/data/finwhales/final2025_resnet_20260423/multispecies_calltype_experiments/prep_runs/multispecies_prep_balanced100_availaudio_20260430T120219Z/ICLISTENHF6016_20250420T020000.000Z.flac,/project/6070467/merileo/data/finwhales/final2025_resnet_20260423/multispecies_calltype_experiments/prep_runs/multispecies_prep_balanced100_availaudio_20260430T120219Z/mat_files/ICLISTENHF6016_20250420T020000.000Z.flac_130.0s_170.0s_trainstyle.mat,ICLISTENHF6016,2025-04-20T02:02:10+00:00,2025-04-20T02:02:50+00:00,130.000000,40.000000,final2025_part2_multispecies_tiny_trainstyle,unreviewed,ICLISTENHF6016_20250420T020000.000Z.flac:130.000,0,[],,1,val,,,,weekend-canonical-v1,,,,,,,,,,,,,,,,,,,,,,,,,,,,,ambiguous_hard_negative,,ONC
ICLISTENHF6016_20250420T050000.000Z.flac_130.0s_170.0s_trainstyle,/project/6070467/merileo/data/finwhales/final2025_resnet_20260423/multispecies_calltype_experiments/prep_runs/multispecies_prep_balanced100_availaudio_20260430T120219Z/ICLISTENHF6016_20250420T050000.000Z.flac,/project/6070467/merileo/data/finwhales/final2025_resnet_20260423/multispecies_calltype_experiments/prep_runs/multispecies_prep_balanced100_availaudio_20260430T120219Z/mat_files/ICLISTENHF6016_20250420T050000.000Z.flac_130.0s_170.0s_trainstyle.mat,ICLISTENHF6016,2025-04-20T05:02:10+00:00,2025-04-20T05:02:50+00:00,130.000000,40.000000,final2025_part2_multispecies_tiny_trainstyle,unreviewed,ICLISTENHF6016_20250420T050000.000Z.flac:130.000,0,[],,1,train,,,,weekend-canonical-v1,,,,,,,,,,,,,,,,,,,,,,,,,,,,,ambiguous_hard_negative,,ONC
ICLISTENHF6016_20250420T080000.000Z.flac_130.0s_170.0s_trainstyle,/project/6070467/merileo/data/finwhales/final2025_resnet_20260423/multispecies_calltype_experiments/prep_runs/multispecies_prep_balanced100_availaudio_20260430T120219Z/ICLISTENHF6016_20250420T080000.000Z.flac,/project/6070467/merileo/data/finwhales/final2025_resnet_20260423/multispecies_calltype_experiments/prep_runs/multispecies_prep_balanced100_availaudio_20260430T120219Z/mat_files/ICLISTENHF6016_20250420T080000.000Z.flac_130.0s_170.0s_trainstyle.mat,ICLISTENHF6016,2025-04-20T08:02:10+00:00,2025-04-20T08:02:50+00:00,130.000000,40.000000,final2025_part2_multispecies_tiny_trainstyle,unreviewed,ICLISTENHF6016_20250420T080000.000Z.flac:130.000,0,[],,1,train,,,,weekend-canonical-v1,,,,,,,,,,,,,,,,,,,,,,,,,,,,,ambiguous_hard_negative,,ONC
ICLISTENHF6016_20250420T110000.000Z.flac_130.0s_170.0s_trainstyle,/project/6070467/merileo/data/finwhales/final2025_resnet_20260423/multispecies_calltype_experiments/prep_runs/multispecies_prep_balanced100_availaudio_20260430T120219Z/ICLISTENHF6016_20250420T110000.000Z.flac,/project/6070467/merileo/data/finwhales/final2025_resnet_20260423/multispecies_calltype_experiments/prep_runs/multispecies_prep_balanced100_availaudio_20260430T120219Z/mat_files/ICLISTENHF6016_20250420T110000.000Z.flac_130.0s_170.0s_trainstyle.mat,ICLISTENHF6016,2025-04-20T11:02:10+00:00,2025-04-20T11:02:50+00:00,130.000000,40.000000,final2025_part2_multispecies_tiny_trainstyle,unreviewed,ICLISTENHF6016_20250420T110000.000Z.flac:130.000,0,[],,1,train,,,,weekend-canonical-v1,,,,,,,,,,,,,,,,,,,,,,,,,,,,,ambiguous_hard_negative,,ONC
ICLISTENHF6016_20250420T140000.000Z.flac_130.0s_170.0s_trainstyle,/project/6070467/merileo/data/finwhales/final2025_resnet_20260423/multispecies_calltype_experiments/prep_runs/multispecies_prep_balanced100_availaudio_20260430T120219Z/ICLISTENHF6016_20250420T140000.000Z.flac,/project/6070467/merileo/data/finwhales/final2025_resnet_20260423/multispecies_calltype_experiments/prep_runs/multispecies_prep_balanced100_availaudio_20260430T120219Z/mat_files/ICLISTENHF6016_20250420T140000.000Z.flac_130.0s_170.0s_trainstyle.mat,ICLISTENHF6016,2025-04-20T14:02:10+00:00,2025-04-20T14:02:50+00:00,130.000000,40.000000,final2025_part2_multispecies_tiny_trainstyle,unreviewed,ICLISTENHF6016_20250420T140000.000Z.flac:130.000,0,[],,1,test,,,,weekend-canonical-v1,,,,,,,,,,,,,,,,,,,,,,,,,,,,,ambiguous_hard_negative,,ONC
ICLISTENHF6016_20250420T170000.000Z.flac_130.0s_170.0s_trainstyle,/project/6070467/merileo/data/finwhales/final2025_resnet_20260423/multispecies_calltype_experiments/prep_runs/multispecies_prep_balanced100_availaudio_20260430T120219Z/ICLISTENHF6016_20250420T170000.000Z.flac,/project/6070467/merileo/data/finwhales/final2025_resnet_20260423/multispecies_calltype_experiments/prep_runs/multispecies_prep_balanced100_availaudio_20260430T120219Z/mat_files/ICLISTENHF6016_20250420T170000.000Z.flac_130.0s_170.0s_trainstyle.mat,ICLISTENHF6016,2025-04-20T17:02:10+00:00,2025-04-20T17:02:50+00:00,130.000000,40.000000,final2025_part2_multispecies_tiny_trainstyle,unreviewed,ICLISTENHF6016_20250420T170000.000Z.flac:130.000,0,[],,1,train,,,,weekend-canonical-v1,,,,,,,,,,,,,,,,,,,,,,,,,,,,,ambiguous_hard_negative,,ONC
ICLISTENHF6016_20250420T190000.000Z.flac_130.0s_170.0s_trainstyle,/project/6070467/merileo/data/finwhales/final2025_resnet_20260423/multispecies_calltype_experiments/prep_runs/multispecies_prep_balanced100_availaudio_20260430T120219Z/ICLISTENHF6016_20250420T190000.000Z.flac,/project/6070467/merileo/data/finwhales/final2025_resnet_20260423/multispecies_calltype_experiments/prep_runs/multispecies_prep_balanced100_availaudio_20260430T120219Z/mat_files/ICLISTENHF6016_20250420T190000.000Z.flac_130.0s_170.0s_trainstyle.mat,ICLISTENHF6016,2025-04-20T19:02:10+00:00,2025-04-20T19:02:50+00:00,130.000000,40.000000,final2025_part2_multispecies_tiny_trainstyle,unreviewed,ICLISTENHF6016_20250420T190000.000Z.flac:130.000,0,[],,1,train,,,,weekend-canonical-v1,,,,,,,,,,,,,,,,,,,,,,,,,,,,,ambiguous_hard_negative,,ONC
ICLISTENHF6016_20250420T230000.000Z.flac_130.0s_170.0s_trainstyle,/project/6070467/merileo/data/finwhales/final2025_resnet_20260423/multispecies_calltype_experiments/prep_runs/multispecies_prep_balanced100_availaudio_20260430T120219Z/ICLISTENHF6016_20250420T230000.000Z.flac,/project/6070467/merileo/data/finwhales/final2025_resnet_20260423/multispecies_calltype_experiments/prep_runs/multispecies_prep_balanced100_availaudio_20260430T120219Z/mat_files/ICLISTENHF6016_20250420T230000.000Z.flac_130.0s_170.0s_trainstyle.mat,ICLISTENHF6016,2025-04-20T23:02:10+00:00,2025-04-20T23:02:50+00:00,130.000000,40.000000,final2025_part2_multispecies_tiny_trainstyle,unreviewed,ICLISTENHF6016_20250420T230000.000Z.flac:130.000,0,[],,1,val,,,,weekend-canonical-v1,,,,,,,,,,,,,,,,,,,,,,,,,,,,,ambiguous_hard_negative,,ONC
ICLISTENHF6016_20250425T020000.000Z.flac_130.0s_170.0s_trainstyle,/project/6070467/merileo/data/finwhales/final2025_resnet_20260423/multispecies_calltype_experiments/prep_runs/multispecies_prep_balanced100_availaudio_20260430T120219Z/ICLISTENHF6016_20250425T020000.000Z.flac,/project/6070467/merileo/data/finwhales/final2025_resnet_20260423/multispecies_calltype_experiments/prep_runs/multispecies_prep_balanced100_availaudio_20260430T120219Z/mat_files/ICLISTENHF6016_20250425T020000.000Z.flac_130.0s_170.0s_trainstyle.mat,ICLISTENHF6016,2025-04-25T02:02:10+00:00,2025-04-25T02:02:50+00:00,130.000000,40.000000,final2025_part2_multispecies_tiny_trainstyle,unreviewed,ICLISTENHF6016_20250425T020000.000Z.flac:130.000,0,[],,1,train,,,,weekend-canonical-v1,,,,,,,,,,,,,,,,,,,,,,,,,,,,,ambiguous_hard_negative,,ONC
ICLISTENHF6016_20250425T090000.000Z.flac_130.0s_170.0s_trainstyle,/project/6070467/merileo/data/finwhales/final2025_resnet_20260423/multispecies_calltype_experiments/prep_runs/multispecies_prep_balanced100_availaudio_20260430T120219Z/ICLISTENHF6016_20250425T090000.000Z.flac,/project/6070467/merileo/data/finwhales/final2025_resnet_20260423/multispecies_calltype_experiments/prep_runs/multispecies_prep_balanced100_availaudio_20260430T120219Z/mat_files/ICLISTENHF6016_20250425T090000.000Z.flac_130.0s_170.0s_trainstyle.mat,ICLISTENHF6016,2025-04-25T09:02:10+00:00,2025-04-25T09:02:50+00:00,130.000000,40.000000,final2025_part2_multispecies_tiny_trainstyle,unreviewed,ICLISTENHF6016_20250425T090000.000Z.flac:130.000,0,[],,1,train,,,,weekend-canonical-v1,,,,,,,,,,,,,,,,,,,,,,,,,,,,,ambiguous_hard_negative,,ONC
ICLISTENHF6016_20250425T120000.000Z.flac_130.0s_170.0s_trainstyle,/project/6070467/merileo/data/finwhales/final2025_resnet_20260423/multispecies_calltype_experiments/prep_runs/multispecies_prep_balanced100_availaudio_20260430T120219Z/ICLISTENHF6016_20250425T120000.000Z.flac,/project/6070467/merileo/data/finwhales/final2025_resnet_20260423/multispecies_calltype_experiments/prep_runs/multispecies_prep_balanced100_availaudio_20260430T120219Z/mat_files/ICLISTENHF6016_20250425T120000.000Z.flac_130.0s_170.0s_trainstyle.mat,ICLISTENHF6016,2025-04-25T12:02:10+00:00,2025-04-25T12:02:50+00:00,130.000000,40.000000,final2025_part2_multispecies_tiny_trainstyle,unreviewed,ICLISTENHF6016_20250425T120000.000Z.flac:130.000,0,[],,1,test,,,,weekend-canonical-v1,,,,,,,,,,,,,,,,,,,,,,,,,,,,,ambiguous_hard_negative,,ONC
ICLISTENHF6016_20250425T150000.000Z.flac_130.0s_170.0s_trainstyle,/project/6070467/merileo/data/finwhales/final2025_resnet_20260423/multispecies_calltype_experiments/prep_runs/multispecies_prep_balanced100_availaudio_20260430T120219Z/ICLISTENHF6016_20250425T150000.000Z.flac,/project/6070467/merileo/data/finwhales/final2025_resnet_20260423/multispecies_calltype_experiments/prep_runs/multispecies_prep_balanced100_availaudio_20260430T120219Z/mat_files/ICLISTENHF6016_20250425T150000.000Z.flac_130.0s_170.0s_trainstyle.mat,ICLISTENHF6016,2025-04-25T15:02:10+00:00,2025-04-25T15:02:50+00:00,130.000000,40.000000,final2025_part2_multispecies_tiny_trainstyle,unreviewed,ICLISTENHF6016_20250425T150000.000Z.flac:130.000,0,[],,1,train,,,,weekend-canonical-v1,,,,,,,,,,,,,,,,,,,,,,,,,,,,,ambiguous_hard_negative,,ONC
ICLISTENHF6016_20250425T180000.000Z.flac_130.0s_170.0s_trainstyle,/project/6070467/merileo/data/finwhales/final2025_resnet_20260423/multispecies_calltype_experiments/prep_runs/multispecies_prep_balanced100_availaudio_20260430T120219Z/ICLISTENHF6016_20250425T180000.000Z.flac,/project/6070467/merileo/data/finwhales/final2025_resnet_20260423/multispecies_calltype_experiments/prep_runs/multispecies_prep_balanced100_availaudio_20260430T120219Z/mat_files/ICLISTENHF6016_20250425T180000.000Z.flac_130.0s_170.0s_trainstyle.mat,ICLISTENHF6016,2025-04-25T18:02:10+00:00,2025-04-25T18:02:50+00:00,130.000000,40.000000,final2025_part2_multispecies_tiny_trainstyle,unreviewed,ICLISTENHF6016_20250425T180000.000Z.flac:130.000,0,[],,1,train,,,,weekend-canonical-v1,,,,,,,,,,,,,,,,,,,,,,,,,,,,,ambiguous_hard_negative,,ONC
ICLISTENHF6016_20250425T210000.000Z.flac_130.0s_170.0s_trainstyle,/project/6070467/merileo/data/finwhales/final2025_resnet_20260423/multispecies_calltype_experiments/prep_runs/multispecies_prep_balanced100_availaudio_20260430T120219Z/ICLISTENHF6016_20250425T210000.000Z.flac,/project/6070467/merileo/data/finwhales/final2025_resnet_20260423/multispecies_calltype_experiments/prep_runs/multispecies_prep_balanced100_availaudio_20260430T120219Z/mat_files/ICLISTENHF6016_20250425T210000.000Z.flac_130.0s_170.0s_trainstyle.mat,ICLISTENHF6016,2025-04-25T21:02:10+00:00,2025-04-25T21:02:50+00:00,130.000000,40.000000,final2025_part2_multispecies_tiny_trainstyle,unreviewed,ICLISTENHF6016_20250425T210000.000Z.flac:130.000,0,[],,1,val,,,,weekend-canonical-v1,,,,,,,,,,,,,,,,,,,,,,,,,,,,,ambiguous_hard_negative,,ONC
ICLISTENHF6016_20250425T230000.000Z.flac_130.0s_170.0s_trainstyle,/project/6070467/merileo/data/finwhales/final2025_resnet_20260423/multispecies_calltype_experiments/prep_runs/multispecies_prep_balanced100_availaudio_20260430T120219Z/ICLISTENHF6016_20250425T230000.000Z.flac,/project/6070467/merileo/data/finwhales/final2025_resnet_20260423/multispecies_calltype_experiments/prep_runs/multispecies_prep_balanced100_availaudio_20260430T120219Z/mat_files/ICLISTENHF6016_20250425T230000.000Z.flac_130.0s_170.0s_trainstyle.mat,ICLISTENHF6016,2025-04-25T23:02:10+00:00,2025-04-25T23:02:50+00:00,130.000000,40.000000,final2025_part2_multispecies_tiny_trainstyle,unreviewed,ICLISTENHF6016_20250425T230000.000Z.flac:130.000,0,[],,1,train,,,,weekend-canonical-v1,,,,,,,,,,,,,,,,,,,,,,,,,,,,,ambiguous_hard_negative,,ONC
ICLISTENHF6016_20250430T130000.000Z.flac_130.0s_170.0s_trainstyle,/project/6070467/merileo/data/finwhales/final2025_resnet_20260423/multispecies_calltype_experiments/prep_runs/multispecies_prep_balanced100_availaudio_20260430T120219Z/ICLISTENHF6016_20250430T130000.000Z.flac,/project/6070467/merileo/data/finwhales/final2025_resnet_20260423/multispecies_calltype_experiments/prep_runs/multispecies_prep_balanced100_availaudio_20260430T120219Z/mat_files/ICLISTENHF6016_20250430T130000.000Z.flac_130.0s_170.0s_trainstyle.mat,ICLISTENHF6016,2025-04-30T13:02:10+00:00,2025-04-30T13:02:50+00:00,130.000000,40.000000,final2025_part2_multispecies_tiny_trainstyle,unreviewed,ICLISTENHF6016_20250430T130000.000Z.flac:130.000,0,[],,1,train,,,,weekend-canonical-v1,,,,,,,,,,,,,,,,,,,,,,,,,,,,,ambiguous_hard_negative,,ONC
ICLISTENHF6016_20250430T220000.000Z.flac_130.0s_170.0s_trainstyle,/project/6070467/merileo/data/finwhales/final2025_resnet_20260423/multispecies_calltype_experiments/prep_runs/multispecies_prep_balanced100_availaudio_20260430T120219Z/ICLISTENHF6016_20250430T220000.000Z.flac,/project/6070467/merileo/data/finwhales/final2025_resnet_20260423/multispecies_calltype_experiments/prep_runs/multispecies_prep_balanced100_availaudio_20260430T120219Z/mat_files/ICLISTENHF6016_20250430T220000.000Z.flac_130.0s_170.0s_trainstyle.mat,ICLISTENHF6016,2025-04-30T22:02:10+00:00,2025-04-30T22:02:50+00:00,130.000000,40.000000,final2025_part2_multispecies_tiny_trainstyle,unreviewed,ICLISTENHF6016_20250430T220000.000Z.flac:130.000,0,[],,1,test,,,,weekend-canonical-v1,,,,,,,,,,,,,,,,,,,,,,,,,,,,,ambiguous_hard_negative,,ONC
ICLISTENHF6016_20250505T070000.000Z.flac_130.0s_170.0s_trainstyle,/project/6070467/merileo/data/finwhales/final2025_resnet_20260423/multispecies_calltype_experiments/prep_runs/multispecies_prep_balanced100_availaudio_20260430T120219Z/ICLISTENHF6016_20250505T070000.000Z.flac,/project/6070467/merileo/data/finwhales/final2025_resnet_20260423/multispecies_calltype_experiments/prep_runs/multispecies_prep_balanced100_availaudio_20260430T120219Z/mat_files/ICLISTENHF6016_20250505T070000.000Z.flac_130.0s_170.0s_trainstyle.mat,ICLISTENHF6016,2025-05-05T07:02:10+00:00,2025-05-05T07:02:50+00:00,130.000000,40.000000,final2025_part2_multispecies_tiny_trainstyle,unreviewed,ICLISTENHF6016_20250505T070000.000Z.flac:130.000,0,[],,1,train,,,,weekend-canonical-v1,,,,,,,,,,,,,,,,,,,,,,,,,,,,,ambiguous_hard_negative,,ONC
ICLISTENHF6016_20250515T060000.000Z.flac_130.0s_170.0s_trainstyle,/project/6070467/merileo/data/finwhales/final2025_resnet_20260423/multispecies_calltype_experiments/prep_runs/multispecies_prep_balanced100_availaudio_20260430T120219Z/ICLISTENHF6016_20250515T060000.000Z.flac,/project/6070467/merileo/data/finwhales/final2025_resnet_20260423/multispecies_calltype_experiments/prep_runs/multispecies_prep_balanced100_availaudio_20260430T120219Z/mat_files/ICLISTENHF6016_20250515T060000.000Z.flac_130.0s_170.0s_trainstyle.mat,ICLISTENHF6016,2025-05-15T06:02:10+00:00,2025-05-15T06:02:50+00:00,130.000000,40.000000,final2025_part2_multispecies_tiny_trainstyle,unreviewed,ICLISTENHF6016_20250515T060000.000Z.flac:130.000,0,[],,1,test,,,,weekend-canonical-v1,,,,,,,,,,,,,,,,,,,,,,,,,,,,,ambiguous_hard_negative,,ONC
ICLISTENHF6016_20250515T100000.000Z.flac_130.0s_170.0s_trainstyle,/project/6070467/merileo/data/finwhales/final2025_resnet_20260423/multispecies_calltype_experiments/prep_runs/multispecies_prep_balanced100_availaudio_20260430T120219Z/ICLISTENHF6016_20250515T100000.000Z.flac,/project/6070467/merileo/data/finwhales/final2025_resnet_20260423/multispecies_calltype_experiments/prep_runs/multispecies_prep_balanced100_availaudio_20260430T120219Z/mat_files/ICLISTENHF6016_20250515T100000.000Z.flac_130.0s_170.0s_trainstyle.mat,ICLISTENHF6016,2025-05-15T10:02:10+00:00,2025-05-15T10:02:50+00:00,130.000000,40.000000,final2025_part2_multispecies_tiny_trainstyle,unreviewed,ICLISTENHF6016_20250515T100000.000Z.flac:130.000,0,[],,1,train,,,,weekend-canonical-v1,,,,,,,,,,,,,,,,,,,,,,,,,,,,,ambiguous_hard_negative,,ONC
ICLISTENHF6016_20250515T180000.000Z.flac_130.0s_170.0s_trainstyle,/project/6070467/merileo/data/finwhales/final2025_resnet_20260423/multispecies_calltype_experiments/prep_runs/multispecies_prep_balanced100_availaudio_20260430T120219Z/ICLISTENHF6016_20250515T180000.000Z.flac,/project/6070467/merileo/data/finwhales/final2025_resnet_20260423/multispecies_calltype_experiments/prep_runs/multispecies_prep_balanced100_availaudio_20260430T120219Z/mat_files/ICLISTENHF6016_20250515T180000.000Z.flac_130.0s_170.0s_trainstyle.mat,ICLISTENHF6016,2025-05-15T18:02:10+00:00,2025-05-15T18:02:50+00:00,130.000000,40.000000,final2025_part2_multispecies_tiny_trainstyle,unreviewed,ICLISTENHF6016_20250515T180000.000Z.flac:130.000,0,[],,1,train,,,,weekend-canonical-v1,,,,,,,,,,,,,,,,,,,,,,,,,,,,,ambiguous_hard_negative,,ONC
ICLISTENHF6016_20250515T220000.000Z.flac_130.0s_170.0s_trainstyle,/project/6070467/merileo/data/finwhales/final2025_resnet_20260423/multispecies_calltype_experiments/prep_runs/multispecies_prep_balanced100_availaudio_20260430T120219Z/ICLISTENHF6016_20250515T220000.000Z.flac,/project/6070467/merileo/data/finwhales/final2025_resnet_20260423/multispecies_calltype_experiments/prep_runs/multispecies_prep_balanced100_availaudio_20260430T120219Z/mat_files/ICLISTENHF6016_20250515T220000.000Z.flac_130.0s_170.0s_trainstyle.mat,ICLISTENHF6016,2025-05-15T22:02:10+00:00,2025-05-15T22:02:50+00:00,130.000000,40.000000,final2025_part2_multispecies_tiny_trainstyle,unreviewed,ICLISTENHF6016_20250515T220000.000Z.flac:130.000,0,[],,1,val,,,,weekend-canonical-v1,,,,,,,,,,,,,,,,,,,,,,,,,,,,,ambiguous_hard_negative,,ONC
ICLISTENHF6016_20250605T030000.000Z.flac_130.0s_170.0s_trainstyle,/project/6070467/merileo/data/finwhales/final2025_resnet_20260423/multispecies_calltype_experiments/prep_runs/multispecies_prep_balanced100_availaudio_20260430T120219Z/ICLISTENHF6016_20250605T030000.000Z.flac,/project/6070467/merileo/data/finwhales/final2025_resnet_20260423/multispecies_calltype_experiments/prep_runs/multispecies_prep_balanced100_availaudio_20260430T120219Z/mat_files/ICLISTENHF6016_20250605T030000.000Z.flac_130.0s_170.0s_trainstyle.mat,ICLISTENHF6016,2025-06-05T03:02:10+00:00,2025-06-05T03:02:50+00:00,130.000000,40.000000,final2025_part2_multispecies_tiny_trainstyle,unreviewed,ICLISTENHF6016_20250605T030000.000Z.flac:130.000,0,[],,1,train,,,,weekend-canonical-v1,,,,,,,,,,,,,,,,,,,,,,,,,,,,,ambiguous_hard_negative,,ONC
ICLISTENHF6016_20250605T060000.000Z.flac_130.0s_170.0s_trainstyle,/project/6070467/merileo/data/finwhales/final2025_resnet_20260423/multispecies_calltype_experiments/prep_runs/multispecies_prep_balanced100_availaudio_20260430T120219Z/ICLISTENHF6016_20250605T060000.000Z.flac,/project/6070467/merileo/data/finwhales/final2025_resnet_20260423/multispecies_calltype_experiments/prep_runs/multispecies_prep_balanced100_availaudio_20260430T120219Z/mat_files/ICLISTENHF6016_20250605T060000.000Z.flac_130.0s_170.0s_trainstyle.mat,ICLISTENHF6016,2025-06-05T06:02:10+00:00,2025-06-05T06:02:50+00:00,130.000000,40.000000,final2025_part2_multispecies_tiny_trainstyle,unreviewed,ICLISTENHF6016_20250605T060000.000Z.flac:130.000,0,[],,1,train,,,,weekend-canonical-v1,,,,,,,,,,,,,,,,,,,,,,,,,,,,,ambiguous_hard_negative,,ONC
ICLISTENHF6016_20250605T100000.000Z.flac_130.0s_170.0s_trainstyle,/project/6070467/merileo/data/finwhales/final2025_resnet_20260423/multispecies_calltype_experiments/prep_runs/multispecies_prep_balanced100_availaudio_20260430T120219Z/ICLISTENHF6016_20250605T100000.000Z.flac,/project/6070467/merileo/data/finwhales/final2025_resnet_20260423/multispecies_calltype_experiments/prep_runs/multispecies_prep_balanced100_availaudio_20260430T120219Z/mat_files/ICLISTENHF6016_20250605T100000.000Z.flac_130.0s_170.0s_trainstyle.mat,ICLISTENHF6016,2025-06-05T10:02:10+00:00,2025-06-05T10:02:50+00:00,130.000000,40.000000,final2025_part2_multispecies_tiny_trainstyle,unreviewed,ICLISTENHF6016_20250605T100000.000Z.flac:130.000,0,[],,1,test,,,,weekend-canonical-v1,,,,,,,,,,,,,,,,,,,,,,,,,,,,,ambiguous_hard_negative,,ONC
ICLISTENHF6016_20250605T140000.000Z.flac_130.0s_170.0s_trainstyle,/project/6070467/merileo/data/finwhales/final2025_resnet_20260423/multispecies_calltype_experiments/prep_runs/multispecies_prep_balanced100_availaudio_20260430T120219Z/ICLISTENHF6016_20250605T140000.000Z.flac,/project/6070467/merileo/data/finwhales/final2025_resnet_20260423/multispecies_calltype_experiments/prep_runs/multispecies_prep_balanced100_availaudio_20260430T120219Z/mat_files/ICLISTENHF6016_20250605T140000.000Z.flac_130.0s_170.0s_trainstyle.mat,ICLISTENHF6016,2025-06-05T14:02:10+00:00,2025-06-05T14:02:50+00:00,130.000000,40.000000,final2025_part2_multispecies_tiny_trainstyle,unreviewed,ICLISTENHF6016_20250605T140000.000Z.flac:130.000,0,[],,1,train,,,,weekend-canonical-v1,,,,,,,,,,,,,,,,,,,,,,,,,,,,,ambiguous_hard_negative,,ONC
ICLISTENHF6016_20250605T180000.000Z.flac_130.0s_170.0s_trainstyle,/project/6070467/merileo/data/finwhales/final2025_resnet_20260423/multispecies_calltype_experiments/prep_runs/multispecies_prep_balanced100_availaudio_20260430T120219Z/ICLISTENHF6016_20250605T180000.000Z.flac,/project/6070467/merileo/data/finwhales/final2025_resnet_20260423/multispecies_calltype_experiments/prep_runs/multispecies_prep_balanced100_availaudio_20260430T120219Z/mat_files/ICLISTENHF6016_20250605T180000.000Z.flac_130.0s_170.0s_trainstyle.mat,ICLISTENHF6016,2025-06-05T18:02:10+00:00,2025-06-05T18:02:50+00:00,130.000000,40.000000,final2025_part2_multispecies_tiny_trainstyle,unreviewed,ICLISTENHF6016_20250605T180000.000Z.flac:130.000,0,[],,1,train,,,,weekend-canonical-v1,,,,,,,,,,,,,,,,,,,,,,,,,,,,,ambiguous_hard_negative,,ONC
ICLISTENHF6016_20250605T220000.000Z.flac_130.0s_170.0s_trainstyle,/project/6070467/merileo/data/finwhales/final2025_resnet_20260423/multispecies_calltype_experiments/prep_runs/multispecies_prep_balanced100_availaudio_20260430T120219Z/ICLISTENHF6016_20250605T220000.000Z.flac,/project/6070467/merileo/data/finwhales/final2025_resnet_20260423/multispecies_calltype_experiments/prep_runs/multispecies_prep_balanced100_availaudio_20260430T120219Z/mat_files/ICLISTENHF6016_20250605T220000.000Z.flac_130.0s_170.0s_trainstyle.mat,ICLISTENHF6016,2025-06-05T22:02:10+00:00,2025-06-05T22:02:50+00:00,130.000000,40.000000,final2025_part2_multispecies_tiny_trainstyle,unreviewed,ICLISTENHF6016_20250605T220000.000Z.flac:130.000,0,[],,1,val,,,,weekend-canonical-v1,,,,,,,,,,,,,,,,,,,,,,,,,,,,,ambiguous_hard_negative,,ONC
ICLISTENHF6016_20250610T040000.000Z.flac_130.0s_170.0s_trainstyle,/project/6070467/merileo/data/finwhales/final2025_resnet_20260423/multispecies_calltype_experiments/prep_runs/multispecies_prep_balanced100_availaudio_20260430T120219Z/ICLISTENHF6016_20250610T040000.000Z.flac,/project/6070467/merileo/data/finwhales/final2025_resnet_20260423/multispecies_calltype_experiments/prep_runs/multispecies_prep_balanced100_availaudio_20260430T120219Z/mat_files/ICLISTENHF6016_20250610T040000.000Z.flac_130.0s_170.0s_trainstyle.mat,ICLISTENHF6016,2025-06-10T04:02:10+00:00,2025-06-10T04:02:50+00:00,130.000000,40.000000,final2025_part2_multispecies_tiny_trainstyle,unreviewed,ICLISTENHF6016_20250610T040000.000Z.flac:130.000,0,[],,1,train,,,,weekend-canonical-v1,,,,,,,,,,,,,,,,,,,,,,,,,,,,,ambiguous_hard_negative,,ONC
ICLISTENHF6016_20250610T080000.000Z.flac_130.0s_170.0s_trainstyle,/project/6070467/merileo/data/finwhales/final2025_resnet_20260423/multispecies_calltype_experiments/prep_runs/multispecies_prep_balanced100_availaudio_20260430T120219Z/ICLISTENHF6016_20250610T080000.000Z.flac,/project/6070467/merileo/data/finwhales/final2025_resnet_20260423/multispecies_calltype_experiments/prep_runs/multispecies_prep_balanced100_availaudio_20260430T120219Z/mat_files/ICLISTENHF6016_20250610T080000.000Z.flac_130.0s_170.0s_trainstyle.mat,ICLISTENHF6016,2025-06-10T08:02:10+00:00,2025-06-10T08:02:50+00:00,130.000000,40.000000,final2025_part2_multispecies_tiny_trainstyle,unreviewed,ICLISTENHF6016_20250610T080000.000Z.flac:130.000,0,[],,1,train,,,,weekend-canonical-v1,,,,,,,,,,,,,,,,,,,,,,,,,,,,,ambiguous_hard_negative,,ONC
ICLISTENHF6016_20250610T100000.000Z.flac_130.0s_170.0s_trainstyle,/project/6070467/merileo/data/finwhales/final2025_resnet_20260423/multispecies_calltype_experiments/prep_runs/multispecies_prep_balanced100_availaudio_20260430T120219Z/ICLISTENHF6016_20250610T100000.000Z.flac,/project/6070467/merileo/data/finwhales/final2025_resnet_20260423/multispecies_calltype_experiments/prep_runs/multispecies_prep_balanced100_availaudio_20260430T120219Z/mat_files/ICLISTENHF6016_20250610T100000.000Z.flac_130.0s_170.0s_trainstyle.mat,ICLISTENHF6016,2025-06-10T10:02:10+00:00,2025-06-10T10:02:50+00:00,130.000000,40.000000,final2025_part2_multispecies_tiny_trainstyle,unreviewed,ICLISTENHF6016_20250610T100000.000Z.flac:130.000,0,[],,1,test,,,,weekend-canonical-v1,,,,,,,,,,,,,,,,,,,,,,,,,,,,,ambiguous_hard_negative,,ONC
ICLISTENHF6016_20250610T160000.000Z.flac_130.0s_170.0s_trainstyle,/project/6070467/merileo/data/finwhales/final2025_resnet_20260423/multispecies_calltype_experiments/prep_runs/multispecies_prep_balanced100_availaudio_20260430T120219Z/ICLISTENHF6016_20250610T160000.000Z.flac,/project/6070467/merileo/data/finwhales/final2025_resnet_20260423/multispecies_calltype_experiments/prep_runs/multispecies_prep_balanced100_availaudio_20260430T120219Z/mat_files/ICLISTENHF6016_20250610T160000.000Z.flac_130.0s_170.0s_trainstyle.mat,ICLISTENHF6016,2025-06-10T16:02:10+00:00,2025-06-10T16:02:50+00:00,130.000000,40.000000,final2025_part2_multispecies_tiny_trainstyle,unreviewed,ICLISTENHF6016_20250610T160000.000Z.flac:130.000,0,[],,1,train,,,,weekend-canonical-v1,,,,,,,,,,,,,,,,,,,,,,,,,,,,,ambiguous_hard_negative,,ONC
ICLISTENHF6016_20250615T000000.000Z.flac_130.0s_170.0s_trainstyle,/project/6070467/merileo/data/finwhales/final2025_resnet_20260423/multispecies_calltype_experiments/prep_runs/multispecies_prep_balanced100_availaudio_20260430T120219Z/ICLISTENHF6016_20250615T000000.000Z.flac,/project/6070467/merileo/data/finwhales/final2025_resnet_20260423/multispecies_calltype_experiments/prep_runs/multispecies_prep_balanced100_availaudio_20260430T120219Z/mat_files/ICLISTENHF6016_20250615T000000.000Z.flac_130.0s_170.0s_trainstyle.mat,ICLISTENHF6016,2025-06-15T00:02:10+00:00,2025-06-15T00:02:50+00:00,130.000000,40.000000,final2025_part2_multispecies_tiny_trainstyle,unreviewed,ICLISTENHF6016_20250615T000000.000Z.flac:130.000,0,[],,1,train,,,,weekend-canonical-v1,,,,,,,,,,,,,,,,,,,,,,,,,,,,,ambiguous_hard_negative,,ONC
ICLISTENHF6016_20250615T040000.000Z.flac_130.0s_170.0s_trainstyle,/project/6070467/merileo/data/finwhales/final2025_resnet_20260423/multispecies_calltype_experiments/prep_runs/multispecies_prep_balanced100_availaudio_20260430T120219Z/ICLISTENHF6016_20250615T040000.000Z.flac,/project/6070467/merileo/data/finwhales/final2025_resnet_20260423/multispecies_calltype_experiments/prep_runs/multispecies_prep_balanced100_availaudio_20260430T120219Z/mat_files/ICLISTENHF6016_20250615T040000.000Z.flac_130.0s_170.0s_trainstyle.mat,ICLISTENHF6016,2025-06-15T04:02:10+00:00,2025-06-15T04:02:50+00:00,130.000000,40.000000,final2025_part2_multispecies_tiny_trainstyle,unreviewed,ICLISTENHF6016_20250615T040000.000Z.flac:130.000,0,[],,1,val,,,,weekend-canonical-v1,,,,,,,,,,,,,,,,,,,,,,,,,,,,,ambiguous_hard_negative,,ONC
ICLISTENHF6016_20250615T090000.000Z.flac_130.0s_170.0s_trainstyle,/project/6070467/merileo/data/finwhales/final2025_resnet_20260423/multispecies_calltype_experiments/prep_runs/multispecies_prep_balanced100_availaudio_20260430T120219Z/ICLISTENHF6016_20250615T090000.000Z.flac,/project/6070467/merileo/data/finwhales/final2025_resnet_20260423/multispecies_calltype_experiments/prep_runs/multispecies_prep_balanced100_availaudio_20260430T120219Z/mat_files/ICLISTENHF6016_20250615T090000.000Z.flac_130.0s_170.0s_trainstyle.mat,ICLISTENHF6016,2025-06-15T09:02:10+00:00,2025-06-15T09:02:50+00:00,130.000000,40.000000,final2025_part2_multispecies_tiny_trainstyle,unreviewed,ICLISTENHF6016_20250615T090000.000Z.flac:130.000,0,[],,1,train,,,,weekend-canonical-v1,,,,,,,,,,,,,,,,,,,,,,,,,,,,,ambiguous_hard_negative,,ONC
ICLISTENHF6016_20250615T200036.000Z.flac_130.0s_170.0s_trainstyle,/project/6070467/merileo/data/finwhales/final2025_resnet_20260423/multispecies_calltype_experiments/prep_runs/multispecies_prep_balanced100_availaudio_20260430T120219Z/ICLISTENHF6016_20250615T200036.000Z.flac,/project/6070467/merileo/data/finwhales/final2025_resnet_20260423/multispecies_calltype_experiments/prep_runs/multispecies_prep_balanced100_availaudio_20260430T120219Z/mat_files/ICLISTENHF6016_20250615T200036.000Z.flac_130.0s_170.0s_trainstyle.mat,ICLISTENHF6016,2025-06-15T20:02:46+00:00,2025-06-15T20:03:26+00:00,130.000000,40.000000,final2025_part2_multispecies_tiny_trainstyle,unreviewed,ICLISTENHF6016_20250615T200036.000Z.flac:130.000,0,[],,1,test,,,,weekend-canonical-v1,,,,,,,,,,,,,,,,,,,,,,,,,,,,,ambiguous_hard_negative,,ONC
ICLISTENHF6016_20250620T000000.000Z-LPF.flac_130.0s_170.0s_trainstyle,/project/6070467/merileo/data/finwhales/final2025_resnet_20260423/multispecies_calltype_experiments/prep_runs/multispecies_prep_balanced100_availaudio_20260430T120219Z/ICLISTENHF6016_20250620T000000.000Z-LPF.flac,/project/6070467/merileo/data/finwhales/final2025_resnet_20260423/multispecies_calltype_experiments/prep_runs/multispecies_prep_balanced100_availaudio_20260430T120219Z/mat_files/ICLISTENHF6016_20250620T000000.000Z-LPF.flac_130.0s_170.0s_trainstyle.mat,ICLISTENHF6016,2025-06-20T00:02:10+00:00,2025-06-20T00:02:50+00:00,130.000000,40.000000,final2025_part2_multispecies_tiny_trainstyle,unreviewed,ICLISTENHF6016_20250620T000000.000Z-LPF.flac:130.000,0,[],,1,train,,,,weekend-canonical-v1,,,,,,,,,,,,,,,,,,,,,,,,,,,,,ambiguous_hard_negative,,ONC
ICLISTENHF6016_20250620T040000.000Z-LPF.flac_130.0s_170.0s_trainstyle,/project/6070467/merileo/data/finwhales/final2025_resnet_20260423/multispecies_calltype_experiments/prep_runs/multispecies_prep_balanced100_availaudio_20260430T120219Z/ICLISTENHF6016_20250620T040000.000Z-LPF.flac,/project/6070467/merileo/data/finwhales/final2025_resnet_20260423/multispecies_calltype_experiments/prep_runs/multispecies_prep_balanced100_availaudio_20260430T120219Z/mat_files/ICLISTENHF6016_20250620T040000.000Z-LPF.flac_130.0s_170.0s_trainstyle.mat,ICLISTENHF6016,2025-06-20T04:02:10+00:00,2025-06-20T04:02:50+00:00,130.000000,40.000000,final2025_part2_multispecies_tiny_trainstyle,unreviewed,ICLISTENHF6016_20250620T040000.000Z-LPF.flac:130.000,0,[],,1,train,,,,weekend-canonical-v1,,,,,,,,,,,,,,,,,,,,,,,,,,,,,ambiguous_hard_negative,,ONC
ICLISTENHF6016_20250620T070000.000Z-LPF.flac_130.0s_170.0s_trainstyle,/project/6070467/merileo/data/finwhales/final2025_resnet_20260423/multispecies_calltype_experiments/prep_runs/multispecies_prep_balanced100_availaudio_20260430T120219Z/ICLISTENHF6016_20250620T070000.000Z-LPF.flac,/project/6070467/merileo/data/finwhales/final2025_resnet_20260423/multispecies_calltype_experiments/prep_runs/multispecies_prep_balanced100_availaudio_20260430T120219Z/mat_files/ICLISTENHF6016_20250620T070000.000Z-LPF.flac_130.0s_170.0s_trainstyle.mat,ICLISTENHF6016,2025-06-20T07:02:10+00:00,2025-06-20T07:02:50+00:00,130.000000,40.000000,final2025_part2_multispecies_tiny_trainstyle,unreviewed,ICLISTENHF6016_20250620T070000.000Z-LPF.flac:130.000,0,[],,1,val,,,,weekend-canonical-v1,,,,,,,,,,,,,,,,,,,,,,,,,,,,,ambiguous_hard_negative,,ONC
ICLISTENHF6016_20250620T100000.000Z-LPF.flac_130.0s_170.0s_trainstyle,/project/6070467/merileo/data/finwhales/final2025_resnet_20260423/multispecies_calltype_experiments/prep_runs/multispecies_prep_balanced100_availaudio_20260430T120219Z/ICLISTENHF6016_20250620T100000.000Z-LPF.flac,/project/6070467/merileo/data/finwhales/final2025_resnet_20260423/multispecies_calltype_experiments/prep_runs/multispecies_prep_balanced100_availaudio_20260430T120219Z/mat_files/ICLISTENHF6016_20250620T100000.000Z-LPF.flac_130.0s_170.0s_trainstyle.mat,ICLISTENHF6016,2025-06-20T10:02:10+00:00,2025-06-20T10:02:50+00:00,130.000000,40.000000,final2025_part2_multispecies_tiny_trainstyle,unreviewed,ICLISTENHF6016_20250620T100000.000Z-LPF.flac:130.000,0,[],,1,train,,,,weekend-canonical-v1,,,,,,,,,,,,,,,,,,,,,,,,,,,,,ambiguous_hard_negative,,ONC
ICLISTENHF6016_20250620T160000.000Z-LPF.flac_130.0s_170.0s_trainstyle,/project/6070467/merileo/data/finwhales/final2025_resnet_20260423/multispecies_calltype_experiments/prep_runs/multispecies_prep_balanced100_availaudio_20260430T120219Z/ICLISTENHF6016_20250620T160000.000Z-LPF.flac,/project/6070467/merileo/data/finwhales/final2025_resnet_20260423/multispecies_calltype_experiments/prep_runs/multispecies_prep_balanced100_availaudio_20260430T120219Z/mat_files/ICLISTENHF6016_20250620T160000.000Z-LPF.flac_130.0s_170.0s_trainstyle.mat,ICLISTENHF6016,2025-06-20T16:02:10+00:00,2025-06-20T16:02:50+00:00,130.000000,40.000000,final2025_part2_multispecies_tiny_trainstyle,unreviewed,ICLISTENHF6016_20250620T160000.000Z-LPF.flac:130.000,0,[],,1,train,,,,weekend-canonical-v1,,,,,,,,,,,,,,,,,,,,,,,,,,,,,ambiguous_hard_negative,,ONC
ICLISTENHF6016_20250620T190000.000Z-LPF.flac_130.0s_170.0s_trainstyle,/project/6070467/merileo/data/finwhales/final2025_resnet_20260423/multispecies_calltype_experiments/prep_runs/multispecies_prep_balanced100_availaudio_20260430T120219Z/ICLISTENHF6016_20250620T190000.000Z-LPF.flac,/project/6070467/merileo/data/finwhales/final2025_resnet_20260423/multispecies_calltype_experiments/prep_runs/multispecies_prep_balanced100_availaudio_20260430T120219Z/mat_files/ICLISTENHF6016_20250620T190000.000Z-LPF.flac_130.0s_170.0s_trainstyle.mat,ICLISTENHF6016,2025-06-20T19:02:10+00:00,2025-06-20T19:02:50+00:00,130.000000,40.000000,final2025_part2_multispecies_tiny_trainstyle,unreviewed,ICLISTENHF6016_20250620T190000.000Z-LPF.flac:130.000,0,[],,1,train,,,,weekend-canonical-v1,,,,,,,,,,,,,,,,,,,,,,,,,,,,,ambiguous_hard_negative,,ONC
ICLISTENHF6016_20250620T230000.000Z-LPF.flac_130.0s_170.0s_trainstyle,/project/6070467/merileo/data/finwhales/final2025_resnet_20260423/multispecies_calltype_experiments/prep_runs/multispecies_prep_balanced100_availaudio_20260430T120219Z/ICLISTENHF6016_20250620T230000.000Z-LPF.flac,/project/6070467/merileo/data/finwhales/final2025_resnet_20260423/multispecies_calltype_experiments/prep_runs/multispecies_prep_balanced100_availaudio_20260430T120219Z/mat_files/ICLISTENHF6016_20250620T230000.000Z-LPF.flac_130.0s_170.0s_trainstyle.mat,ICLISTENHF6016,2025-06-20T23:02:10+00:00,2025-06-20T23:02:50+00:00,130.000000,40.000000,final2025_part2_multispecies_tiny_trainstyle,unreviewed,ICLISTENHF6016_20250620T230000.000Z-LPF.flac:130.000,0,[],,1,test,,,,weekend-canonical-v1,,,,,,,,,,,,,,,,,,,,,,,,,,,,,ambiguous_hard_negative,,ONC
ICLISTENHF6016_20250630T000000.000Z.flac_130.0s_170.0s_trainstyle,/project/6070467/merileo/data/finwhales/final2025_resnet_20260423/multispecies_calltype_experiments/prep_runs/multispecies_prep_balanced100_availaudio_20260430T120219Z/ICLISTENHF6016_20250630T000000.000Z.flac,/project/6070467/merileo/data/finwhales/final2025_resnet_20260423/multispecies_calltype_experiments/prep_runs/multispecies_prep_balanced100_availaudio_20260430T120219Z/mat_files/ICLISTENHF6016_20250630T000000.000Z.flac_130.0s_170.0s_trainstyle.mat,ICLISTENHF6016,2025-06-30T00:02:10+00:00,2025-06-30T00:02:50+00:00,130.000000,40.000000,final2025_part2_multispecies_tiny_trainstyle,unreviewed,ICLISTENHF6016_20250630T000000.000Z.flac:130.000,0,[],,1,train,,,,weekend-canonical-v1,,,,,,,,,,,,,,,,,,,,,,,,,,,,,ambiguous_hard_negative,,ONC
ICLISTENHF6016_20250630T180000.000Z.flac_130.0s_170.0s_trainstyle,/project/6070467/merileo/data/finwhales/final2025_resnet_20260423/multispecies_calltype_experiments/prep_runs/multispecies_prep_balanced100_availaudio_20260430T120219Z/ICLISTENHF6016_20250630T180000.000Z.flac,/project/6070467/merileo/data/finwhales/final2025_resnet_20260423/multispecies_calltype_experiments/prep_runs/multispecies_prep_balanced100_availaudio_20260430T120219Z/mat_files/ICLISTENHF6016_20250630T180000.000Z.flac_130.0s_170.0s_trainstyle.mat,ICLISTENHF6016,2025-06-30T18:02:10+00:00,2025-06-30T18:02:50+00:00,130.000000,40.000000,final2025_part2_multispecies_tiny_trainstyle,unreviewed,ICLISTENHF6016_20250630T180000.000Z.flac:130.000,0,[],,1,val,,,,weekend-canonical-v1,,,,,,,,,,,,,,,,,,,,,,,,,,,,,ambiguous_hard_negative,,ONC
ICLISTENHF6016_20250705T000000.000Z.flac_130.0s_170.0s_trainstyle,/project/6070467/merileo/data/finwhales/final2025_resnet_20260423/multispecies_calltype_experiments/prep_runs/multispecies_prep_balanced100_availaudio_20260430T120219Z/ICLISTENHF6016_20250705T000000.000Z.flac,/project/6070467/merileo/data/finwhales/final2025_resnet_20260423/multispecies_calltype_experiments/prep_runs/multispecies_prep_balanced100_availaudio_20260430T120219Z/mat_files/ICLISTENHF6016_20250705T000000.000Z.flac_130.0s_170.0s_trainstyle.mat,ICLISTENHF6016,2025-07-05T00:02:10+00:00,2025-07-05T00:02:50+00:00,130.000000,40.000000,final2025_part2_multispecies_tiny_trainstyle,unreviewed,ICLISTENHF6016_20250705T000000.000Z.flac:130.000,0,[],,1,train,,,,weekend-canonical-v1,,,,,,,,,,,,,,,,,,,,,,,,,,,,,ambiguous_hard_negative,,ONC
ICLISTENHF6016_20250705T030000.000Z.flac_130.0s_170.0s_trainstyle,/project/6070467/merileo/data/finwhales/final2025_resnet_20260423/multispecies_calltype_experiments/prep_runs/multispecies_prep_balanced100_availaudio_20260430T120219Z/ICLISTENHF6016_20250705T030000.000Z.flac,/project/6070467/merileo/data/finwhales/final2025_resnet_20260423/multispecies_calltype_experiments/prep_runs/multispecies_prep_balanced100_availaudio_20260430T120219Z/mat_files/ICLISTENHF6016_20250705T030000.000Z.flac_130.0s_170.0s_trainstyle.mat,ICLISTENHF6016,2025-07-05T03:02:10+00:00,2025-07-05T03:02:50+00:00,130.000000,40.000000,final2025_part2_multispecies_tiny_trainstyle,unreviewed,ICLISTENHF6016_20250705T030000.000Z.flac:130.000,0,[],,1,train,,,,weekend-canonical-v1,,,,,,,,,,,,,,,,,,,,,,,,,,,,,ambiguous_hard_negative,,ONC
ICLISTENHF6016_20250705T070000.000Z.flac_130.0s_170.0s_trainstyle,/project/6070467/merileo/data/finwhales/final2025_resnet_20260423/multispecies_calltype_experiments/prep_runs/multispecies_prep_balanced100_availaudio_20260430T120219Z/ICLISTENHF6016_20250705T070000.000Z.flac,/project/6070467/merileo/data/finwhales/final2025_resnet_20260423/multispecies_calltype_experiments/prep_runs/multispecies_prep_balanced100_availaudio_20260430T120219Z/mat_files/ICLISTENHF6016_20250705T070000.000Z.flac_130.0s_170.0s_trainstyle.mat,ICLISTENHF6016,2025-07-05T07:02:10+00:00,2025-07-05T07:02:50+00:00,130.000000,40.000000,final2025_part2_multispecies_tiny_trainstyle,unreviewed,ICLISTENHF6016_20250705T070000.000Z.flac:130.000,0,[],,1,train,,,,weekend-canonical-v1,,,,,,,,,,,,,,,,,,,,,,,,,,,,,ambiguous_hard_negative,,ONC
ICLISTENHF6016_20250715T070000.000Z.flac_130.0s_170.0s_trainstyle,/project/6070467/merileo/data/finwhales/final2025_resnet_20260423/multispecies_calltype_experiments/prep_runs/multispecies_prep_balanced100_availaudio_20260430T120219Z/ICLISTENHF6016_20250715T070000.000Z.flac,/project/6070467/merileo/data/finwhales/final2025_resnet_20260423/multispecies_calltype_experiments/prep_runs/multispecies_prep_balanced100_availaudio_20260430T120219Z/mat_files/ICLISTENHF6016_20250715T070000.000Z.flac_130.0s_170.0s_trainstyle.mat,ICLISTENHF6016,2025-07-15T07:02:10+00:00,2025-07-15T07:02:50+00:00,130.000000,40.000000,final2025_part2_multispecies_tiny_trainstyle,unreviewed,ICLISTENHF6016_20250715T070000.000Z.flac:130.000,0,[],,1,train,,,,weekend-canonical-v1,,,,,,,,,,,,,,,,,,,,,,,,,,,,,ambiguous_hard_negative,,ONC
ICLISTENHF6016_20250715T150000.000Z.flac_130.0s_170.0s_trainstyle,/project/6070467/merileo/data/finwhales/final2025_resnet_20260423/multispecies_calltype_experiments/prep_runs/multispecies_prep_balanced100_availaudio_20260430T120219Z/ICLISTENHF6016_20250715T150000.000Z.flac,/project/6070467/merileo/data/finwhales/final2025_resnet_20260423/multispecies_calltype_experiments/prep_runs/multispecies_prep_balanced100_availaudio_20260430T120219Z/mat_files/ICLISTENHF6016_20250715T150000.000Z.flac_130.0s_170.0s_trainstyle.mat,ICLISTENHF6016,2025-07-15T15:02:10+00:00,2025-07-15T15:02:50+00:00,130.000000,40.000000,final2025_part2_multispecies_tiny_trainstyle,unreviewed,ICLISTENHF6016_20250715T150000.000Z.flac:130.000,0,[],,1,train,,,,weekend-canonical-v1,,,,,,,,,,,,,,,,,,,,,,,,,,,,,ambiguous_hard_negative,,ONC
ICLISTENHF6016_20250715T190000.000Z.flac_130.0s_170.0s_trainstyle,/project/6070467/merileo/data/finwhales/final2025_resnet_20260423/multispecies_calltype_experiments/prep_runs/multispecies_prep_balanced100_availaudio_20260430T120219Z/ICLISTENHF6016_20250715T190000.000Z.flac,/project/6070467/merileo/data/finwhales/final2025_resnet_20260423/multispecies_calltype_experiments/prep_runs/multispecies_prep_balanced100_availaudio_20260430T120219Z/mat_files/ICLISTENHF6016_20250715T190000.000Z.flac_130.0s_170.0s_trainstyle.mat,ICLISTENHF6016,2025-07-15T19:02:10+00:00,2025-07-15T19:02:50+00:00,130.000000,40.000000,final2025_part2_multispecies_tiny_trainstyle,unreviewed,ICLISTENHF6016_20250715T190000.000Z.flac:130.000,0,[],,1,val,,,,weekend-canonical-v1,,,,,,,,,,,,,,,,,,,,,,,,,,,,,ambiguous_hard_negative,,ONC
ICLISTENHF6016_20250720T030000.000Z.flac_130.0s_170.0s_trainstyle,/project/6070467/merileo/data/finwhales/final2025_resnet_20260423/multispecies_calltype_experiments/prep_runs/multispecies_prep_balanced100_availaudio_20260430T120219Z/ICLISTENHF6016_20250720T030000.000Z.flac,/project/6070467/merileo/data/finwhales/final2025_resnet_20260423/multispecies_calltype_experiments/prep_runs/multispecies_prep_balanced100_availaudio_20260430T120219Z/mat_files/ICLISTENHF6016_20250720T030000.000Z.flac_130.0s_170.0s_trainstyle.mat,ICLISTENHF6016,2025-07-20T03:02:10+00:00,2025-07-20T03:02:50+00:00,130.000000,40.000000,final2025_part2_multispecies_tiny_trainstyle,unreviewed,ICLISTENHF6016_20250720T030000.000Z.flac:130.000,0,[],,1,train,,,,weekend-canonical-v1,,,,,,,,,,,,,,,,,,,,,,,,,,,,,ambiguous_hard_negative,,ONC
ICLISTENHF6016_20250725T090000.000Z.flac_130.0s_170.0s_trainstyle,/project/6070467/merileo/data/finwhales/final2025_resnet_20260423/multispecies_calltype_experiments/prep_runs/multispecies_prep_balanced100_availaudio_20260430T120219Z/ICLISTENHF6016_20250725T090000.000Z.flac,/project/6070467/merileo/data/finwhales/final2025_resnet_20260423/multispecies_calltype_experiments/prep_runs/multispecies_prep_balanced100_availaudio_20260430T120219Z/mat_files/ICLISTENHF6016_20250725T090000.000Z.flac_130.0s_170.0s_trainstyle.mat,ICLISTENHF6016,2025-07-25T09:02:10+00:00,2025-07-25T09:02:50+00:00,130.000000,40.000000,final2025_part2_multispecies_tiny_trainstyle,unreviewed,ICLISTENHF6016_20250725T090000.000Z.flac:130.000,0,[],,1,train,,,,weekend-canonical-v1,,,,,,,,,,,,,,,,,,,,,,,,,,,,,ambiguous_hard_negative,,ONC
ICLISTENHF6016_20250725T130000.000Z.flac_130.0s_170.0s_trainstyle,/project/6070467/merileo/data/finwhales/final2025_resnet_20260423/multispecies_calltype_experiments/prep_runs/multispecies_prep_balanced100_availaudio_20260430T120219Z/ICLISTENHF6016_20250725T130000.000Z.flac,/project/6070467/merileo/data/finwhales/final2025_resnet_20260423/multispecies_calltype_experiments/prep_runs/multispecies_prep_balanced100_availaudio_20260430T120219Z/mat_files/ICLISTENHF6016_20250725T130000.000Z.flac_130.0s_170.0s_trainstyle.mat,ICLISTENHF6016,2025-07-25T13:02:10+00:00,2025-07-25T13:02:50+00:00,130.000000,40.000000,final2025_part2_multispecies_tiny_trainstyle,unreviewed,ICLISTENHF6016_20250725T130000.000Z.flac:130.000,0,[],,1,train,,,,weekend-canonical-v1,,,,,,,,,,,,,,,,,,,,,,,,,,,,,ambiguous_hard_negative,,ONC
ICLISTENHF6016_20250725T160000.000Z.flac_130.0s_170.0s_trainstyle,/project/6070467/merileo/data/finwhales/final2025_resnet_20260423/multispecies_calltype_experiments/prep_runs/multispecies_prep_balanced100_availaudio_20260430T120219Z/ICLISTENHF6016_20250725T160000.000Z.flac,/project/6070467/merileo/data/finwhales/final2025_resnet_20260423/multispecies_calltype_experiments/prep_runs/multispecies_prep_balanced100_availaudio_20260430T120219Z/mat_files/ICLISTENHF6016_20250725T160000.000Z.flac_130.0s_170.0s_trainstyle.mat,ICLISTENHF6016,2025-07-25T16:02:10+00:00,2025-07-25T16:02:50+00:00,130.000000,40.000000,final2025_part2_multispecies_tiny_trainstyle,unreviewed,ICLISTENHF6016_20250725T160000.000Z.flac:130.000,0,[],,1,val,,,,weekend-canonical-v1,,,,,,,,,,,,,,,,,,,,,,,,,,,,,ambiguous_hard_negative,,ONC
ICLISTENHF6016_20250725T180000.000Z.flac_130.0s_170.0s_trainstyle,/project/6070467/merileo/data/finwhales/final2025_resnet_20260423/multispecies_calltype_experiments/prep_runs/multispecies_prep_balanced100_availaudio_20260430T120219Z/ICLISTENHF6016_20250725T180000.000Z.flac,/project/6070467/merileo/data/finwhales/final2025_resnet_20260423/multispecies_calltype_experiments/prep_runs/multispecies_prep_balanced100_availaudio_20260430T120219Z/mat_files/ICLISTENHF6016_20250725T180000.000Z.flac_130.0s_170.0s_trainstyle.mat,ICLISTENHF6016,2025-07-25T18:02:10+00:00,2025-07-25T18:02:50+00:00,130.000000,40.000000,final2025_part2_multispecies_tiny_trainstyle,unreviewed,ICLISTENHF6016_20250725T180000.000Z.flac:130.000,0,[],,1,train,,,,weekend-canonical-v1,,,,,,,,,,,,,,,,,,,,,,,,,,,,,ambiguous_hard_negative,,ONC
ICLISTENHF6016_20250725T210000.000Z.flac_130.0s_170.0s_trainstyle,/project/6070467/merileo/data/finwhales/final2025_resnet_20260423/multispecies_calltype_experiments/prep_runs/multispecies_prep_balanced100_availaudio_20260430T120219Z/ICLISTENHF6016_20250725T210000.000Z.flac,/project/6070467/merileo/data/finwhales/final2025_resnet_20260423/multispecies_calltype_experiments/prep_runs/multispecies_prep_balanced100_availaudio_20260430T120219Z/mat_files/ICLISTENHF6016_20250725T210000.000Z.flac_130.0s_170.0s_trainstyle.mat,ICLISTENHF6016,2025-07-25T21:02:10+00:00,2025-07-25T21:02:50+00:00,130.000000,40.000000,final2025_part2_multispecies_tiny_trainstyle,unreviewed,ICLISTENHF6016_20250725T210000.000Z.flac:130.000,0,[],,1,train,,,,weekend-canonical-v1,,,,,,,,,,,,,,,,,,,,,,,,,,,,,ambiguous_hard_negative,,ONC
ICLISTENHF6016_20250730T080000.000Z.flac_130.0s_170.0s_trainstyle,/project/6070467/merileo/data/finwhales/final2025_resnet_20260423/multispecies_calltype_experiments/prep_runs/multispecies_prep_balanced100_availaudio_20260430T120219Z/ICLISTENHF6016_20250730T080000.000Z.flac,/project/6070467/merileo/data/finwhales/final2025_resnet_20260423/multispecies_calltype_experiments/prep_runs/multispecies_prep_balanced100_availaudio_20260430T120219Z/mat_files/ICLISTENHF6016_20250730T080000.000Z.flac_130.0s_170.0s_trainstyle.mat,ICLISTENHF6016,2025-07-30T08:02:10+00:00,2025-07-30T08:02:50+00:00,130.000000,40.000000,final2025_part2_multispecies_tiny_trainstyle,unreviewed,ICLISTENHF6016_20250730T080000.000Z.flac:130.000,0,[],,1,test,,,,weekend-canonical-v1,,,,,,,,,,,,,,,,,,,,,,,,,,,,,ambiguous_hard_negative,,ONC
ICLISTENHF6016_20250730T170000.000Z.flac_130.0s_170.0s_trainstyle,/project/6070467/merileo/data/finwhales/final2025_resnet_20260423/multispecies_calltype_experiments/prep_runs/multispecies_prep_balanced100_availaudio_20260430T120219Z/ICLISTENHF6016_20250730T170000.000Z.flac,/project/6070467/merileo/data/finwhales/final2025_resnet_20260423/multispecies_calltype_experiments/prep_runs/multispecies_prep_balanced100_availaudio_20260430T120219Z/mat_files/ICLISTENHF6016_20250730T170000.000Z.flac_130.0s_170.0s_trainstyle.mat,ICLISTENHF6016,2025-07-30T17:02:10+00:00,2025-07-30T17:02:50+00:00,130.000000,40.000000,final2025_part2_multispecies_tiny_trainstyle,unreviewed,ICLISTENHF6016_20250730T170000.000Z.flac:130.000,0,[],,1,train,,,,weekend-canonical-v1,,,,,,,,,,,,,,,,,,,,,,,,,,,,,ambiguous_hard_negative,,ONC
ICLISTENHF6016_20250730T200000.000Z.flac_130.0s_170.0s_trainstyle,/project/6070467/merileo/data/finwhales/final2025_resnet_20260423/multispecies_calltype_experiments/prep_runs/multispecies_prep_balanced100_availaudio_20260430T120219Z/ICLISTENHF6016_20250730T200000.000Z.flac,/project/6070467/merileo/data/finwhales/final2025_resnet_20260423/multispecies_calltype_experiments/prep_runs/multispecies_prep_balanced100_availaudio_20260430T120219Z/mat_files/ICLISTENHF6016_20250730T200000.000Z.flac_130.0s_170.0s_trainstyle.mat,ICLISTENHF6016,2025-07-30T20:02:10+00:00,2025-07-30T20:02:50+00:00,130.000000,40.000000,final2025_part2_multispecies_tiny_trainstyle,unreviewed,ICLISTENHF6016_20250730T200000.000Z.flac:130.000,0,[],,1,train,,,,weekend-canonical-v1,,,,,,,,,,,,,,,,,,,,,,,,,,,,,ambiguous_hard_negative,,ONC
ICLISTENHF6016_20250815T000000.000Z.flac_130.0s_170.0s_trainstyle,/project/6070467/merileo/data/finwhales/final2025_resnet_20260423/multispecies_calltype_experiments/prep_runs/multispecies_prep_balanced100_availaudio_20260430T120219Z/ICLISTENHF6016_20250815T000000.000Z.flac,/project/6070467/merileo/data/finwhales/final2025_resnet_20260423/multispecies_calltype_experiments/prep_runs/multispecies_prep_balanced100_availaudio_20260430T120219Z/mat_files/ICLISTENHF6016_20250815T000000.000Z.flac_130.0s_170.0s_trainstyle.mat,ICLISTENHF6016,2025-08-15T00:02:10+00:00,2025-08-15T00:02:50+00:00,130.000000,40.000000,final2025_part2_multispecies_tiny_trainstyle,unreviewed,ICLISTENHF6016_20250815T000000.000Z.flac:130.000,0,[],,1,test,,,,weekend-canonical-v1,,,,,,,,,,,,,,,,,,,,,,,,,,,,,ambiguous_hard_negative,,ONC
ICLISTENHF6016_20250815T040000.000Z.flac_130.0s_170.0s_trainstyle,/project/6070467/merileo/data/finwhales/final2025_resnet_20260423/multispecies_calltype_experiments/prep_runs/multispecies_prep_balanced100_availaudio_20260430T120219Z/ICLISTENHF6016_20250815T040000.000Z.flac,/project/6070467/merileo/data/finwhales/final2025_resnet_20260423/multispecies_calltype_experiments/prep_runs/multispecies_prep_balanced100_availaudio_20260430T120219Z/mat_files/ICLISTENHF6016_20250815T040000.000Z.flac_130.0s_170.0s_trainstyle.mat,ICLISTENHF6016,2025-08-15T04:02:10+00:00,2025-08-15T04:02:50+00:00,130.000000,40.000000,final2025_part2_multispecies_tiny_trainstyle,unreviewed,ICLISTENHF6016_20250815T040000.000Z.flac:130.000,0,[],,1,train,,,,weekend-canonical-v1,,,,,,,,,,,,,,,,,,,,,,,,,,,,,ambiguous_hard_negative,,ONC
ICLISTENHF6016_20250815T110000.000Z.flac_130.0s_170.0s_trainstyle,/project/6070467/merileo/data/finwhales/final2025_resnet_20260423/multispecies_calltype_experiments/prep_runs/multispecies_prep_balanced100_availaudio_20260430T120219Z/ICLISTENHF6016_20250815T110000.000Z.flac,/project/6070467/merileo/data/finwhales/final2025_resnet_20260423/multispecies_calltype_experiments/prep_runs/multispecies_prep_balanced100_availaudio_20260430T120219Z/mat_files/ICLISTENHF6016_20250815T110000.000Z.flac_130.0s_170.0s_trainstyle.mat,ICLISTENHF6016,2025-08-15T11:02:10+00:00,2025-08-15T11:02:50+00:00,130.000000,40.000000,final2025_part2_multispecies_tiny_trainstyle,unreviewed,ICLISTENHF6016_20250815T110000.000Z.flac:130.000,0,[],,1,train,,,,weekend-canonical-v1,,,,,,,,,,,,,,,,,,,,,,,,,,,,,ambiguous_hard_negative,,ONC
ICLISTENHF6016_20250815T130000.000Z.flac_130.0s_170.0s_trainstyle,/project/6070467/merileo/data/finwhales/final2025_resnet_20260423/multispecies_calltype_experiments/prep_runs/multispecies_prep_balanced100_availaudio_20260430T120219Z/ICLISTENHF6016_20250815T130000.000Z.flac,/project/6070467/merileo/data/finwhales/final2025_resnet_20260423/multispecies_calltype_experiments/prep_runs/multispecies_prep_balanced100_availaudio_20260430T120219Z/mat_files/ICLISTENHF6016_20250815T130000.000Z.flac_130.0s_170.0s_trainstyle.mat,ICLISTENHF6016,2025-08-15T13:02:10+00:00,2025-08-15T13:02:50+00:00,130.000000,40.000000,final2025_part2_multispecies_tiny_trainstyle,unreviewed,ICLISTENHF6016_20250815T130000.000Z.flac:130.000,0,[],,1,val,,,,weekend-canonical-v1,,,,,,,,,,,,,,,,,,,,,,,,,,,,,ambiguous_hard_negative,,ONC
ICLISTENHF6016_20250815T170000.000Z.flac_130.0s_170.0s_trainstyle,/project/6070467/merileo/data/finwhales/final2025_resnet_20260423/multispecies_calltype_experiments/prep_runs/multispecies_prep_balanced100_availaudio_20260430T120219Z/ICLISTENHF6016_20250815T170000.000Z.flac,/project/6070467/merileo/data/finwhales/final2025_resnet_20260423/multispecies_calltype_experiments/prep_runs/multispecies_prep_balanced100_availaudio_20260430T120219Z/mat_files/ICLISTENHF6016_20250815T170000.000Z.flac_130.0s_170.0s_trainstyle.mat,ICLISTENHF6016,2025-08-15T17:02:10+00:00,2025-08-15T17:02:50+00:00,130.000000,40.000000,final2025_part2_multispecies_tiny_trainstyle,unreviewed,ICLISTENHF6016_20250815T170000.000Z.flac:130.000,0,[],,1,train,,,,weekend-canonical-v1,,,,,,,,,,,,,,,,,,,,,,,,,,,,,ambiguous_hard_negative,,ONC
ICLISTENHF6016_20250825T140000.000Z.flac_130.0s_170.0s_trainstyle,/project/6070467/merileo/data/finwhales/final2025_resnet_20260423/multispecies_calltype_experiments/prep_runs/multispecies_prep_balanced100_availaudio_20260430T120219Z/ICLISTENHF6016_20250825T140000.000Z.flac,/project/6070467/merileo/data/finwhales/final2025_resnet_20260423/multispecies_calltype_experiments/prep_runs/multispecies_prep_balanced100_availaudio_20260430T120219Z/mat_files/ICLISTENHF6016_20250825T140000.000Z.flac_130.0s_170.0s_trainstyle.mat,ICLISTENHF6016,2025-08-25T14:02:10+00:00,2025-08-25T14:02:50+00:00,130.000000,40.000000,final2025_part2_multispecies_tiny_trainstyle,unreviewed,ICLISTENHF6016_20250825T140000.000Z.flac:130.000,0,[],,1,train,,,,weekend-canonical-v1,,,,,,,,,,,,,,,,,,,,,,,,,,,,,ambiguous_hard_negative,,ONC
ICLISTENHF6016_20250825T230000.000Z.flac_130.0s_170.0s_trainstyle,/project/6070467/merileo/data/finwhales/final2025_resnet_20260423/multispecies_calltype_experiments/prep_runs/multispecies_prep_balanced100_availaudio_20260430T120219Z/ICLISTENHF6016_20250825T230000.000Z.flac,/project/6070467/merileo/data/finwhales/final2025_resnet_20260423/multispecies_calltype_experiments/prep_runs/multispecies_prep_balanced100_availaudio_20260430T120219Z/mat_files/ICLISTENHF6016_20250825T230000.000Z.flac_130.0s_170.0s_trainstyle.mat,ICLISTENHF6016,2025-08-25T23:02:10+00:00,2025-08-25T23:02:50+00:00,130.000000,40.000000,final2025_part2_multispecies_tiny_trainstyle,unreviewed,ICLISTENHF6016_20250825T230000.000Z.flac:130.000,0,[],,1,train,,,,weekend-canonical-v1,,,,,,,,,,,,,,,,,,,,,,,,,,,,,ambiguous_hard_negative,,ONC
ICLISTENHF6016_20251210T050000.000Z.flac_130.0s_170.0s_trainstyle,/project/6070467/merileo/data/finwhales/final2025_resnet_20260423/multispecies_calltype_experiments/prep_runs/multispecies_prep_balanced100_availaudio_20260430T120219Z/ICLISTENHF6016_20251210T050000.000Z.flac,/project/6070467/merileo/data/finwhales/final2025_resnet_20260423/multispecies_calltype_experiments/prep_runs/multispecies_prep_balanced100_availaudio_20260430T120219Z/mat_files/ICLISTENHF6016_20251210T050000.000Z.flac_130.0s_170.0s_trainstyle.mat,ICLISTENHF6016,2025-12-10T05:02:10+00:00,2025-12-10T05:02:50+00:00,130.000000,40.000000,final2025_part2_multispecies_tiny_trainstyle,unreviewed,ICLISTENHF6016_20251210T050000.000Z.flac:130.000,0,[],,1,train,,,,weekend-canonical-v1,,,,,,,,,,,,,,,,,,,,,,,,,,,,,ambiguous_hard_negative,,ONC
ICLISTENHF6016_20250105T000000.000Z_gap_0000_13.1s_23.1s,/project/6070467/merileo/data/finwhales/final2025_resnet_20260423/multispecies_calltype_experiments/prep_runs/multispecies_prep_balanced100_availaudio_20260430T120219Z/ICLISTENHF6016_20250105T000000.000Z.flac,,,,,,10.000000,onc_primary_adjacent_gap,candidate_primary_adjacent_gap,/project/6070467/merileo/data/finwhales/final2025_resnet_20260423/multispecies_calltype_experiments/prep_runs/multispecies_prep_balanced100_availaudio_20260430T120219Z/ICLISTENHF6016_20250105T000000.000Z.flac,,,,1,train,,,,,/project/6070467/merileo/data/finwhales/final2025_resnet_20260423/multispecies_calltype_experiments/prep_runs/multispecies_prep_balanced100_availaudio_20260430T120219Z/ICLISTENHF6016_20250105T000000.000Z.flac,/project/6070467/merileo/data/finwhales/final2025_resnet_20260423/multispecies_calltype_experiments/prep_runs/multispecies_prep_balanced100_availaudio_20260430T120219Z/ICLISTENHF6016_20250105T000000.000Z.flac,13.100000,23.100000,,,,,,,,,,,,,,,,,,,,,,,,,primary_adjacent_gap,primary_adjacent_gap,ONC
ICLISTENHF6016_20250105T000000.000Z_gap_0001_43.1s_53.1s,/project/6070467/merileo/data/finwhales/final2025_resnet_20260423/multispecies_calltype_experiments/prep_runs/multispecies_prep_balanced100_availaudio_20260430T120219Z/ICLISTENHF6016_20250105T000000.000Z.flac,,,,,,10.000000,onc_primary_adjacent_gap,candidate_primary_adjacent_gap,/project/6070467/merileo/data/finwhales/final2025_resnet_20260423/multispecies_calltype_experiments/prep_runs/multispecies_prep_balanced100_availaudio_20260430T120219Z/ICLISTENHF6016_20250105T000000.000Z.flac,,,,1,train,,,,,/project/6070467/merileo/data/finwhales/final2025_resnet_20260423/multispecies_calltype_experiments/prep_runs/multispecies_prep_balanced100_availaudio_20260430T120219Z/ICLISTENHF6016_20250105T000000.000Z.flac,/project/6070467/merileo/data/finwhales/final2025_resnet_20260423/multispecies_calltype_experiments/prep_runs/multispecies_prep_balanced100_availaudio_20260430T120219Z/ICLISTENHF6016_20250105T000000.000Z.flac,43.100000,53.100000,,,,,,,,,,,,,,,,,,,,,,,,,primary_adjacent_gap,primary_adjacent_gap,ONC
ICLISTENHF6016_20250105T000000.000Z_gap_0002_73.1s_83.1s,/project/6070467/merileo/data/finwhales/final2025_resnet_20260423/multispecies_calltype_experiments/prep_runs/multispecies_prep_balanced100_availaudio_20260430T120219Z/ICLISTENHF6016_20250105T000000.000Z.flac,,,,,,10.000000,onc_primary_adjacent_gap,candidate_primary_adjacent_gap,/project/6070467/merileo/data/finwhales/final2025_resnet_20260423/multispecies_calltype_experiments/prep_runs/multispecies_prep_balanced100_availaudio_20260430T120219Z/ICLISTENHF6016_20250105T000000.000Z.flac,,,,1,train,,,,,/project/6070467/merileo/data/finwhales/final2025_resnet_20260423/multispecies_calltype_experiments/prep_runs/multispecies_prep_balanced100_availaudio_20260430T120219Z/ICLISTENHF6016_20250105T000000.000Z.flac,/project/6070467/merileo/data/finwhales/final2025_resnet_20260423/multispecies_calltype_experiments/prep_runs/multispecies_prep_balanced100_availaudio_20260430T120219Z/ICLISTENHF6016_20250105T000000.000Z.flac,73.100000,83.100000,,,,,,,,,,,,,,,,,,,,,,,,,primary_adjacent_gap,primary_adjacent_gap,ONC
ICLISTENHF6016_20250105T001000.000Z_gap_0000_0.0s_10.0s,/project/6070467/merileo/data/finwhales/final2025_resnet_20260423/multispecies_calltype_experiments/prep_runs/multispecies_prep_balanced100_availaudio_20260430T120219Z/ICLISTENHF6016_20250105T001000.000Z.flac,,,,,,10.000000,onc_primary_adjacent_gap,candidate_primary_adjacent_gap,/project/6070467/merileo/data/finwhales/final2025_resnet_20260423/multispecies_calltype_experiments/prep_runs/multispecies_prep_balanced100_availaudio_20260430T120219Z/ICLISTENHF6016_20250105T001000.000Z.flac,,,,1,train,,,,,/project/6070467/merileo/data/finwhales/final2025_resnet_20260423/multispecies_calltype_experiments/prep_runs/multispecies_prep_balanced100_availaudio_20260430T120219Z/ICLISTENHF6016_20250105T001000.000Z.flac,/project/6070467/merileo/data/finwhales/final2025_resnet_20260423/multispecies_calltype_experiments/prep_runs/multispecies_prep_balanced100_availaudio_20260430T120219Z/ICLISTENHF6016_20250105T001000.000Z.flac,0.000000,10.000000,,,,,,,,,,,,,,,,,,,,,,,,,primary_adjacent_gap,primary_adjacent_gap,ONC
ICLISTENHF6016_20250105T001000.000Z_gap_0001_29.0s_39.0s,/project/6070467/merileo/data/finwhales/final2025_resnet_20260423/multispecies_calltype_experiments/prep_runs/multispecies_prep_balanced100_availaudio_20260430T120219Z/ICLISTENHF6016_20250105T001000.000Z.flac,,,,,,10.000000,onc_primary_adjacent_gap,candidate_primary_adjacent_gap,/project/6070467/merileo/data/finwhales/final2025_resnet_20260423/multispecies_calltype_experiments/prep_runs/multispecies_prep_balanced100_availaudio_20260430T120219Z/ICLISTENHF6016_20250105T001000.000Z.flac,,,,1,train,,,,,/project/6070467/merileo/data/finwhales/final2025_resnet_20260423/multispecies_calltype_experiments/prep_runs/multispecies_prep_balanced100_availaudio_20260430T120219Z/ICLISTENHF6016_20250105T001000.000Z.flac,/project/6070467/merileo/data/finwhales/final2025_resnet_20260423/multispecies_calltype_experiments/prep_runs/multispecies_prep_balanced100_availaudio_20260430T120219Z/ICLISTENHF6016_20250105T001000.000Z.flac,29.000000,39.000000,,,,,,,,,,,,,,,,,,,,,,,,,primary_adjacent_gap,primary_adjacent_gap,ONC
ICLISTENHF6016_20250105T001000.000Z_gap_0002_49.5s_59.5s,/project/6070467/merileo/data/finwhales/final2025_resnet_20260423/multispecies_calltype_experiments/prep_runs/multispecies_prep_balanced100_availaudio_20260430T120219Z/ICLISTENHF6016_20250105T001000.000Z.flac,,,,,,10.000000,onc_primary_adjacent_gap,candidate_primary_adjacent_gap,/project/6070467/merileo/data/finwhales/final2025_resnet_20260423/multispecies_calltype_experiments/prep_runs/multispecies_prep_balanced100_availaudio_20260430T120219Z/ICLISTENHF6016_20250105T001000.000Z.flac,,,,1,train,,,,,/project/6070467/merileo/data/finwhales/final2025_resnet_20260423/multispecies_calltype_experiments/prep_runs/multispecies_prep_balanced100_availaudio_20260430T120219Z/ICLISTENHF6016_20250105T001000.000Z.flac,/project/6070467/merileo/data/finwhales/final2025_resnet_20260423/multispecies_calltype_experiments/prep_runs/multispecies_prep_balanced100_availaudio_20260430T120219Z/ICLISTENHF6016_20250105T001000.000Z.flac,49.500000,59.500000,,,,,,,,,,,,,,,,,,,,,,,,,primary_adjacent_gap,primary_adjacent_gap,ONC
ICLISTENHF6016_20250105T004000.000Z_gap_0000_0.0s_10.0s,/project/6070467/merileo/data/finwhales/final2025_resnet_20260423/multispecies_calltype_experiments/prep_runs/multispecies_prep_balanced100_availaudio_20260430T120219Z/ICLISTENHF6016_20250105T004000.000Z.flac,,,,,,10.000000,onc_primary_adjacent_gap,candidate_primary_adjacent_gap,/project/6070467/merileo/data/finwhales/final2025_resnet_20260423/multispecies_calltype_experiments/prep_runs/multispecies_prep_balanced100_availaudio_20260430T120219Z/ICLISTENHF6016_20250105T004000.000Z.flac,,,,1,train,,,,,/project/6070467/merileo/data/finwhales/final2025_resnet_20260423/multispecies_calltype_experiments/prep_runs/multispecies_prep_balanced100_availaudio_20260430T120219Z/ICLISTENHF6016_20250105T004000.000Z.flac,/project/6070467/merileo/data/finwhales/final2025_resnet_20260423/multispecies_calltype_experiments/prep_runs/multispecies_prep_balanced100_availaudio_20260430T120219Z/ICLISTENHF6016_20250105T004000.000Z.flac,0.000000,10.000000,,,,,,,,,,,,,,,,,,,,,,,,,primary_adjacent_gap,primary_adjacent_gap,ONC
ICLISTENHF6016_20250105T004000.000Z_gap_0001_30.0s_40.0s,/project/6070467/merileo/data/finwhales/final2025_resnet_20260423/multispecies_calltype_experiments/prep_runs/multispecies_prep_balanced100_availaudio_20260430T120219Z/ICLISTENHF6016_20250105T004000.000Z.flac,,,,,,10.000000,onc_primary_adjacent_gap,candidate_primary_adjacent_gap,/project/6070467/merileo/data/finwhales/final2025_resnet_20260423/multispecies_calltype_experiments/prep_runs/multispecies_prep_balanced100_availaudio_20260430T120219Z/ICLISTENHF6016_20250105T004000.000Z.flac,,,,1,train,,,,,/project/6070467/merileo/data/finwhales/final2025_resnet_20260423/multispecies_calltype_experiments/prep_runs/multispecies_prep_balanced100_availaudio_20260430T120219Z/ICLISTENHF6016_20250105T004000.000Z.flac,/project/6070467/merileo/data/finwhales/final2025_resnet_20260423/multispecies_calltype_experiments/prep_runs/multispecies_prep_balanced100_availaudio_20260430T120219Z/ICLISTENHF6016_20250105T004000.000Z.flac,30.000000,40.000000,,,,,,,,,,,,,,,,,,,,,,,,,primary_adjacent_gap,primary_adjacent_gap,ONC
ICLISTENHF6016_20250105T004000.000Z_gap_0002_60.0s_70.0s,/project/6070467/merileo/data/finwhales/final2025_resnet_20260423/multispecies_calltype_experiments/prep_runs/multispecies_prep_balanced100_availaudio_20260430T120219Z/ICLISTENHF6016_20250105T004000.000Z.flac,,,,,,10.000000,onc_primary_adjacent_gap,candidate_primary_adjacent_gap,/project/6070467/merileo/data/finwhales/final2025_resnet_20260423/multispecies_calltype_experiments/prep_runs/multispecies_prep_balanced100_availaudio_20260430T120219Z/ICLISTENHF6016_20250105T004000.000Z.flac,,,,1,train,,,,,/project/6070467/merileo/data/finwhales/final2025_resnet_20260423/multispecies_calltype_experiments/prep_runs/multispecies_prep_balanced100_availaudio_20260430T120219Z/ICLISTENHF6016_20250105T004000.000Z.flac,/project/6070467/merileo/data/finwhales/final2025_resnet_20260423/multispecies_calltype_experiments/prep_runs/multispecies_prep_balanced100_availaudio_20260430T120219Z/ICLISTENHF6016_20250105T004000.000Z.flac,60.000000,70.000000,,,,,,,,,,,,,,,,,,,,,,,,,primary_adjacent_gap,primary_adjacent_gap,ONC
ICLISTENHF6016_20250105T014000.000Z_gap_0000_0.0s_10.0s,/project/6070467/merileo/data/finwhales/final2025_resnet_20260423/multispecies_calltype_experiments/prep_runs/multispecies_prep_balanced100_availaudio_20260430T120219Z/ICLISTENHF6016_20250105T014000.000Z.flac,,,,,,10.000000,onc_primary_adjacent_gap,candidate_primary_adjacent_gap,/project/6070467/merileo/data/finwhales/final2025_resnet_20260423/multispecies_calltype_experiments/prep_runs/multispecies_prep_balanced100_availaudio_20260430T120219Z/ICLISTENHF6016_20250105T014000.000Z.flac,,,,1,train,,,,,/project/6070467/merileo/data/finwhales/final2025_resnet_20260423/multispecies_calltype_experiments/prep_runs/multispecies_prep_balanced100_availaudio_20260430T120219Z/ICLISTENHF6016_20250105T014000.000Z.flac,/project/6070467/merileo/data/finwhales/final2025_resnet_20260423/multispecies_calltype_experiments/prep_runs/multispecies_prep_balanced100_availaudio_20260430T120219Z/ICLISTENHF6016_20250105T014000.000Z.flac,0.000000,10.000000,,,,,,,,,,,,,,,,,,,,,,,,,primary_adjacent_gap,primary_adjacent_gap,ONC
ICLISTENHF6016_20250105T014000.000Z_gap_0001_30.0s_40.0s,/project/6070467/merileo/data/finwhales/final2025_resnet_20260423/multispecies_calltype_experiments/prep_runs/multispecies_prep_balanced100_availaudio_20260430T120219Z/ICLISTENHF6016_20250105T014000.000Z.flac,,,,,,10.000000,onc_primary_adjacent_gap,candidate_primary_adjacent_gap,/project/6070467/merileo/data/finwhales/final2025_resnet_20260423/multispecies_calltype_experiments/prep_runs/multispecies_prep_balanced100_availaudio_20260430T120219Z/ICLISTENHF6016_20250105T014000.000Z.flac,,,,1,train,,,,,/project/6070467/merileo/data/finwhales/final2025_resnet_20260423/multispecies_calltype_experiments/prep_runs/multispecies_prep_balanced100_availaudio_20260430T120219Z/ICLISTENHF6016_20250105T014000.000Z.flac,/project/6070467/merileo/data/finwhales/final2025_resnet_20260423/multispecies_calltype_experiments/prep_runs/multispecies_prep_balanced100_availaudio_20260430T120219Z/ICLISTENHF6016_20250105T014000.000Z.flac,30.000000,40.000000,,,,,,,,,,,,,,,,,,,,,,,,,primary_adjacent_gap,primary_adjacent_gap,ONC
ICLISTENHF6016_20250105T014000.000Z_gap_0002_60.0s_70.0s,/project/6070467/merileo/data/finwhales/final2025_resnet_20260423/multispecies_calltype_experiments/prep_runs/multispecies_prep_balanced100_availaudio_20260430T120219Z/ICLISTENHF6016_20250105T014000.000Z.flac,,,,,,10.000000,onc_primary_adjacent_gap,candidate_primary_adjacent_gap,/project/6070467/merileo/data/finwhales/final2025_resnet_20260423/multispecies_calltype_experiments/prep_runs/multispecies_prep_balanced100_availaudio_20260430T120219Z/ICLISTENHF6016_20250105T014000.000Z.flac,,,,1,train,,,,,/project/6070467/merileo/data/finwhales/final2025_resnet_20260423/multispecies_calltype_experiments/prep_runs/multispecies_prep_balanced100_availaudio_20260430T120219Z/ICLISTENHF6016_20250105T014000.000Z.flac,/project/6070467/merileo/data/finwhales/final2025_resnet_20260423/multispecies_calltype_experiments/prep_runs/multispecies_prep_balanced100_availaudio_20260430T120219Z/ICLISTENHF6016_20250105T014000.000Z.flac,60.000000,70.000000,,,,,,,,,,,,,,,,,,,,,,,,,primary_adjacent_gap,primary_adjacent_gap,ONC
ICLISTENHF6016_20250105T015000.000Z_gap_0000_0.0s_10.0s,/project/6070467/merileo/data/finwhales/final2025_resnet_20260423/multispecies_calltype_experiments/prep_runs/multispecies_prep_balanced100_availaudio_20260430T120219Z/ICLISTENHF6016_20250105T015000.000Z.flac,,,,,,10.000000,onc_primary_adjacent_gap,candidate_primary_adjacent_gap,/project/6070467/merileo/data/finwhales/final2025_resnet_20260423/multispecies_calltype_experiments/prep_runs/multispecies_prep_balanced100_availaudio_20260430T120219Z/ICLISTENHF6016_20250105T015000.000Z.flac,,,,1,val,,,,,/project/6070467/merileo/data/finwhales/final2025_resnet_20260423/multispecies_calltype_experiments/prep_runs/multispecies_prep_balanced100_availaudio_20260430T120219Z/ICLISTENHF6016_20250105T015000.000Z.flac,/project/6070467/merileo/data/finwhales/final2025_resnet_20260423/multispecies_calltype_experiments/prep_runs/multispecies_prep_balanced100_availaudio_20260430T120219Z/ICLISTENHF6016_20250105T015000.000Z.flac,0.000000,10.000000,,,,,,,,,,,,,,,,,,,,,,,,,primary_adjacent_gap,primary_adjacent_gap,ONC
ICLISTENHF6016_20250105T015000.000Z_gap_0001_30.0s_40.0s,/project/6070467/merileo/data/finwhales/final2025_resnet_20260423/multispecies_calltype_experiments/prep_runs/multispecies_prep_balanced100_availaudio_20260430T120219Z/ICLISTENHF6016_20250105T015000.000Z.flac,,,,,,10.000000,onc_primary_adjacent_gap,candidate_primary_adjacent_gap,/project/6070467/merileo/data/finwhales/final2025_resnet_20260423/multispecies_calltype_experiments/prep_runs/multispecies_prep_balanced100_availaudio_20260430T120219Z/ICLISTENHF6016_20250105T015000.000Z.flac,,,,1,val,,,,,/project/6070467/merileo/data/finwhales/final2025_resnet_20260423/multispecies_calltype_experiments/prep_runs/multispecies_prep_balanced100_availaudio_20260430T120219Z/ICLISTENHF6016_20250105T015000.000Z.flac,/project/6070467/merileo/data/finwhales/final2025_resnet_20260423/multispecies_calltype_experiments/prep_runs/multispecies_prep_balanced100_availaudio_20260430T120219Z/ICLISTENHF6016_20250105T015000.000Z.flac,30.000000,40.000000,,,,,,,,,,,,,,,,,,,,,,,,,primary_adjacent_gap,primary_adjacent_gap,ONC
ICLISTENHF6016_20250105T015000.000Z_gap_0002_60.0s_70.0s,/project/6070467/merileo/data/finwhales/final2025_resnet_20260423/multispecies_calltype_experiments/prep_runs/multispecies_prep_balanced100_availaudio_20260430T120219Z/ICLISTENHF6016_20250105T015000.000Z.flac,,,,,,10.000000,onc_primary_adjacent_gap,candidate_primary_adjacent_gap,/project/6070467/merileo/data/finwhales/final2025_resnet_20260423/multispecies_calltype_experiments/prep_runs/multispecies_prep_balanced100_availaudio_20260430T120219Z/ICLISTENHF6016_20250105T015000.000Z.flac,,,,1,val,,,,,/project/6070467/merileo/data/finwhales/final2025_resnet_20260423/multispecies_calltype_experiments/prep_runs/multispecies_prep_balanced100_availaudio_20260430T120219Z/ICLISTENHF6016_20250105T015000.000Z.flac,/project/6070467/merileo/data/finwhales/final2025_resnet_20260423/multispecies_calltype_experiments/prep_runs/multispecies_prep_balanced100_availaudio_20260430T120219Z/ICLISTENHF6016_20250105T015000.000Z.flac,60.000000,70.000000,,,,,,,,,,,,,,,,,,,,,,,,,primary_adjacent_gap,primary_adjacent_gap,ONC
ICLISTENHF6016_20250105T021000.000Z_gap_0000_0.0s_10.0s,/project/6070467/merileo/data/finwhales/final2025_resnet_20260423/multispecies_calltype_experiments/prep_runs/multispecies_prep_balanced100_availaudio_20260430T120219Z/ICLISTENHF6016_20250105T021000.000Z.flac,,,,,,10.000000,onc_primary_adjacent_gap,candidate_primary_adjacent_gap,/project/6070467/merileo/data/finwhales/final2025_resnet_20260423/multispecies_calltype_experiments/prep_runs/multispecies_prep_balanced100_availaudio_20260430T120219Z/ICLISTENHF6016_20250105T021000.000Z.flac,,,,1,val,,,,,/project/6070467/merileo/data/finwhales/final2025_resnet_20260423/multispecies_calltype_experiments/prep_runs/multispecies_prep_balanced100_availaudio_20260430T120219Z/ICLISTENHF6016_20250105T021000.000Z.flac,/project/6070467/merileo/data/finwhales/final2025_resnet_20260423/multispecies_calltype_experiments/prep_runs/multispecies_prep_balanced100_availaudio_20260430T120219Z/ICLISTENHF6016_20250105T021000.000Z.flac,0.000000,10.000000,,,,,,,,,,,,,,,,,,,,,,,,,primary_adjacent_gap,primary_adjacent_gap,ONC
ICLISTENHF6016_20250105T021000.000Z_gap_0001_30.0s_40.0s,/project/6070467/merileo/data/finwhales/final2025_resnet_20260423/multispecies_calltype_experiments/prep_runs/multispecies_prep_balanced100_availaudio_20260430T120219Z/ICLISTENHF6016_20250105T021000.000Z.flac,,,,,,10.000000,onc_primary_adjacent_gap,candidate_primary_adjacent_gap,/project/6070467/merileo/data/finwhales/final2025_resnet_20260423/multispecies_calltype_experiments/prep_runs/multispecies_prep_balanced100_availaudio_20260430T120219Z/ICLISTENHF6016_20250105T021000.000Z.flac,,,,1,val,,,,,/project/6070467/merileo/data/finwhales/final2025_resnet_20260423/multispecies_calltype_experiments/prep_runs/multispecies_prep_balanced100_availaudio_20260430T120219Z/ICLISTENHF6016_20250105T021000.000Z.flac,/project/6070467/merileo/data/finwhales/final2025_resnet_20260423/multispecies_calltype_experiments/prep_runs/multispecies_prep_balanced100_availaudio_20260430T120219Z/ICLISTENHF6016_20250105T021000.000Z.flac,30.000000,40.000000,,,,,,,,,,,,,,,,,,,,,,,,,primary_adjacent_gap,primary_adjacent_gap,ONC
ICLISTENHF6016_20250105T021000.000Z_gap_0002_60.0s_70.0s,/project/6070467/merileo/data/finwhales/final2025_resnet_20260423/multispecies_calltype_experiments/prep_runs/multispecies_prep_balanced100_availaudio_20260430T120219Z/ICLISTENHF6016_20250105T021000.000Z.flac,,,,,,10.000000,onc_primary_adjacent_gap,candidate_primary_adjacent_gap,/project/6070467/merileo/data/finwhales/final2025_resnet_20260423/multispecies_calltype_experiments/prep_runs/multispecies_prep_balanced100_availaudio_20260430T120219Z/ICLISTENHF6016_20250105T021000.000Z.flac,,,,1,val,,,,,/project/6070467/merileo/data/finwhales/final2025_resnet_20260423/multispecies_calltype_experiments/prep_runs/multispecies_prep_balanced100_availaudio_20260430T120219Z/ICLISTENHF6016_20250105T021000.000Z.flac,/project/6070467/merileo/data/finwhales/final2025_resnet_20260423/multispecies_calltype_experiments/prep_runs/multispecies_prep_balanced100_availaudio_20260430T120219Z/ICLISTENHF6016_20250105T021000.000Z.flac,60.000000,70.000000,,,,,,,,,,,,,,,,,,,,,,,,,primary_adjacent_gap,primary_adjacent_gap,ONC
ICLISTENHF6016_20250105T023000.000Z_gap_0000_0.0s_10.0s,/project/6070467/merileo/data/finwhales/final2025_resnet_20260423/multispecies_calltype_experiments/prep_runs/multispecies_prep_balanced100_availaudio_20260430T120219Z/ICLISTENHF6016_20250105T023000.000Z.flac,,,,,,10.000000,onc_primary_adjacent_gap,candidate_primary_adjacent_gap,/project/6070467/merileo/data/finwhales/final2025_resnet_20260423/multispecies_calltype_experiments/prep_runs/multispecies_prep_balanced100_availaudio_20260430T120219Z/ICLISTENHF6016_20250105T023000.000Z.flac,,,,1,train,,,,,/project/6070467/merileo/data/finwhales/final2025_resnet_20260423/multispecies_calltype_experiments/prep_runs/multispecies_prep_balanced100_availaudio_20260430T120219Z/ICLISTENHF6016_20250105T023000.000Z.flac,/project/6070467/merileo/data/finwhales/final2025_resnet_20260423/multispecies_calltype_experiments/prep_runs/multispecies_prep_balanced100_availaudio_20260430T120219Z/ICLISTENHF6016_20250105T023000.000Z.flac,0.000000,10.000000,,,,,,,,,,,,,,,,,,,,,,,,,primary_adjacent_gap,primary_adjacent_gap,ONC
ICLISTENHF6016_20250105T023000.000Z_gap_0001_29.7s_39.7s,/project/6070467/merileo/data/finwhales/final2025_resnet_20260423/multispecies_calltype_experiments/prep_runs/multispecies_prep_balanced100_availaudio_20260430T120219Z/ICLISTENHF6016_20250105T023000.000Z.flac,,,,,,10.000000,onc_primary_adjacent_gap,candidate_primary_adjacent_gap,/project/6070467/merileo/data/finwhales/final2025_resnet_20260423/multispecies_calltype_experiments/prep_runs/multispecies_prep_balanced100_availaudio_20260430T120219Z/ICLISTENHF6016_20250105T023000.000Z.flac,,,,1,train,,,,,/project/6070467/merileo/data/finwhales/final2025_resnet_20260423/multispecies_calltype_experiments/prep_runs/multispecies_prep_balanced100_availaudio_20260430T120219Z/ICLISTENHF6016_20250105T023000.000Z.flac,/project/6070467/merileo/data/finwhales/final2025_resnet_20260423/multispecies_calltype_experiments/prep_runs/multispecies_prep_balanced100_availaudio_20260430T120219Z/ICLISTENHF6016_20250105T023000.000Z.flac,29.700000,39.700000,,,,,,,,,,,,,,,,,,,,,,,,,primary_adjacent_gap,primary_adjacent_gap,ONC
ICLISTENHF6016_20250105T023000.000Z_gap_0002_50.7s_60.7s,/project/6070467/merileo/data/finwhales/final2025_resnet_20260423/multispecies_calltype_experiments/prep_runs/multispecies_prep_balanced100_availaudio_20260430T120219Z/ICLISTENHF6016_20250105T023000.000Z.flac,,,,,,10.000000,onc_primary_adjacent_gap,candidate_primary_adjacent_gap,/project/6070467/merileo/data/finwhales/final2025_resnet_20260423/multispecies_calltype_experiments/prep_runs/multispecies_prep_balanced100_availaudio_20260430T120219Z/ICLISTENHF6016_20250105T023000.000Z.flac,,,,1,train,,,,,/project/6070467/merileo/data/finwhales/final2025_resnet_20260423/multispecies_calltype_experiments/prep_runs/multispecies_prep_balanced100_availaudio_20260430T120219Z/ICLISTENHF6016_20250105T023000.000Z.flac,/project/6070467/merileo/data/finwhales/final2025_resnet_20260423/multispecies_calltype_experiments/prep_runs/multispecies_prep_balanced100_availaudio_20260430T120219Z/ICLISTENHF6016_20250105T023000.000Z.flac,50.700000,60.700000,,,,,,,,,,,,,,,,,,,,,,,,,primary_adjacent_gap,primary_adjacent_gap,ONC
ICLISTENHF6016_20250105T030000.000Z_gap_0000_18.6s_28.6s,/project/6070467/merileo/data/finwhales/final2025_resnet_20260423/multispecies_calltype_experiments/prep_runs/multispecies_prep_balanced100_availaudio_20260430T120219Z/ICLISTENHF6016_20250105T030000.000Z.flac,,,,,,10.000000,onc_primary_adjacent_gap,candidate_primary_adjacent_gap,/project/6070467/merileo/data/finwhales/final2025_resnet_20260423/multispecies_calltype_experiments/prep_runs/multispecies_prep_balanced100_availaudio_20260430T120219Z/ICLISTENHF6016_20250105T030000.000Z.flac,,,,1,val,,,,,/project/6070467/merileo/data/finwhales/final2025_resnet_20260423/multispecies_calltype_experiments/prep_runs/multispecies_prep_balanced100_availaudio_20260430T120219Z/ICLISTENHF6016_20250105T030000.000Z.flac,/project/6070467/merileo/data/finwhales/final2025_resnet_20260423/multispecies_calltype_experiments/prep_runs/multispecies_prep_balanced100_availaudio_20260430T120219Z/ICLISTENHF6016_20250105T030000.000Z.flac,18.600000,28.600000,,,,,,,,,,,,,,,,,,,,,,,,,primary_adjacent_gap,primary_adjacent_gap,ONC
ICLISTENHF6016_20250105T030000.000Z_gap_0001_48.6s_58.6s,/project/6070467/merileo/data/finwhales/final2025_resnet_20260423/multispecies_calltype_experiments/prep_runs/multispecies_prep_balanced100_availaudio_20260430T120219Z/ICLISTENHF6016_20250105T030000.000Z.flac,,,,,,10.000000,onc_primary_adjacent_gap,candidate_primary_adjacent_gap,/project/6070467/merileo/data/finwhales/final2025_resnet_20260423/multispecies_calltype_experiments/prep_runs/multispecies_prep_balanced100_availaudio_20260430T120219Z/ICLISTENHF6016_20250105T030000.000Z.flac,,,,1,val,,,,,/project/6070467/merileo/data/finwhales/final2025_resnet_20260423/multispecies_calltype_experiments/prep_runs/multispecies_prep_balanced100_availaudio_20260430T120219Z/ICLISTENHF6016_20250105T030000.000Z.flac,/project/6070467/merileo/data/finwhales/final2025_resnet_20260423/multispecies_calltype_experiments/prep_runs/multispecies_prep_balanced100_availaudio_20260430T120219Z/ICLISTENHF6016_20250105T030000.000Z.flac,48.600000,58.600000,,,,,,,,,,,,,,,,,,,,,,,,,primary_adjacent_gap,primary_adjacent_gap,ONC
ICLISTENHF6016_20250105T030000.000Z_gap_0002_78.6s_88.6s,/project/6070467/merileo/data/finwhales/final2025_resnet_20260423/multispecies_calltype_experiments/prep_runs/multispecies_prep_balanced100_availaudio_20260430T120219Z/ICLISTENHF6016_20250105T030000.000Z.flac,,,,,,10.000000,onc_primary_adjacent_gap,candidate_primary_adjacent_gap,/project/6070467/merileo/data/finwhales/final2025_resnet_20260423/multispecies_calltype_experiments/prep_runs/multispecies_prep_balanced100_availaudio_20260430T120219Z/ICLISTENHF6016_20250105T030000.000Z.flac,,,,1,val,,,,,/project/6070467/merileo/data/finwhales/final2025_resnet_20260423/multispecies_calltype_experiments/prep_runs/multispecies_prep_balanced100_availaudio_20260430T120219Z/ICLISTENHF6016_20250105T030000.000Z.flac,/project/6070467/merileo/data/finwhales/final2025_resnet_20260423/multispecies_calltype_experiments/prep_runs/multispecies_prep_balanced100_availaudio_20260430T120219Z/ICLISTENHF6016_20250105T030000.000Z.flac,78.600000,88.600000,,,,,,,,,,,,,,,,,,,,,,,,,primary_adjacent_gap,primary_adjacent_gap,ONC
ICLISTENHF6016_20250105T032000.000Z_gap_0000_0.0s_10.0s,/project/6070467/merileo/data/finwhales/final2025_resnet_20260423/multispecies_calltype_experiments/prep_runs/multispecies_prep_balanced100_availaudio_20260430T120219Z/ICLISTENHF6016_20250105T032000.000Z.flac,,,,,,10.000000,onc_primary_adjacent_gap,candidate_primary_adjacent_gap,/project/6070467/merileo/data/finwhales/final2025_resnet_20260423/multispecies_calltype_experiments/prep_runs/multispecies_prep_balanced100_availaudio_20260430T120219Z/ICLISTENHF6016_20250105T032000.000Z.flac,,,,1,train,,,,,/project/6070467/merileo/data/finwhales/final2025_resnet_20260423/multispecies_calltype_experiments/prep_runs/multispecies_prep_balanced100_availaudio_20260430T120219Z/ICLISTENHF6016_20250105T032000.000Z.flac,/project/6070467/merileo/data/finwhales/final2025_resnet_20260423/multispecies_calltype_experiments/prep_runs/multispecies_prep_balanced100_availaudio_20260430T120219Z/ICLISTENHF6016_20250105T032000.000Z.flac,0.000000,10.000000,,,,,,,,,,,,,,,,,,,,,,,,,primary_adjacent_gap,primary_adjacent_gap,ONC
ICLISTENHF6016_20250105T032000.000Z_gap_0001_30.0s_40.0s,/project/6070467/merileo/data/finwhales/final2025_resnet_20260423/multispecies_calltype_experiments/prep_runs/multispecies_prep_balanced100_availaudio_20260430T120219Z/ICLISTENHF6016_20250105T032000.000Z.flac,,,,,,10.000000,onc_primary_adjacent_gap,candidate_primary_adjacent_gap,/project/6070467/merileo/data/finwhales/final2025_resnet_20260423/multispecies_calltype_experiments/prep_runs/multispecies_prep_balanced100_availaudio_20260430T120219Z/ICLISTENHF6016_20250105T032000.000Z.flac,,,,1,train,,,,,/project/6070467/merileo/data/finwhales/final2025_resnet_20260423/multispecies_calltype_experiments/prep_runs/multispecies_prep_balanced100_availaudio_20260430T120219Z/ICLISTENHF6016_20250105T032000.000Z.flac,/project/6070467/merileo/data/finwhales/final2025_resnet_20260423/multispecies_calltype_experiments/prep_runs/multispecies_prep_balanced100_availaudio_20260430T120219Z/ICLISTENHF6016_20250105T032000.000Z.flac,30.000000,40.000000,,,,,,,,,,,,,,,,,,,,,,,,,primary_adjacent_gap,primary_adjacent_gap,ONC
ICLISTENHF6016_20250105T032000.000Z_gap_0002_60.0s_70.0s,/project/6070467/merileo/data/finwhales/final2025_resnet_20260423/multispecies_calltype_experiments/prep_runs/multispecies_prep_balanced100_availaudio_20260430T120219Z/ICLISTENHF6016_20250105T032000.000Z.flac,,,,,,10.000000,onc_primary_adjacent_gap,candidate_primary_adjacent_gap,/project/6070467/merileo/data/finwhales/final2025_resnet_20260423/multispecies_calltype_experiments/prep_runs/multispecies_prep_balanced100_availaudio_20260430T120219Z/ICLISTENHF6016_20250105T032000.000Z.flac,,,,1,train,,,,,/project/6070467/merileo/data/finwhales/final2025_resnet_20260423/multispecies_calltype_experiments/prep_runs/multispecies_prep_balanced100_availaudio_20260430T120219Z/ICLISTENHF6016_20250105T032000.000Z.flac,/project/6070467/merileo/data/finwhales/final2025_resnet_20260423/multispecies_calltype_experiments/prep_runs/multispecies_prep_balanced100_availaudio_20260430T120219Z/ICLISTENHF6016_20250105T032000.000Z.flac,60.000000,70.000000,,,,,,,,,,,,,,,,,,,,,,,,,primary_adjacent_gap,primary_adjacent_gap,ONC
ICLISTENHF6016_20250105T040000.000Z_gap_0000_0.0s_10.0s,/project/6070467/merileo/data/finwhales/final2025_resnet_20260423/multispecies_calltype_experiments/prep_runs/multispecies_prep_balanced100_availaudio_20260430T120219Z/ICLISTENHF6016_20250105T040000.000Z.flac,,,,,,10.000000,onc_primary_adjacent_gap,candidate_primary_adjacent_gap,/project/6070467/merileo/data/finwhales/final2025_resnet_20260423/multispecies_calltype_experiments/prep_runs/multispecies_prep_balanced100_availaudio_20260430T120219Z/ICLISTENHF6016_20250105T040000.000Z.flac,,,,1,train,,,,,/project/6070467/merileo/data/finwhales/final2025_resnet_20260423/multispecies_calltype_experiments/prep_runs/multispecies_prep_balanced100_availaudio_20260430T120219Z/ICLISTENHF6016_20250105T040000.000Z.flac,/project/6070467/merileo/data/finwhales/final2025_resnet_20260423/multispecies_calltype_experiments/prep_runs/multispecies_prep_balanced100_availaudio_20260430T120219Z/ICLISTENHF6016_20250105T040000.000Z.flac,0.000000,10.000000,,,,,,,,,,,,,,,,,,,,,,,,,primary_adjacent_gap,primary_adjacent_gap,ONC
ICLISTENHF6016_20250105T040000.000Z_gap_0001_12.3s_22.3s,/project/6070467/merileo/data/finwhales/final2025_resnet_20260423/multispecies_calltype_experiments/prep_runs/multispecies_prep_balanced100_availaudio_20260430T120219Z/ICLISTENHF6016_20250105T040000.000Z.flac,,,,,,10.000000,onc_primary_adjacent_gap,candidate_primary_adjacent_gap,/project/6070467/merileo/data/finwhales/final2025_resnet_20260423/multispecies_calltype_experiments/prep_runs/multispecies_prep_balanced100_availaudio_20260430T120219Z/ICLISTENHF6016_20250105T040000.000Z.flac,,,,1,train,,,,,/project/6070467/merileo/data/finwhales/final2025_resnet_20260423/multispecies_calltype_experiments/prep_runs/multispecies_prep_balanced100_availaudio_20260430T120219Z/ICLISTENHF6016_20250105T040000.000Z.flac,/project/6070467/merileo/data/finwhales/final2025_resnet_20260423/multispecies_calltype_experiments/prep_runs/multispecies_prep_balanced100_availaudio_20260430T120219Z/ICLISTENHF6016_20250105T040000.000Z.flac,12.300000,22.300000,,,,,,,,,,,,,,,,,,,,,,,,,primary_adjacent_gap,primary_adjacent_gap,ONC
ICLISTENHF6016_20250105T040000.000Z_gap_0002_34.3s_44.3s,/project/6070467/merileo/data/finwhales/final2025_resnet_20260423/multispecies_calltype_experiments/prep_runs/multispecies_prep_balanced100_availaudio_20260430T120219Z/ICLISTENHF6016_20250105T040000.000Z.flac,,,,,,10.000000,onc_primary_adjacent_gap,candidate_primary_adjacent_gap,/project/6070467/merileo/data/finwhales/final2025_resnet_20260423/multispecies_calltype_experiments/prep_runs/multispecies_prep_balanced100_availaudio_20260430T120219Z/ICLISTENHF6016_20250105T040000.000Z.flac,,,,1,train,,,,,/project/6070467/merileo/data/finwhales/final2025_resnet_20260423/multispecies_calltype_experiments/prep_runs/multispecies_prep_balanced100_availaudio_20260430T120219Z/ICLISTENHF6016_20250105T040000.000Z.flac,/project/6070467/merileo/data/finwhales/final2025_resnet_20260423/multispecies_calltype_experiments/prep_runs/multispecies_prep_balanced100_availaudio_20260430T120219Z/ICLISTENHF6016_20250105T040000.000Z.flac,34.300000,44.300000,,,,,,,,,,,,,,,,,,,,,,,,,primary_adjacent_gap,primary_adjacent_gap,ONC
ICLISTENHF6016_20250105T041000.000Z_gap_0000_0.0s_10.0s,/project/6070467/merileo/data/finwhales/final2025_resnet_20260423/multispecies_calltype_experiments/prep_runs/multispecies_prep_balanced100_availaudio_20260430T120219Z/ICLISTENHF6016_20250105T041000.000Z.flac,,,,,,10.000000,onc_primary_adjacent_gap,candidate_primary_adjacent_gap,/project/6070467/merileo/data/finwhales/final2025_resnet_20260423/multispecies_calltype_experiments/prep_runs/multispecies_prep_balanced100_availaudio_20260430T120219Z/ICLISTENHF6016_20250105T041000.000Z.flac,,,,1,val,,,,,/project/6070467/merileo/data/finwhales/final2025_resnet_20260423/multispecies_calltype_experiments/prep_runs/multispecies_prep_balanced100_availaudio_20260430T120219Z/ICLISTENHF6016_20250105T041000.000Z.flac,/project/6070467/merileo/data/finwhales/final2025_resnet_20260423/multispecies_calltype_experiments/prep_runs/multispecies_prep_balanced100_availaudio_20260430T120219Z/ICLISTENHF6016_20250105T041000.000Z.flac,0.000000,10.000000,,,,,,,,,,,,,,,,,,,,,,,,,primary_adjacent_gap,primary_adjacent_gap,ONC
ICLISTENHF6016_20250105T041000.000Z_gap_0001_10.5s_20.5s,/project/6070467/merileo/data/finwhales/final2025_resnet_20260423/multispecies_calltype_experiments/prep_runs/multispecies_prep_balanced100_availaudio_20260430T120219Z/ICLISTENHF6016_20250105T041000.000Z.flac,,,,,,10.000000,onc_primary_adjacent_gap,candidate_primary_adjacent_gap,/project/6070467/merileo/data/finwhales/final2025_resnet_20260423/multispecies_calltype_experiments/prep_runs/multispecies_prep_balanced100_availaudio_20260430T120219Z/ICLISTENHF6016_20250105T041000.000Z.flac,,,,1,val,,,,,/project/6070467/merileo/data/finwhales/final2025_resnet_20260423/multispecies_calltype_experiments/prep_runs/multispecies_prep_balanced100_availaudio_20260430T120219Z/ICLISTENHF6016_20250105T041000.000Z.flac,/project/6070467/merileo/data/finwhales/final2025_resnet_20260423/multispecies_calltype_experiments/prep_runs/multispecies_prep_balanced100_availaudio_20260430T120219Z/ICLISTENHF6016_20250105T041000.000Z.flac,10.500000,20.500000,,,,,,,,,,,,,,,,,,,,,,,,,primary_adjacent_gap,primary_adjacent_gap,ONC
ICLISTENHF6016_20250105T041000.000Z_gap_0002_31.4s_41.4s,/project/6070467/merileo/data/finwhales/final2025_resnet_20260423/multispecies_calltype_experiments/prep_runs/multispecies_prep_balanced100_availaudio_20260430T120219Z/ICLISTENHF6016_20250105T041000.000Z.flac,,,,,,10.000000,onc_primary_adjacent_gap,candidate_primary_adjacent_gap,/project/6070467/merileo/data/finwhales/final2025_resnet_20260423/multispecies_calltype_experiments/prep_runs/multispecies_prep_balanced100_availaudio_20260430T120219Z/ICLISTENHF6016_20250105T041000.000Z.flac,,,,1,val,,,,,/project/6070467/merileo/data/finwhales/final2025_resnet_20260423/multispecies_calltype_experiments/prep_runs/multispecies_prep_balanced100_availaudio_20260430T120219Z/ICLISTENHF6016_20250105T041000.000Z.flac,/project/6070467/merileo/data/finwhales/final2025_resnet_20260423/multispecies_calltype_experiments/prep_runs/multispecies_prep_balanced100_availaudio_20260430T120219Z/ICLISTENHF6016_20250105T041000.000Z.flac,31.400000,41.400000,,,,,,,,,,,,,,,,,,,,,,,,,primary_adjacent_gap,primary_adjacent_gap,ONC
ICLISTENHF6016_20250105T043000.000Z_gap_0000_0.0s_10.0s,/project/6070467/merileo/data/finwhales/final2025_resnet_20260423/multispecies_calltype_experiments/prep_runs/multispecies_prep_balanced100_availaudio_20260430T120219Z/ICLISTENHF6016_20250105T043000.000Z.flac,,,,,,10.000000,onc_primary_adjacent_gap,candidate_primary_adjacent_gap,/project/6070467/merileo/data/finwhales/final2025_resnet_20260423/multispecies_calltype_experiments/prep_runs/multispecies_prep_balanced100_availaudio_20260430T120219Z/ICLISTENHF6016_20250105T043000.000Z.flac,,,,1,val,,,,,/project/6070467/merileo/data/finwhales/final2025_resnet_20260423/multispecies_calltype_experiments/prep_runs/multispecies_prep_balanced100_availaudio_20260430T120219Z/ICLISTENHF6016_20250105T043000.000Z.flac,/project/6070467/merileo/data/finwhales/final2025_resnet_20260423/multispecies_calltype_experiments/prep_runs/multispecies_prep_balanced100_availaudio_20260430T120219Z/ICLISTENHF6016_20250105T043000.000Z.flac,0.000000,10.000000,,,,,,,,,,,,,,,,,,,,,,,,,primary_adjacent_gap,primary_adjacent_gap,ONC
ICLISTENHF6016_20250105T043000.000Z_gap_0001_30.0s_40.0s,/project/6070467/merileo/data/finwhales/final2025_resnet_20260423/multispecies_calltype_experiments/prep_runs/multispecies_prep_balanced100_availaudio_20260430T120219Z/ICLISTENHF6016_20250105T043000.000Z.flac,,,,,,10.000000,onc_primary_adjacent_gap,candidate_primary_adjacent_gap,/project/6070467/merileo/data/finwhales/final2025_resnet_20260423/multispecies_calltype_experiments/prep_runs/multispecies_prep_balanced100_availaudio_20260430T120219Z/ICLISTENHF6016_20250105T043000.000Z.flac,,,,1,val,,,,,/project/6070467/merileo/data/finwhales/final2025_resnet_20260423/multispecies_calltype_experiments/prep_runs/multispecies_prep_balanced100_availaudio_20260430T120219Z/ICLISTENHF6016_20250105T043000.000Z.flac,/project/6070467/merileo/data/finwhales/final2025_resnet_20260423/multispecies_calltype_experiments/prep_runs/multispecies_prep_balanced100_availaudio_20260430T120219Z/ICLISTENHF6016_20250105T043000.000Z.flac,30.000000,40.000000,,,,,,,,,,,,,,,,,,,,,,,,,primary_adjacent_gap,primary_adjacent_gap,ONC
ICLISTENHF6016_20250105T043000.000Z_gap_0002_60.0s_70.0s,/project/6070467/merileo/data/finwhales/final2025_resnet_20260423/multispecies_calltype_experiments/prep_runs/multispecies_prep_balanced100_availaudio_20260430T120219Z/ICLISTENHF6016_20250105T043000.000Z.flac,,,,,,10.000000,onc_primary_adjacent_gap,candidate_primary_adjacent_gap,/project/6070467/merileo/data/finwhales/final2025_resnet_20260423/multispecies_calltype_experiments/prep_runs/multispecies_prep_balanced100_availaudio_20260430T120219Z/ICLISTENHF6016_20250105T043000.000Z.flac,,,,1,val,,,,,/project/6070467/merileo/data/finwhales/final2025_resnet_20260423/multispecies_calltype_experiments/prep_runs/multispecies_prep_balanced100_availaudio_20260430T120219Z/ICLISTENHF6016_20250105T043000.000Z.flac,/project/6070467/merileo/data/finwhales/final2025_resnet_20260423/multispecies_calltype_experiments/prep_runs/multispecies_prep_balanced100_availaudio_20260430T120219Z/ICLISTENHF6016_20250105T043000.000Z.flac,60.000000,70.000000,,,,,,,,,,,,,,,,,,,,,,,,,primary_adjacent_gap,primary_adjacent_gap,ONC
ICLISTENHF6016_20250105T045000.000Z_gap_0000_0.0s_10.0s,/project/6070467/merileo/data/finwhales/final2025_resnet_20260423/multispecies_calltype_experiments/prep_runs/multispecies_prep_balanced100_availaudio_20260430T120219Z/ICLISTENHF6016_20250105T045000.000Z.flac,,,,,,10.000000,onc_primary_adjacent_gap,candidate_primary_adjacent_gap,/project/6070467/merileo/data/finwhales/final2025_resnet_20260423/multispecies_calltype_experiments/prep_runs/multispecies_prep_balanced100_availaudio_20260430T120219Z/ICLISTENHF6016_20250105T045000.000Z.flac,,,,1,train,,,,,/project/6070467/merileo/data/finwhales/final2025_resnet_20260423/multispecies_calltype_experiments/prep_runs/multispecies_prep_balanced100_availaudio_20260430T120219Z/ICLISTENHF6016_20250105T045000.000Z.flac,/project/6070467/merileo/data/finwhales/final2025_resnet_20260423/multispecies_calltype_experiments/prep_runs/multispecies_prep_balanced100_availaudio_20260430T120219Z/ICLISTENHF6016_20250105T045000.000Z.flac,0.000000,10.000000,,,,,,,,,,,,,,,,,,,,,,,,,primary_adjacent_gap,primary_adjacent_gap,ONC
ICLISTENHF6016_20250105T045000.000Z_gap_0001_30.0s_40.0s,/project/6070467/merileo/data/finwhales/final2025_resnet_20260423/multispecies_calltype_experiments/prep_runs/multispecies_prep_balanced100_availaudio_20260430T120219Z/ICLISTENHF6016_20250105T045000.000Z.flac,,,,,,10.000000,onc_primary_adjacent_gap,candidate_primary_adjacent_gap,/project/6070467/merileo/data/finwhales/final2025_resnet_20260423/multispecies_calltype_experiments/prep_runs/multispecies_prep_balanced100_availaudio_20260430T120219Z/ICLISTENHF6016_20250105T045000.000Z.flac,,,,1,train,,,,,/project/6070467/merileo/data/finwhales/final2025_resnet_20260423/multispecies_calltype_experiments/prep_runs/multispecies_prep_balanced100_availaudio_20260430T120219Z/ICLISTENHF6016_20250105T045000.000Z.flac,/project/6070467/merileo/data/finwhales/final2025_resnet_20260423/multispecies_calltype_experiments/prep_runs/multispecies_prep_balanced100_availaudio_20260430T120219Z/ICLISTENHF6016_20250105T045000.000Z.flac,30.000000,40.000000,,,,,,,,,,,,,,,,,,,,,,,,,primary_adjacent_gap,primary_adjacent_gap,ONC
ICLISTENHF6016_20250105T045000.000Z_gap_0002_60.0s_70.0s,/project/6070467/merileo/data/finwhales/final2025_resnet_20260423/multispecies_calltype_experiments/prep_runs/multispecies_prep_balanced100_availaudio_20260430T120219Z/ICLISTENHF6016_20250105T045000.000Z.flac,,,,,,10.000000,onc_primary_adjacent_gap,candidate_primary_adjacent_gap,/project/6070467/merileo/data/finwhales/final2025_resnet_20260423/multispecies_calltype_experiments/prep_runs/multispecies_prep_balanced100_availaudio_20260430T120219Z/ICLISTENHF6016_20250105T045000.000Z.flac,,,,1,train,,,,,/project/6070467/merileo/data/finwhales/final2025_resnet_20260423/multispecies_calltype_experiments/prep_runs/multispecies_prep_balanced100_availaudio_20260430T120219Z/ICLISTENHF6016_20250105T045000.000Z.flac,/project/6070467/merileo/data/finwhales/final2025_resnet_20260423/multispecies_calltype_experiments/prep_runs/multispecies_prep_balanced100_availaudio_20260430T120219Z/ICLISTENHF6016_20250105T045000.000Z.flac,60.000000,70.000000,,,,,,,,,,,,,,,,,,,,,,,,,primary_adjacent_gap,primary_adjacent_gap,ONC
ICLISTENHF6016_20250105T050000.000Z_gap_0000_0.0s_10.0s,/project/6070467/merileo/data/finwhales/final2025_resnet_20260423/multispecies_calltype_experiments/prep_runs/multispecies_prep_balanced100_availaudio_20260430T120219Z/ICLISTENHF6016_20250105T050000.000Z.flac,,,,,,10.000000,onc_primary_adjacent_gap,candidate_primary_adjacent_gap,/project/6070467/merileo/data/finwhales/final2025_resnet_20260423/multispecies_calltype_experiments/prep_runs/multispecies_prep_balanced100_availaudio_20260430T120219Z/ICLISTENHF6016_20250105T050000.000Z.flac,,,,1,train,,,,,/project/6070467/merileo/data/finwhales/final2025_resnet_20260423/multispecies_calltype_experiments/prep_runs/multispecies_prep_balanced100_availaudio_20260430T120219Z/ICLISTENHF6016_20250105T050000.000Z.flac,/project/6070467/merileo/data/finwhales/final2025_resnet_20260423/multispecies_calltype_experiments/prep_runs/multispecies_prep_balanced100_availaudio_20260430T120219Z/ICLISTENHF6016_20250105T050000.000Z.flac,0.000000,10.000000,,,,,,,,,,,,,,,,,,,,,,,,,primary_adjacent_gap,primary_adjacent_gap,ONC
ICLISTENHF6016_20250105T050000.000Z_gap_0001_30.0s_40.0s,/project/6070467/merileo/data/finwhales/final2025_resnet_20260423/multispecies_calltype_experiments/prep_runs/multispecies_prep_balanced100_availaudio_20260430T120219Z/ICLISTENHF6016_20250105T050000.000Z.flac,,,,,,10.000000,onc_primary_adjacent_gap,candidate_primary_adjacent_gap,/project/6070467/merileo/data/finwhales/final2025_resnet_20260423/multispecies_calltype_experiments/prep_runs/multispecies_prep_balanced100_availaudio_20260430T120219Z/ICLISTENHF6016_20250105T050000.000Z.flac,,,,1,train,,,,,/project/6070467/merileo/data/finwhales/final2025_resnet_20260423/multispecies_calltype_experiments/prep_runs/multispecies_prep_balanced100_availaudio_20260430T120219Z/ICLISTENHF6016_20250105T050000.000Z.flac,/project/6070467/merileo/data/finwhales/final2025_resnet_20260423/multispecies_calltype_experiments/prep_runs/multispecies_prep_balanced100_availaudio_20260430T120219Z/ICLISTENHF6016_20250105T050000.000Z.flac,30.000000,40.000000,,,,,,,,,,,,,,,,,,,,,,,,,primary_adjacent_gap,primary_adjacent_gap,ONC
ICLISTENHF6016_20250105T050000.000Z_gap_0002_60.0s_70.0s,/project/6070467/merileo/data/finwhales/final2025_resnet_20260423/multispecies_calltype_experiments/prep_runs/multispecies_prep_balanced100_availaudio_20260430T120219Z/ICLISTENHF6016_20250105T050000.000Z.flac,,,,,,10.000000,onc_primary_adjacent_gap,candidate_primary_adjacent_gap,/project/6070467/merileo/data/finwhales/final2025_resnet_20260423/multispecies_calltype_experiments/prep_runs/multispecies_prep_balanced100_availaudio_20260430T120219Z/ICLISTENHF6016_20250105T050000.000Z.flac,,,,1,train,,,,,/project/6070467/merileo/data/finwhales/final2025_resnet_20260423/multispecies_calltype_experiments/prep_runs/multispecies_prep_balanced100_availaudio_20260430T120219Z/ICLISTENHF6016_20250105T050000.000Z.flac,/project/6070467/merileo/data/finwhales/final2025_resnet_20260423/multispecies_calltype_experiments/prep_runs/multispecies_prep_balanced100_availaudio_20260430T120219Z/ICLISTENHF6016_20250105T050000.000Z.flac,60.000000,70.000000,,,,,,,,,,,,,,,,,,,,,,,,,primary_adjacent_gap,primary_adjacent_gap,ONC
ICLISTENHF6016_20250105T051000.000Z_gap_0000_0.0s_10.0s,/project/6070467/merileo/data/finwhales/final2025_resnet_20260423/multispecies_calltype_experiments/prep_runs/multispecies_prep_balanced100_availaudio_20260430T120219Z/ICLISTENHF6016_20250105T051000.000Z.flac,,,,,,10.000000,onc_primary_adjacent_gap,candidate_primary_adjacent_gap,/project/6070467/merileo/data/finwhales/final2025_resnet_20260423/multispecies_calltype_experiments/prep_runs/multispecies_prep_balanced100_availaudio_20260430T120219Z/ICLISTENHF6016_20250105T051000.000Z.flac,,,,1,train,,,,,/project/6070467/merileo/data/finwhales/final2025_resnet_20260423/multispecies_calltype_experiments/prep_runs/multispecies_prep_balanced100_availaudio_20260430T120219Z/ICLISTENHF6016_20250105T051000.000Z.flac,/project/6070467/merileo/data/finwhales/final2025_resnet_20260423/multispecies_calltype_experiments/prep_runs/multispecies_prep_balanced100_availaudio_20260430T120219Z/ICLISTENHF6016_20250105T051000.000Z.flac,0.000000,10.000000,,,,,,,,,,,,,,,,,,,,,,,,,primary_adjacent_gap,primary_adjacent_gap,ONC
ICLISTENHF6016_20250105T051000.000Z_gap_0001_15.0s_25.0s,/project/6070467/merileo/data/finwhales/final2025_resnet_20260423/multispecies_calltype_experiments/prep_runs/multispecies_prep_balanced100_availaudio_20260430T120219Z/ICLISTENHF6016_20250105T051000.000Z.flac,,,,,,10.000000,onc_primary_adjacent_gap,candidate_primary_adjacent_gap,/project/6070467/merileo/data/finwhales/final2025_resnet_20260423/multispecies_calltype_experiments/prep_runs/multispecies_prep_balanced100_availaudio_20260430T120219Z/ICLISTENHF6016_20250105T051000.000Z.flac,,,,1,train,,,,,/project/6070467/merileo/data/finwhales/final2025_resnet_20260423/multispecies_calltype_experiments/prep_runs/multispecies_prep_balanced100_availaudio_20260430T120219Z/ICLISTENHF6016_20250105T051000.000Z.flac,/project/6070467/merileo/data/finwhales/final2025_resnet_20260423/multispecies_calltype_experiments/prep_runs/multispecies_prep_balanced100_availaudio_20260430T120219Z/ICLISTENHF6016_20250105T051000.000Z.flac,15.000000,25.000000,,,,,,,,,,,,,,,,,,,,,,,,,primary_adjacent_gap,primary_adjacent_gap,ONC
ICLISTENHF6016_20250105T051000.000Z_gap_0002_36.4s_46.4s,/project/6070467/merileo/data/finwhales/final2025_resnet_20260423/multispecies_calltype_experiments/prep_runs/multispecies_prep_balanced100_availaudio_20260430T120219Z/ICLISTENHF6016_20250105T051000.000Z.flac,,,,,,10.000000,onc_primary_adjacent_gap,candidate_primary_adjacent_gap,/project/6070467/merileo/data/finwhales/final2025_resnet_20260423/multispecies_calltype_experiments/prep_runs/multispecies_prep_balanced100_availaudio_20260430T120219Z/ICLISTENHF6016_20250105T051000.000Z.flac,,,,1,train,,,,,/project/6070467/merileo/data/finwhales/final2025_resnet_20260423/multispecies_calltype_experiments/prep_runs/multispecies_prep_balanced100_availaudio_20260430T120219Z/ICLISTENHF6016_20250105T051000.000Z.flac,/project/6070467/merileo/data/finwhales/final2025_resnet_20260423/multispecies_calltype_experiments/prep_runs/multispecies_prep_balanced100_availaudio_20260430T120219Z/ICLISTENHF6016_20250105T051000.000Z.flac,36.400000,46.400000,,,,,,,,,,,,,,,,,,,,,,,,,primary_adjacent_gap,primary_adjacent_gap,ONC
ICLISTENHF6016_20250105T052000.000Z_gap_0000_0.0s_10.0s,/project/6070467/merileo/data/finwhales/final2025_resnet_20260423/multispecies_calltype_experiments/prep_runs/multispecies_prep_balanced100_availaudio_20260430T120219Z/ICLISTENHF6016_20250105T052000.000Z.flac,,,,,,10.000000,onc_primary_adjacent_gap,candidate_primary_adjacent_gap,/project/6070467/merileo/data/finwhales/final2025_resnet_20260423/multispecies_calltype_experiments/prep_runs/multispecies_prep_balanced100_availaudio_20260430T120219Z/ICLISTENHF6016_20250105T052000.000Z.flac,,,,1,test,,,,,/project/6070467/merileo/data/finwhales/final2025_resnet_20260423/multispecies_calltype_experiments/prep_runs/multispecies_prep_balanced100_availaudio_20260430T120219Z/ICLISTENHF6016_20250105T052000.000Z.flac,/project/6070467/merileo/data/finwhales/final2025_resnet_20260423/multispecies_calltype_experiments/prep_runs/multispecies_prep_balanced100_availaudio_20260430T120219Z/ICLISTENHF6016_20250105T052000.000Z.flac,0.000000,10.000000,,,,,,,,,,,,,,,,,,,,,,,,,primary_adjacent_gap,primary_adjacent_gap,ONC
ICLISTENHF6016_20250105T052000.000Z_gap_0001_30.0s_40.0s,/project/6070467/merileo/data/finwhales/final2025_resnet_20260423/multispecies_calltype_experiments/prep_runs/multispecies_prep_balanced100_availaudio_20260430T120219Z/ICLISTENHF6016_20250105T052000.000Z.flac,,,,,,10.000000,onc_primary_adjacent_gap,candidate_primary_adjacent_gap,/project/6070467/merileo/data/finwhales/final2025_resnet_20260423/multispecies_calltype_experiments/prep_runs/multispecies_prep_balanced100_availaudio_20260430T120219Z/ICLISTENHF6016_20250105T052000.000Z.flac,,,,1,test,,,,,/project/6070467/merileo/data/finwhales/final2025_resnet_20260423/multispecies_calltype_experiments/prep_runs/multispecies_prep_balanced100_availaudio_20260430T120219Z/ICLISTENHF6016_20250105T052000.000Z.flac,/project/6070467/merileo/data/finwhales/final2025_resnet_20260423/multispecies_calltype_experiments/prep_runs/multispecies_prep_balanced100_availaudio_20260430T120219Z/ICLISTENHF6016_20250105T052000.000Z.flac,30.000000,40.000000,,,,,,,,,,,,,,,,,,,,,,,,,primary_adjacent_gap,primary_adjacent_gap,ONC
ICLISTENHF6016_20250105T052000.000Z_gap_0002_60.0s_70.0s,/project/6070467/merileo/data/finwhales/final2025_resnet_20260423/multispecies_calltype_experiments/prep_runs/multispecies_prep_balanced100_availaudio_20260430T120219Z/ICLISTENHF6016_20250105T052000.000Z.flac,,,,,,10.000000,onc_primary_adjacent_gap,candidate_primary_adjacent_gap,/project/6070467/merileo/data/finwhales/final2025_resnet_20260423/multispecies_calltype_experiments/prep_runs/multispecies_prep_balanced100_availaudio_20260430T120219Z/ICLISTENHF6016_20250105T052000.000Z.flac,,,,1,test,,,,,/project/6070467/merileo/data/finwhales/final2025_resnet_20260423/multispecies_calltype_experiments/prep_runs/multispecies_prep_balanced100_availaudio_20260430T120219Z/ICLISTENHF6016_20250105T052000.000Z.flac,/project/6070467/merileo/data/finwhales/final2025_resnet_20260423/multispecies_calltype_experiments/prep_runs/multispecies_prep_balanced100_availaudio_20260430T120219Z/ICLISTENHF6016_20250105T052000.000Z.flac,60.000000,70.000000,,,,,,,,,,,,,,,,,,,,,,,,,primary_adjacent_gap,primary_adjacent_gap,ONC
ICLISTENHF6016_20250105T054000.000Z_gap_0000_0.0s_10.0s,/project/6070467/merileo/data/finwhales/final2025_resnet_20260423/multispecies_calltype_experiments/prep_runs/multispecies_prep_balanced100_availaudio_20260430T120219Z/ICLISTENHF6016_20250105T054000.000Z.flac,,,,,,10.000000,onc_primary_adjacent_gap,candidate_primary_adjacent_gap,/project/6070467/merileo/data/finwhales/final2025_resnet_20260423/multispecies_calltype_experiments/prep_runs/multispecies_prep_balanced100_availaudio_20260430T120219Z/ICLISTENHF6016_20250105T054000.000Z.flac,,,,1,train,,,,,/project/6070467/merileo/data/finwhales/final2025_resnet_20260423/multispecies_calltype_experiments/prep_runs/multispecies_prep_balanced100_availaudio_20260430T120219Z/ICLISTENHF6016_20250105T054000.000Z.flac,/project/6070467/merileo/data/finwhales/final2025_resnet_20260423/multispecies_calltype_experiments/prep_runs/multispecies_prep_balanced100_availaudio_20260430T120219Z/ICLISTENHF6016_20250105T054000.000Z.flac,0.000000,10.000000,,,,,,,,,,,,,,,,,,,,,,,,,primary_adjacent_gap,primary_adjacent_gap,ONC
ICLISTENHF6016_20250105T054000.000Z_gap_0001_30.0s_40.0s,/project/6070467/merileo/data/finwhales/final2025_resnet_20260423/multispecies_calltype_experiments/prep_runs/multispecies_prep_balanced100_availaudio_20260430T120219Z/ICLISTENHF6016_20250105T054000.000Z.flac,,,,,,10.000000,onc_primary_adjacent_gap,candidate_primary_adjacent_gap,/project/6070467/merileo/data/finwhales/final2025_resnet_20260423/multispecies_calltype_experiments/prep_runs/multispecies_prep_balanced100_availaudio_20260430T120219Z/ICLISTENHF6016_20250105T054000.000Z.flac,,,,1,train,,,,,/project/6070467/merileo/data/finwhales/final2025_resnet_20260423/multispecies_calltype_experiments/prep_runs/multispecies_prep_balanced100_availaudio_20260430T120219Z/ICLISTENHF6016_20250105T054000.000Z.flac,/project/6070467/merileo/data/finwhales/final2025_resnet_20260423/multispecies_calltype_experiments/prep_runs/multispecies_prep_balanced100_availaudio_20260430T120219Z/ICLISTENHF6016_20250105T054000.000Z.flac,30.000000,40.000000,,,,,,,,,,,,,,,,,,,,,,,,,primary_adjacent_gap,primary_adjacent_gap,ONC
ICLISTENHF6016_20250105T054000.000Z_gap_0002_55.1s_65.1s,/project/6070467/merileo/data/finwhales/final2025_resnet_20260423/multispecies_calltype_experiments/prep_runs/multispecies_prep_balanced100_availaudio_20260430T120219Z/ICLISTENHF6016_20250105T054000.000Z.flac,,,,,,10.000000,onc_primary_adjacent_gap,candidate_primary_adjacent_gap,/project/6070467/merileo/data/finwhales/final2025_resnet_20260423/multispecies_calltype_experiments/prep_runs/multispecies_prep_balanced100_availaudio_20260430T120219Z/ICLISTENHF6016_20250105T054000.000Z.flac,,,,1,train,,,,,/project/6070467/merileo/data/finwhales/final2025_resnet_20260423/multispecies_calltype_experiments/prep_runs/multispecies_prep_balanced100_availaudio_20260430T120219Z/ICLISTENHF6016_20250105T054000.000Z.flac,/project/6070467/merileo/data/finwhales/final2025_resnet_20260423/multispecies_calltype_experiments/prep_runs/multispecies_prep_balanced100_availaudio_20260430T120219Z/ICLISTENHF6016_20250105T054000.000Z.flac,55.100000,65.100000,,,,,,,,,,,,,,,,,,,,,,,,,primary_adjacent_gap,primary_adjacent_gap,ONC
ICLISTENHF6016_20250105T061000.000Z_gap_0000_0.0s_10.0s,/project/6070467/merileo/data/finwhales/final2025_resnet_20260423/multispecies_calltype_experiments/prep_runs/multispecies_prep_balanced100_availaudio_20260430T120219Z/ICLISTENHF6016_20250105T061000.000Z.flac,,,,,,10.000000,onc_primary_adjacent_gap,candidate_primary_adjacent_gap,/project/6070467/merileo/data/finwhales/final2025_resnet_20260423/multispecies_calltype_experiments/prep_runs/multispecies_prep_balanced100_availaudio_20260430T120219Z/ICLISTENHF6016_20250105T061000.000Z.flac,,,,1,train,,,,,/project/6070467/merileo/data/finwhales/final2025_resnet_20260423/multispecies_calltype_experiments/prep_runs/multispecies_prep_balanced100_availaudio_20260430T120219Z/ICLISTENHF6016_20250105T061000.000Z.flac,/project/6070467/merileo/data/finwhales/final2025_resnet_20260423/multispecies_calltype_experiments/prep_runs/multispecies_prep_balanced100_availaudio_20260430T120219Z/ICLISTENHF6016_20250105T061000.000Z.flac,0.000000,10.000000,,,,,,,,,,,,,,,,,,,,,,,,,primary_adjacent_gap,primary_adjacent_gap,ONC
ICLISTENHF6016_20250105T061000.000Z_gap_0001_30.0s_40.0s,/project/6070467/merileo/data/finwhales/final2025_resnet_20260423/multispecies_calltype_experiments/prep_runs/multispecies_prep_balanced100_availaudio_20260430T120219Z/ICLISTENHF6016_20250105T061000.000Z.flac,,,,,,10.000000,onc_primary_adjacent_gap,candidate_primary_adjacent_gap,/project/6070467/merileo/data/finwhales/final2025_resnet_20260423/multispecies_calltype_experiments/prep_runs/multispecies_prep_balanced100_availaudio_20260430T120219Z/ICLISTENHF6016_20250105T061000.000Z.flac,,,,1,train,,,,,/project/6070467/merileo/data/finwhales/final2025_resnet_20260423/multispecies_calltype_experiments/prep_runs/multispecies_prep_balanced100_availaudio_20260430T120219Z/ICLISTENHF6016_20250105T061000.000Z.flac,/project/6070467/merileo/data/finwhales/final2025_resnet_20260423/multispecies_calltype_experiments/prep_runs/multispecies_prep_balanced100_availaudio_20260430T120219Z/ICLISTENHF6016_20250105T061000.000Z.flac,30.000000,40.000000,,,,,,,,,,,,,,,,,,,,,,,,,primary_adjacent_gap,primary_adjacent_gap,ONC
ICLISTENHF6016_20250105T061000.000Z_gap_0002_60.0s_70.0s,/project/6070467/merileo/data/finwhales/final2025_resnet_20260423/multispecies_calltype_experiments/prep_runs/multispecies_prep_balanced100_availaudio_20260430T120219Z/ICLISTENHF6016_20250105T061000.000Z.flac,,,,,,10.000000,onc_primary_adjacent_gap,candidate_primary_adjacent_gap,/project/6070467/merileo/data/finwhales/final2025_resnet_20260423/multispecies_calltype_experiments/prep_runs/multispecies_prep_balanced100_availaudio_20260430T120219Z/ICLISTENHF6016_20250105T061000.000Z.flac,,,,1,train,,,,,/project/6070467/merileo/data/finwhales/final2025_resnet_20260423/multispecies_calltype_experiments/prep_runs/multispecies_prep_balanced100_availaudio_20260430T120219Z/ICLISTENHF6016_20250105T061000.000Z.flac,/project/6070467/merileo/data/finwhales/final2025_resnet_20260423/multispecies_calltype_experiments/prep_runs/multispecies_prep_balanced100_availaudio_20260430T120219Z/ICLISTENHF6016_20250105T061000.000Z.flac,60.000000,70.000000,,,,,,,,,,,,,,,,,,,,,,,,,primary_adjacent_gap,primary_adjacent_gap,ONC
ICLISTENHF6016_20250105T070000.000Z_gap_0000_0.0s_10.0s,/project/6070467/merileo/data/finwhales/final2025_resnet_20260423/multispecies_calltype_experiments/prep_runs/multispecies_prep_balanced100_availaudio_20260430T120219Z/ICLISTENHF6016_20250105T070000.000Z.flac,,,,,,10.000000,onc_primary_adjacent_gap,candidate_primary_adjacent_gap,/project/6070467/merileo/data/finwhales/final2025_resnet_20260423/multispecies_calltype_experiments/prep_runs/multispecies_prep_balanced100_availaudio_20260430T120219Z/ICLISTENHF6016_20250105T070000.000Z.flac,,,,1,train,,,,,/project/6070467/merileo/data/finwhales/final2025_resnet_20260423/multispecies_calltype_experiments/prep_runs/multispecies_prep_balanced100_availaudio_20260430T120219Z/ICLISTENHF6016_20250105T070000.000Z.flac,/project/6070467/merileo/data/finwhales/final2025_resnet_20260423/multispecies_calltype_experiments/prep_runs/multispecies_prep_balanced100_availaudio_20260430T120219Z/ICLISTENHF6016_20250105T070000.000Z.flac,0.000000,10.000000,,,,,,,,,,,,,,,,,,,,,,,,,primary_adjacent_gap,primary_adjacent_gap,ONC
ICLISTENHF6016_20250105T070000.000Z_gap_0001_30.0s_40.0s,/project/6070467/merileo/data/finwhales/final2025_resnet_20260423/multispecies_calltype_experiments/prep_runs/multispecies_prep_balanced100_availaudio_20260430T120219Z/ICLISTENHF6016_20250105T070000.000Z.flac,,,,,,10.000000,onc_primary_adjacent_gap,candidate_primary_adjacent_gap,/project/6070467/merileo/data/finwhales/final2025_resnet_20260423/multispecies_calltype_experiments/prep_runs/multispecies_prep_balanced100_availaudio_20260430T120219Z/ICLISTENHF6016_20250105T070000.000Z.flac,,,,1,train,,,,,/project/6070467/merileo/data/finwhales/final2025_resnet_20260423/multispecies_calltype_experiments/prep_runs/multispecies_prep_balanced100_availaudio_20260430T120219Z/ICLISTENHF6016_20250105T070000.000Z.flac,/project/6070467/merileo/data/finwhales/final2025_resnet_20260423/multispecies_calltype_experiments/prep_runs/multispecies_prep_balanced100_availaudio_20260430T120219Z/ICLISTENHF6016_20250105T070000.000Z.flac,30.000000,40.000000,,,,,,,,,,,,,,,,,,,,,,,,,primary_adjacent_gap,primary_adjacent_gap,ONC
ICLISTENHF6016_20250105T070000.000Z_gap_0002_53.4s_63.4s,/project/6070467/merileo/data/finwhales/final2025_resnet_20260423/multispecies_calltype_experiments/prep_runs/multispecies_prep_balanced100_availaudio_20260430T120219Z/ICLISTENHF6016_20250105T070000.000Z.flac,,,,,,10.000000,onc_primary_adjacent_gap,candidate_primary_adjacent_gap,/project/6070467/merileo/data/finwhales/final2025_resnet_20260423/multispecies_calltype_experiments/prep_runs/multispecies_prep_balanced100_availaudio_20260430T120219Z/ICLISTENHF6016_20250105T070000.000Z.flac,,,,1,train,,,,,/project/6070467/merileo/data/finwhales/final2025_resnet_20260423/multispecies_calltype_experiments/prep_runs/multispecies_prep_balanced100_availaudio_20260430T120219Z/ICLISTENHF6016_20250105T070000.000Z.flac,/project/6070467/merileo/data/finwhales/final2025_resnet_20260423/multispecies_calltype_experiments/prep_runs/multispecies_prep_balanced100_availaudio_20260430T120219Z/ICLISTENHF6016_20250105T070000.000Z.flac,53.400000,63.400000,,,,,,,,,,,,,,,,,,,,,,,,,primary_adjacent_gap,primary_adjacent_gap,ONC
ICLISTENHF6016_20250105T074000.000Z_gap_0000_0.0s_10.0s,/project/6070467/merileo/data/finwhales/final2025_resnet_20260423/multispecies_calltype_experiments/prep_runs/multispecies_prep_balanced100_availaudio_20260430T120219Z/ICLISTENHF6016_20250105T074000.000Z.flac,,,,,,10.000000,onc_primary_adjacent_gap,candidate_primary_adjacent_gap,/project/6070467/merileo/data/finwhales/final2025_resnet_20260423/multispecies_calltype_experiments/prep_runs/multispecies_prep_balanced100_availaudio_20260430T120219Z/ICLISTENHF6016_20250105T074000.000Z.flac,,,,1,train,,,,,/project/6070467/merileo/data/finwhales/final2025_resnet_20260423/multispecies_calltype_experiments/prep_runs/multispecies_prep_balanced100_availaudio_20260430T120219Z/ICLISTENHF6016_20250105T074000.000Z.flac,/project/6070467/merileo/data/finwhales/final2025_resnet_20260423/multispecies_calltype_experiments/prep_runs/multispecies_prep_balanced100_availaudio_20260430T120219Z/ICLISTENHF6016_20250105T074000.000Z.flac,0.000000,10.000000,,,,,,,,,,,,,,,,,,,,,,,,,primary_adjacent_gap,primary_adjacent_gap,ONC
ICLISTENHF6016_20250105T074000.000Z_gap_0001_30.0s_40.0s,/project/6070467/merileo/data/finwhales/final2025_resnet_20260423/multispecies_calltype_experiments/prep_runs/multispecies_prep_balanced100_availaudio_20260430T120219Z/ICLISTENHF6016_20250105T074000.000Z.flac,,,,,,10.000000,onc_primary_adjacent_gap,candidate_primary_adjacent_gap,/project/6070467/merileo/data/finwhales/final2025_resnet_20260423/multispecies_calltype_experiments/prep_runs/multispecies_prep_balanced100_availaudio_20260430T120219Z/ICLISTENHF6016_20250105T074000.000Z.flac,,,,1,train,,,,,/project/6070467/merileo/data/finwhales/final2025_resnet_20260423/multispecies_calltype_experiments/prep_runs/multispecies_prep_balanced100_availaudio_20260430T120219Z/ICLISTENHF6016_20250105T074000.000Z.flac,/project/6070467/merileo/data/finwhales/final2025_resnet_20260423/multispecies_calltype_experiments/prep_runs/multispecies_prep_balanced100_availaudio_20260430T120219Z/ICLISTENHF6016_20250105T074000.000Z.flac,30.000000,40.000000,,,,,,,,,,,,,,,,,,,,,,,,,primary_adjacent_gap,primary_adjacent_gap,ONC
ICLISTENHF6016_20250105T074000.000Z_gap_0002_60.0s_70.0s,/project/6070467/merileo/data/finwhales/final2025_resnet_20260423/multispecies_calltype_experiments/prep_runs/multispecies_prep_balanced100_availaudio_20260430T120219Z/ICLISTENHF6016_20250105T074000.000Z.flac,,,,,,10.000000,onc_primary_adjacent_gap,candidate_primary_adjacent_gap,/project/6070467/merileo/data/finwhales/final2025_resnet_20260423/multispecies_calltype_experiments/prep_runs/multispecies_prep_balanced100_availaudio_20260430T120219Z/ICLISTENHF6016_20250105T074000.000Z.flac,,,,1,train,,,,,/project/6070467/merileo/data/finwhales/final2025_resnet_20260423/multispecies_calltype_experiments/prep_runs/multispecies_prep_balanced100_availaudio_20260430T120219Z/ICLISTENHF6016_20250105T074000.000Z.flac,/project/6070467/merileo/data/finwhales/final2025_resnet_20260423/multispecies_calltype_experiments/prep_runs/multispecies_prep_balanced100_availaudio_20260430T120219Z/ICLISTENHF6016_20250105T074000.000Z.flac,60.000000,70.000000,,,,,,,,,,,,,,,,,,,,,,,,,primary_adjacent_gap,primary_adjacent_gap,ONC
ICLISTENHF6016_20250105T090000.000Z_gap_0000_0.0s_10.0s,/project/6070467/merileo/data/finwhales/final2025_resnet_20260423/multispecies_calltype_experiments/prep_runs/multispecies_prep_balanced100_availaudio_20260430T120219Z/ICLISTENHF6016_20250105T090000.000Z.flac,,,,,,10.000000,onc_primary_adjacent_gap,candidate_primary_adjacent_gap,/project/6070467/merileo/data/finwhales/final2025_resnet_20260423/multispecies_calltype_experiments/prep_runs/multispecies_prep_balanced100_availaudio_20260430T120219Z/ICLISTENHF6016_20250105T090000.000Z.flac,,,,1,val,,,,,/project/6070467/merileo/data/finwhales/final2025_resnet_20260423/multispecies_calltype_experiments/prep_runs/multispecies_prep_balanced100_availaudio_20260430T120219Z/ICLISTENHF6016_20250105T090000.000Z.flac,/project/6070467/merileo/data/finwhales/final2025_resnet_20260423/multispecies_calltype_experiments/prep_runs/multispecies_prep_balanced100_availaudio_20260430T120219Z/ICLISTENHF6016_20250105T090000.000Z.flac,0.000000,10.000000,,,,,,,,,,,,,,,,,,,,,,,,,primary_adjacent_gap,primary_adjacent_gap,ONC
ICLISTENHF6016_20250105T090000.000Z_gap_0001_30.0s_40.0s,/project/6070467/merileo/data/finwhales/final2025_resnet_20260423/multispecies_calltype_experiments/prep_runs/multispecies_prep_balanced100_availaudio_20260430T120219Z/ICLISTENHF6016_20250105T090000.000Z.flac,,,,,,10.000000,onc_primary_adjacent_gap,candidate_primary_adjacent_gap,/project/6070467/merileo/data/finwhales/final2025_resnet_20260423/multispecies_calltype_experiments/prep_runs/multispecies_prep_balanced100_availaudio_20260430T120219Z/ICLISTENHF6016_20250105T090000.000Z.flac,,,,1,val,,,,,/project/6070467/merileo/data/finwhales/final2025_resnet_20260423/multispecies_calltype_experiments/prep_runs/multispecies_prep_balanced100_availaudio_20260430T120219Z/ICLISTENHF6016_20250105T090000.000Z.flac,/project/6070467/merileo/data/finwhales/final2025_resnet_20260423/multispecies_calltype_experiments/prep_runs/multispecies_prep_balanced100_availaudio_20260430T120219Z/ICLISTENHF6016_20250105T090000.000Z.flac,30.000000,40.000000,,,,,,,,,,,,,,,,,,,,,,,,,primary_adjacent_gap,primary_adjacent_gap,ONC
ICLISTENHF6016_20250105T090000.000Z_gap_0002_60.0s_70.0s,/project/6070467/merileo/data/finwhales/final2025_resnet_20260423/multispecies_calltype_experiments/prep_runs/multispecies_prep_balanced100_availaudio_20260430T120219Z/ICLISTENHF6016_20250105T090000.000Z.flac,,,,,,10.000000,onc_primary_adjacent_gap,candidate_primary_adjacent_gap,/project/6070467/merileo/data/finwhales/final2025_resnet_20260423/multispecies_calltype_experiments/prep_runs/multispecies_prep_balanced100_availaudio_20260430T120219Z/ICLISTENHF6016_20250105T090000.000Z.flac,,,,1,val,,,,,/project/6070467/merileo/data/finwhales/final2025_resnet_20260423/multispecies_calltype_experiments/prep_runs/multispecies_prep_balanced100_availaudio_20260430T120219Z/ICLISTENHF6016_20250105T090000.000Z.flac,/project/6070467/merileo/data/finwhales/final2025_resnet_20260423/multispecies_calltype_experiments/prep_runs/multispecies_prep_balanced100_availaudio_20260430T120219Z/ICLISTENHF6016_20250105T090000.000Z.flac,60.000000,70.000000,,,,,,,,,,,,,,,,,,,,,,,,,primary_adjacent_gap,primary_adjacent_gap,ONC
ICLISTENHF6016_20250105T100000.000Z_gap_0000_0.0s_10.0s,/project/6070467/merileo/data/finwhales/final2025_resnet_20260423/multispecies_calltype_experiments/prep_runs/multispecies_prep_balanced100_availaudio_20260430T120219Z/ICLISTENHF6016_20250105T100000.000Z.flac,,,,,,10.000000,onc_primary_adjacent_gap,candidate_primary_adjacent_gap,/project/6070467/merileo/data/finwhales/final2025_resnet_20260423/multispecies_calltype_experiments/prep_runs/multispecies_prep_balanced100_availaudio_20260430T120219Z/ICLISTENHF6016_20250105T100000.000Z.flac,,,,1,train,,,,,/project/6070467/merileo/data/finwhales/final2025_resnet_20260423/multispecies_calltype_experiments/prep_runs/multispecies_prep_balanced100_availaudio_20260430T120219Z/ICLISTENHF6016_20250105T100000.000Z.flac,/project/6070467/merileo/data/finwhales/final2025_resnet_20260423/multispecies_calltype_experiments/prep_runs/multispecies_prep_balanced100_availaudio_20260430T120219Z/ICLISTENHF6016_20250105T100000.000Z.flac,0.000000,10.000000,,,,,,,,,,,,,,,,,,,,,,,,,primary_adjacent_gap,primary_adjacent_gap,ONC
ICLISTENHF6016_20250105T100000.000Z_gap_0001_30.0s_40.0s,/project/6070467/merileo/data/finwhales/final2025_resnet_20260423/multispecies_calltype_experiments/prep_runs/multispecies_prep_balanced100_availaudio_20260430T120219Z/ICLISTENHF6016_20250105T100000.000Z.flac,,,,,,10.000000,onc_primary_adjacent_gap,candidate_primary_adjacent_gap,/project/6070467/merileo/data/finwhales/final2025_resnet_20260423/multispecies_calltype_experiments/prep_runs/multispecies_prep_balanced100_availaudio_20260430T120219Z/ICLISTENHF6016_20250105T100000.000Z.flac,,,,1,train,,,,,/project/6070467/merileo/data/finwhales/final2025_resnet_20260423/multispecies_calltype_experiments/prep_runs/multispecies_prep_balanced100_availaudio_20260430T120219Z/ICLISTENHF6016_20250105T100000.000Z.flac,/project/6070467/merileo/data/finwhales/final2025_resnet_20260423/multispecies_calltype_experiments/prep_runs/multispecies_prep_balanced100_availaudio_20260430T120219Z/ICLISTENHF6016_20250105T100000.000Z.flac,30.000000,40.000000,,,,,,,,,,,,,,,,,,,,,,,,,primary_adjacent_gap,primary_adjacent_gap,ONC
ICLISTENHF6016_20250105T100000.000Z_gap_0002_60.0s_70.0s,/project/6070467/merileo/data/finwhales/final2025_resnet_20260423/multispecies_calltype_experiments/prep_runs/multispecies_prep_balanced100_availaudio_20260430T120219Z/ICLISTENHF6016_20250105T100000.000Z.flac,,,,,,10.000000,onc_primary_adjacent_gap,candidate_primary_adjacent_gap,/project/6070467/merileo/data/finwhales/final2025_resnet_20260423/multispecies_calltype_experiments/prep_runs/multispecies_prep_balanced100_availaudio_20260430T120219Z/ICLISTENHF6016_20250105T100000.000Z.flac,,,,1,train,,,,,/project/6070467/merileo/data/finwhales/final2025_resnet_20260423/multispecies_calltype_experiments/prep_runs/multispecies_prep_balanced100_availaudio_20260430T120219Z/ICLISTENHF6016_20250105T100000.000Z.flac,/project/6070467/merileo/data/finwhales/final2025_resnet_20260423/multispecies_calltype_experiments/prep_runs/multispecies_prep_balanced100_availaudio_20260430T120219Z/ICLISTENHF6016_20250105T100000.000Z.flac,60.000000,70.000000,,,,,,,,,,,,,,,,,,,,,,,,,primary_adjacent_gap,primary_adjacent_gap,ONC
ICLISTENHF6016_20250105T130000.000Z_gap_0000_0.0s_10.0s,/project/6070467/merileo/data/finwhales/final2025_resnet_20260423/multispecies_calltype_experiments/prep_runs/multispecies_prep_balanced100_availaudio_20260430T120219Z/ICLISTENHF6016_20250105T130000.000Z.flac,,,,,,10.000000,onc_primary_adjacent_gap,candidate_primary_adjacent_gap,/project/6070467/merileo/data/finwhales/final2025_resnet_20260423/multispecies_calltype_experiments/prep_runs/multispecies_prep_balanced100_availaudio_20260430T120219Z/ICLISTENHF6016_20250105T130000.000Z.flac,,,,1,train,,,,,/project/6070467/merileo/data/finwhales/final2025_resnet_20260423/multispecies_calltype_experiments/prep_runs/multispecies_prep_balanced100_availaudio_20260430T120219Z/ICLISTENHF6016_20250105T130000.000Z.flac,/project/6070467/merileo/data/finwhales/final2025_resnet_20260423/multispecies_calltype_experiments/prep_runs/multispecies_prep_balanced100_availaudio_20260430T120219Z/ICLISTENHF6016_20250105T130000.000Z.flac,0.000000,10.000000,,,,,,,,,,,,,,,,,,,,,,,,,primary_adjacent_gap,primary_adjacent_gap,ONC
ICLISTENHF6016_20250105T130000.000Z_gap_0001_28.9s_38.9s,/project/6070467/merileo/data/finwhales/final2025_resnet_20260423/multispecies_calltype_experiments/prep_runs/multispecies_prep_balanced100_availaudio_20260430T120219Z/ICLISTENHF6016_20250105T130000.000Z.flac,,,,,,10.000000,onc_primary_adjacent_gap,candidate_primary_adjacent_gap,/project/6070467/merileo/data/finwhales/final2025_resnet_20260423/multispecies_calltype_experiments/prep_runs/multispecies_prep_balanced100_availaudio_20260430T120219Z/ICLISTENHF6016_20250105T130000.000Z.flac,,,,1,train,,,,,/project/6070467/merileo/data/finwhales/final2025_resnet_20260423/multispecies_calltype_experiments/prep_runs/multispecies_prep_balanced100_availaudio_20260430T120219Z/ICLISTENHF6016_20250105T130000.000Z.flac,/project/6070467/merileo/data/finwhales/final2025_resnet_20260423/multispecies_calltype_experiments/prep_runs/multispecies_prep_balanced100_availaudio_20260430T120219Z/ICLISTENHF6016_20250105T130000.000Z.flac,28.900000,38.900000,,,,,,,,,,,,,,,,,,,,,,,,,primary_adjacent_gap,primary_adjacent_gap,ONC
ICLISTENHF6016_20250105T130000.000Z_gap_0002_54.0s_64.0s,/project/6070467/merileo/data/finwhales/final2025_resnet_20260423/multispecies_calltype_experiments/prep_runs/multispecies_prep_balanced100_availaudio_20260430T120219Z/ICLISTENHF6016_20250105T130000.000Z.flac,,,,,,10.000000,onc_primary_adjacent_gap,candidate_primary_adjacent_gap,/project/6070467/merileo/data/finwhales/final2025_resnet_20260423/multispecies_calltype_experiments/prep_runs/multispecies_prep_balanced100_availaudio_20260430T120219Z/ICLISTENHF6016_20250105T130000.000Z.flac,,,,1,train,,,,,/project/6070467/merileo/data/finwhales/final2025_resnet_20260423/multispecies_calltype_experiments/prep_runs/multispecies_prep_balanced100_availaudio_20260430T120219Z/ICLISTENHF6016_20250105T130000.000Z.flac,/project/6070467/merileo/data/finwhales/final2025_resnet_20260423/multispecies_calltype_experiments/prep_runs/multispecies_prep_balanced100_availaudio_20260430T120219Z/ICLISTENHF6016_20250105T130000.000Z.flac,54.000000,64.000000,,,,,,,,,,,,,,,,,,,,,,,,,primary_adjacent_gap,primary_adjacent_gap,ONC
ICLISTENHF6016_20250105T150000.000Z_gap_0000_0.0s_10.0s,/project/6070467/merileo/data/finwhales/final2025_resnet_20260423/multispecies_calltype_experiments/prep_runs/multispecies_prep_balanced100_availaudio_20260430T120219Z/ICLISTENHF6016_20250105T150000.000Z.flac,,,,,,10.000000,onc_primary_adjacent_gap,candidate_primary_adjacent_gap,/project/6070467/merileo/data/finwhales/final2025_resnet_20260423/multispecies_calltype_experiments/prep_runs/multispecies_prep_balanced100_availaudio_20260430T120219Z/ICLISTENHF6016_20250105T150000.000Z.flac,,,,1,train,,,,,/project/6070467/merileo/data/finwhales/final2025_resnet_20260423/multispecies_calltype_experiments/prep_runs/multispecies_prep_balanced100_availaudio_20260430T120219Z/ICLISTENHF6016_20250105T150000.000Z.flac,/project/6070467/merileo/data/finwhales/final2025_resnet_20260423/multispecies_calltype_experiments/prep_runs/multispecies_prep_balanced100_availaudio_20260430T120219Z/ICLISTENHF6016_20250105T150000.000Z.flac,0.000000,10.000000,,,,,,,,,,,,,,,,,,,,,,,,,primary_adjacent_gap,primary_adjacent_gap,ONC
ICLISTENHF6016_20250105T150000.000Z_gap_0001_12.5s_22.5s,/project/6070467/merileo/data/finwhales/final2025_resnet_20260423/multispecies_calltype_experiments/prep_runs/multispecies_prep_balanced100_availaudio_20260430T120219Z/ICLISTENHF6016_20250105T150000.000Z.flac,,,,,,10.000000,onc_primary_adjacent_gap,candidate_primary_adjacent_gap,/project/6070467/merileo/data/finwhales/final2025_resnet_20260423/multispecies_calltype_experiments/prep_runs/multispecies_prep_balanced100_availaudio_20260430T120219Z/ICLISTENHF6016_20250105T150000.000Z.flac,,,,1,train,,,,,/project/6070467/merileo/data/finwhales/final2025_resnet_20260423/multispecies_calltype_experiments/prep_runs/multispecies_prep_balanced100_availaudio_20260430T120219Z/ICLISTENHF6016_20250105T150000.000Z.flac,/project/6070467/merileo/data/finwhales/final2025_resnet_20260423/multispecies_calltype_experiments/prep_runs/multispecies_prep_balanced100_availaudio_20260430T120219Z/ICLISTENHF6016_20250105T150000.000Z.flac,12.500000,22.500000,,,,,,,,,,,,,,,,,,,,,,,,,primary_adjacent_gap,primary_adjacent_gap,ONC
ICLISTENHF6016_20250105T150000.000Z_gap_0002_44.0s_54.0s,/project/6070467/merileo/data/finwhales/final2025_resnet_20260423/multispecies_calltype_experiments/prep_runs/multispecies_prep_balanced100_availaudio_20260430T120219Z/ICLISTENHF6016_20250105T150000.000Z.flac,,,,,,10.000000,onc_primary_adjacent_gap,candidate_primary_adjacent_gap,/project/6070467/merileo/data/finwhales/final2025_resnet_20260423/multispecies_calltype_experiments/prep_runs/multispecies_prep_balanced100_availaudio_20260430T120219Z/ICLISTENHF6016_20250105T150000.000Z.flac,,,,1,train,,,,,/project/6070467/merileo/data/finwhales/final2025_resnet_20260423/multispecies_calltype_experiments/prep_runs/multispecies_prep_balanced100_availaudio_20260430T120219Z/ICLISTENHF6016_20250105T150000.000Z.flac,/project/6070467/merileo/data/finwhales/final2025_resnet_20260423/multispecies_calltype_experiments/prep_runs/multispecies_prep_balanced100_availaudio_20260430T120219Z/ICLISTENHF6016_20250105T150000.000Z.flac,44.000000,54.000000,,,,,,,,,,,,,,,,,,,,,,,,,primary_adjacent_gap,primary_adjacent_gap,ONC
ICLISTENHF6016_20250105T180000.000Z_gap_0000_0.0s_10.0s,/project/6070467/merileo/data/finwhales/final2025_resnet_20260423/multispecies_calltype_experiments/prep_runs/multispecies_prep_balanced100_availaudio_20260430T120219Z/ICLISTENHF6016_20250105T180000.000Z.flac,,,,,,10.000000,onc_primary_adjacent_gap,candidate_primary_adjacent_gap,/project/6070467/merileo/data/finwhales/final2025_resnet_20260423/multispecies_calltype_experiments/prep_runs/multispecies_prep_balanced100_availaudio_20260430T120219Z/ICLISTENHF6016_20250105T180000.000Z.flac,,,,1,train,,,,,/project/6070467/merileo/data/finwhales/final2025_resnet_20260423/multispecies_calltype_experiments/prep_runs/multispecies_prep_balanced100_availaudio_20260430T120219Z/ICLISTENHF6016_20250105T180000.000Z.flac,/project/6070467/merileo/data/finwhales/final2025_resnet_20260423/multispecies_calltype_experiments/prep_runs/multispecies_prep_balanced100_availaudio_20260430T120219Z/ICLISTENHF6016_20250105T180000.000Z.flac,0.000000,10.000000,,,,,,,,,,,,,,,,,,,,,,,,,primary_adjacent_gap,primary_adjacent_gap,ONC
ICLISTENHF6016_20250105T180000.000Z_gap_0001_30.0s_40.0s,/project/6070467/merileo/data/finwhales/final2025_resnet_20260423/multispecies_calltype_experiments/prep_runs/multispecies_prep_balanced100_availaudio_20260430T120219Z/ICLISTENHF6016_20250105T180000.000Z.flac,,,,,,10.000000,onc_primary_adjacent_gap,candidate_primary_adjacent_gap,/project/6070467/merileo/data/finwhales/final2025_resnet_20260423/multispecies_calltype_experiments/prep_runs/multispecies_prep_balanced100_availaudio_20260430T120219Z/ICLISTENHF6016_20250105T180000.000Z.flac,,,,1,train,,,,,/project/6070467/merileo/data/finwhales/final2025_resnet_20260423/multispecies_calltype_experiments/prep_runs/multispecies_prep_balanced100_availaudio_20260430T120219Z/ICLISTENHF6016_20250105T180000.000Z.flac,/project/6070467/merileo/data/finwhales/final2025_resnet_20260423/multispecies_calltype_experiments/prep_runs/multispecies_prep_balanced100_availaudio_20260430T120219Z/ICLISTENHF6016_20250105T180000.000Z.flac,30.000000,40.000000,,,,,,,,,,,,,,,,,,,,,,,,,primary_adjacent_gap,primary_adjacent_gap,ONC
ICLISTENHF6016_20250105T180000.000Z_gap_0002_60.0s_70.0s,/project/6070467/merileo/data/finwhales/final2025_resnet_20260423/multispecies_calltype_experiments/prep_runs/multispecies_prep_balanced100_availaudio_20260430T120219Z/ICLISTENHF6016_20250105T180000.000Z.flac,,,,,,10.000000,onc_primary_adjacent_gap,candidate_primary_adjacent_gap,/project/6070467/merileo/data/finwhales/final2025_resnet_20260423/multispecies_calltype_experiments/prep_runs/multispecies_prep_balanced100_availaudio_20260430T120219Z/ICLISTENHF6016_20250105T180000.000Z.flac,,,,1,train,,,,,/project/6070467/merileo/data/finwhales/final2025_resnet_20260423/multispecies_calltype_experiments/prep_runs/multispecies_prep_balanced100_availaudio_20260430T120219Z/ICLISTENHF6016_20250105T180000.000Z.flac,/project/6070467/merileo/data/finwhales/final2025_resnet_20260423/multispecies_calltype_experiments/prep_runs/multispecies_prep_balanced100_availaudio_20260430T120219Z/ICLISTENHF6016_20250105T180000.000Z.flac,60.000000,70.000000,,,,,,,,,,,,,,,,,,,,,,,,,primary_adjacent_gap,primary_adjacent_gap,ONC
ICLISTENHF6016_20250105T190000.000Z_gap_0000_0.0s_10.0s,/project/6070467/merileo/data/finwhales/final2025_resnet_20260423/multispecies_calltype_experiments/prep_runs/multispecies_prep_balanced100_availaudio_20260430T120219Z/ICLISTENHF6016_20250105T190000.000Z.flac,,,,,,10.000000,onc_primary_adjacent_gap,candidate_primary_adjacent_gap,/project/6070467/merileo/data/finwhales/final2025_resnet_20260423/multispecies_calltype_experiments/prep_runs/multispecies_prep_balanced100_availaudio_20260430T120219Z/ICLISTENHF6016_20250105T190000.000Z.flac,,,,1,train,,,,,/project/6070467/merileo/data/finwhales/final2025_resnet_20260423/multispecies_calltype_experiments/prep_runs/multispecies_prep_balanced100_availaudio_20260430T120219Z/ICLISTENHF6016_20250105T190000.000Z.flac,/project/6070467/merileo/data/finwhales/final2025_resnet_20260423/multispecies_calltype_experiments/prep_runs/multispecies_prep_balanced100_availaudio_20260430T120219Z/ICLISTENHF6016_20250105T190000.000Z.flac,0.000000,10.000000,,,,,,,,,,,,,,,,,,,,,,,,,primary_adjacent_gap,primary_adjacent_gap,ONC
ICLISTENHF6016_20250105T190000.000Z_gap_0001_20.4s_30.4s,/project/6070467/merileo/data/finwhales/final2025_resnet_20260423/multispecies_calltype_experiments/prep_runs/multispecies_prep_balanced100_availaudio_20260430T120219Z/ICLISTENHF6016_20250105T190000.000Z.flac,,,,,,10.000000,onc_primary_adjacent_gap,candidate_primary_adjacent_gap,/project/6070467/merileo/data/finwhales/final2025_resnet_20260423/multispecies_calltype_experiments/prep_runs/multispecies_prep_balanced100_availaudio_20260430T120219Z/ICLISTENHF6016_20250105T190000.000Z.flac,,,,1,train,,,,,/project/6070467/merileo/data/finwhales/final2025_resnet_20260423/multispecies_calltype_experiments/prep_runs/multispecies_prep_balanced100_availaudio_20260430T120219Z/ICLISTENHF6016_20250105T190000.000Z.flac,/project/6070467/merileo/data/finwhales/final2025_resnet_20260423/multispecies_calltype_experiments/prep_runs/multispecies_prep_balanced100_availaudio_20260430T120219Z/ICLISTENHF6016_20250105T190000.000Z.flac,20.400000,30.400000,,,,,,,,,,,,,,,,,,,,,,,,,primary_adjacent_gap,primary_adjacent_gap,ONC
ICLISTENHF6016_20250105T190000.000Z_gap_0002_47.6s_57.6s,/project/6070467/merileo/data/finwhales/final2025_resnet_20260423/multispecies_calltype_experiments/prep_runs/multispecies_prep_balanced100_availaudio_20260430T120219Z/ICLISTENHF6016_20250105T190000.000Z.flac,,,,,,10.000000,onc_primary_adjacent_gap,candidate_primary_adjacent_gap,/project/6070467/merileo/data/finwhales/final2025_resnet_20260423/multispecies_calltype_experiments/prep_runs/multispecies_prep_balanced100_availaudio_20260430T120219Z/ICLISTENHF6016_20250105T190000.000Z.flac,,,,1,train,,,,,/project/6070467/merileo/data/finwhales/final2025_resnet_20260423/multispecies_calltype_experiments/prep_runs/multispecies_prep_balanced100_availaudio_20260430T120219Z/ICLISTENHF6016_20250105T190000.000Z.flac,/project/6070467/merileo/data/finwhales/final2025_resnet_20260423/multispecies_calltype_experiments/prep_runs/multispecies_prep_balanced100_availaudio_20260430T120219Z/ICLISTENHF6016_20250105T190000.000Z.flac,47.600000,57.600000,,,,,,,,,,,,,,,,,,,,,,,,,primary_adjacent_gap,primary_adjacent_gap,ONC
ICLISTENHF6016_20250110T030000.000Z_gap_0000_0.0s_10.0s,/project/6070467/merileo/data/finwhales/final2025_resnet_20260423/multispecies_calltype_experiments/prep_runs/multispecies_prep_balanced100_availaudio_20260430T120219Z/ICLISTENHF6016_20250110T030000.000Z.flac,,,,,,10.000000,onc_primary_adjacent_gap,candidate_primary_adjacent_gap,/project/6070467/merileo/data/finwhales/final2025_resnet_20260423/multispecies_calltype_experiments/prep_runs/multispecies_prep_balanced100_availaudio_20260430T120219Z/ICLISTENHF6016_20250110T030000.000Z.flac,,,,1,train,,,,,/project/6070467/merileo/data/finwhales/final2025_resnet_20260423/multispecies_calltype_experiments/prep_runs/multispecies_prep_balanced100_availaudio_20260430T120219Z/ICLISTENHF6016_20250110T030000.000Z.flac,/project/6070467/merileo/data/finwhales/final2025_resnet_20260423/multispecies_calltype_experiments/prep_runs/multispecies_prep_balanced100_availaudio_20260430T120219Z/ICLISTENHF6016_20250110T030000.000Z.flac,0.000000,10.000000,,,,,,,,,,,,,,,,,,,,,,,,,primary_adjacent_gap,primary_adjacent_gap,ONC
ICLISTENHF6016_20250110T030000.000Z_gap_0001_30.0s_40.0s,/project/6070467/merileo/data/finwhales/final2025_resnet_20260423/multispecies_calltype_experiments/prep_runs/multispecies_prep_balanced100_availaudio_20260430T120219Z/ICLISTENHF6016_20250110T030000.000Z.flac,,,,,,10.000000,onc_primary_adjacent_gap,candidate_primary_adjacent_gap,/project/6070467/merileo/data/finwhales/final2025_resnet_20260423/multispecies_calltype_experiments/prep_runs/multispecies_prep_balanced100_availaudio_20260430T120219Z/ICLISTENHF6016_20250110T030000.000Z.flac,,,,1,train,,,,,/project/6070467/merileo/data/finwhales/final2025_resnet_20260423/multispecies_calltype_experiments/prep_runs/multispecies_prep_balanced100_availaudio_20260430T120219Z/ICLISTENHF6016_20250110T030000.000Z.flac,/project/6070467/merileo/data/finwhales/final2025_resnet_20260423/multispecies_calltype_experiments/prep_runs/multispecies_prep_balanced100_availaudio_20260430T120219Z/ICLISTENHF6016_20250110T030000.000Z.flac,30.000000,40.000000,,,,,,,,,,,,,,,,,,,,,,,,,primary_adjacent_gap,primary_adjacent_gap,ONC
ICLISTENHF6016_20250110T030000.000Z_gap_0002_60.0s_70.0s,/project/6070467/merileo/data/finwhales/final2025_resnet_20260423/multispecies_calltype_experiments/prep_runs/multispecies_prep_balanced100_availaudio_20260430T120219Z/ICLISTENHF6016_20250110T030000.000Z.flac,,,,,,10.000000,onc_primary_adjacent_gap,candidate_primary_adjacent_gap,/project/6070467/merileo/data/finwhales/final2025_resnet_20260423/multispecies_calltype_experiments/prep_runs/multispecies_prep_balanced100_availaudio_20260430T120219Z/ICLISTENHF6016_20250110T030000.000Z.flac,,,,1,train,,,,,/project/6070467/merileo/data/finwhales/final2025_resnet_20260423/multispecies_calltype_experiments/prep_runs/multispecies_prep_balanced100_availaudio_20260430T120219Z/ICLISTENHF6016_20250110T030000.000Z.flac,/project/6070467/merileo/data/finwhales/final2025_resnet_20260423/multispecies_calltype_experiments/prep_runs/multispecies_prep_balanced100_availaudio_20260430T120219Z/ICLISTENHF6016_20250110T030000.000Z.flac,60.000000,70.000000,,,,,,,,,,,,,,,,,,,,,,,,,primary_adjacent_gap,primary_adjacent_gap,ONC
ICLISTENHF6016_20250110T060000.000Z_gap_0000_0.0s_10.0s,/project/6070467/merileo/data/finwhales/final2025_resnet_20260423/multispecies_calltype_experiments/prep_runs/multispecies_prep_balanced100_availaudio_20260430T120219Z/ICLISTENHF6016_20250110T060000.000Z.flac,,,,,,10.000000,onc_primary_adjacent_gap,candidate_primary_adjacent_gap,/project/6070467/merileo/data/finwhales/final2025_resnet_20260423/multispecies_calltype_experiments/prep_runs/multispecies_prep_balanced100_availaudio_20260430T120219Z/ICLISTENHF6016_20250110T060000.000Z.flac,,,,1,train,,,,,/project/6070467/merileo/data/finwhales/final2025_resnet_20260423/multispecies_calltype_experiments/prep_runs/multispecies_prep_balanced100_availaudio_20260430T120219Z/ICLISTENHF6016_20250110T060000.000Z.flac,/project/6070467/merileo/data/finwhales/final2025_resnet_20260423/multispecies_calltype_experiments/prep_runs/multispecies_prep_balanced100_availaudio_20260430T120219Z/ICLISTENHF6016_20250110T060000.000Z.flac,0.000000,10.000000,,,,,,,,,,,,,,,,,,,,,,,,,primary_adjacent_gap,primary_adjacent_gap,ONC
ICLISTENHF6016_20250110T060000.000Z_gap_0001_30.0s_40.0s,/project/6070467/merileo/data/finwhales/final2025_resnet_20260423/multispecies_calltype_experiments/prep_runs/multispecies_prep_balanced100_availaudio_20260430T120219Z/ICLISTENHF6016_20250110T060000.000Z.flac,,,,,,10.000000,onc_primary_adjacent_gap,candidate_primary_adjacent_gap,/project/6070467/merileo/data/finwhales/final2025_resnet_20260423/multispecies_calltype_experiments/prep_runs/multispecies_prep_balanced100_availaudio_20260430T120219Z/ICLISTENHF6016_20250110T060000.000Z.flac,,,,1,train,,,,,/project/6070467/merileo/data/finwhales/final2025_resnet_20260423/multispecies_calltype_experiments/prep_runs/multispecies_prep_balanced100_availaudio_20260430T120219Z/ICLISTENHF6016_20250110T060000.000Z.flac,/project/6070467/merileo/data/finwhales/final2025_resnet_20260423/multispecies_calltype_experiments/prep_runs/multispecies_prep_balanced100_availaudio_20260430T120219Z/ICLISTENHF6016_20250110T060000.000Z.flac,30.000000,40.000000,,,,,,,,,,,,,,,,,,,,,,,,,primary_adjacent_gap,primary_adjacent_gap,ONC
ICLISTENHF6016_20250110T060000.000Z_gap_0002_34.9s_44.9s,/project/6070467/merileo/data/finwhales/final2025_resnet_20260423/multispecies_calltype_experiments/prep_runs/multispecies_prep_balanced100_availaudio_20260430T120219Z/ICLISTENHF6016_20250110T060000.000Z.flac,,,,,,10.000000,onc_primary_adjacent_gap,candidate_primary_adjacent_gap,/project/6070467/merileo/data/finwhales/final2025_resnet_20260423/multispecies_calltype_experiments/prep_runs/multispecies_prep_balanced100_availaudio_20260430T120219Z/ICLISTENHF6016_20250110T060000.000Z.flac,,,,1,train,,,,,/project/6070467/merileo/data/finwhales/final2025_resnet_20260423/multispecies_calltype_experiments/prep_runs/multispecies_prep_balanced100_availaudio_20260430T120219Z/ICLISTENHF6016_20250110T060000.000Z.flac,/project/6070467/merileo/data/finwhales/final2025_resnet_20260423/multispecies_calltype_experiments/prep_runs/multispecies_prep_balanced100_availaudio_20260430T120219Z/ICLISTENHF6016_20250110T060000.000Z.flac,34.900000,44.900000,,,,,,,,,,,,,,,,,,,,,,,,,primary_adjacent_gap,primary_adjacent_gap,ONC
ICLISTENHF6016_20250110T070000.000Z_gap_0000_15.5s_25.5s,/project/6070467/merileo/data/finwhales/final2025_resnet_20260423/multispecies_calltype_experiments/prep_runs/multispecies_prep_balanced100_availaudio_20260430T120219Z/ICLISTENHF6016_20250110T070000.000Z.flac,,,,,,10.000000,onc_primary_adjacent_gap,candidate_primary_adjacent_gap,/project/6070467/merileo/data/finwhales/final2025_resnet_20260423/multispecies_calltype_experiments/prep_runs/multispecies_prep_balanced100_availaudio_20260430T120219Z/ICLISTENHF6016_20250110T070000.000Z.flac,,,,1,val,,,,,/project/6070467/merileo/data/finwhales/final2025_resnet_20260423/multispecies_calltype_experiments/prep_runs/multispecies_prep_balanced100_availaudio_20260430T120219Z/ICLISTENHF6016_20250110T070000.000Z.flac,/project/6070467/merileo/data/finwhales/final2025_resnet_20260423/multispecies_calltype_experiments/prep_runs/multispecies_prep_balanced100_availaudio_20260430T120219Z/ICLISTENHF6016_20250110T070000.000Z.flac,15.500000,25.500000,,,,,,,,,,,,,,,,,,,,,,,,,primary_adjacent_gap,primary_adjacent_gap,ONC
ICLISTENHF6016_20250110T070000.000Z_gap_0001_45.5s_55.5s,/project/6070467/merileo/data/finwhales/final2025_resnet_20260423/multispecies_calltype_experiments/prep_runs/multispecies_prep_balanced100_availaudio_20260430T120219Z/ICLISTENHF6016_20250110T070000.000Z.flac,,,,,,10.000000,onc_primary_adjacent_gap,candidate_primary_adjacent_gap,/project/6070467/merileo/data/finwhales/final2025_resnet_20260423/multispecies_calltype_experiments/prep_runs/multispecies_prep_balanced100_availaudio_20260430T120219Z/ICLISTENHF6016_20250110T070000.000Z.flac,,,,1,val,,,,,/project/6070467/merileo/data/finwhales/final2025_resnet_20260423/multispecies_calltype_experiments/prep_runs/multispecies_prep_balanced100_availaudio_20260430T120219Z/ICLISTENHF6016_20250110T070000.000Z.flac,/project/6070467/merileo/data/finwhales/final2025_resnet_20260423/multispecies_calltype_experiments/prep_runs/multispecies_prep_balanced100_availaudio_20260430T120219Z/ICLISTENHF6016_20250110T070000.000Z.flac,45.500000,55.500000,,,,,,,,,,,,,,,,,,,,,,,,,primary_adjacent_gap,primary_adjacent_gap,ONC
ICLISTENHF6016_20250110T070000.000Z_gap_0002_75.5s_85.5s,/project/6070467/merileo/data/finwhales/final2025_resnet_20260423/multispecies_calltype_experiments/prep_runs/multispecies_prep_balanced100_availaudio_20260430T120219Z/ICLISTENHF6016_20250110T070000.000Z.flac,,,,,,10.000000,onc_primary_adjacent_gap,candidate_primary_adjacent_gap,/project/6070467/merileo/data/finwhales/final2025_resnet_20260423/multispecies_calltype_experiments/prep_runs/multispecies_prep_balanced100_availaudio_20260430T120219Z/ICLISTENHF6016_20250110T070000.000Z.flac,,,,1,val,,,,,/project/6070467/merileo/data/finwhales/final2025_resnet_20260423/multispecies_calltype_experiments/prep_runs/multispecies_prep_balanced100_availaudio_20260430T120219Z/ICLISTENHF6016_20250110T070000.000Z.flac,/project/6070467/merileo/data/finwhales/final2025_resnet_20260423/multispecies_calltype_experiments/prep_runs/multispecies_prep_balanced100_availaudio_20260430T120219Z/ICLISTENHF6016_20250110T070000.000Z.flac,75.500000,85.500000,,,,,,,,,,,,,,,,,,,,,,,,,primary_adjacent_gap,primary_adjacent_gap,ONC
ICLISTENHF6016_20250110T100000.000Z_gap_0000_0.0s_10.0s,/project/6070467/merileo/data/finwhales/final2025_resnet_20260423/multispecies_calltype_experiments/prep_runs/multispecies_prep_balanced100_availaudio_20260430T120219Z/ICLISTENHF6016_20250110T100000.000Z.flac,,,,,,10.000000,onc_primary_adjacent_gap,candidate_primary_adjacent_gap,/project/6070467/merileo/data/finwhales/final2025_resnet_20260423/multispecies_calltype_experiments/prep_runs/multispecies_prep_balanced100_availaudio_20260430T120219Z/ICLISTENHF6016_20250110T100000.000Z.flac,,,,1,train,,,,,/project/6070467/merileo/data/finwhales/final2025_resnet_20260423/multispecies_calltype_experiments/prep_runs/multispecies_prep_balanced100_availaudio_20260430T120219Z/ICLISTENHF6016_20250110T100000.000Z.flac,/project/6070467/merileo/data/finwhales/final2025_resnet_20260423/multispecies_calltype_experiments/prep_runs/multispecies_prep_balanced100_availaudio_20260430T120219Z/ICLISTENHF6016_20250110T100000.000Z.flac,0.000000,10.000000,,,,,,,,,,,,,,,,,,,,,,,,,primary_adjacent_gap,primary_adjacent_gap,ONC
ICLISTENHF6016_20250110T100000.000Z_gap_0001_30.0s_40.0s,/project/6070467/merileo/data/finwhales/final2025_resnet_20260423/multispecies_calltype_experiments/prep_runs/multispecies_prep_balanced100_availaudio_20260430T120219Z/ICLISTENHF6016_20250110T100000.000Z.flac,,,,,,10.000000,onc_primary_adjacent_gap,candidate_primary_adjacent_gap,/project/6070467/merileo/data/finwhales/final2025_resnet_20260423/multispecies_calltype_experiments/prep_runs/multispecies_prep_balanced100_availaudio_20260430T120219Z/ICLISTENHF6016_20250110T100000.000Z.flac,,,,1,train,,,,,/project/6070467/merileo/data/finwhales/final2025_resnet_20260423/multispecies_calltype_experiments/prep_runs/multispecies_prep_balanced100_availaudio_20260430T120219Z/ICLISTENHF6016_20250110T100000.000Z.flac,/project/6070467/merileo/data/finwhales/final2025_resnet_20260423/multispecies_calltype_experiments/prep_runs/multispecies_prep_balanced100_availaudio_20260430T120219Z/ICLISTENHF6016_20250110T100000.000Z.flac,30.000000,40.000000,,,,,,,,,,,,,,,,,,,,,,,,,primary_adjacent_gap,primary_adjacent_gap,ONC
ICLISTENHF6016_20250110T100000.000Z_gap_0002_60.0s_70.0s,/project/6070467/merileo/data/finwhales/final2025_resnet_20260423/multispecies_calltype_experiments/prep_runs/multispecies_prep_balanced100_availaudio_20260430T120219Z/ICLISTENHF6016_20250110T100000.000Z.flac,,,,,,10.000000,onc_primary_adjacent_gap,candidate_primary_adjacent_gap,/project/6070467/merileo/data/finwhales/final2025_resnet_20260423/multispecies_calltype_experiments/prep_runs/multispecies_prep_balanced100_availaudio_20260430T120219Z/ICLISTENHF6016_20250110T100000.000Z.flac,,,,1,train,,,,,/project/6070467/merileo/data/finwhales/final2025_resnet_20260423/multispecies_calltype_experiments/prep_runs/multispecies_prep_balanced100_availaudio_20260430T120219Z/ICLISTENHF6016_20250110T100000.000Z.flac,/project/6070467/merileo/data/finwhales/final2025_resnet_20260423/multispecies_calltype_experiments/prep_runs/multispecies_prep_balanced100_availaudio_20260430T120219Z/ICLISTENHF6016_20250110T100000.000Z.flac,60.000000,70.000000,,,,,,,,,,,,,,,,,,,,,,,,,primary_adjacent_gap,primary_adjacent_gap,ONC
ICLISTENHF6016_20250110T130000.000Z_gap_0000_0.0s_10.0s,/project/6070467/merileo/data/finwhales/final2025_resnet_20260423/multispecies_calltype_experiments/prep_runs/multispecies_prep_balanced100_availaudio_20260430T120219Z/ICLISTENHF6016_20250110T130000.000Z.flac,,,,,,10.000000,onc_primary_adjacent_gap,candidate_primary_adjacent_gap,/project/6070467/merileo/data/finwhales/final2025_resnet_20260423/multispecies_calltype_experiments/prep_runs/multispecies_prep_balanced100_availaudio_20260430T120219Z/ICLISTENHF6016_20250110T130000.000Z.flac,,,,1,train,,,,,/project/6070467/merileo/data/finwhales/final2025_resnet_20260423/multispecies_calltype_experiments/prep_runs/multispecies_prep_balanced100_availaudio_20260430T120219Z/ICLISTENHF6016_20250110T130000.000Z.flac,/project/6070467/merileo/data/finwhales/final2025_resnet_20260423/multispecies_calltype_experiments/prep_runs/multispecies_prep_balanced100_availaudio_20260430T120219Z/ICLISTENHF6016_20250110T130000.000Z.flac,0.000000,10.000000,,,,,,,,,,,,,,,,,,,,,,,,,primary_adjacent_gap,primary_adjacent_gap,ONC
ICLISTENHF6016_20250110T130000.000Z_gap_0001_30.0s_40.0s,/project/6070467/merileo/data/finwhales/final2025_resnet_20260423/multispecies_calltype_experiments/prep_runs/multispecies_prep_balanced100_availaudio_20260430T120219Z/ICLISTENHF6016_20250110T130000.000Z.flac,,,,,,10.000000,onc_primary_adjacent_gap,candidate_primary_adjacent_gap,/project/6070467/merileo/data/finwhales/final2025_resnet_20260423/multispecies_calltype_experiments/prep_runs/multispecies_prep_balanced100_availaudio_20260430T120219Z/ICLISTENHF6016_20250110T130000.000Z.flac,,,,1,train,,,,,/project/6070467/merileo/data/finwhales/final2025_resnet_20260423/multispecies_calltype_experiments/prep_runs/multispecies_prep_balanced100_availaudio_20260430T120219Z/ICLISTENHF6016_20250110T130000.000Z.flac,/project/6070467/merileo/data/finwhales/final2025_resnet_20260423/multispecies_calltype_experiments/prep_runs/multispecies_prep_balanced100_availaudio_20260430T120219Z/ICLISTENHF6016_20250110T130000.000Z.flac,30.000000,40.000000,,,,,,,,,,,,,,,,,,,,,,,,,primary_adjacent_gap,primary_adjacent_gap,ONC
ICLISTENHF6016_20250110T130000.000Z_gap_0002_60.0s_70.0s,/project/6070467/merileo/data/finwhales/final2025_resnet_20260423/multispecies_calltype_experiments/prep_runs/multispecies_prep_balanced100_availaudio_20260430T120219Z/ICLISTENHF6016_20250110T130000.000Z.flac,,,,,,10.000000,onc_primary_adjacent_gap,candidate_primary_adjacent_gap,/project/6070467/merileo/data/finwhales/final2025_resnet_20260423/multispecies_calltype_experiments/prep_runs/multispecies_prep_balanced100_availaudio_20260430T120219Z/ICLISTENHF6016_20250110T130000.000Z.flac,,,,1,train,,,,,/project/6070467/merileo/data/finwhales/final2025_resnet_20260423/multispecies_calltype_experiments/prep_runs/multispecies_prep_balanced100_availaudio_20260430T120219Z/ICLISTENHF6016_20250110T130000.000Z.flac,/project/6070467/merileo/data/finwhales/final2025_resnet_20260423/multispecies_calltype_experiments/prep_runs/multispecies_prep_balanced100_availaudio_20260430T120219Z/ICLISTENHF6016_20250110T130000.000Z.flac,60.000000,70.000000,,,,,,,,,,,,,,,,,,,,,,,,,primary_adjacent_gap,primary_adjacent_gap,ONC
ICLISTENHF6016_20250110T200000.000Z_gap_0000_0.0s_10.0s,/project/6070467/merileo/data/finwhales/final2025_resnet_20260423/multispecies_calltype_experiments/prep_runs/multispecies_prep_balanced100_availaudio_20260430T120219Z/ICLISTENHF6016_20250110T200000.000Z.flac,,,,,,10.000000,onc_primary_adjacent_gap,candidate_primary_adjacent_gap,/project/6070467/merileo/data/finwhales/final2025_resnet_20260423/multispecies_calltype_experiments/prep_runs/multispecies_prep_balanced100_availaudio_20260430T120219Z/ICLISTENHF6016_20250110T200000.000Z.flac,,,,1,test,,,,,/project/6070467/merileo/data/finwhales/final2025_resnet_20260423/multispecies_calltype_experiments/prep_runs/multispecies_prep_balanced100_availaudio_20260430T120219Z/ICLISTENHF6016_20250110T200000.000Z.flac,/project/6070467/merileo/data/finwhales/final2025_resnet_20260423/multispecies_calltype_experiments/prep_runs/multispecies_prep_balanced100_availaudio_20260430T120219Z/ICLISTENHF6016_20250110T200000.000Z.flac,0.000000,10.000000,,,,,,,,,,,,,,,,,,,,,,,,,primary_adjacent_gap,primary_adjacent_gap,ONC
ICLISTENHF6016_20250110T200000.000Z_gap_0001_30.0s_40.0s,/project/6070467/merileo/data/finwhales/final2025_resnet_20260423/multispecies_calltype_experiments/prep_runs/multispecies_prep_balanced100_availaudio_20260430T120219Z/ICLISTENHF6016_20250110T200000.000Z.flac,,,,,,10.000000,onc_primary_adjacent_gap,candidate_primary_adjacent_gap,/project/6070467/merileo/data/finwhales/final2025_resnet_20260423/multispecies_calltype_experiments/prep_runs/multispecies_prep_balanced100_availaudio_20260430T120219Z/ICLISTENHF6016_20250110T200000.000Z.flac,,,,1,test,,,,,/project/6070467/merileo/data/finwhales/final2025_resnet_20260423/multispecies_calltype_experiments/prep_runs/multispecies_prep_balanced100_availaudio_20260430T120219Z/ICLISTENHF6016_20250110T200000.000Z.flac,/project/6070467/merileo/data/finwhales/final2025_resnet_20260423/multispecies_calltype_experiments/prep_runs/multispecies_prep_balanced100_availaudio_20260430T120219Z/ICLISTENHF6016_20250110T200000.000Z.flac,30.000000,40.000000,,,,,,,,,,,,,,,,,,,,,,,,,primary_adjacent_gap,primary_adjacent_gap,ONC
ICLISTENHF6016_20250110T200000.000Z_gap_0002_37.1s_47.1s,/project/6070467/merileo/data/finwhales/final2025_resnet_20260423/multispecies_calltype_experiments/prep_runs/multispecies_prep_balanced100_availaudio_20260430T120219Z/ICLISTENHF6016_20250110T200000.000Z.flac,,,,,,10.000000,onc_primary_adjacent_gap,candidate_primary_adjacent_gap,/project/6070467/merileo/data/finwhales/final2025_resnet_20260423/multispecies_calltype_experiments/prep_runs/multispecies_prep_balanced100_availaudio_20260430T120219Z/ICLISTENHF6016_20250110T200000.000Z.flac,,,,1,test,,,,,/project/6070467/merileo/data/finwhales/final2025_resnet_20260423/multispecies_calltype_experiments/prep_runs/multispecies_prep_balanced100_availaudio_20260430T120219Z/ICLISTENHF6016_20250110T200000.000Z.flac,/project/6070467/merileo/data/finwhales/final2025_resnet_20260423/multispecies_calltype_experiments/prep_runs/multispecies_prep_balanced100_availaudio_20260430T120219Z/ICLISTENHF6016_20250110T200000.000Z.flac,37.100000,47.100000,,,,,,,,,,,,,,,,,,,,,,,,,primary_adjacent_gap,primary_adjacent_gap,ONC
ICLISTENHF6016_20250115T020000.000Z_gap_0000_0.0s_10.0s,/project/6070467/merileo/data/finwhales/final2025_resnet_20260423/multispecies_calltype_experiments/prep_runs/multispecies_prep_balanced100_availaudio_20260430T120219Z/ICLISTENHF6016_20250115T020000.000Z.flac,,,,,,10.000000,onc_primary_adjacent_gap,candidate_primary_adjacent_gap,/project/6070467/merileo/data/finwhales/final2025_resnet_20260423/multispecies_calltype_experiments/prep_runs/multispecies_prep_balanced100_availaudio_20260430T120219Z/ICLISTENHF6016_20250115T020000.000Z.flac,,,,1,train,,,,,/project/6070467/merileo/data/finwhales/final2025_resnet_20260423/multispecies_calltype_experiments/prep_runs/multispecies_prep_balanced100_availaudio_20260430T120219Z/ICLISTENHF6016_20250115T020000.000Z.flac,/project/6070467/merileo/data/finwhales/final2025_resnet_20260423/multispecies_calltype_experiments/prep_runs/multispecies_prep_balanced100_availaudio_20260430T120219Z/ICLISTENHF6016_20250115T020000.000Z.flac,0.000000,10.000000,,,,,,,,,,,,,,,,,,,,,,,,,primary_adjacent_gap,primary_adjacent_gap,ONC
ICLISTENHF6016_20250115T020000.000Z_gap_0001_17.5s_27.5s,/project/6070467/merileo/data/finwhales/final2025_resnet_20260423/multispecies_calltype_experiments/prep_runs/multispecies_prep_balanced100_availaudio_20260430T120219Z/ICLISTENHF6016_20250115T020000.000Z.flac,,,,,,10.000000,onc_primary_adjacent_gap,candidate_primary_adjacent_gap,/project/6070467/merileo/data/finwhales/final2025_resnet_20260423/multispecies_calltype_experiments/prep_runs/multispecies_prep_balanced100_availaudio_20260430T120219Z/ICLISTENHF6016_20250115T020000.000Z.flac,,,,1,train,,,,,/project/6070467/merileo/data/finwhales/final2025_resnet_20260423/multispecies_calltype_experiments/prep_runs/multispecies_prep_balanced100_availaudio_20260430T120219Z/ICLISTENHF6016_20250115T020000.000Z.flac,/project/6070467/merileo/data/finwhales/final2025_resnet_20260423/multispecies_calltype_experiments/prep_runs/multispecies_prep_balanced100_availaudio_20260430T120219Z/ICLISTENHF6016_20250115T020000.000Z.flac,17.500000,27.500000,,,,,,,,,,,,,,,,,,,,,,,,,primary_adjacent_gap,primary_adjacent_gap,ONC
ICLISTENHF6016_20250115T020000.000Z_gap_0002_47.0s_57.0s,/project/6070467/merileo/data/finwhales/final2025_resnet_20260423/multispecies_calltype_experiments/prep_runs/multispecies_prep_balanced100_availaudio_20260430T120219Z/ICLISTENHF6016_20250115T020000.000Z.flac,,,,,,10.000000,onc_primary_adjacent_gap,candidate_primary_adjacent_gap,/project/6070467/merileo/data/finwhales/final2025_resnet_20260423/multispecies_calltype_experiments/prep_runs/multispecies_prep_balanced100_availaudio_20260430T120219Z/ICLISTENHF6016_20250115T020000.000Z.flac,,,,1,train,,,,,/project/6070467/merileo/data/finwhales/final2025_resnet_20260423/multispecies_calltype_experiments/prep_runs/multispecies_prep_balanced100_availaudio_20260430T120219Z/ICLISTENHF6016_20250115T020000.000Z.flac,/project/6070467/merileo/data/finwhales/final2025_resnet_20260423/multispecies_calltype_experiments/prep_runs/multispecies_prep_balanced100_availaudio_20260430T120219Z/ICLISTENHF6016_20250115T020000.000Z.flac,47.000000,57.000000,,,,,,,,,,,,,,,,,,,,,,,,,primary_adjacent_gap,primary_adjacent_gap,ONC
ICLISTENHF6016_20250115T040000.000Z_gap_0000_0.0s_10.0s,/project/6070467/merileo/data/finwhales/final2025_resnet_20260423/multispecies_calltype_experiments/prep_runs/multispecies_prep_balanced100_availaudio_20260430T120219Z/ICLISTENHF6016_20250115T040000.000Z.flac,,,,,,10.000000,onc_primary_adjacent_gap,candidate_primary_adjacent_gap,/project/6070467/merileo/data/finwhales/final2025_resnet_20260423/multispecies_calltype_experiments/prep_runs/multispecies_prep_balanced100_availaudio_20260430T120219Z/ICLISTENHF6016_20250115T040000.000Z.flac,,,,1,test,,,,,/project/6070467/merileo/data/finwhales/final2025_resnet_20260423/multispecies_calltype_experiments/prep_runs/multispecies_prep_balanced100_availaudio_20260430T120219Z/ICLISTENHF6016_20250115T040000.000Z.flac,/project/6070467/merileo/data/finwhales/final2025_resnet_20260423/multispecies_calltype_experiments/prep_runs/multispecies_prep_balanced100_availaudio_20260430T120219Z/ICLISTENHF6016_20250115T040000.000Z.flac,0.000000,10.000000,,,,,,,,,,,,,,,,,,,,,,,,,primary_adjacent_gap,primary_adjacent_gap,ONC
ICLISTENHF6016_20250115T040000.000Z_gap_0001_30.0s_40.0s,/project/6070467/merileo/data/finwhales/final2025_resnet_20260423/multispecies_calltype_experiments/prep_runs/multispecies_prep_balanced100_availaudio_20260430T120219Z/ICLISTENHF6016_20250115T040000.000Z.flac,,,,,,10.000000,onc_primary_adjacent_gap,candidate_primary_adjacent_gap,/project/6070467/merileo/data/finwhales/final2025_resnet_20260423/multispecies_calltype_experiments/prep_runs/multispecies_prep_balanced100_availaudio_20260430T120219Z/ICLISTENHF6016_20250115T040000.000Z.flac,,,,1,test,,,,,/project/6070467/merileo/data/finwhales/final2025_resnet_20260423/multispecies_calltype_experiments/prep_runs/multispecies_prep_balanced100_availaudio_20260430T120219Z/ICLISTENHF6016_20250115T040000.000Z.flac,/project/6070467/merileo/data/finwhales/final2025_resnet_20260423/multispecies_calltype_experiments/prep_runs/multispecies_prep_balanced100_availaudio_20260430T120219Z/ICLISTENHF6016_20250115T040000.000Z.flac,30.000000,40.000000,,,,,,,,,,,,,,,,,,,,,,,,,primary_adjacent_gap,primary_adjacent_gap,ONC
ICLISTENHF6016_20250115T040000.000Z_gap_0002_60.0s_70.0s,/project/6070467/merileo/data/finwhales/final2025_resnet_20260423/multispecies_calltype_experiments/prep_runs/multispecies_prep_balanced100_availaudio_20260430T120219Z/ICLISTENHF6016_20250115T040000.000Z.flac,,,,,,10.000000,onc_primary_adjacent_gap,candidate_primary_adjacent_gap,/project/6070467/merileo/data/finwhales/final2025_resnet_20260423/multispecies_calltype_experiments/prep_runs/multispecies_prep_balanced100_availaudio_20260430T120219Z/ICLISTENHF6016_20250115T040000.000Z.flac,,,,1,test,,,,,/project/6070467/merileo/data/finwhales/final2025_resnet_20260423/multispecies_calltype_experiments/prep_runs/multispecies_prep_balanced100_availaudio_20260430T120219Z/ICLISTENHF6016_20250115T040000.000Z.flac,/project/6070467/merileo/data/finwhales/final2025_resnet_20260423/multispecies_calltype_experiments/prep_runs/multispecies_prep_balanced100_availaudio_20260430T120219Z/ICLISTENHF6016_20250115T040000.000Z.flac,60.000000,70.000000,,,,,,,,,,,,,,,,,,,,,,,,,primary_adjacent_gap,primary_adjacent_gap,ONC
ICLISTENHF6016_20250115T080000.000Z_gap_0000_0.0s_10.0s,/project/6070467/merileo/data/finwhales/final2025_resnet_20260423/multispecies_calltype_experiments/prep_runs/multispecies_prep_balanced100_availaudio_20260430T120219Z/ICLISTENHF6016_20250115T080000.000Z.flac,,,,,,10.000000,onc_primary_adjacent_gap,candidate_primary_adjacent_gap,/project/6070467/merileo/data/finwhales/final2025_resnet_20260423/multispecies_calltype_experiments/prep_runs/multispecies_prep_balanced100_availaudio_20260430T120219Z/ICLISTENHF6016_20250115T080000.000Z.flac,,,,1,train,,,,,/project/6070467/merileo/data/finwhales/final2025_resnet_20260423/multispecies_calltype_experiments/prep_runs/multispecies_prep_balanced100_availaudio_20260430T120219Z/ICLISTENHF6016_20250115T080000.000Z.flac,/project/6070467/merileo/data/finwhales/final2025_resnet_20260423/multispecies_calltype_experiments/prep_runs/multispecies_prep_balanced100_availaudio_20260430T120219Z/ICLISTENHF6016_20250115T080000.000Z.flac,0.000000,10.000000,,,,,,,,,,,,,,,,,,,,,,,,,primary_adjacent_gap,primary_adjacent_gap,ONC
ICLISTENHF6016_20250115T080000.000Z_gap_0001_30.0s_40.0s,/project/6070467/merileo/data/finwhales/final2025_resnet_20260423/multispecies_calltype_experiments/prep_runs/multispecies_prep_balanced100_availaudio_20260430T120219Z/ICLISTENHF6016_20250115T080000.000Z.flac,,,,,,10.000000,onc_primary_adjacent_gap,candidate_primary_adjacent_gap,/project/6070467/merileo/data/finwhales/final2025_resnet_20260423/multispecies_calltype_experiments/prep_runs/multispecies_prep_balanced100_availaudio_20260430T120219Z/ICLISTENHF6016_20250115T080000.000Z.flac,,,,1,train,,,,,/project/6070467/merileo/data/finwhales/final2025_resnet_20260423/multispecies_calltype_experiments/prep_runs/multispecies_prep_balanced100_availaudio_20260430T120219Z/ICLISTENHF6016_20250115T080000.000Z.flac,/project/6070467/merileo/data/finwhales/final2025_resnet_20260423/multispecies_calltype_experiments/prep_runs/multispecies_prep_balanced100_availaudio_20260430T120219Z/ICLISTENHF6016_20250115T080000.000Z.flac,30.000000,40.000000,,,,,,,,,,,,,,,,,,,,,,,,,primary_adjacent_gap,primary_adjacent_gap,ONC
ICLISTENHF6016_20250115T080000.000Z_gap_0002_60.0s_70.0s,/project/6070467/merileo/data/finwhales/final2025_resnet_20260423/multispecies_calltype_experiments/prep_runs/multispecies_prep_balanced100_availaudio_20260430T120219Z/ICLISTENHF6016_20250115T080000.000Z.flac,,,,,,10.000000,onc_primary_adjacent_gap,candidate_primary_adjacent_gap,/project/6070467/merileo/data/finwhales/final2025_resnet_20260423/multispecies_calltype_experiments/prep_runs/multispecies_prep_balanced100_availaudio_20260430T120219Z/ICLISTENHF6016_20250115T080000.000Z.flac,,,,1,train,,,,,/project/6070467/merileo/data/finwhales/final2025_resnet_20260423/multispecies_calltype_experiments/prep_runs/multispecies_prep_balanced100_availaudio_20260430T120219Z/ICLISTENHF6016_20250115T080000.000Z.flac,/project/6070467/merileo/data/finwhales/final2025_resnet_20260423/multispecies_calltype_experiments/prep_runs/multispecies_prep_balanced100_availaudio_20260430T120219Z/ICLISTENHF6016_20250115T080000.000Z.flac,60.000000,70.000000,,,,,,,,,,,,,,,,,,,,,,,,,primary_adjacent_gap,primary_adjacent_gap,ONC
ICLISTENHF6016_20250115T100000.000Z_gap_0000_0.0s_10.0s,/project/6070467/merileo/data/finwhales/final2025_resnet_20260423/multispecies_calltype_experiments/prep_runs/multispecies_prep_balanced100_availaudio_20260430T120219Z/ICLISTENHF6016_20250115T100000.000Z.flac,,,,,,10.000000,onc_primary_adjacent_gap,candidate_primary_adjacent_gap,/project/6070467/merileo/data/finwhales/final2025_resnet_20260423/multispecies_calltype_experiments/prep_runs/multispecies_prep_balanced100_availaudio_20260430T120219Z/ICLISTENHF6016_20250115T100000.000Z.flac,,,,1,train,,,,,/project/6070467/merileo/data/finwhales/final2025_resnet_20260423/multispecies_calltype_experiments/prep_runs/multispecies_prep_balanced100_availaudio_20260430T120219Z/ICLISTENHF6016_20250115T100000.000Z.flac,/project/6070467/merileo/data/finwhales/final2025_resnet_20260423/multispecies_calltype_experiments/prep_runs/multispecies_prep_balanced100_availaudio_20260430T120219Z/ICLISTENHF6016_20250115T100000.000Z.flac,0.000000,10.000000,,,,,,,,,,,,,,,,,,,,,,,,,primary_adjacent_gap,primary_adjacent_gap,ONC
ICLISTENHF6016_20250115T100000.000Z_gap_0001_30.0s_40.0s,/project/6070467/merileo/data/finwhales/final2025_resnet_20260423/multispecies_calltype_experiments/prep_runs/multispecies_prep_balanced100_availaudio_20260430T120219Z/ICLISTENHF6016_20250115T100000.000Z.flac,,,,,,10.000000,onc_primary_adjacent_gap,candidate_primary_adjacent_gap,/project/6070467/merileo/data/finwhales/final2025_resnet_20260423/multispecies_calltype_experiments/prep_runs/multispecies_prep_balanced100_availaudio_20260430T120219Z/ICLISTENHF6016_20250115T100000.000Z.flac,,,,1,train,,,,,/project/6070467/merileo/data/finwhales/final2025_resnet_20260423/multispecies_calltype_experiments/prep_runs/multispecies_prep_balanced100_availaudio_20260430T120219Z/ICLISTENHF6016_20250115T100000.000Z.flac,/project/6070467/merileo/data/finwhales/final2025_resnet_20260423/multispecies_calltype_experiments/prep_runs/multispecies_prep_balanced100_availaudio_20260430T120219Z/ICLISTENHF6016_20250115T100000.000Z.flac,30.000000,40.000000,,,,,,,,,,,,,,,,,,,,,,,,,primary_adjacent_gap,primary_adjacent_gap,ONC
ICLISTENHF6016_20250115T100000.000Z_gap_0002_60.0s_70.0s,/project/6070467/merileo/data/finwhales/final2025_resnet_20260423/multispecies_calltype_experiments/prep_runs/multispecies_prep_balanced100_availaudio_20260430T120219Z/ICLISTENHF6016_20250115T100000.000Z.flac,,,,,,10.000000,onc_primary_adjacent_gap,candidate_primary_adjacent_gap,/project/6070467/merileo/data/finwhales/final2025_resnet_20260423/multispecies_calltype_experiments/prep_runs/multispecies_prep_balanced100_availaudio_20260430T120219Z/ICLISTENHF6016_20250115T100000.000Z.flac,,,,1,train,,,,,/project/6070467/merileo/data/finwhales/final2025_resnet_20260423/multispecies_calltype_experiments/prep_runs/multispecies_prep_balanced100_availaudio_20260430T120219Z/ICLISTENHF6016_20250115T100000.000Z.flac,/project/6070467/merileo/data/finwhales/final2025_resnet_20260423/multispecies_calltype_experiments/prep_runs/multispecies_prep_balanced100_availaudio_20260430T120219Z/ICLISTENHF6016_20250115T100000.000Z.flac,60.000000,70.000000,,,,,,,,,,,,,,,,,,,,,,,,,primary_adjacent_gap,primary_adjacent_gap,ONC
ICLISTENHF6016_20250120T000000.000Z_gap_0000_7.8s_17.8s,/project/6070467/merileo/data/finwhales/final2025_resnet_20260423/multispecies_calltype_experiments/prep_runs/multispecies_prep_balanced100_availaudio_20260430T120219Z/ICLISTENHF6016_20250120T000000.000Z.flac,,,,,,10.000000,onc_primary_adjacent_gap,candidate_primary_adjacent_gap,/project/6070467/merileo/data/finwhales/final2025_resnet_20260423/multispecies_calltype_experiments/prep_runs/multispecies_prep_balanced100_availaudio_20260430T120219Z/ICLISTENHF6016_20250120T000000.000Z.flac,,,,1,train,,,,,/project/6070467/merileo/data/finwhales/final2025_resnet_20260423/multispecies_calltype_experiments/prep_runs/multispecies_prep_balanced100_availaudio_20260430T120219Z/ICLISTENHF6016_20250120T000000.000Z.flac,/project/6070467/merileo/data/finwhales/final2025_resnet_20260423/multispecies_calltype_experiments/prep_runs/multispecies_prep_balanced100_availaudio_20260430T120219Z/ICLISTENHF6016_20250120T000000.000Z.flac,7.800000,17.800000,,,,,,,,,,,,,,,,,,,,,,,,,primary_adjacent_gap,primary_adjacent_gap,ONC
ICLISTENHF6016_20250120T000000.000Z_gap_0001_37.8s_47.8s,/project/6070467/merileo/data/finwhales/final2025_resnet_20260423/multispecies_calltype_experiments/prep_runs/multispecies_prep_balanced100_availaudio_20260430T120219Z/ICLISTENHF6016_20250120T000000.000Z.flac,,,,,,10.000000,onc_primary_adjacent_gap,candidate_primary_adjacent_gap,/project/6070467/merileo/data/finwhales/final2025_resnet_20260423/multispecies_calltype_experiments/prep_runs/multispecies_prep_balanced100_availaudio_20260430T120219Z/ICLISTENHF6016_20250120T000000.000Z.flac,,,,1,train,,,,,/project/6070467/merileo/data/finwhales/final2025_resnet_20260423/multispecies_calltype_experiments/prep_runs/multispecies_prep_balanced100_availaudio_20260430T120219Z/ICLISTENHF6016_20250120T000000.000Z.flac,/project/6070467/merileo/data/finwhales/final2025_resnet_20260423/multispecies_calltype_experiments/prep_runs/multispecies_prep_balanced100_availaudio_20260430T120219Z/ICLISTENHF6016_20250120T000000.000Z.flac,37.800000,47.800000,,,,,,,,,,,,,,,,,,,,,,,,,primary_adjacent_gap,primary_adjacent_gap,ONC
ICLISTENHF6016_20250120T000000.000Z_gap_0002_67.8s_77.8s,/project/6070467/merileo/data/finwhales/final2025_resnet_20260423/multispecies_calltype_experiments/prep_runs/multispecies_prep_balanced100_availaudio_20260430T120219Z/ICLISTENHF6016_20250120T000000.000Z.flac,,,,,,10.000000,onc_primary_adjacent_gap,candidate_primary_adjacent_gap,/project/6070467/merileo/data/finwhales/final2025_resnet_20260423/multispecies_calltype_experiments/prep_runs/multispecies_prep_balanced100_availaudio_20260430T120219Z/ICLISTENHF6016_20250120T000000.000Z.flac,,,,1,train,,,,,/project/6070467/merileo/data/finwhales/final2025_resnet_20260423/multispecies_calltype_experiments/prep_runs/multispecies_prep_balanced100_availaudio_20260430T120219Z/ICLISTENHF6016_20250120T000000.000Z.flac,/project/6070467/merileo/data/finwhales/final2025_resnet_20260423/multispecies_calltype_experiments/prep_runs/multispecies_prep_balanced100_availaudio_20260430T120219Z/ICLISTENHF6016_20250120T000000.000Z.flac,67.800000,77.800000,,,,,,,,,,,,,,,,,,,,,,,,,primary_adjacent_gap,primary_adjacent_gap,ONC
ICLISTENHF6016_20250120T040000.000Z_gap_0000_0.0s_10.0s,/project/6070467/merileo/data/finwhales/final2025_resnet_20260423/multispecies_calltype_experiments/prep_runs/multispecies_prep_balanced100_availaudio_20260430T120219Z/ICLISTENHF6016_20250120T040000.000Z.flac,,,,,,10.000000,onc_primary_adjacent_gap,candidate_primary_adjacent_gap,/project/6070467/merileo/data/finwhales/final2025_resnet_20260423/multispecies_calltype_experiments/prep_runs/multispecies_prep_balanced100_availaudio_20260430T120219Z/ICLISTENHF6016_20250120T040000.000Z.flac,,,,1,train,,,,,/project/6070467/merileo/data/finwhales/final2025_resnet_20260423/multispecies_calltype_experiments/prep_runs/multispecies_prep_balanced100_availaudio_20260430T120219Z/ICLISTENHF6016_20250120T040000.000Z.flac,/project/6070467/merileo/data/finwhales/final2025_resnet_20260423/multispecies_calltype_experiments/prep_runs/multispecies_prep_balanced100_availaudio_20260430T120219Z/ICLISTENHF6016_20250120T040000.000Z.flac,0.000000,10.000000,,,,,,,,,,,,,,,,,,,,,,,,,primary_adjacent_gap,primary_adjacent_gap,ONC
ICLISTENHF6016_20250120T040000.000Z_gap_0001_8.1s_18.1s,/project/6070467/merileo/data/finwhales/final2025_resnet_20260423/multispecies_calltype_experiments/prep_runs/multispecies_prep_balanced100_availaudio_20260430T120219Z/ICLISTENHF6016_20250120T040000.000Z.flac,,,,,,10.000000,onc_primary_adjacent_gap,candidate_primary_adjacent_gap,/project/6070467/merileo/data/finwhales/final2025_resnet_20260423/multispecies_calltype_experiments/prep_runs/multispecies_prep_balanced100_availaudio_20260430T120219Z/ICLISTENHF6016_20250120T040000.000Z.flac,,,,1,train,,,,,/project/6070467/merileo/data/finwhales/final2025_resnet_20260423/multispecies_calltype_experiments/prep_runs/multispecies_prep_balanced100_availaudio_20260430T120219Z/ICLISTENHF6016_20250120T040000.000Z.flac,/project/6070467/merileo/data/finwhales/final2025_resnet_20260423/multispecies_calltype_experiments/prep_runs/multispecies_prep_balanced100_availaudio_20260430T120219Z/ICLISTENHF6016_20250120T040000.000Z.flac,8.100000,18.100000,,,,,,,,,,,,,,,,,,,,,,,,,primary_adjacent_gap,primary_adjacent_gap,ONC
ICLISTENHF6016_20250120T040000.000Z_gap_0002_29.2s_39.2s,/project/6070467/merileo/data/finwhales/final2025_resnet_20260423/multispecies_calltype_experiments/prep_runs/multispecies_prep_balanced100_availaudio_20260430T120219Z/ICLISTENHF6016_20250120T040000.000Z.flac,,,,,,10.000000,onc_primary_adjacent_gap,candidate_primary_adjacent_gap,/project/6070467/merileo/data/finwhales/final2025_resnet_20260423/multispecies_calltype_experiments/prep_runs/multispecies_prep_balanced100_availaudio_20260430T120219Z/ICLISTENHF6016_20250120T040000.000Z.flac,,,,1,train,,,,,/project/6070467/merileo/data/finwhales/final2025_resnet_20260423/multispecies_calltype_experiments/prep_runs/multispecies_prep_balanced100_availaudio_20260430T120219Z/ICLISTENHF6016_20250120T040000.000Z.flac,/project/6070467/merileo/data/finwhales/final2025_resnet_20260423/multispecies_calltype_experiments/prep_runs/multispecies_prep_balanced100_availaudio_20260430T120219Z/ICLISTENHF6016_20250120T040000.000Z.flac,29.200000,39.200000,,,,,,,,,,,,,,,,,,,,,,,,,primary_adjacent_gap,primary_adjacent_gap,ONC
ICLISTENHF6016_20250120T060000.000Z_gap_0000_0.0s_10.0s,/project/6070467/merileo/data/finwhales/final2025_resnet_20260423/multispecies_calltype_experiments/prep_runs/multispecies_prep_balanced100_availaudio_20260430T120219Z/ICLISTENHF6016_20250120T060000.000Z.flac,,,,,,10.000000,onc_primary_adjacent_gap,candidate_primary_adjacent_gap,/project/6070467/merileo/data/finwhales/final2025_resnet_20260423/multispecies_calltype_experiments/prep_runs/multispecies_prep_balanced100_availaudio_20260430T120219Z/ICLISTENHF6016_20250120T060000.000Z.flac,,,,1,test,,,,,/project/6070467/merileo/data/finwhales/final2025_resnet_20260423/multispecies_calltype_experiments/prep_runs/multispecies_prep_balanced100_availaudio_20260430T120219Z/ICLISTENHF6016_20250120T060000.000Z.flac,/project/6070467/merileo/data/finwhales/final2025_resnet_20260423/multispecies_calltype_experiments/prep_runs/multispecies_prep_balanced100_availaudio_20260430T120219Z/ICLISTENHF6016_20250120T060000.000Z.flac,0.000000,10.000000,,,,,,,,,,,,,,,,,,,,,,,,,primary_adjacent_gap,primary_adjacent_gap,ONC
ICLISTENHF6016_20250120T060000.000Z_gap_0001_30.0s_40.0s,/project/6070467/merileo/data/finwhales/final2025_resnet_20260423/multispecies_calltype_experiments/prep_runs/multispecies_prep_balanced100_availaudio_20260430T120219Z/ICLISTENHF6016_20250120T060000.000Z.flac,,,,,,10.000000,onc_primary_adjacent_gap,candidate_primary_adjacent_gap,/project/6070467/merileo/data/finwhales/final2025_resnet_20260423/multispecies_calltype_experiments/prep_runs/multispecies_prep_balanced100_availaudio_20260430T120219Z/ICLISTENHF6016_20250120T060000.000Z.flac,,,,1,test,,,,,/project/6070467/merileo/data/finwhales/final2025_resnet_20260423/multispecies_calltype_experiments/prep_runs/multispecies_prep_balanced100_availaudio_20260430T120219Z/ICLISTENHF6016_20250120T060000.000Z.flac,/project/6070467/merileo/data/finwhales/final2025_resnet_20260423/multispecies_calltype_experiments/prep_runs/multispecies_prep_balanced100_availaudio_20260430T120219Z/ICLISTENHF6016_20250120T060000.000Z.flac,30.000000,40.000000,,,,,,,,,,,,,,,,,,,,,,,,,primary_adjacent_gap,primary_adjacent_gap,ONC
ICLISTENHF6016_20250120T060000.000Z_gap_0002_60.0s_70.0s,/project/6070467/merileo/data/finwhales/final2025_resnet_20260423/multispecies_calltype_experiments/prep_runs/multispecies_prep_balanced100_availaudio_20260430T120219Z/ICLISTENHF6016_20250120T060000.000Z.flac,,,,,,10.000000,onc_primary_adjacent_gap,candidate_primary_adjacent_gap,/project/6070467/merileo/data/finwhales/final2025_resnet_20260423/multispecies_calltype_experiments/prep_runs/multispecies_prep_balanced100_availaudio_20260430T120219Z/ICLISTENHF6016_20250120T060000.000Z.flac,,,,1,test,,,,,/project/6070467/merileo/data/finwhales/final2025_resnet_20260423/multispecies_calltype_experiments/prep_runs/multispecies_prep_balanced100_availaudio_20260430T120219Z/ICLISTENHF6016_20250120T060000.000Z.flac,/project/6070467/merileo/data/finwhales/final2025_resnet_20260423/multispecies_calltype_experiments/prep_runs/multispecies_prep_balanced100_availaudio_20260430T120219Z/ICLISTENHF6016_20250120T060000.000Z.flac,60.000000,70.000000,,,,,,,,,,,,,,,,,,,,,,,,,primary_adjacent_gap,primary_adjacent_gap,ONC
ICLISTENHF6016_20250120T090000.000Z_gap_0000_0.0s_10.0s,/project/6070467/merileo/data/finwhales/final2025_resnet_20260423/multispecies_calltype_experiments/prep_runs/multispecies_prep_balanced100_availaudio_20260430T120219Z/ICLISTENHF6016_20250120T090000.000Z.flac,,,,,,10.000000,onc_primary_adjacent_gap,candidate_primary_adjacent_gap,/project/6070467/merileo/data/finwhales/final2025_resnet_20260423/multispecies_calltype_experiments/prep_runs/multispecies_prep_balanced100_availaudio_20260430T120219Z/ICLISTENHF6016_20250120T090000.000Z.flac,,,,1,train,,,,,/project/6070467/merileo/data/finwhales/final2025_resnet_20260423/multispecies_calltype_experiments/prep_runs/multispecies_prep_balanced100_availaudio_20260430T120219Z/ICLISTENHF6016_20250120T090000.000Z.flac,/project/6070467/merileo/data/finwhales/final2025_resnet_20260423/multispecies_calltype_experiments/prep_runs/multispecies_prep_balanced100_availaudio_20260430T120219Z/ICLISTENHF6016_20250120T090000.000Z.flac,0.000000,10.000000,,,,,,,,,,,,,,,,,,,,,,,,,primary_adjacent_gap,primary_adjacent_gap,ONC
ICLISTENHF6016_20250120T090000.000Z_gap_0001_30.0s_40.0s,/project/6070467/merileo/data/finwhales/final2025_resnet_20260423/multispecies_calltype_experiments/prep_runs/multispecies_prep_balanced100_availaudio_20260430T120219Z/ICLISTENHF6016_20250120T090000.000Z.flac,,,,,,10.000000,onc_primary_adjacent_gap,candidate_primary_adjacent_gap,/project/6070467/merileo/data/finwhales/final2025_resnet_20260423/multispecies_calltype_experiments/prep_runs/multispecies_prep_balanced100_availaudio_20260430T120219Z/ICLISTENHF6016_20250120T090000.000Z.flac,,,,1,train,,,,,/project/6070467/merileo/data/finwhales/final2025_resnet_20260423/multispecies_calltype_experiments/prep_runs/multispecies_prep_balanced100_availaudio_20260430T120219Z/ICLISTENHF6016_20250120T090000.000Z.flac,/project/6070467/merileo/data/finwhales/final2025_resnet_20260423/multispecies_calltype_experiments/prep_runs/multispecies_prep_balanced100_availaudio_20260430T120219Z/ICLISTENHF6016_20250120T090000.000Z.flac,30.000000,40.000000,,,,,,,,,,,,,,,,,,,,,,,,,primary_adjacent_gap,primary_adjacent_gap,ONC
ICLISTENHF6016_20250120T090000.000Z_gap_0002_60.0s_70.0s,/project/6070467/merileo/data/finwhales/final2025_resnet_20260423/multispecies_calltype_experiments/prep_runs/multispecies_prep_balanced100_availaudio_20260430T120219Z/ICLISTENHF6016_20250120T090000.000Z.flac,,,,,,10.000000,onc_primary_adjacent_gap,candidate_primary_adjacent_gap,/project/6070467/merileo/data/finwhales/final2025_resnet_20260423/multispecies_calltype_experiments/prep_runs/multispecies_prep_balanced100_availaudio_20260430T120219Z/ICLISTENHF6016_20250120T090000.000Z.flac,,,,1,train,,,,,/project/6070467/merileo/data/finwhales/final2025_resnet_20260423/multispecies_calltype_experiments/prep_runs/multispecies_prep_balanced100_availaudio_20260430T120219Z/ICLISTENHF6016_20250120T090000.000Z.flac,/project/6070467/merileo/data/finwhales/final2025_resnet_20260423/multispecies_calltype_experiments/prep_runs/multispecies_prep_balanced100_availaudio_20260430T120219Z/ICLISTENHF6016_20250120T090000.000Z.flac,60.000000,70.000000,,,,,,,,,,,,,,,,,,,,,,,,,primary_adjacent_gap,primary_adjacent_gap,ONC
ICLISTENHF6016_20250120T120000.000Z_gap_0000_0.0s_10.0s,/project/6070467/merileo/data/finwhales/final2025_resnet_20260423/multispecies_calltype_experiments/prep_runs/multispecies_prep_balanced100_availaudio_20260430T120219Z/ICLISTENHF6016_20250120T120000.000Z.flac,,,,,,10.000000,onc_primary_adjacent_gap,candidate_primary_adjacent_gap,/project/6070467/merileo/data/finwhales/final2025_resnet_20260423/multispecies_calltype_experiments/prep_runs/multispecies_prep_balanced100_availaudio_20260430T120219Z/ICLISTENHF6016_20250120T120000.000Z.flac,,,,1,train,,,,,/project/6070467/merileo/data/finwhales/final2025_resnet_20260423/multispecies_calltype_experiments/prep_runs/multispecies_prep_balanced100_availaudio_20260430T120219Z/ICLISTENHF6016_20250120T120000.000Z.flac,/project/6070467/merileo/data/finwhales/final2025_resnet_20260423/multispecies_calltype_experiments/prep_runs/multispecies_prep_balanced100_availaudio_20260430T120219Z/ICLISTENHF6016_20250120T120000.000Z.flac,0.000000,10.000000,,,,,,,,,,,,,,,,,,,,,,,,,primary_adjacent_gap,primary_adjacent_gap,ONC
ICLISTENHF6016_20250120T120000.000Z_gap_0001_30.0s_40.0s,/project/6070467/merileo/data/finwhales/final2025_resnet_20260423/multispecies_calltype_experiments/prep_runs/multispecies_prep_balanced100_availaudio_20260430T120219Z/ICLISTENHF6016_20250120T120000.000Z.flac,,,,,,10.000000,onc_primary_adjacent_gap,candidate_primary_adjacent_gap,/project/6070467/merileo/data/finwhales/final2025_resnet_20260423/multispecies_calltype_experiments/prep_runs/multispecies_prep_balanced100_availaudio_20260430T120219Z/ICLISTENHF6016_20250120T120000.000Z.flac,,,,1,train,,,,,/project/6070467/merileo/data/finwhales/final2025_resnet_20260423/multispecies_calltype_experiments/prep_runs/multispecies_prep_balanced100_availaudio_20260430T120219Z/ICLISTENHF6016_20250120T120000.000Z.flac,/project/6070467/merileo/data/finwhales/final2025_resnet_20260423/multispecies_calltype_experiments/prep_runs/multispecies_prep_balanced100_availaudio_20260430T120219Z/ICLISTENHF6016_20250120T120000.000Z.flac,30.000000,40.000000,,,,,,,,,,,,,,,,,,,,,,,,,primary_adjacent_gap,primary_adjacent_gap,ONC
ICLISTENHF6016_20250120T120000.000Z_gap_0002_60.0s_70.0s,/project/6070467/merileo/data/finwhales/final2025_resnet_20260423/multispecies_calltype_experiments/prep_runs/multispecies_prep_balanced100_availaudio_20260430T120219Z/ICLISTENHF6016_20250120T120000.000Z.flac,,,,,,10.000000,onc_primary_adjacent_gap,candidate_primary_adjacent_gap,/project/6070467/merileo/data/finwhales/final2025_resnet_20260423/multispecies_calltype_experiments/prep_runs/multispecies_prep_balanced100_availaudio_20260430T120219Z/ICLISTENHF6016_20250120T120000.000Z.flac,,,,1,train,,,,,/project/6070467/merileo/data/finwhales/final2025_resnet_20260423/multispecies_calltype_experiments/prep_runs/multispecies_prep_balanced100_availaudio_20260430T120219Z/ICLISTENHF6016_20250120T120000.000Z.flac,/project/6070467/merileo/data/finwhales/final2025_resnet_20260423/multispecies_calltype_experiments/prep_runs/multispecies_prep_balanced100_availaudio_20260430T120219Z/ICLISTENHF6016_20250120T120000.000Z.flac,60.000000,70.000000,,,,,,,,,,,,,,,,,,,,,,,,,primary_adjacent_gap,primary_adjacent_gap,ONC
ICLISTENHF6016_20250120T140000.000Z_gap_0000_7.3s_17.3s,/project/6070467/merileo/data/finwhales/final2025_resnet_20260423/multispecies_calltype_experiments/prep_runs/multispecies_prep_balanced100_availaudio_20260430T120219Z/ICLISTENHF6016_20250120T140000.000Z.flac,,,,,,10.000000,onc_primary_adjacent_gap,candidate_primary_adjacent_gap,/project/6070467/merileo/data/finwhales/final2025_resnet_20260423/multispecies_calltype_experiments/prep_runs/multispecies_prep_balanced100_availaudio_20260430T120219Z/ICLISTENHF6016_20250120T140000.000Z.flac,,,,1,train,,,,,/project/6070467/merileo/data/finwhales/final2025_resnet_20260423/multispecies_calltype_experiments/prep_runs/multispecies_prep_balanced100_availaudio_20260430T120219Z/ICLISTENHF6016_20250120T140000.000Z.flac,/project/6070467/merileo/data/finwhales/final2025_resnet_20260423/multispecies_calltype_experiments/prep_runs/multispecies_prep_balanced100_availaudio_20260430T120219Z/ICLISTENHF6016_20250120T140000.000Z.flac,7.300000,17.300000,,,,,,,,,,,,,,,,,,,,,,,,,primary_adjacent_gap,primary_adjacent_gap,ONC
ICLISTENHF6016_20250120T140000.000Z_gap_0001_37.3s_47.3s,/project/6070467/merileo/data/finwhales/final2025_resnet_20260423/multispecies_calltype_experiments/prep_runs/multispecies_prep_balanced100_availaudio_20260430T120219Z/ICLISTENHF6016_20250120T140000.000Z.flac,,,,,,10.000000,onc_primary_adjacent_gap,candidate_primary_adjacent_gap,/project/6070467/merileo/data/finwhales/final2025_resnet_20260423/multispecies_calltype_experiments/prep_runs/multispecies_prep_balanced100_availaudio_20260430T120219Z/ICLISTENHF6016_20250120T140000.000Z.flac,,,,1,train,,,,,/project/6070467/merileo/data/finwhales/final2025_resnet_20260423/multispecies_calltype_experiments/prep_runs/multispecies_prep_balanced100_availaudio_20260430T120219Z/ICLISTENHF6016_20250120T140000.000Z.flac,/project/6070467/merileo/data/finwhales/final2025_resnet_20260423/multispecies_calltype_experiments/prep_runs/multispecies_prep_balanced100_availaudio_20260430T120219Z/ICLISTENHF6016_20250120T140000.000Z.flac,37.300000,47.300000,,,,,,,,,,,,,,,,,,,,,,,,,primary_adjacent_gap,primary_adjacent_gap,ONC
ICLISTENHF6016_20250120T140000.000Z_gap_0002_67.3s_77.3s,/project/6070467/merileo/data/finwhales/final2025_resnet_20260423/multispecies_calltype_experiments/prep_runs/multispecies_prep_balanced100_availaudio_20260430T120219Z/ICLISTENHF6016_20250120T140000.000Z.flac,,,,,,10.000000,onc_primary_adjacent_gap,candidate_primary_adjacent_gap,/project/6070467/merileo/data/finwhales/final2025_resnet_20260423/multispecies_calltype_experiments/prep_runs/multispecies_prep_balanced100_availaudio_20260430T120219Z/ICLISTENHF6016_20250120T140000.000Z.flac,,,,1,train,,,,,/project/6070467/merileo/data/finwhales/final2025_resnet_20260423/multispecies_calltype_experiments/prep_runs/multispecies_prep_balanced100_availaudio_20260430T120219Z/ICLISTENHF6016_20250120T140000.000Z.flac,/project/6070467/merileo/data/finwhales/final2025_resnet_20260423/multispecies_calltype_experiments/prep_runs/multispecies_prep_balanced100_availaudio_20260430T120219Z/ICLISTENHF6016_20250120T140000.000Z.flac,67.300000,77.300000,,,,,,,,,,,,,,,,,,,,,,,,,primary_adjacent_gap,primary_adjacent_gap,ONC
ICLISTENHF6016_20250120T160000.000Z_gap_0000_18.9s_28.9s,/project/6070467/merileo/data/finwhales/final2025_resnet_20260423/multispecies_calltype_experiments/prep_runs/multispecies_prep_balanced100_availaudio_20260430T120219Z/ICLISTENHF6016_20250120T160000.000Z.flac,,,,,,10.000000,onc_primary_adjacent_gap,candidate_primary_adjacent_gap,/project/6070467/merileo/data/finwhales/final2025_resnet_20260423/multispecies_calltype_experiments/prep_runs/multispecies_prep_balanced100_availaudio_20260430T120219Z/ICLISTENHF6016_20250120T160000.000Z.flac,,,,1,train,,,,,/project/6070467/merileo/data/finwhales/final2025_resnet_20260423/multispecies_calltype_experiments/prep_runs/multispecies_prep_balanced100_availaudio_20260430T120219Z/ICLISTENHF6016_20250120T160000.000Z.flac,/project/6070467/merileo/data/finwhales/final2025_resnet_20260423/multispecies_calltype_experiments/prep_runs/multispecies_prep_balanced100_availaudio_20260430T120219Z/ICLISTENHF6016_20250120T160000.000Z.flac,18.900000,28.900000,,,,,,,,,,,,,,,,,,,,,,,,,primary_adjacent_gap,primary_adjacent_gap,ONC
ICLISTENHF6016_20250120T160000.000Z_gap_0001_48.9s_58.9s,/project/6070467/merileo/data/finwhales/final2025_resnet_20260423/multispecies_calltype_experiments/prep_runs/multispecies_prep_balanced100_availaudio_20260430T120219Z/ICLISTENHF6016_20250120T160000.000Z.flac,,,,,,10.000000,onc_primary_adjacent_gap,candidate_primary_adjacent_gap,/project/6070467/merileo/data/finwhales/final2025_resnet_20260423/multispecies_calltype_experiments/prep_runs/multispecies_prep_balanced100_availaudio_20260430T120219Z/ICLISTENHF6016_20250120T160000.000Z.flac,,,,1,train,,,,,/project/6070467/merileo/data/finwhales/final2025_resnet_20260423/multispecies_calltype_experiments/prep_runs/multispecies_prep_balanced100_availaudio_20260430T120219Z/ICLISTENHF6016_20250120T160000.000Z.flac,/project/6070467/merileo/data/finwhales/final2025_resnet_20260423/multispecies_calltype_experiments/prep_runs/multispecies_prep_balanced100_availaudio_20260430T120219Z/ICLISTENHF6016_20250120T160000.000Z.flac,48.900000,58.900000,,,,,,,,,,,,,,,,,,,,,,,,,primary_adjacent_gap,primary_adjacent_gap,ONC
ICLISTENHF6016_20250120T160000.000Z_gap_0002_78.9s_88.9s,/project/6070467/merileo/data/finwhales/final2025_resnet_20260423/multispecies_calltype_experiments/prep_runs/multispecies_prep_balanced100_availaudio_20260430T120219Z/ICLISTENHF6016_20250120T160000.000Z.flac,,,,,,10.000000,onc_primary_adjacent_gap,candidate_primary_adjacent_gap,/project/6070467/merileo/data/finwhales/final2025_resnet_20260423/multispecies_calltype_experiments/prep_runs/multispecies_prep_balanced100_availaudio_20260430T120219Z/ICLISTENHF6016_20250120T160000.000Z.flac,,,,1,train,,,,,/project/6070467/merileo/data/finwhales/final2025_resnet_20260423/multispecies_calltype_experiments/prep_runs/multispecies_prep_balanced100_availaudio_20260430T120219Z/ICLISTENHF6016_20250120T160000.000Z.flac,/project/6070467/merileo/data/finwhales/final2025_resnet_20260423/multispecies_calltype_experiments/prep_runs/multispecies_prep_balanced100_availaudio_20260430T120219Z/ICLISTENHF6016_20250120T160000.000Z.flac,78.900000,88.900000,,,,,,,,,,,,,,,,,,,,,,,,,primary_adjacent_gap,primary_adjacent_gap,ONC
ICLISTENHF6016_20250120T170000.000Z_gap_0000_0.0s_10.0s,/project/6070467/merileo/data/finwhales/final2025_resnet_20260423/multispecies_calltype_experiments/prep_runs/multispecies_prep_balanced100_availaudio_20260430T120219Z/ICLISTENHF6016_20250120T170000.000Z.flac,,,,,,10.000000,onc_primary_adjacent_gap,candidate_primary_adjacent_gap,/project/6070467/merileo/data/finwhales/final2025_resnet_20260423/multispecies_calltype_experiments/prep_runs/multispecies_prep_balanced100_availaudio_20260430T120219Z/ICLISTENHF6016_20250120T170000.000Z.flac,,,,1,train,,,,,/project/6070467/merileo/data/finwhales/final2025_resnet_20260423/multispecies_calltype_experiments/prep_runs/multispecies_prep_balanced100_availaudio_20260430T120219Z/ICLISTENHF6016_20250120T170000.000Z.flac,/project/6070467/merileo/data/finwhales/final2025_resnet_20260423/multispecies_calltype_experiments/prep_runs/multispecies_prep_balanced100_availaudio_20260430T120219Z/ICLISTENHF6016_20250120T170000.000Z.flac,0.000000,10.000000,,,,,,,,,,,,,,,,,,,,,,,,,primary_adjacent_gap,primary_adjacent_gap,ONC
ICLISTENHF6016_20250120T170000.000Z_gap_0001_30.0s_40.0s,/project/6070467/merileo/data/finwhales/final2025_resnet_20260423/multispecies_calltype_experiments/prep_runs/multispecies_prep_balanced100_availaudio_20260430T120219Z/ICLISTENHF6016_20250120T170000.000Z.flac,,,,,,10.000000,onc_primary_adjacent_gap,candidate_primary_adjacent_gap,/project/6070467/merileo/data/finwhales/final2025_resnet_20260423/multispecies_calltype_experiments/prep_runs/multispecies_prep_balanced100_availaudio_20260430T120219Z/ICLISTENHF6016_20250120T170000.000Z.flac,,,,1,train,,,,,/project/6070467/merileo/data/finwhales/final2025_resnet_20260423/multispecies_calltype_experiments/prep_runs/multispecies_prep_balanced100_availaudio_20260430T120219Z/ICLISTENHF6016_20250120T170000.000Z.flac,/project/6070467/merileo/data/finwhales/final2025_resnet_20260423/multispecies_calltype_experiments/prep_runs/multispecies_prep_balanced100_availaudio_20260430T120219Z/ICLISTENHF6016_20250120T170000.000Z.flac,30.000000,40.000000,,,,,,,,,,,,,,,,,,,,,,,,,primary_adjacent_gap,primary_adjacent_gap,ONC
ICLISTENHF6016_20250120T170000.000Z_gap_0002_60.0s_70.0s,/project/6070467/merileo/data/finwhales/final2025_resnet_20260423/multispecies_calltype_experiments/prep_runs/multispecies_prep_balanced100_availaudio_20260430T120219Z/ICLISTENHF6016_20250120T170000.000Z.flac,,,,,,10.000000,onc_primary_adjacent_gap,candidate_primary_adjacent_gap,/project/6070467/merileo/data/finwhales/final2025_resnet_20260423/multispecies_calltype_experiments/prep_runs/multispecies_prep_balanced100_availaudio_20260430T120219Z/ICLISTENHF6016_20250120T170000.000Z.flac,,,,1,train,,,,,/project/6070467/merileo/data/finwhales/final2025_resnet_20260423/multispecies_calltype_experiments/prep_runs/multispecies_prep_balanced100_availaudio_20260430T120219Z/ICLISTENHF6016_20250120T170000.000Z.flac,/project/6070467/merileo/data/finwhales/final2025_resnet_20260423/multispecies_calltype_experiments/prep_runs/multispecies_prep_balanced100_availaudio_20260430T120219Z/ICLISTENHF6016_20250120T170000.000Z.flac,60.000000,70.000000,,,,,,,,,,,,,,,,,,,,,,,,,primary_adjacent_gap,primary_adjacent_gap,ONC
ICLISTENHF6016_20250120T180000.000Z_gap_0000_0.0s_10.0s,/project/6070467/merileo/data/finwhales/final2025_resnet_20260423/multispecies_calltype_experiments/prep_runs/multispecies_prep_balanced100_availaudio_20260430T120219Z/ICLISTENHF6016_20250120T180000.000Z.flac,,,,,,10.000000,onc_primary_adjacent_gap,candidate_primary_adjacent_gap,/project/6070467/merileo/data/finwhales/final2025_resnet_20260423/multispecies_calltype_experiments/prep_runs/multispecies_prep_balanced100_availaudio_20260430T120219Z/ICLISTENHF6016_20250120T180000.000Z.flac,,,,1,train,,,,,/project/6070467/merileo/data/finwhales/final2025_resnet_20260423/multispecies_calltype_experiments/prep_runs/multispecies_prep_balanced100_availaudio_20260430T120219Z/ICLISTENHF6016_20250120T180000.000Z.flac,/project/6070467/merileo/data/finwhales/final2025_resnet_20260423/multispecies_calltype_experiments/prep_runs/multispecies_prep_balanced100_availaudio_20260430T120219Z/ICLISTENHF6016_20250120T180000.000Z.flac,0.000000,10.000000,,,,,,,,,,,,,,,,,,,,,,,,,primary_adjacent_gap,primary_adjacent_gap,ONC
ICLISTENHF6016_20250120T180000.000Z_gap_0001_9.2s_19.2s,/project/6070467/merileo/data/finwhales/final2025_resnet_20260423/multispecies_calltype_experiments/prep_runs/multispecies_prep_balanced100_availaudio_20260430T120219Z/ICLISTENHF6016_20250120T180000.000Z.flac,,,,,,10.000000,onc_primary_adjacent_gap,candidate_primary_adjacent_gap,/project/6070467/merileo/data/finwhales/final2025_resnet_20260423/multispecies_calltype_experiments/prep_runs/multispecies_prep_balanced100_availaudio_20260430T120219Z/ICLISTENHF6016_20250120T180000.000Z.flac,,,,1,train,,,,,/project/6070467/merileo/data/finwhales/final2025_resnet_20260423/multispecies_calltype_experiments/prep_runs/multispecies_prep_balanced100_availaudio_20260430T120219Z/ICLISTENHF6016_20250120T180000.000Z.flac,/project/6070467/merileo/data/finwhales/final2025_resnet_20260423/multispecies_calltype_experiments/prep_runs/multispecies_prep_balanced100_availaudio_20260430T120219Z/ICLISTENHF6016_20250120T180000.000Z.flac,9.200000,19.200000,,,,,,,,,,,,,,,,,,,,,,,,,primary_adjacent_gap,primary_adjacent_gap,ONC
ICLISTENHF6016_20250120T180000.000Z_gap_0002_38.7s_48.7s,/project/6070467/merileo/data/finwhales/final2025_resnet_20260423/multispecies_calltype_experiments/prep_runs/multispecies_prep_balanced100_availaudio_20260430T120219Z/ICLISTENHF6016_20250120T180000.000Z.flac,,,,,,10.000000,onc_primary_adjacent_gap,candidate_primary_adjacent_gap,/project/6070467/merileo/data/finwhales/final2025_resnet_20260423/multispecies_calltype_experiments/prep_runs/multispecies_prep_balanced100_availaudio_20260430T120219Z/ICLISTENHF6016_20250120T180000.000Z.flac,,,,1,train,,,,,/project/6070467/merileo/data/finwhales/final2025_resnet_20260423/multispecies_calltype_experiments/prep_runs/multispecies_prep_balanced100_availaudio_20260430T120219Z/ICLISTENHF6016_20250120T180000.000Z.flac,/project/6070467/merileo/data/finwhales/final2025_resnet_20260423/multispecies_calltype_experiments/prep_runs/multispecies_prep_balanced100_availaudio_20260430T120219Z/ICLISTENHF6016_20250120T180000.000Z.flac,38.700000,48.700000,,,,,,,,,,,,,,,,,,,,,,,,,primary_adjacent_gap,primary_adjacent_gap,ONC
ICLISTENHF6016_20250120T190000.000Z_gap_0000_0.0s_10.0s,/project/6070467/merileo/data/finwhales/final2025_resnet_20260423/multispecies_calltype_experiments/prep_runs/multispecies_prep_balanced100_availaudio_20260430T120219Z/ICLISTENHF6016_20250120T190000.000Z.flac,,,,,,10.000000,onc_primary_adjacent_gap,candidate_primary_adjacent_gap,/project/6070467/merileo/data/finwhales/final2025_resnet_20260423/multispecies_calltype_experiments/prep_runs/multispecies_prep_balanced100_availaudio_20260430T120219Z/ICLISTENHF6016_20250120T190000.000Z.flac,,,,1,val,,,,,/project/6070467/merileo/data/finwhales/final2025_resnet_20260423/multispecies_calltype_experiments/prep_runs/multispecies_prep_balanced100_availaudio_20260430T120219Z/ICLISTENHF6016_20250120T190000.000Z.flac,/project/6070467/merileo/data/finwhales/final2025_resnet_20260423/multispecies_calltype_experiments/prep_runs/multispecies_prep_balanced100_availaudio_20260430T120219Z/ICLISTENHF6016_20250120T190000.000Z.flac,0.000000,10.000000,,,,,,,,,,,,,,,,,,,,,,,,,primary_adjacent_gap,primary_adjacent_gap,ONC
ICLISTENHF6016_20250120T190000.000Z_gap_0001_30.0s_40.0s,/project/6070467/merileo/data/finwhales/final2025_resnet_20260423/multispecies_calltype_experiments/prep_runs/multispecies_prep_balanced100_availaudio_20260430T120219Z/ICLISTENHF6016_20250120T190000.000Z.flac,,,,,,10.000000,onc_primary_adjacent_gap,candidate_primary_adjacent_gap,/project/6070467/merileo/data/finwhales/final2025_resnet_20260423/multispecies_calltype_experiments/prep_runs/multispecies_prep_balanced100_availaudio_20260430T120219Z/ICLISTENHF6016_20250120T190000.000Z.flac,,,,1,val,,,,,/project/6070467/merileo/data/finwhales/final2025_resnet_20260423/multispecies_calltype_experiments/prep_runs/multispecies_prep_balanced100_availaudio_20260430T120219Z/ICLISTENHF6016_20250120T190000.000Z.flac,/project/6070467/merileo/data/finwhales/final2025_resnet_20260423/multispecies_calltype_experiments/prep_runs/multispecies_prep_balanced100_availaudio_20260430T120219Z/ICLISTENHF6016_20250120T190000.000Z.flac,30.000000,40.000000,,,,,,,,,,,,,,,,,,,,,,,,,primary_adjacent_gap,primary_adjacent_gap,ONC
ICLISTENHF6016_20250120T190000.000Z_gap_0002_60.0s_70.0s,/project/6070467/merileo/data/finwhales/final2025_resnet_20260423/multispecies_calltype_experiments/prep_runs/multispecies_prep_balanced100_availaudio_20260430T120219Z/ICLISTENHF6016_20250120T190000.000Z.flac,,,,,,10.000000,onc_primary_adjacent_gap,candidate_primary_adjacent_gap,/project/6070467/merileo/data/finwhales/final2025_resnet_20260423/multispecies_calltype_experiments/prep_runs/multispecies_prep_balanced100_availaudio_20260430T120219Z/ICLISTENHF6016_20250120T190000.000Z.flac,,,,1,val,,,,,/project/6070467/merileo/data/finwhales/final2025_resnet_20260423/multispecies_calltype_experiments/prep_runs/multispecies_prep_balanced100_availaudio_20260430T120219Z/ICLISTENHF6016_20250120T190000.000Z.flac,/project/6070467/merileo/data/finwhales/final2025_resnet_20260423/multispecies_calltype_experiments/prep_runs/multispecies_prep_balanced100_availaudio_20260430T120219Z/ICLISTENHF6016_20250120T190000.000Z.flac,60.000000,70.000000,,,,,,,,,,,,,,,,,,,,,,,,,primary_adjacent_gap,primary_adjacent_gap,ONC
ICLISTENHF6016_20250120T201000.000Z_gap_0000_0.0s_10.0s,/project/6070467/merileo/data/finwhales/final2025_resnet_20260423/multispecies_calltype_experiments/prep_runs/multispecies_prep_balanced100_availaudio_20260430T120219Z/ICLISTENHF6016_20250120T201000.000Z.flac,,,,,,10.000000,onc_primary_adjacent_gap,candidate_primary_adjacent_gap,/project/6070467/merileo/data/finwhales/final2025_resnet_20260423/multispecies_calltype_experiments/prep_runs/multispecies_prep_balanced100_availaudio_20260430T120219Z/ICLISTENHF6016_20250120T201000.000Z.flac,,,,1,train,,,,,/project/6070467/merileo/data/finwhales/final2025_resnet_20260423/multispecies_calltype_experiments/prep_runs/multispecies_prep_balanced100_availaudio_20260430T120219Z/ICLISTENHF6016_20250120T201000.000Z.flac,/project/6070467/merileo/data/finwhales/final2025_resnet_20260423/multispecies_calltype_experiments/prep_runs/multispecies_prep_balanced100_availaudio_20260430T120219Z/ICLISTENHF6016_20250120T201000.000Z.flac,0.000000,10.000000,,,,,,,,,,,,,,,,,,,,,,,,,primary_adjacent_gap,primary_adjacent_gap,ONC
ICLISTENHF6016_20250120T201000.000Z_gap_0001_30.0s_40.0s,/project/6070467/merileo/data/finwhales/final2025_resnet_20260423/multispecies_calltype_experiments/prep_runs/multispecies_prep_balanced100_availaudio_20260430T120219Z/ICLISTENHF6016_20250120T201000.000Z.flac,,,,,,10.000000,onc_primary_adjacent_gap,candidate_primary_adjacent_gap,/project/6070467/merileo/data/finwhales/final2025_resnet_20260423/multispecies_calltype_experiments/prep_runs/multispecies_prep_balanced100_availaudio_20260430T120219Z/ICLISTENHF6016_20250120T201000.000Z.flac,,,,1,train,,,,,/project/6070467/merileo/data/finwhales/final2025_resnet_20260423/multispecies_calltype_experiments/prep_runs/multispecies_prep_balanced100_availaudio_20260430T120219Z/ICLISTENHF6016_20250120T201000.000Z.flac,/project/6070467/merileo/data/finwhales/final2025_resnet_20260423/multispecies_calltype_experiments/prep_runs/multispecies_prep_balanced100_availaudio_20260430T120219Z/ICLISTENHF6016_20250120T201000.000Z.flac,30.000000,40.000000,,,,,,,,,,,,,,,,,,,,,,,,,primary_adjacent_gap,primary_adjacent_gap,ONC
ICLISTENHF6016_20250120T201000.000Z_gap_0002_60.0s_70.0s,/project/6070467/merileo/data/finwhales/final2025_resnet_20260423/multispecies_calltype_experiments/prep_runs/multispecies_prep_balanced100_availaudio_20260430T120219Z/ICLISTENHF6016_20250120T201000.000Z.flac,,,,,,10.000000,onc_primary_adjacent_gap,candidate_primary_adjacent_gap,/project/6070467/merileo/data/finwhales/final2025_resnet_20260423/multispecies_calltype_experiments/prep_runs/multispecies_prep_balanced100_availaudio_20260430T120219Z/ICLISTENHF6016_20250120T201000.000Z.flac,,,,1,train,,,,,/project/6070467/merileo/data/finwhales/final2025_resnet_20260423/multispecies_calltype_experiments/prep_runs/multispecies_prep_balanced100_availaudio_20260430T120219Z/ICLISTENHF6016_20250120T201000.000Z.flac,/project/6070467/merileo/data/finwhales/final2025_resnet_20260423/multispecies_calltype_experiments/prep_runs/multispecies_prep_balanced100_availaudio_20260430T120219Z/ICLISTENHF6016_20250120T201000.000Z.flac,60.000000,70.000000,,,,,,,,,,,,,,,,,,,,,,,,,primary_adjacent_gap,primary_adjacent_gap,ONC
ICLISTENHF6016_20250120T210000.000Z_gap_0000_0.0s_10.0s,/project/6070467/merileo/data/finwhales/final2025_resnet_20260423/multispecies_calltype_experiments/prep_runs/multispecies_prep_balanced100_availaudio_20260430T120219Z/ICLISTENHF6016_20250120T210000.000Z.flac,,,,,,10.000000,onc_primary_adjacent_gap,candidate_primary_adjacent_gap,/project/6070467/merileo/data/finwhales/final2025_resnet_20260423/multispecies_calltype_experiments/prep_runs/multispecies_prep_balanced100_availaudio_20260430T120219Z/ICLISTENHF6016_20250120T210000.000Z.flac,,,,1,test,,,,,/project/6070467/merileo/data/finwhales/final2025_resnet_20260423/multispecies_calltype_experiments/prep_runs/multispecies_prep_balanced100_availaudio_20260430T120219Z/ICLISTENHF6016_20250120T210000.000Z.flac,/project/6070467/merileo/data/finwhales/final2025_resnet_20260423/multispecies_calltype_experiments/prep_runs/multispecies_prep_balanced100_availaudio_20260430T120219Z/ICLISTENHF6016_20250120T210000.000Z.flac,0.000000,10.000000,,,,,,,,,,,,,,,,,,,,,,,,,primary_adjacent_gap,primary_adjacent_gap,ONC
ICLISTENHF6016_20250120T210000.000Z_gap_0001_30.0s_40.0s,/project/6070467/merileo/data/finwhales/final2025_resnet_20260423/multispecies_calltype_experiments/prep_runs/multispecies_prep_balanced100_availaudio_20260430T120219Z/ICLISTENHF6016_20250120T210000.000Z.flac,,,,,,10.000000,onc_primary_adjacent_gap,candidate_primary_adjacent_gap,/project/6070467/merileo/data/finwhales/final2025_resnet_20260423/multispecies_calltype_experiments/prep_runs/multispecies_prep_balanced100_availaudio_20260430T120219Z/ICLISTENHF6016_20250120T210000.000Z.flac,,,,1,test,,,,,/project/6070467/merileo/data/finwhales/final2025_resnet_20260423/multispecies_calltype_experiments/prep_runs/multispecies_prep_balanced100_availaudio_20260430T120219Z/ICLISTENHF6016_20250120T210000.000Z.flac,/project/6070467/merileo/data/finwhales/final2025_resnet_20260423/multispecies_calltype_experiments/prep_runs/multispecies_prep_balanced100_availaudio_20260430T120219Z/ICLISTENHF6016_20250120T210000.000Z.flac,30.000000,40.000000,,,,,,,,,,,,,,,,,,,,,,,,,primary_adjacent_gap,primary_adjacent_gap,ONC
ICLISTENHF6016_20250120T210000.000Z_gap_0002_60.0s_70.0s,/project/6070467/merileo/data/finwhales/final2025_resnet_20260423/multispecies_calltype_experiments/prep_runs/multispecies_prep_balanced100_availaudio_20260430T120219Z/ICLISTENHF6016_20250120T210000.000Z.flac,,,,,,10.000000,onc_primary_adjacent_gap,candidate_primary_adjacent_gap,/project/6070467/merileo/data/finwhales/final2025_resnet_20260423/multispecies_calltype_experiments/prep_runs/multispecies_prep_balanced100_availaudio_20260430T120219Z/ICLISTENHF6016_20250120T210000.000Z.flac,,,,1,test,,,,,/project/6070467/merileo/data/finwhales/final2025_resnet_20260423/multispecies_calltype_experiments/prep_runs/multispecies_prep_balanced100_availaudio_20260430T120219Z/ICLISTENHF6016_20250120T210000.000Z.flac,/project/6070467/merileo/data/finwhales/final2025_resnet_20260423/multispecies_calltype_experiments/prep_runs/multispecies_prep_balanced100_availaudio_20260430T120219Z/ICLISTENHF6016_20250120T210000.000Z.flac,60.000000,70.000000,,,,,,,,,,,,,,,,,,,,,,,,,primary_adjacent_gap,primary_adjacent_gap,ONC
ICLISTENHF6016_20250120T230000.000Z_gap_0000_0.0s_10.0s,/project/6070467/merileo/data/finwhales/final2025_resnet_20260423/multispecies_calltype_experiments/prep_runs/multispecies_prep_balanced100_availaudio_20260430T120219Z/ICLISTENHF6016_20250120T230000.000Z.flac,,,,,,10.000000,onc_primary_adjacent_gap,candidate_primary_adjacent_gap,/project/6070467/merileo/data/finwhales/final2025_resnet_20260423/multispecies_calltype_experiments/prep_runs/multispecies_prep_balanced100_availaudio_20260430T120219Z/ICLISTENHF6016_20250120T230000.000Z.flac,,,,1,train,,,,,/project/6070467/merileo/data/finwhales/final2025_resnet_20260423/multispecies_calltype_experiments/prep_runs/multispecies_prep_balanced100_availaudio_20260430T120219Z/ICLISTENHF6016_20250120T230000.000Z.flac,/project/6070467/merileo/data/finwhales/final2025_resnet_20260423/multispecies_calltype_experiments/prep_runs/multispecies_prep_balanced100_availaudio_20260430T120219Z/ICLISTENHF6016_20250120T230000.000Z.flac,0.000000,10.000000,,,,,,,,,,,,,,,,,,,,,,,,,primary_adjacent_gap,primary_adjacent_gap,ONC
ICLISTENHF6016_20250120T230000.000Z_gap_0001_30.0s_40.0s,/project/6070467/merileo/data/finwhales/final2025_resnet_20260423/multispecies_calltype_experiments/prep_runs/multispecies_prep_balanced100_availaudio_20260430T120219Z/ICLISTENHF6016_20250120T230000.000Z.flac,,,,,,10.000000,onc_primary_adjacent_gap,candidate_primary_adjacent_gap,/project/6070467/merileo/data/finwhales/final2025_resnet_20260423/multispecies_calltype_experiments/prep_runs/multispecies_prep_balanced100_availaudio_20260430T120219Z/ICLISTENHF6016_20250120T230000.000Z.flac,,,,1,train,,,,,/project/6070467/merileo/data/finwhales/final2025_resnet_20260423/multispecies_calltype_experiments/prep_runs/multispecies_prep_balanced100_availaudio_20260430T120219Z/ICLISTENHF6016_20250120T230000.000Z.flac,/project/6070467/merileo/data/finwhales/final2025_resnet_20260423/multispecies_calltype_experiments/prep_runs/multispecies_prep_balanced100_availaudio_20260430T120219Z/ICLISTENHF6016_20250120T230000.000Z.flac,30.000000,40.000000,,,,,,,,,,,,,,,,,,,,,,,,,primary_adjacent_gap,primary_adjacent_gap,ONC
ICLISTENHF6016_20250120T230000.000Z_gap_0002_60.0s_70.0s,/project/6070467/merileo/data/finwhales/final2025_resnet_20260423/multispecies_calltype_experiments/prep_runs/multispecies_prep_balanced100_availaudio_20260430T120219Z/ICLISTENHF6016_20250120T230000.000Z.flac,,,,,,10.000000,onc_primary_adjacent_gap,candidate_primary_adjacent_gap,/project/6070467/merileo/data/finwhales/final2025_resnet_20260423/multispecies_calltype_experiments/prep_runs/multispecies_prep_balanced100_availaudio_20260430T120219Z/ICLISTENHF6016_20250120T230000.000Z.flac,,,,1,train,,,,,/project/6070467/merileo/data/finwhales/final2025_resnet_20260423/multispecies_calltype_experiments/prep_runs/multispecies_prep_balanced100_availaudio_20260430T120219Z/ICLISTENHF6016_20250120T230000.000Z.flac,/project/6070467/merileo/data/finwhales/final2025_resnet_20260423/multispecies_calltype_experiments/prep_runs/multispecies_prep_balanced100_availaudio_20260430T120219Z/ICLISTENHF6016_20250120T230000.000Z.flac,60.000000,70.000000,,,,,,,,,,,,,,,,,,,,,,,,,primary_adjacent_gap,primary_adjacent_gap,ONC
ICLISTENHF6016_20250125T070000.000Z_gap_0000_0.0s_10.0s,/project/6070467/merileo/data/finwhales/final2025_resnet_20260423/multispecies_calltype_experiments/prep_runs/multispecies_prep_balanced100_availaudio_20260430T120219Z/ICLISTENHF6016_20250125T070000.000Z.flac,,,,,,10.000000,onc_primary_adjacent_gap,candidate_primary_adjacent_gap,/project/6070467/merileo/data/finwhales/final2025_resnet_20260423/multispecies_calltype_experiments/prep_runs/multispecies_prep_balanced100_availaudio_20260430T120219Z/ICLISTENHF6016_20250125T070000.000Z.flac,,,,1,test,,,,,/project/6070467/merileo/data/finwhales/final2025_resnet_20260423/multispecies_calltype_experiments/prep_runs/multispecies_prep_balanced100_availaudio_20260430T120219Z/ICLISTENHF6016_20250125T070000.000Z.flac,/project/6070467/merileo/data/finwhales/final2025_resnet_20260423/multispecies_calltype_experiments/prep_runs/multispecies_prep_balanced100_availaudio_20260430T120219Z/ICLISTENHF6016_20250125T070000.000Z.flac,0.000000,10.000000,,,,,,,,,,,,,,,,,,,,,,,,,primary_adjacent_gap,primary_adjacent_gap,ONC
ICLISTENHF6016_20250125T070000.000Z_gap_0001_30.0s_40.0s,/project/6070467/merileo/data/finwhales/final2025_resnet_20260423/multispecies_calltype_experiments/prep_runs/multispecies_prep_balanced100_availaudio_20260430T120219Z/ICLISTENHF6016_20250125T070000.000Z.flac,,,,,,10.000000,onc_primary_adjacent_gap,candidate_primary_adjacent_gap,/project/6070467/merileo/data/finwhales/final2025_resnet_20260423/multispecies_calltype_experiments/prep_runs/multispecies_prep_balanced100_availaudio_20260430T120219Z/ICLISTENHF6016_20250125T070000.000Z.flac,,,,1,test,,,,,/project/6070467/merileo/data/finwhales/final2025_resnet_20260423/multispecies_calltype_experiments/prep_runs/multispecies_prep_balanced100_availaudio_20260430T120219Z/ICLISTENHF6016_20250125T070000.000Z.flac,/project/6070467/merileo/data/finwhales/final2025_resnet_20260423/multispecies_calltype_experiments/prep_runs/multispecies_prep_balanced100_availaudio_20260430T120219Z/ICLISTENHF6016_20250125T070000.000Z.flac,30.000000,40.000000,,,,,,,,,,,,,,,,,,,,,,,,,primary_adjacent_gap,primary_adjacent_gap,ONC
ICLISTENHF6016_20250125T070000.000Z_gap_0002_60.0s_70.0s,/project/6070467/merileo/data/finwhales/final2025_resnet_20260423/multispecies_calltype_experiments/prep_runs/multispecies_prep_balanced100_availaudio_20260430T120219Z/ICLISTENHF6016_20250125T070000.000Z.flac,,,,,,10.000000,onc_primary_adjacent_gap,candidate_primary_adjacent_gap,/project/6070467/merileo/data/finwhales/final2025_resnet_20260423/multispecies_calltype_experiments/prep_runs/multispecies_prep_balanced100_availaudio_20260430T120219Z/ICLISTENHF6016_20250125T070000.000Z.flac,,,,1,test,,,,,/project/6070467/merileo/data/finwhales/final2025_resnet_20260423/multispecies_calltype_experiments/prep_runs/multispecies_prep_balanced100_availaudio_20260430T120219Z/ICLISTENHF6016_20250125T070000.000Z.flac,/project/6070467/merileo/data/finwhales/final2025_resnet_20260423/multispecies_calltype_experiments/prep_runs/multispecies_prep_balanced100_availaudio_20260430T120219Z/ICLISTENHF6016_20250125T070000.000Z.flac,60.000000,70.000000,,,,,,,,,,,,,,,,,,,,,,,,,primary_adjacent_gap,primary_adjacent_gap,ONC
ICLISTENHF6016_20250125T090000.000Z_gap_0000_0.0s_10.0s,/project/6070467/merileo/data/finwhales/final2025_resnet_20260423/multispecies_calltype_experiments/prep_runs/multispecies_prep_balanced100_availaudio_20260430T120219Z/ICLISTENHF6016_20250125T090000.000Z.flac,,,,,,10.000000,onc_primary_adjacent_gap,candidate_primary_adjacent_gap,/project/6070467/merileo/data/finwhales/final2025_resnet_20260423/multispecies_calltype_experiments/prep_runs/multispecies_prep_balanced100_availaudio_20260430T120219Z/ICLISTENHF6016_20250125T090000.000Z.flac,,,,1,val,,,,,/project/6070467/merileo/data/finwhales/final2025_resnet_20260423/multispecies_calltype_experiments/prep_runs/multispecies_prep_balanced100_availaudio_20260430T120219Z/ICLISTENHF6016_20250125T090000.000Z.flac,/project/6070467/merileo/data/finwhales/final2025_resnet_20260423/multispecies_calltype_experiments/prep_runs/multispecies_prep_balanced100_availaudio_20260430T120219Z/ICLISTENHF6016_20250125T090000.000Z.flac,0.000000,10.000000,,,,,,,,,,,,,,,,,,,,,,,,,primary_adjacent_gap,primary_adjacent_gap,ONC
ICLISTENHF6016_20250125T090000.000Z_gap_0001_30.0s_40.0s,/project/6070467/merileo/data/finwhales/final2025_resnet_20260423/multispecies_calltype_experiments/prep_runs/multispecies_prep_balanced100_availaudio_20260430T120219Z/ICLISTENHF6016_20250125T090000.000Z.flac,,,,,,10.000000,onc_primary_adjacent_gap,candidate_primary_adjacent_gap,/project/6070467/merileo/data/finwhales/final2025_resnet_20260423/multispecies_calltype_experiments/prep_runs/multispecies_prep_balanced100_availaudio_20260430T120219Z/ICLISTENHF6016_20250125T090000.000Z.flac,,,,1,val,,,,,/project/6070467/merileo/data/finwhales/final2025_resnet_20260423/multispecies_calltype_experiments/prep_runs/multispecies_prep_balanced100_availaudio_20260430T120219Z/ICLISTENHF6016_20250125T090000.000Z.flac,/project/6070467/merileo/data/finwhales/final2025_resnet_20260423/multispecies_calltype_experiments/prep_runs/multispecies_prep_balanced100_availaudio_20260430T120219Z/ICLISTENHF6016_20250125T090000.000Z.flac,30.000000,40.000000,,,,,,,,,,,,,,,,,,,,,,,,,primary_adjacent_gap,primary_adjacent_gap,ONC
ICLISTENHF6016_20250125T090000.000Z_gap_0002_60.0s_70.0s,/project/6070467/merileo/data/finwhales/final2025_resnet_20260423/multispecies_calltype_experiments/prep_runs/multispecies_prep_balanced100_availaudio_20260430T120219Z/ICLISTENHF6016_20250125T090000.000Z.flac,,,,,,10.000000,onc_primary_adjacent_gap,candidate_primary_adjacent_gap,/project/6070467/merileo/data/finwhales/final2025_resnet_20260423/multispecies_calltype_experiments/prep_runs/multispecies_prep_balanced100_availaudio_20260430T120219Z/ICLISTENHF6016_20250125T090000.000Z.flac,,,,1,val,,,,,/project/6070467/merileo/data/finwhales/final2025_resnet_20260423/multispecies_calltype_experiments/prep_runs/multispecies_prep_balanced100_availaudio_20260430T120219Z/ICLISTENHF6016_20250125T090000.000Z.flac,/project/6070467/merileo/data/finwhales/final2025_resnet_20260423/multispecies_calltype_experiments/prep_runs/multispecies_prep_balanced100_availaudio_20260430T120219Z/ICLISTENHF6016_20250125T090000.000Z.flac,60.000000,70.000000,,,,,,,,,,,,,,,,,,,,,,,,,primary_adjacent_gap,primary_adjacent_gap,ONC
ICLISTENHF6016_20250125T120000.000Z_gap_0000_0.0s_10.0s,/project/6070467/merileo/data/finwhales/final2025_resnet_20260423/multispecies_calltype_experiments/prep_runs/multispecies_prep_balanced100_availaudio_20260430T120219Z/ICLISTENHF6016_20250125T120000.000Z.flac,,,,,,10.000000,onc_primary_adjacent_gap,candidate_primary_adjacent_gap,/project/6070467/merileo/data/finwhales/final2025_resnet_20260423/multispecies_calltype_experiments/prep_runs/multispecies_prep_balanced100_availaudio_20260430T120219Z/ICLISTENHF6016_20250125T120000.000Z.flac,,,,1,train,,,,,/project/6070467/merileo/data/finwhales/final2025_resnet_20260423/multispecies_calltype_experiments/prep_runs/multispecies_prep_balanced100_availaudio_20260430T120219Z/ICLISTENHF6016_20250125T120000.000Z.flac,/project/6070467/merileo/data/finwhales/final2025_resnet_20260423/multispecies_calltype_experiments/prep_runs/multispecies_prep_balanced100_availaudio_20260430T120219Z/ICLISTENHF6016_20250125T120000.000Z.flac,0.000000,10.000000,,,,,,,,,,,,,,,,,,,,,,,,,primary_adjacent_gap,primary_adjacent_gap,ONC
ICLISTENHF6016_20250125T120000.000Z_gap_0001_30.0s_40.0s,/project/6070467/merileo/data/finwhales/final2025_resnet_20260423/multispecies_calltype_experiments/prep_runs/multispecies_prep_balanced100_availaudio_20260430T120219Z/ICLISTENHF6016_20250125T120000.000Z.flac,,,,,,10.000000,onc_primary_adjacent_gap,candidate_primary_adjacent_gap,/project/6070467/merileo/data/finwhales/final2025_resnet_20260423/multispecies_calltype_experiments/prep_runs/multispecies_prep_balanced100_availaudio_20260430T120219Z/ICLISTENHF6016_20250125T120000.000Z.flac,,,,1,train,,,,,/project/6070467/merileo/data/finwhales/final2025_resnet_20260423/multispecies_calltype_experiments/prep_runs/multispecies_prep_balanced100_availaudio_20260430T120219Z/ICLISTENHF6016_20250125T120000.000Z.flac,/project/6070467/merileo/data/finwhales/final2025_resnet_20260423/multispecies_calltype_experiments/prep_runs/multispecies_prep_balanced100_availaudio_20260430T120219Z/ICLISTENHF6016_20250125T120000.000Z.flac,30.000000,40.000000,,,,,,,,,,,,,,,,,,,,,,,,,primary_adjacent_gap,primary_adjacent_gap,ONC
ICLISTENHF6016_20250125T120000.000Z_gap_0002_60.0s_70.0s,/project/6070467/merileo/data/finwhales/final2025_resnet_20260423/multispecies_calltype_experiments/prep_runs/multispecies_prep_balanced100_availaudio_20260430T120219Z/ICLISTENHF6016_20250125T120000.000Z.flac,,,,,,10.000000,onc_primary_adjacent_gap,candidate_primary_adjacent_gap,/project/6070467/merileo/data/finwhales/final2025_resnet_20260423/multispecies_calltype_experiments/prep_runs/multispecies_prep_balanced100_availaudio_20260430T120219Z/ICLISTENHF6016_20250125T120000.000Z.flac,,,,1,train,,,,,/project/6070467/merileo/data/finwhales/final2025_resnet_20260423/multispecies_calltype_experiments/prep_runs/multispecies_prep_balanced100_availaudio_20260430T120219Z/ICLISTENHF6016_20250125T120000.000Z.flac,/project/6070467/merileo/data/finwhales/final2025_resnet_20260423/multispecies_calltype_experiments/prep_runs/multispecies_prep_balanced100_availaudio_20260430T120219Z/ICLISTENHF6016_20250125T120000.000Z.flac,60.000000,70.000000,,,,,,,,,,,,,,,,,,,,,,,,,primary_adjacent_gap,primary_adjacent_gap,ONC
ICLISTENHF6016_20250125T130000.000Z_gap_0000_0.0s_10.0s,/project/6070467/merileo/data/finwhales/final2025_resnet_20260423/multispecies_calltype_experiments/prep_runs/multispecies_prep_balanced100_availaudio_20260430T120219Z/ICLISTENHF6016_20250125T130000.000Z.flac,,,,,,10.000000,onc_primary_adjacent_gap,candidate_primary_adjacent_gap,/project/6070467/merileo/data/finwhales/final2025_resnet_20260423/multispecies_calltype_experiments/prep_runs/multispecies_prep_balanced100_availaudio_20260430T120219Z/ICLISTENHF6016_20250125T130000.000Z.flac,,,,1,train,,,,,/project/6070467/merileo/data/finwhales/final2025_resnet_20260423/multispecies_calltype_experiments/prep_runs/multispecies_prep_balanced100_availaudio_20260430T120219Z/ICLISTENHF6016_20250125T130000.000Z.flac,/project/6070467/merileo/data/finwhales/final2025_resnet_20260423/multispecies_calltype_experiments/prep_runs/multispecies_prep_balanced100_availaudio_20260430T120219Z/ICLISTENHF6016_20250125T130000.000Z.flac,0.000000,10.000000,,,,,,,,,,,,,,,,,,,,,,,,,primary_adjacent_gap,primary_adjacent_gap,ONC
ICLISTENHF6016_20250125T130000.000Z_gap_0001_30.0s_40.0s,/project/6070467/merileo/data/finwhales/final2025_resnet_20260423/multispecies_calltype_experiments/prep_runs/multispecies_prep_balanced100_availaudio_20260430T120219Z/ICLISTENHF6016_20250125T130000.000Z.flac,,,,,,10.000000,onc_primary_adjacent_gap,candidate_primary_adjacent_gap,/project/6070467/merileo/data/finwhales/final2025_resnet_20260423/multispecies_calltype_experiments/prep_runs/multispecies_prep_balanced100_availaudio_20260430T120219Z/ICLISTENHF6016_20250125T130000.000Z.flac,,,,1,train,,,,,/project/6070467/merileo/data/finwhales/final2025_resnet_20260423/multispecies_calltype_experiments/prep_runs/multispecies_prep_balanced100_availaudio_20260430T120219Z/ICLISTENHF6016_20250125T130000.000Z.flac,/project/6070467/merileo/data/finwhales/final2025_resnet_20260423/multispecies_calltype_experiments/prep_runs/multispecies_prep_balanced100_availaudio_20260430T120219Z/ICLISTENHF6016_20250125T130000.000Z.flac,30.000000,40.000000,,,,,,,,,,,,,,,,,,,,,,,,,primary_adjacent_gap,primary_adjacent_gap,ONC
ICLISTENHF6016_20250125T130000.000Z_gap_0002_60.0s_70.0s,/project/6070467/merileo/data/finwhales/final2025_resnet_20260423/multispecies_calltype_experiments/prep_runs/multispecies_prep_balanced100_availaudio_20260430T120219Z/ICLISTENHF6016_20250125T130000.000Z.flac,,,,,,10.000000,onc_primary_adjacent_gap,candidate_primary_adjacent_gap,/project/6070467/merileo/data/finwhales/final2025_resnet_20260423/multispecies_calltype_experiments/prep_runs/multispecies_prep_balanced100_availaudio_20260430T120219Z/ICLISTENHF6016_20250125T130000.000Z.flac,,,,1,train,,,,,/project/6070467/merileo/data/finwhales/final2025_resnet_20260423/multispecies_calltype_experiments/prep_runs/multispecies_prep_balanced100_availaudio_20260430T120219Z/ICLISTENHF6016_20250125T130000.000Z.flac,/project/6070467/merileo/data/finwhales/final2025_resnet_20260423/multispecies_calltype_experiments/prep_runs/multispecies_prep_balanced100_availaudio_20260430T120219Z/ICLISTENHF6016_20250125T130000.000Z.flac,60.000000,70.000000,,,,,,,,,,,,,,,,,,,,,,,,,primary_adjacent_gap,primary_adjacent_gap,ONC
ICLISTENHF6016_20250125T150000.000Z_gap_0000_0.0s_10.0s,/project/6070467/merileo/data/finwhales/final2025_resnet_20260423/multispecies_calltype_experiments/prep_runs/multispecies_prep_balanced100_availaudio_20260430T120219Z/ICLISTENHF6016_20250125T150000.000Z.flac,,,,,,10.000000,onc_primary_adjacent_gap,candidate_primary_adjacent_gap,/project/6070467/merileo/data/finwhales/final2025_resnet_20260423/multispecies_calltype_experiments/prep_runs/multispecies_prep_balanced100_availaudio_20260430T120219Z/ICLISTENHF6016_20250125T150000.000Z.flac,,,,1,train,,,,,/project/6070467/merileo/data/finwhales/final2025_resnet_20260423/multispecies_calltype_experiments/prep_runs/multispecies_prep_balanced100_availaudio_20260430T120219Z/ICLISTENHF6016_20250125T150000.000Z.flac,/project/6070467/merileo/data/finwhales/final2025_resnet_20260423/multispecies_calltype_experiments/prep_runs/multispecies_prep_balanced100_availaudio_20260430T120219Z/ICLISTENHF6016_20250125T150000.000Z.flac,0.000000,10.000000,,,,,,,,,,,,,,,,,,,,,,,,,primary_adjacent_gap,primary_adjacent_gap,ONC
ICLISTENHF6016_20250125T150000.000Z_gap_0001_14.5s_24.5s,/project/6070467/merileo/data/finwhales/final2025_resnet_20260423/multispecies_calltype_experiments/prep_runs/multispecies_prep_balanced100_availaudio_20260430T120219Z/ICLISTENHF6016_20250125T150000.000Z.flac,,,,,,10.000000,onc_primary_adjacent_gap,candidate_primary_adjacent_gap,/project/6070467/merileo/data/finwhales/final2025_resnet_20260423/multispecies_calltype_experiments/prep_runs/multispecies_prep_balanced100_availaudio_20260430T120219Z/ICLISTENHF6016_20250125T150000.000Z.flac,,,,1,train,,,,,/project/6070467/merileo/data/finwhales/final2025_resnet_20260423/multispecies_calltype_experiments/prep_runs/multispecies_prep_balanced100_availaudio_20260430T120219Z/ICLISTENHF6016_20250125T150000.000Z.flac,/project/6070467/merileo/data/finwhales/final2025_resnet_20260423/multispecies_calltype_experiments/prep_runs/multispecies_prep_balanced100_availaudio_20260430T120219Z/ICLISTENHF6016_20250125T150000.000Z.flac,14.500000,24.500000,,,,,,,,,,,,,,,,,,,,,,,,,primary_adjacent_gap,primary_adjacent_gap,ONC
ICLISTENHF6016_20250125T150000.000Z_gap_0002_43.3s_53.3s,/project/6070467/merileo/data/finwhales/final2025_resnet_20260423/multispecies_calltype_experiments/prep_runs/multispecies_prep_balanced100_availaudio_20260430T120219Z/ICLISTENHF6016_20250125T150000.000Z.flac,,,,,,10.000000,onc_primary_adjacent_gap,candidate_primary_adjacent_gap,/project/6070467/merileo/data/finwhales/final2025_resnet_20260423/multispecies_calltype_experiments/prep_runs/multispecies_prep_balanced100_availaudio_20260430T120219Z/ICLISTENHF6016_20250125T150000.000Z.flac,,,,1,train,,,,,/project/6070467/merileo/data/finwhales/final2025_resnet_20260423/multispecies_calltype_experiments/prep_runs/multispecies_prep_balanced100_availaudio_20260430T120219Z/ICLISTENHF6016_20250125T150000.000Z.flac,/project/6070467/merileo/data/finwhales/final2025_resnet_20260423/multispecies_calltype_experiments/prep_runs/multispecies_prep_balanced100_availaudio_20260430T120219Z/ICLISTENHF6016_20250125T150000.000Z.flac,43.300000,53.300000,,,,,,,,,,,,,,,,,,,,,,,,,primary_adjacent_gap,primary_adjacent_gap,ONC
ICLISTENHF6016_20250125T200000.000Z_gap_0000_0.0s_10.0s,/project/6070467/merileo/data/finwhales/final2025_resnet_20260423/multispecies_calltype_experiments/prep_runs/multispecies_prep_balanced100_availaudio_20260430T120219Z/ICLISTENHF6016_20250125T200000.000Z.flac,,,,,,10.000000,onc_primary_adjacent_gap,candidate_primary_adjacent_gap,/project/6070467/merileo/data/finwhales/final2025_resnet_20260423/multispecies_calltype_experiments/prep_runs/multispecies_prep_balanced100_availaudio_20260430T120219Z/ICLISTENHF6016_20250125T200000.000Z.flac,,,,1,train,,,,,/project/6070467/merileo/data/finwhales/final2025_resnet_20260423/multispecies_calltype_experiments/prep_runs/multispecies_prep_balanced100_availaudio_20260430T120219Z/ICLISTENHF6016_20250125T200000.000Z.flac,/project/6070467/merileo/data/finwhales/final2025_resnet_20260423/multispecies_calltype_experiments/prep_runs/multispecies_prep_balanced100_availaudio_20260430T120219Z/ICLISTENHF6016_20250125T200000.000Z.flac,0.000000,10.000000,,,,,,,,,,,,,,,,,,,,,,,,,primary_adjacent_gap,primary_adjacent_gap,ONC
ICLISTENHF6016_20250125T200000.000Z_gap_0001_30.0s_40.0s,/project/6070467/merileo/data/finwhales/final2025_resnet_20260423/multispecies_calltype_experiments/prep_runs/multispecies_prep_balanced100_availaudio_20260430T120219Z/ICLISTENHF6016_20250125T200000.000Z.flac,,,,,,10.000000,onc_primary_adjacent_gap,candidate_primary_adjacent_gap,/project/6070467/merileo/data/finwhales/final2025_resnet_20260423/multispecies_calltype_experiments/prep_runs/multispecies_prep_balanced100_availaudio_20260430T120219Z/ICLISTENHF6016_20250125T200000.000Z.flac,,,,1,train,,,,,/project/6070467/merileo/data/finwhales/final2025_resnet_20260423/multispecies_calltype_experiments/prep_runs/multispecies_prep_balanced100_availaudio_20260430T120219Z/ICLISTENHF6016_20250125T200000.000Z.flac,/project/6070467/merileo/data/finwhales/final2025_resnet_20260423/multispecies_calltype_experiments/prep_runs/multispecies_prep_balanced100_availaudio_20260430T120219Z/ICLISTENHF6016_20250125T200000.000Z.flac,30.000000,40.000000,,,,,,,,,,,,,,,,,,,,,,,,,primary_adjacent_gap,primary_adjacent_gap,ONC
ICLISTENHF6016_20250125T200000.000Z_gap_0002_60.0s_70.0s,/project/6070467/merileo/data/finwhales/final2025_resnet_20260423/multispecies_calltype_experiments/prep_runs/multispecies_prep_balanced100_availaudio_20260430T120219Z/ICLISTENHF6016_20250125T200000.000Z.flac,,,,,,10.000000,onc_primary_adjacent_gap,candidate_primary_adjacent_gap,/project/6070467/merileo/data/finwhales/final2025_resnet_20260423/multispecies_calltype_experiments/prep_runs/multispecies_prep_balanced100_availaudio_20260430T120219Z/ICLISTENHF6016_20250125T200000.000Z.flac,,,,1,train,,,,,/project/6070467/merileo/data/finwhales/final2025_resnet_20260423/multispecies_calltype_experiments/prep_runs/multispecies_prep_balanced100_availaudio_20260430T120219Z/ICLISTENHF6016_20250125T200000.000Z.flac,/project/6070467/merileo/data/finwhales/final2025_resnet_20260423/multispecies_calltype_experiments/prep_runs/multispecies_prep_balanced100_availaudio_20260430T120219Z/ICLISTENHF6016_20250125T200000.000Z.flac,60.000000,70.000000,,,,,,,,,,,,,,,,,,,,,,,,,primary_adjacent_gap,primary_adjacent_gap,ONC
ICLISTENHF6016_20250130T000000.000Z_gap_0000_0.0s_10.0s,/project/6070467/merileo/data/finwhales/final2025_resnet_20260423/multispecies_calltype_experiments/prep_runs/multispecies_prep_balanced100_availaudio_20260430T120219Z/ICLISTENHF6016_20250130T000000.000Z.flac,,,,,,10.000000,onc_primary_adjacent_gap,candidate_primary_adjacent_gap,/project/6070467/merileo/data/finwhales/final2025_resnet_20260423/multispecies_calltype_experiments/prep_runs/multispecies_prep_balanced100_availaudio_20260430T120219Z/ICLISTENHF6016_20250130T000000.000Z.flac,,,,1,train,,,,,/project/6070467/merileo/data/finwhales/final2025_resnet_20260423/multispecies_calltype_experiments/prep_runs/multispecies_prep_balanced100_availaudio_20260430T120219Z/ICLISTENHF6016_20250130T000000.000Z.flac,/project/6070467/merileo/data/finwhales/final2025_resnet_20260423/multispecies_calltype_experiments/prep_runs/multispecies_prep_balanced100_availaudio_20260430T120219Z/ICLISTENHF6016_20250130T000000.000Z.flac,0.000000,10.000000,,,,,,,,,,,,,,,,,,,,,,,,,primary_adjacent_gap,primary_adjacent_gap,ONC
ICLISTENHF6016_20250130T000000.000Z_gap_0001_30.0s_40.0s,/project/6070467/merileo/data/finwhales/final2025_resnet_20260423/multispecies_calltype_experiments/prep_runs/multispecies_prep_balanced100_availaudio_20260430T120219Z/ICLISTENHF6016_20250130T000000.000Z.flac,,,,,,10.000000,onc_primary_adjacent_gap,candidate_primary_adjacent_gap,/project/6070467/merileo/data/finwhales/final2025_resnet_20260423/multispecies_calltype_experiments/prep_runs/multispecies_prep_balanced100_availaudio_20260430T120219Z/ICLISTENHF6016_20250130T000000.000Z.flac,,,,1,train,,,,,/project/6070467/merileo/data/finwhales/final2025_resnet_20260423/multispecies_calltype_experiments/prep_runs/multispecies_prep_balanced100_availaudio_20260430T120219Z/ICLISTENHF6016_20250130T000000.000Z.flac,/project/6070467/merileo/data/finwhales/final2025_resnet_20260423/multispecies_calltype_experiments/prep_runs/multispecies_prep_balanced100_availaudio_20260430T120219Z/ICLISTENHF6016_20250130T000000.000Z.flac,30.000000,40.000000,,,,,,,,,,,,,,,,,,,,,,,,,primary_adjacent_gap,primary_adjacent_gap,ONC
ICLISTENHF6016_20250130T000000.000Z_gap_0002_60.0s_70.0s,/project/6070467/merileo/data/finwhales/final2025_resnet_20260423/multispecies_calltype_experiments/prep_runs/multispecies_prep_balanced100_availaudio_20260430T120219Z/ICLISTENHF6016_20250130T000000.000Z.flac,,,,,,10.000000,onc_primary_adjacent_gap,candidate_primary_adjacent_gap,/project/6070467/merileo/data/finwhales/final2025_resnet_20260423/multispecies_calltype_experiments/prep_runs/multispecies_prep_balanced100_availaudio_20260430T120219Z/ICLISTENHF6016_20250130T000000.000Z.flac,,,,1,train,,,,,/project/6070467/merileo/data/finwhales/final2025_resnet_20260423/multispecies_calltype_experiments/prep_runs/multispecies_prep_balanced100_availaudio_20260430T120219Z/ICLISTENHF6016_20250130T000000.000Z.flac,/project/6070467/merileo/data/finwhales/final2025_resnet_20260423/multispecies_calltype_experiments/prep_runs/multispecies_prep_balanced100_availaudio_20260430T120219Z/ICLISTENHF6016_20250130T000000.000Z.flac,60.000000,70.000000,,,,,,,,,,,,,,,,,,,,,,,,,primary_adjacent_gap,primary_adjacent_gap,ONC
ICLISTENHF6016_20250130T020000.000Z_gap_0000_16.4s_26.4s,/project/6070467/merileo/data/finwhales/final2025_resnet_20260423/multispecies_calltype_experiments/prep_runs/multispecies_prep_balanced100_availaudio_20260430T120219Z/ICLISTENHF6016_20250130T020000.000Z.flac,,,,,,10.000000,onc_primary_adjacent_gap,candidate_primary_adjacent_gap,/project/6070467/merileo/data/finwhales/final2025_resnet_20260423/multispecies_calltype_experiments/prep_runs/multispecies_prep_balanced100_availaudio_20260430T120219Z/ICLISTENHF6016_20250130T020000.000Z.flac,,,,1,train,,,,,/project/6070467/merileo/data/finwhales/final2025_resnet_20260423/multispecies_calltype_experiments/prep_runs/multispecies_prep_balanced100_availaudio_20260430T120219Z/ICLISTENHF6016_20250130T020000.000Z.flac,/project/6070467/merileo/data/finwhales/final2025_resnet_20260423/multispecies_calltype_experiments/prep_runs/multispecies_prep_balanced100_availaudio_20260430T120219Z/ICLISTENHF6016_20250130T020000.000Z.flac,16.400000,26.400000,,,,,,,,,,,,,,,,,,,,,,,,,primary_adjacent_gap,primary_adjacent_gap,ONC
ICLISTENHF6016_20250130T020000.000Z_gap_0001_46.4s_56.4s,/project/6070467/merileo/data/finwhales/final2025_resnet_20260423/multispecies_calltype_experiments/prep_runs/multispecies_prep_balanced100_availaudio_20260430T120219Z/ICLISTENHF6016_20250130T020000.000Z.flac,,,,,,10.000000,onc_primary_adjacent_gap,candidate_primary_adjacent_gap,/project/6070467/merileo/data/finwhales/final2025_resnet_20260423/multispecies_calltype_experiments/prep_runs/multispecies_prep_balanced100_availaudio_20260430T120219Z/ICLISTENHF6016_20250130T020000.000Z.flac,,,,1,train,,,,,/project/6070467/merileo/data/finwhales/final2025_resnet_20260423/multispecies_calltype_experiments/prep_runs/multispecies_prep_balanced100_availaudio_20260430T120219Z/ICLISTENHF6016_20250130T020000.000Z.flac,/project/6070467/merileo/data/finwhales/final2025_resnet_20260423/multispecies_calltype_experiments/prep_runs/multispecies_prep_balanced100_availaudio_20260430T120219Z/ICLISTENHF6016_20250130T020000.000Z.flac,46.400000,56.400000,,,,,,,,,,,,,,,,,,,,,,,,,primary_adjacent_gap,primary_adjacent_gap,ONC
ICLISTENHF6016_20250130T020000.000Z_gap_0002_76.4s_86.4s,/project/6070467/merileo/data/finwhales/final2025_resnet_20260423/multispecies_calltype_experiments/prep_runs/multispecies_prep_balanced100_availaudio_20260430T120219Z/ICLISTENHF6016_20250130T020000.000Z.flac,,,,,,10.000000,onc_primary_adjacent_gap,candidate_primary_adjacent_gap,/project/6070467/merileo/data/finwhales/final2025_resnet_20260423/multispecies_calltype_experiments/prep_runs/multispecies_prep_balanced100_availaudio_20260430T120219Z/ICLISTENHF6016_20250130T020000.000Z.flac,,,,1,train,,,,,/project/6070467/merileo/data/finwhales/final2025_resnet_20260423/multispecies_calltype_experiments/prep_runs/multispecies_prep_balanced100_availaudio_20260430T120219Z/ICLISTENHF6016_20250130T020000.000Z.flac,/project/6070467/merileo/data/finwhales/final2025_resnet_20260423/multispecies_calltype_experiments/prep_runs/multispecies_prep_balanced100_availaudio_20260430T120219Z/ICLISTENHF6016_20250130T020000.000Z.flac,76.400000,86.400000,,,,,,,,,,,,,,,,,,,,,,,,,primary_adjacent_gap,primary_adjacent_gap,ONC
ICLISTENHF6016_20250130T040000.000Z_gap_0000_16.6s_26.6s,/project/6070467/merileo/data/finwhales/final2025_resnet_20260423/multispecies_calltype_experiments/prep_runs/multispecies_prep_balanced100_availaudio_20260430T120219Z/ICLISTENHF6016_20250130T040000.000Z.flac,,,,,,10.000000,onc_primary_adjacent_gap,candidate_primary_adjacent_gap,/project/6070467/merileo/data/finwhales/final2025_resnet_20260423/multispecies_calltype_experiments/prep_runs/multispecies_prep_balanced100_availaudio_20260430T120219Z/ICLISTENHF6016_20250130T040000.000Z.flac,,,,1,train,,,,,/project/6070467/merileo/data/finwhales/final2025_resnet_20260423/multispecies_calltype_experiments/prep_runs/multispecies_prep_balanced100_availaudio_20260430T120219Z/ICLISTENHF6016_20250130T040000.000Z.flac,/project/6070467/merileo/data/finwhales/final2025_resnet_20260423/multispecies_calltype_experiments/prep_runs/multispecies_prep_balanced100_availaudio_20260430T120219Z/ICLISTENHF6016_20250130T040000.000Z.flac,16.600000,26.600000,,,,,,,,,,,,,,,,,,,,,,,,,primary_adjacent_gap,primary_adjacent_gap,ONC
ICLISTENHF6016_20250130T040000.000Z_gap_0001_46.6s_56.6s,/project/6070467/merileo/data/finwhales/final2025_resnet_20260423/multispecies_calltype_experiments/prep_runs/multispecies_prep_balanced100_availaudio_20260430T120219Z/ICLISTENHF6016_20250130T040000.000Z.flac,,,,,,10.000000,onc_primary_adjacent_gap,candidate_primary_adjacent_gap,/project/6070467/merileo/data/finwhales/final2025_resnet_20260423/multispecies_calltype_experiments/prep_runs/multispecies_prep_balanced100_availaudio_20260430T120219Z/ICLISTENHF6016_20250130T040000.000Z.flac,,,,1,train,,,,,/project/6070467/merileo/data/finwhales/final2025_resnet_20260423/multispecies_calltype_experiments/prep_runs/multispecies_prep_balanced100_availaudio_20260430T120219Z/ICLISTENHF6016_20250130T040000.000Z.flac,/project/6070467/merileo/data/finwhales/final2025_resnet_20260423/multispecies_calltype_experiments/prep_runs/multispecies_prep_balanced100_availaudio_20260430T120219Z/ICLISTENHF6016_20250130T040000.000Z.flac,46.600000,56.600000,,,,,,,,,,,,,,,,,,,,,,,,,primary_adjacent_gap,primary_adjacent_gap,ONC
ICLISTENHF6016_20250130T040000.000Z_gap_0002_76.6s_86.6s,/project/6070467/merileo/data/finwhales/final2025_resnet_20260423/multispecies_calltype_experiments/prep_runs/multispecies_prep_balanced100_availaudio_20260430T120219Z/ICLISTENHF6016_20250130T040000.000Z.flac,,,,,,10.000000,onc_primary_adjacent_gap,candidate_primary_adjacent_gap,/project/6070467/merileo/data/finwhales/final2025_resnet_20260423/multispecies_calltype_experiments/prep_runs/multispecies_prep_balanced100_availaudio_20260430T120219Z/ICLISTENHF6016_20250130T040000.000Z.flac,,,,1,train,,,,,/project/6070467/merileo/data/finwhales/final2025_resnet_20260423/multispecies_calltype_experiments/prep_runs/multispecies_prep_balanced100_availaudio_20260430T120219Z/ICLISTENHF6016_20250130T040000.000Z.flac,/project/6070467/merileo/data/finwhales/final2025_resnet_20260423/multispecies_calltype_experiments/prep_runs/multispecies_prep_balanced100_availaudio_20260430T120219Z/ICLISTENHF6016_20250130T040000.000Z.flac,76.600000,86.600000,,,,,,,,,,,,,,,,,,,,,,,,,primary_adjacent_gap,primary_adjacent_gap,ONC
ICLISTENHF6016_20250205T080000.000Z_gap_0000_0.0s_10.0s,/project/6070467/merileo/data/finwhales/final2025_resnet_20260423/multispecies_calltype_experiments/prep_runs/multispecies_prep_balanced100_availaudio_20260430T120219Z/ICLISTENHF6016_20250205T080000.000Z.flac,,,,,,10.000000,onc_primary_adjacent_gap,candidate_primary_adjacent_gap,/project/6070467/merileo/data/finwhales/final2025_resnet_20260423/multispecies_calltype_experiments/prep_runs/multispecies_prep_balanced100_availaudio_20260430T120219Z/ICLISTENHF6016_20250205T080000.000Z.flac,,,,1,train,,,,,/project/6070467/merileo/data/finwhales/final2025_resnet_20260423/multispecies_calltype_experiments/prep_runs/multispecies_prep_balanced100_availaudio_20260430T120219Z/ICLISTENHF6016_20250205T080000.000Z.flac,/project/6070467/merileo/data/finwhales/final2025_resnet_20260423/multispecies_calltype_experiments/prep_runs/multispecies_prep_balanced100_availaudio_20260430T120219Z/ICLISTENHF6016_20250205T080000.000Z.flac,0.000000,10.000000,,,,,,,,,,,,,,,,,,,,,,,,,primary_adjacent_gap,primary_adjacent_gap,ONC
ICLISTENHF6016_20250205T080000.000Z_gap_0001_30.0s_40.0s,/project/6070467/merileo/data/finwhales/final2025_resnet_20260423/multispecies_calltype_experiments/prep_runs/multispecies_prep_balanced100_availaudio_20260430T120219Z/ICLISTENHF6016_20250205T080000.000Z.flac,,,,,,10.000000,onc_primary_adjacent_gap,candidate_primary_adjacent_gap,/project/6070467/merileo/data/finwhales/final2025_resnet_20260423/multispecies_calltype_experiments/prep_runs/multispecies_prep_balanced100_availaudio_20260430T120219Z/ICLISTENHF6016_20250205T080000.000Z.flac,,,,1,train,,,,,/project/6070467/merileo/data/finwhales/final2025_resnet_20260423/multispecies_calltype_experiments/prep_runs/multispecies_prep_balanced100_availaudio_20260430T120219Z/ICLISTENHF6016_20250205T080000.000Z.flac,/project/6070467/merileo/data/finwhales/final2025_resnet_20260423/multispecies_calltype_experiments/prep_runs/multispecies_prep_balanced100_availaudio_20260430T120219Z/ICLISTENHF6016_20250205T080000.000Z.flac,30.000000,40.000000,,,,,,,,,,,,,,,,,,,,,,,,,primary_adjacent_gap,primary_adjacent_gap,ONC
ICLISTENHF6016_20250205T080000.000Z_gap_0002_60.0s_70.0s,/project/6070467/merileo/data/finwhales/final2025_resnet_20260423/multispecies_calltype_experiments/prep_runs/multispecies_prep_balanced100_availaudio_20260430T120219Z/ICLISTENHF6016_20250205T080000.000Z.flac,,,,,,10.000000,onc_primary_adjacent_gap,candidate_primary_adjacent_gap,/project/6070467/merileo/data/finwhales/final2025_resnet_20260423/multispecies_calltype_experiments/prep_runs/multispecies_prep_balanced100_availaudio_20260430T120219Z/ICLISTENHF6016_20250205T080000.000Z.flac,,,,1,train,,,,,/project/6070467/merileo/data/finwhales/final2025_resnet_20260423/multispecies_calltype_experiments/prep_runs/multispecies_prep_balanced100_availaudio_20260430T120219Z/ICLISTENHF6016_20250205T080000.000Z.flac,/project/6070467/merileo/data/finwhales/final2025_resnet_20260423/multispecies_calltype_experiments/prep_runs/multispecies_prep_balanced100_availaudio_20260430T120219Z/ICLISTENHF6016_20250205T080000.000Z.flac,60.000000,70.000000,,,,,,,,,,,,,,,,,,,,,,,,,primary_adjacent_gap,primary_adjacent_gap,ONC
ICLISTENHF6016_20250205T190000.000Z_gap_0000_15.2s_25.2s,/project/6070467/merileo/data/finwhales/final2025_resnet_20260423/multispecies_calltype_experiments/prep_runs/multispecies_prep_balanced100_availaudio_20260430T120219Z/ICLISTENHF6016_20250205T190000.000Z.flac,,,,,,10.000000,onc_primary_adjacent_gap,candidate_primary_adjacent_gap,/project/6070467/merileo/data/finwhales/final2025_resnet_20260423/multispecies_calltype_experiments/prep_runs/multispecies_prep_balanced100_availaudio_20260430T120219Z/ICLISTENHF6016_20250205T190000.000Z.flac,,,,1,val,,,,,/project/6070467/merileo/data/finwhales/final2025_resnet_20260423/multispecies_calltype_experiments/prep_runs/multispecies_prep_balanced100_availaudio_20260430T120219Z/ICLISTENHF6016_20250205T190000.000Z.flac,/project/6070467/merileo/data/finwhales/final2025_resnet_20260423/multispecies_calltype_experiments/prep_runs/multispecies_prep_balanced100_availaudio_20260430T120219Z/ICLISTENHF6016_20250205T190000.000Z.flac,15.200000,25.200000,,,,,,,,,,,,,,,,,,,,,,,,,primary_adjacent_gap,primary_adjacent_gap,ONC
ICLISTENHF6016_20250205T190000.000Z_gap_0001_45.2s_55.2s,/project/6070467/merileo/data/finwhales/final2025_resnet_20260423/multispecies_calltype_experiments/prep_runs/multispecies_prep_balanced100_availaudio_20260430T120219Z/ICLISTENHF6016_20250205T190000.000Z.flac,,,,,,10.000000,onc_primary_adjacent_gap,candidate_primary_adjacent_gap,/project/6070467/merileo/data/finwhales/final2025_resnet_20260423/multispecies_calltype_experiments/prep_runs/multispecies_prep_balanced100_availaudio_20260430T120219Z/ICLISTENHF6016_20250205T190000.000Z.flac,,,,1,val,,,,,/project/6070467/merileo/data/finwhales/final2025_resnet_20260423/multispecies_calltype_experiments/prep_runs/multispecies_prep_balanced100_availaudio_20260430T120219Z/ICLISTENHF6016_20250205T190000.000Z.flac,/project/6070467/merileo/data/finwhales/final2025_resnet_20260423/multispecies_calltype_experiments/prep_runs/multispecies_prep_balanced100_availaudio_20260430T120219Z/ICLISTENHF6016_20250205T190000.000Z.flac,45.200000,55.200000,,,,,,,,,,,,,,,,,,,,,,,,,primary_adjacent_gap,primary_adjacent_gap,ONC
ICLISTENHF6016_20250205T190000.000Z_gap_0002_75.2s_85.2s,/project/6070467/merileo/data/finwhales/final2025_resnet_20260423/multispecies_calltype_experiments/prep_runs/multispecies_prep_balanced100_availaudio_20260430T120219Z/ICLISTENHF6016_20250205T190000.000Z.flac,,,,,,10.000000,onc_primary_adjacent_gap,candidate_primary_adjacent_gap,/project/6070467/merileo/data/finwhales/final2025_resnet_20260423/multispecies_calltype_experiments/prep_runs/multispecies_prep_balanced100_availaudio_20260430T120219Z/ICLISTENHF6016_20250205T190000.000Z.flac,,,,1,val,,,,,/project/6070467/merileo/data/finwhales/final2025_resnet_20260423/multispecies_calltype_experiments/prep_runs/multispecies_prep_balanced100_availaudio_20260430T120219Z/ICLISTENHF6016_20250205T190000.000Z.flac,/project/6070467/merileo/data/finwhales/final2025_resnet_20260423/multispecies_calltype_experiments/prep_runs/multispecies_prep_balanced100_availaudio_20260430T120219Z/ICLISTENHF6016_20250205T190000.000Z.flac,75.200000,85.200000,,,,,,,,,,,,,,,,,,,,,,,,,primary_adjacent_gap,primary_adjacent_gap,ONC
ICLISTENHF6016_20250215T010000.000Z_gap_0000_0.0s_10.0s,/project/6070467/merileo/data/finwhales/final2025_resnet_20260423/multispecies_calltype_experiments/prep_runs/multispecies_prep_balanced100_availaudio_20260430T120219Z/ICLISTENHF6016_20250215T010000.000Z.flac,,,,,,10.000000,onc_primary_adjacent_gap,candidate_primary_adjacent_gap,/project/6070467/merileo/data/finwhales/final2025_resnet_20260423/multispecies_calltype_experiments/prep_runs/multispecies_prep_balanced100_availaudio_20260430T120219Z/ICLISTENHF6016_20250215T010000.000Z.flac,,,,1,train,,,,,/project/6070467/merileo/data/finwhales/final2025_resnet_20260423/multispecies_calltype_experiments/prep_runs/multispecies_prep_balanced100_availaudio_20260430T120219Z/ICLISTENHF6016_20250215T010000.000Z.flac,/project/6070467/merileo/data/finwhales/final2025_resnet_20260423/multispecies_calltype_experiments/prep_runs/multispecies_prep_balanced100_availaudio_20260430T120219Z/ICLISTENHF6016_20250215T010000.000Z.flac,0.000000,10.000000,,,,,,,,,,,,,,,,,,,,,,,,,primary_adjacent_gap,primary_adjacent_gap,ONC
ICLISTENHF6016_20250215T010000.000Z_gap_0001_30.0s_40.0s,/project/6070467/merileo/data/finwhales/final2025_resnet_20260423/multispecies_calltype_experiments/prep_runs/multispecies_prep_balanced100_availaudio_20260430T120219Z/ICLISTENHF6016_20250215T010000.000Z.flac,,,,,,10.000000,onc_primary_adjacent_gap,candidate_primary_adjacent_gap,/project/6070467/merileo/data/finwhales/final2025_resnet_20260423/multispecies_calltype_experiments/prep_runs/multispecies_prep_balanced100_availaudio_20260430T120219Z/ICLISTENHF6016_20250215T010000.000Z.flac,,,,1,train,,,,,/project/6070467/merileo/data/finwhales/final2025_resnet_20260423/multispecies_calltype_experiments/prep_runs/multispecies_prep_balanced100_availaudio_20260430T120219Z/ICLISTENHF6016_20250215T010000.000Z.flac,/project/6070467/merileo/data/finwhales/final2025_resnet_20260423/multispecies_calltype_experiments/prep_runs/multispecies_prep_balanced100_availaudio_20260430T120219Z/ICLISTENHF6016_20250215T010000.000Z.flac,30.000000,40.000000,,,,,,,,,,,,,,,,,,,,,,,,,primary_adjacent_gap,primary_adjacent_gap,ONC
ICLISTENHF6016_20250215T010000.000Z_gap_0002_60.0s_70.0s,/project/6070467/merileo/data/finwhales/final2025_resnet_20260423/multispecies_calltype_experiments/prep_runs/multispecies_prep_balanced100_availaudio_20260430T120219Z/ICLISTENHF6016_20250215T010000.000Z.flac,,,,,,10.000000,onc_primary_adjacent_gap,candidate_primary_adjacent_gap,/project/6070467/merileo/data/finwhales/final2025_resnet_20260423/multispecies_calltype_experiments/prep_runs/multispecies_prep_balanced100_availaudio_20260430T120219Z/ICLISTENHF6016_20250215T010000.000Z.flac,,,,1,train,,,,,/project/6070467/merileo/data/finwhales/final2025_resnet_20260423/multispecies_calltype_experiments/prep_runs/multispecies_prep_balanced100_availaudio_20260430T120219Z/ICLISTENHF6016_20250215T010000.000Z.flac,/project/6070467/merileo/data/finwhales/final2025_resnet_20260423/multispecies_calltype_experiments/prep_runs/multispecies_prep_balanced100_availaudio_20260430T120219Z/ICLISTENHF6016_20250215T010000.000Z.flac,60.000000,70.000000,,,,,,,,,,,,,,,,,,,,,,,,,primary_adjacent_gap,primary_adjacent_gap,ONC
ICLISTENHF6016_20250215T030000.000Z_gap_0000_0.0s_10.0s,/project/6070467/merileo/data/finwhales/final2025_resnet_20260423/multispecies_calltype_experiments/prep_runs/multispecies_prep_balanced100_availaudio_20260430T120219Z/ICLISTENHF6016_20250215T030000.000Z.flac,,,,,,10.000000,onc_primary_adjacent_gap,candidate_primary_adjacent_gap,/project/6070467/merileo/data/finwhales/final2025_resnet_20260423/multispecies_calltype_experiments/prep_runs/multispecies_prep_balanced100_availaudio_20260430T120219Z/ICLISTENHF6016_20250215T030000.000Z.flac,,,,1,train,,,,,/project/6070467/merileo/data/finwhales/final2025_resnet_20260423/multispecies_calltype_experiments/prep_runs/multispecies_prep_balanced100_availaudio_20260430T120219Z/ICLISTENHF6016_20250215T030000.000Z.flac,/project/6070467/merileo/data/finwhales/final2025_resnet_20260423/multispecies_calltype_experiments/prep_runs/multispecies_prep_balanced100_availaudio_20260430T120219Z/ICLISTENHF6016_20250215T030000.000Z.flac,0.000000,10.000000,,,,,,,,,,,,,,,,,,,,,,,,,primary_adjacent_gap,primary_adjacent_gap,ONC
ICLISTENHF6016_20250215T030000.000Z_gap_0001_30.0s_40.0s,/project/6070467/merileo/data/finwhales/final2025_resnet_20260423/multispecies_calltype_experiments/prep_runs/multispecies_prep_balanced100_availaudio_20260430T120219Z/ICLISTENHF6016_20250215T030000.000Z.flac,,,,,,10.000000,onc_primary_adjacent_gap,candidate_primary_adjacent_gap,/project/6070467/merileo/data/finwhales/final2025_resnet_20260423/multispecies_calltype_experiments/prep_runs/multispecies_prep_balanced100_availaudio_20260430T120219Z/ICLISTENHF6016_20250215T030000.000Z.flac,,,,1,train,,,,,/project/6070467/merileo/data/finwhales/final2025_resnet_20260423/multispecies_calltype_experiments/prep_runs/multispecies_prep_balanced100_availaudio_20260430T120219Z/ICLISTENHF6016_20250215T030000.000Z.flac,/project/6070467/merileo/data/finwhales/final2025_resnet_20260423/multispecies_calltype_experiments/prep_runs/multispecies_prep_balanced100_availaudio_20260430T120219Z/ICLISTENHF6016_20250215T030000.000Z.flac,30.000000,40.000000,,,,,,,,,,,,,,,,,,,,,,,,,primary_adjacent_gap,primary_adjacent_gap,ONC
ICLISTENHF6016_20250215T030000.000Z_gap_0002_60.0s_70.0s,/project/6070467/merileo/data/finwhales/final2025_resnet_20260423/multispecies_calltype_experiments/prep_runs/multispecies_prep_balanced100_availaudio_20260430T120219Z/ICLISTENHF6016_20250215T030000.000Z.flac,,,,,,10.000000,onc_primary_adjacent_gap,candidate_primary_adjacent_gap,/project/6070467/merileo/data/finwhales/final2025_resnet_20260423/multispecies_calltype_experiments/prep_runs/multispecies_prep_balanced100_availaudio_20260430T120219Z/ICLISTENHF6016_20250215T030000.000Z.flac,,,,1,train,,,,,/project/6070467/merileo/data/finwhales/final2025_resnet_20260423/multispecies_calltype_experiments/prep_runs/multispecies_prep_balanced100_availaudio_20260430T120219Z/ICLISTENHF6016_20250215T030000.000Z.flac,/project/6070467/merileo/data/finwhales/final2025_resnet_20260423/multispecies_calltype_experiments/prep_runs/multispecies_prep_balanced100_availaudio_20260430T120219Z/ICLISTENHF6016_20250215T030000.000Z.flac,60.000000,70.000000,,,,,,,,,,,,,,,,,,,,,,,,,primary_adjacent_gap,primary_adjacent_gap,ONC
ICLISTENHF6016_20250215T060000.000Z_gap_0000_0.0s_10.0s,/project/6070467/merileo/data/finwhales/final2025_resnet_20260423/multispecies_calltype_experiments/prep_runs/multispecies_prep_balanced100_availaudio_20260430T120219Z/ICLISTENHF6016_20250215T060000.000Z.flac,,,,,,10.000000,onc_primary_adjacent_gap,candidate_primary_adjacent_gap,/project/6070467/merileo/data/finwhales/final2025_resnet_20260423/multispecies_calltype_experiments/prep_runs/multispecies_prep_balanced100_availaudio_20260430T120219Z/ICLISTENHF6016_20250215T060000.000Z.flac,,,,1,train,,,,,/project/6070467/merileo/data/finwhales/final2025_resnet_20260423/multispecies_calltype_experiments/prep_runs/multispecies_prep_balanced100_availaudio_20260430T120219Z/ICLISTENHF6016_20250215T060000.000Z.flac,/project/6070467/merileo/data/finwhales/final2025_resnet_20260423/multispecies_calltype_experiments/prep_runs/multispecies_prep_balanced100_availaudio_20260430T120219Z/ICLISTENHF6016_20250215T060000.000Z.flac,0.000000,10.000000,,,,,,,,,,,,,,,,,,,,,,,,,primary_adjacent_gap,primary_adjacent_gap,ONC
ICLISTENHF6016_20250215T060000.000Z_gap_0001_10.9s_20.9s,/project/6070467/merileo/data/finwhales/final2025_resnet_20260423/multispecies_calltype_experiments/prep_runs/multispecies_prep_balanced100_availaudio_20260430T120219Z/ICLISTENHF6016_20250215T060000.000Z.flac,,,,,,10.000000,onc_primary_adjacent_gap,candidate_primary_adjacent_gap,/project/6070467/merileo/data/finwhales/final2025_resnet_20260423/multispecies_calltype_experiments/prep_runs/multispecies_prep_balanced100_availaudio_20260430T120219Z/ICLISTENHF6016_20250215T060000.000Z.flac,,,,1,train,,,,,/project/6070467/merileo/data/finwhales/final2025_resnet_20260423/multispecies_calltype_experiments/prep_runs/multispecies_prep_balanced100_availaudio_20260430T120219Z/ICLISTENHF6016_20250215T060000.000Z.flac,/project/6070467/merileo/data/finwhales/final2025_resnet_20260423/multispecies_calltype_experiments/prep_runs/multispecies_prep_balanced100_availaudio_20260430T120219Z/ICLISTENHF6016_20250215T060000.000Z.flac,10.900000,20.900000,,,,,,,,,,,,,,,,,,,,,,,,,primary_adjacent_gap,primary_adjacent_gap,ONC
ICLISTENHF6016_20250215T060000.000Z_gap_0002_40.5s_50.5s,/project/6070467/merileo/data/finwhales/final2025_resnet_20260423/multispecies_calltype_experiments/prep_runs/multispecies_prep_balanced100_availaudio_20260430T120219Z/ICLISTENHF6016_20250215T060000.000Z.flac,,,,,,10.000000,onc_primary_adjacent_gap,candidate_primary_adjacent_gap,/project/6070467/merileo/data/finwhales/final2025_resnet_20260423/multispecies_calltype_experiments/prep_runs/multispecies_prep_balanced100_availaudio_20260430T120219Z/ICLISTENHF6016_20250215T060000.000Z.flac,,,,1,train,,,,,/project/6070467/merileo/data/finwhales/final2025_resnet_20260423/multispecies_calltype_experiments/prep_runs/multispecies_prep_balanced100_availaudio_20260430T120219Z/ICLISTENHF6016_20250215T060000.000Z.flac,/project/6070467/merileo/data/finwhales/final2025_resnet_20260423/multispecies_calltype_experiments/prep_runs/multispecies_prep_balanced100_availaudio_20260430T120219Z/ICLISTENHF6016_20250215T060000.000Z.flac,40.500000,50.500000,,,,,,,,,,,,,,,,,,,,,,,,,primary_adjacent_gap,primary_adjacent_gap,ONC
ICLISTENHF6016_20250215T080000.000Z_gap_0000_0.0s_10.0s,/project/6070467/merileo/data/finwhales/final2025_resnet_20260423/multispecies_calltype_experiments/prep_runs/multispecies_prep_balanced100_availaudio_20260430T120219Z/ICLISTENHF6016_20250215T080000.000Z.flac,,,,,,10.000000,onc_primary_adjacent_gap,candidate_primary_adjacent_gap,/project/6070467/merileo/data/finwhales/final2025_resnet_20260423/multispecies_calltype_experiments/prep_runs/multispecies_prep_balanced100_availaudio_20260430T120219Z/ICLISTENHF6016_20250215T080000.000Z.flac,,,,1,train,,,,,/project/6070467/merileo/data/finwhales/final2025_resnet_20260423/multispecies_calltype_experiments/prep_runs/multispecies_prep_balanced100_availaudio_20260430T120219Z/ICLISTENHF6016_20250215T080000.000Z.flac,/project/6070467/merileo/data/finwhales/final2025_resnet_20260423/multispecies_calltype_experiments/prep_runs/multispecies_prep_balanced100_availaudio_20260430T120219Z/ICLISTENHF6016_20250215T080000.000Z.flac,0.000000,10.000000,,,,,,,,,,,,,,,,,,,,,,,,,primary_adjacent_gap,primary_adjacent_gap,ONC
ICLISTENHF6016_20250215T080000.000Z_gap_0001_30.0s_40.0s,/project/6070467/merileo/data/finwhales/final2025_resnet_20260423/multispecies_calltype_experiments/prep_runs/multispecies_prep_balanced100_availaudio_20260430T120219Z/ICLISTENHF6016_20250215T080000.000Z.flac,,,,,,10.000000,onc_primary_adjacent_gap,candidate_primary_adjacent_gap,/project/6070467/merileo/data/finwhales/final2025_resnet_20260423/multispecies_calltype_experiments/prep_runs/multispecies_prep_balanced100_availaudio_20260430T120219Z/ICLISTENHF6016_20250215T080000.000Z.flac,,,,1,train,,,,,/project/6070467/merileo/data/finwhales/final2025_resnet_20260423/multispecies_calltype_experiments/prep_runs/multispecies_prep_balanced100_availaudio_20260430T120219Z/ICLISTENHF6016_20250215T080000.000Z.flac,/project/6070467/merileo/data/finwhales/final2025_resnet_20260423/multispecies_calltype_experiments/prep_runs/multispecies_prep_balanced100_availaudio_20260430T120219Z/ICLISTENHF6016_20250215T080000.000Z.flac,30.000000,40.000000,,,,,,,,,,,,,,,,,,,,,,,,,primary_adjacent_gap,primary_adjacent_gap,ONC
ICLISTENHF6016_20250215T080000.000Z_gap_0002_60.0s_70.0s,/project/6070467/merileo/data/finwhales/final2025_resnet_20260423/multispecies_calltype_experiments/prep_runs/multispecies_prep_balanced100_availaudio_20260430T120219Z/ICLISTENHF6016_20250215T080000.000Z.flac,,,,,,10.000000,onc_primary_adjacent_gap,candidate_primary_adjacent_gap,/project/6070467/merileo/data/finwhales/final2025_resnet_20260423/multispecies_calltype_experiments/prep_runs/multispecies_prep_balanced100_availaudio_20260430T120219Z/ICLISTENHF6016_20250215T080000.000Z.flac,,,,1,train,,,,,/project/6070467/merileo/data/finwhales/final2025_resnet_20260423/multispecies_calltype_experiments/prep_runs/multispecies_prep_balanced100_availaudio_20260430T120219Z/ICLISTENHF6016_20250215T080000.000Z.flac,/project/6070467/merileo/data/finwhales/final2025_resnet_20260423/multispecies_calltype_experiments/prep_runs/multispecies_prep_balanced100_availaudio_20260430T120219Z/ICLISTENHF6016_20250215T080000.000Z.flac,60.000000,70.000000,,,,,,,,,,,,,,,,,,,,,,,,,primary_adjacent_gap,primary_adjacent_gap,ONC
ICLISTENHF6016_20250215T130000.000Z_gap_0000_0.0s_10.0s,/project/6070467/merileo/data/finwhales/final2025_resnet_20260423/multispecies_calltype_experiments/prep_runs/multispecies_prep_balanced100_availaudio_20260430T120219Z/ICLISTENHF6016_20250215T130000.000Z.flac,,,,,,10.000000,onc_primary_adjacent_gap,candidate_primary_adjacent_gap,/project/6070467/merileo/data/finwhales/final2025_resnet_20260423/multispecies_calltype_experiments/prep_runs/multispecies_prep_balanced100_availaudio_20260430T120219Z/ICLISTENHF6016_20250215T130000.000Z.flac,,,,1,test,,,,,/project/6070467/merileo/data/finwhales/final2025_resnet_20260423/multispecies_calltype_experiments/prep_runs/multispecies_prep_balanced100_availaudio_20260430T120219Z/ICLISTENHF6016_20250215T130000.000Z.flac,/project/6070467/merileo/data/finwhales/final2025_resnet_20260423/multispecies_calltype_experiments/prep_runs/multispecies_prep_balanced100_availaudio_20260430T120219Z/ICLISTENHF6016_20250215T130000.000Z.flac,0.000000,10.000000,,,,,,,,,,,,,,,,,,,,,,,,,primary_adjacent_gap,primary_adjacent_gap,ONC
ICLISTENHF6016_20250215T130000.000Z_gap_0001_30.0s_40.0s,/project/6070467/merileo/data/finwhales/final2025_resnet_20260423/multispecies_calltype_experiments/prep_runs/multispecies_prep_balanced100_availaudio_20260430T120219Z/ICLISTENHF6016_20250215T130000.000Z.flac,,,,,,10.000000,onc_primary_adjacent_gap,candidate_primary_adjacent_gap,/project/6070467/merileo/data/finwhales/final2025_resnet_20260423/multispecies_calltype_experiments/prep_runs/multispecies_prep_balanced100_availaudio_20260430T120219Z/ICLISTENHF6016_20250215T130000.000Z.flac,,,,1,test,,,,,/project/6070467/merileo/data/finwhales/final2025_resnet_20260423/multispecies_calltype_experiments/prep_runs/multispecies_prep_balanced100_availaudio_20260430T120219Z/ICLISTENHF6016_20250215T130000.000Z.flac,/project/6070467/merileo/data/finwhales/final2025_resnet_20260423/multispecies_calltype_experiments/prep_runs/multispecies_prep_balanced100_availaudio_20260430T120219Z/ICLISTENHF6016_20250215T130000.000Z.flac,30.000000,40.000000,,,,,,,,,,,,,,,,,,,,,,,,,primary_adjacent_gap,primary_adjacent_gap,ONC
ICLISTENHF6016_20250215T130000.000Z_gap_0002_60.0s_70.0s,/project/6070467/merileo/data/finwhales/final2025_resnet_20260423/multispecies_calltype_experiments/prep_runs/multispecies_prep_balanced100_availaudio_20260430T120219Z/ICLISTENHF6016_20250215T130000.000Z.flac,,,,,,10.000000,onc_primary_adjacent_gap,candidate_primary_adjacent_gap,/project/6070467/merileo/data/finwhales/final2025_resnet_20260423/multispecies_calltype_experiments/prep_runs/multispecies_prep_balanced100_availaudio_20260430T120219Z/ICLISTENHF6016_20250215T130000.000Z.flac,,,,1,test,,,,,/project/6070467/merileo/data/finwhales/final2025_resnet_20260423/multispecies_calltype_experiments/prep_runs/multispecies_prep_balanced100_availaudio_20260430T120219Z/ICLISTENHF6016_20250215T130000.000Z.flac,/project/6070467/merileo/data/finwhales/final2025_resnet_20260423/multispecies_calltype_experiments/prep_runs/multispecies_prep_balanced100_availaudio_20260430T120219Z/ICLISTENHF6016_20250215T130000.000Z.flac,60.000000,70.000000,,,,,,,,,,,,,,,,,,,,,,,,,primary_adjacent_gap,primary_adjacent_gap,ONC
ICLISTENHF6016_20250225T040000.000Z-LPF_gap_0000_0.0s_10.0s,/project/6070467/merileo/data/finwhales/final2025_resnet_20260423/multispecies_calltype_experiments/prep_runs/multispecies_prep_balanced100_availaudio_20260430T120219Z/ICLISTENHF6016_20250225T040000.000Z-LPF.flac,,,,,,10.000000,onc_primary_adjacent_gap,candidate_primary_adjacent_gap,/project/6070467/merileo/data/finwhales/final2025_resnet_20260423/multispecies_calltype_experiments/prep_runs/multispecies_prep_balanced100_availaudio_20260430T120219Z/ICLISTENHF6016_20250225T040000.000Z-LPF.flac,,,,1,train,,,,,/project/6070467/merileo/data/finwhales/final2025_resnet_20260423/multispecies_calltype_experiments/prep_runs/multispecies_prep_balanced100_availaudio_20260430T120219Z/ICLISTENHF6016_20250225T040000.000Z-LPF.flac,/project/6070467/merileo/data/finwhales/final2025_resnet_20260423/multispecies_calltype_experiments/prep_runs/multispecies_prep_balanced100_availaudio_20260430T120219Z/ICLISTENHF6016_20250225T040000.000Z-LPF.flac,0.000000,10.000000,,,,,,,,,,,,,,,,,,,,,,,,,primary_adjacent_gap,primary_adjacent_gap,ONC
ICLISTENHF6016_20250225T040000.000Z-LPF_gap_0001_30.0s_40.0s,/project/6070467/merileo/data/finwhales/final2025_resnet_20260423/multispecies_calltype_experiments/prep_runs/multispecies_prep_balanced100_availaudio_20260430T120219Z/ICLISTENHF6016_20250225T040000.000Z-LPF.flac,,,,,,10.000000,onc_primary_adjacent_gap,candidate_primary_adjacent_gap,/project/6070467/merileo/data/finwhales/final2025_resnet_20260423/multispecies_calltype_experiments/prep_runs/multispecies_prep_balanced100_availaudio_20260430T120219Z/ICLISTENHF6016_20250225T040000.000Z-LPF.flac,,,,1,train,,,,,/project/6070467/merileo/data/finwhales/final2025_resnet_20260423/multispecies_calltype_experiments/prep_runs/multispecies_prep_balanced100_availaudio_20260430T120219Z/ICLISTENHF6016_20250225T040000.000Z-LPF.flac,/project/6070467/merileo/data/finwhales/final2025_resnet_20260423/multispecies_calltype_experiments/prep_runs/multispecies_prep_balanced100_availaudio_20260430T120219Z/ICLISTENHF6016_20250225T040000.000Z-LPF.flac,30.000000,40.000000,,,,,,,,,,,,,,,,,,,,,,,,,primary_adjacent_gap,primary_adjacent_gap,ONC
ICLISTENHF6016_20250225T040000.000Z-LPF_gap_0002_60.0s_70.0s,/project/6070467/merileo/data/finwhales/final2025_resnet_20260423/multispecies_calltype_experiments/prep_runs/multispecies_prep_balanced100_availaudio_20260430T120219Z/ICLISTENHF6016_20250225T040000.000Z-LPF.flac,,,,,,10.000000,onc_primary_adjacent_gap,candidate_primary_adjacent_gap,/project/6070467/merileo/data/finwhales/final2025_resnet_20260423/multispecies_calltype_experiments/prep_runs/multispecies_prep_balanced100_availaudio_20260430T120219Z/ICLISTENHF6016_20250225T040000.000Z-LPF.flac,,,,1,train,,,,,/project/6070467/merileo/data/finwhales/final2025_resnet_20260423/multispecies_calltype_experiments/prep_runs/multispecies_prep_balanced100_availaudio_20260430T120219Z/ICLISTENHF6016_20250225T040000.000Z-LPF.flac,/project/6070467/merileo/data/finwhales/final2025_resnet_20260423/multispecies_calltype_experiments/prep_runs/multispecies_prep_balanced100_availaudio_20260430T120219Z/ICLISTENHF6016_20250225T040000.000Z-LPF.flac,60.000000,70.000000,,,,,,,,,,,,,,,,,,,,,,,,,primary_adjacent_gap,primary_adjacent_gap,ONC
ICLISTENHF6016_20250225T110000.000Z-LPF_gap_0000_0.0s_10.0s,/project/6070467/merileo/data/finwhales/final2025_resnet_20260423/multispecies_calltype_experiments/prep_runs/multispecies_prep_balanced100_availaudio_20260430T120219Z/ICLISTENHF6016_20250225T110000.000Z-LPF.flac,,,,,,10.000000,onc_primary_adjacent_gap,candidate_primary_adjacent_gap,/project/6070467/merileo/data/finwhales/final2025_resnet_20260423/multispecies_calltype_experiments/prep_runs/multispecies_prep_balanced100_availaudio_20260430T120219Z/ICLISTENHF6016_20250225T110000.000Z-LPF.flac,,,,1,train,,,,,/project/6070467/merileo/data/finwhales/final2025_resnet_20260423/multispecies_calltype_experiments/prep_runs/multispecies_prep_balanced100_availaudio_20260430T120219Z/ICLISTENHF6016_20250225T110000.000Z-LPF.flac,/project/6070467/merileo/data/finwhales/final2025_resnet_20260423/multispecies_calltype_experiments/prep_runs/multispecies_prep_balanced100_availaudio_20260430T120219Z/ICLISTENHF6016_20250225T110000.000Z-LPF.flac,0.000000,10.000000,,,,,,,,,,,,,,,,,,,,,,,,,primary_adjacent_gap,primary_adjacent_gap,ONC
ICLISTENHF6016_20250225T110000.000Z-LPF_gap_0001_30.0s_40.0s,/project/6070467/merileo/data/finwhales/final2025_resnet_20260423/multispecies_calltype_experiments/prep_runs/multispecies_prep_balanced100_availaudio_20260430T120219Z/ICLISTENHF6016_20250225T110000.000Z-LPF.flac,,,,,,10.000000,onc_primary_adjacent_gap,candidate_primary_adjacent_gap,/project/6070467/merileo/data/finwhales/final2025_resnet_20260423/multispecies_calltype_experiments/prep_runs/multispecies_prep_balanced100_availaudio_20260430T120219Z/ICLISTENHF6016_20250225T110000.000Z-LPF.flac,,,,1,train,,,,,/project/6070467/merileo/data/finwhales/final2025_resnet_20260423/multispecies_calltype_experiments/prep_runs/multispecies_prep_balanced100_availaudio_20260430T120219Z/ICLISTENHF6016_20250225T110000.000Z-LPF.flac,/project/6070467/merileo/data/finwhales/final2025_resnet_20260423/multispecies_calltype_experiments/prep_runs/multispecies_prep_balanced100_availaudio_20260430T120219Z/ICLISTENHF6016_20250225T110000.000Z-LPF.flac,30.000000,40.000000,,,,,,,,,,,,,,,,,,,,,,,,,primary_adjacent_gap,primary_adjacent_gap,ONC
ICLISTENHF6016_20250225T110000.000Z-LPF_gap_0002_60.0s_70.0s,/project/6070467/merileo/data/finwhales/final2025_resnet_20260423/multispecies_calltype_experiments/prep_runs/multispecies_prep_balanced100_availaudio_20260430T120219Z/ICLISTENHF6016_20250225T110000.000Z-LPF.flac,,,,,,10.000000,onc_primary_adjacent_gap,candidate_primary_adjacent_gap,/project/6070467/merileo/data/finwhales/final2025_resnet_20260423/multispecies_calltype_experiments/prep_runs/multispecies_prep_balanced100_availaudio_20260430T120219Z/ICLISTENHF6016_20250225T110000.000Z-LPF.flac,,,,1,train,,,,,/project/6070467/merileo/data/finwhales/final2025_resnet_20260423/multispecies_calltype_experiments/prep_runs/multispecies_prep_balanced100_availaudio_20260430T120219Z/ICLISTENHF6016_20250225T110000.000Z-LPF.flac,/project/6070467/merileo/data/finwhales/final2025_resnet_20260423/multispecies_calltype_experiments/prep_runs/multispecies_prep_balanced100_availaudio_20260430T120219Z/ICLISTENHF6016_20250225T110000.000Z-LPF.flac,60.000000,70.000000,,,,,,,,,,,,,,,,,,,,,,,,,primary_adjacent_gap,primary_adjacent_gap,ONC
ICLISTENHF6016_20250225T230000.000Z_gap_0000_0.0s_10.0s,/project/6070467/merileo/data/finwhales/final2025_resnet_20260423/multispecies_calltype_experiments/prep_runs/multispecies_prep_balanced100_availaudio_20260430T120219Z/ICLISTENHF6016_20250225T230000.000Z.flac,,,,,,10.000000,onc_primary_adjacent_gap,candidate_primary_adjacent_gap,/project/6070467/merileo/data/finwhales/final2025_resnet_20260423/multispecies_calltype_experiments/prep_runs/multispecies_prep_balanced100_availaudio_20260430T120219Z/ICLISTENHF6016_20250225T230000.000Z.flac,,,,1,train,,,,,/project/6070467/merileo/data/finwhales/final2025_resnet_20260423/multispecies_calltype_experiments/prep_runs/multispecies_prep_balanced100_availaudio_20260430T120219Z/ICLISTENHF6016_20250225T230000.000Z.flac,/project/6070467/merileo/data/finwhales/final2025_resnet_20260423/multispecies_calltype_experiments/prep_runs/multispecies_prep_balanced100_availaudio_20260430T120219Z/ICLISTENHF6016_20250225T230000.000Z.flac,0.000000,10.000000,,,,,,,,,,,,,,,,,,,,,,,,,primary_adjacent_gap,primary_adjacent_gap,ONC
ICLISTENHF6016_20250225T230000.000Z_gap_0001_30.0s_40.0s,/project/6070467/merileo/data/finwhales/final2025_resnet_20260423/multispecies_calltype_experiments/prep_runs/multispecies_prep_balanced100_availaudio_20260430T120219Z/ICLISTENHF6016_20250225T230000.000Z.flac,,,,,,10.000000,onc_primary_adjacent_gap,candidate_primary_adjacent_gap,/project/6070467/merileo/data/finwhales/final2025_resnet_20260423/multispecies_calltype_experiments/prep_runs/multispecies_prep_balanced100_availaudio_20260430T120219Z/ICLISTENHF6016_20250225T230000.000Z.flac,,,,1,train,,,,,/project/6070467/merileo/data/finwhales/final2025_resnet_20260423/multispecies_calltype_experiments/prep_runs/multispecies_prep_balanced100_availaudio_20260430T120219Z/ICLISTENHF6016_20250225T230000.000Z.flac,/project/6070467/merileo/data/finwhales/final2025_resnet_20260423/multispecies_calltype_experiments/prep_runs/multispecies_prep_balanced100_availaudio_20260430T120219Z/ICLISTENHF6016_20250225T230000.000Z.flac,30.000000,40.000000,,,,,,,,,,,,,,,,,,,,,,,,,primary_adjacent_gap,primary_adjacent_gap,ONC
ICLISTENHF6016_20250225T230000.000Z_gap_0002_60.0s_70.0s,/project/6070467/merileo/data/finwhales/final2025_resnet_20260423/multispecies_calltype_experiments/prep_runs/multispecies_prep_balanced100_availaudio_20260430T120219Z/ICLISTENHF6016_20250225T230000.000Z.flac,,,,,,10.000000,onc_primary_adjacent_gap,candidate_primary_adjacent_gap,/project/6070467/merileo/data/finwhales/final2025_resnet_20260423/multispecies_calltype_experiments/prep_runs/multispecies_prep_balanced100_availaudio_20260430T120219Z/ICLISTENHF6016_20250225T230000.000Z.flac,,,,1,train,,,,,/project/6070467/merileo/data/finwhales/final2025_resnet_20260423/multispecies_calltype_experiments/prep_runs/multispecies_prep_balanced100_availaudio_20260430T120219Z/ICLISTENHF6016_20250225T230000.000Z.flac,/project/6070467/merileo/data/finwhales/final2025_resnet_20260423/multispecies_calltype_experiments/prep_runs/multispecies_prep_balanced100_availaudio_20260430T120219Z/ICLISTENHF6016_20250225T230000.000Z.flac,60.000000,70.000000,,,,,,,,,,,,,,,,,,,,,,,,,primary_adjacent_gap,primary_adjacent_gap,ONC
ICLISTENHF6016_20250405T030000.000Z_gap_0000_0.0s_10.0s,/project/6070467/merileo/data/finwhales/final2025_resnet_20260423/multispecies_calltype_experiments/prep_runs/multispecies_prep_balanced100_availaudio_20260430T120219Z/ICLISTENHF6016_20250405T030000.000Z.flac,,,,,,10.000000,onc_primary_adjacent_gap,candidate_primary_adjacent_gap,/project/6070467/merileo/data/finwhales/final2025_resnet_20260423/multispecies_calltype_experiments/prep_runs/multispecies_prep_balanced100_availaudio_20260430T120219Z/ICLISTENHF6016_20250405T030000.000Z.flac,,,,1,test,,,,,/project/6070467/merileo/data/finwhales/final2025_resnet_20260423/multispecies_calltype_experiments/prep_runs/multispecies_prep_balanced100_availaudio_20260430T120219Z/ICLISTENHF6016_20250405T030000.000Z.flac,/project/6070467/merileo/data/finwhales/final2025_resnet_20260423/multispecies_calltype_experiments/prep_runs/multispecies_prep_balanced100_availaudio_20260430T120219Z/ICLISTENHF6016_20250405T030000.000Z.flac,0.000000,10.000000,,,,,,,,,,,,,,,,,,,,,,,,,primary_adjacent_gap,primary_adjacent_gap,ONC
ICLISTENHF6016_20250405T030000.000Z_gap_0001_30.0s_40.0s,/project/6070467/merileo/data/finwhales/final2025_resnet_20260423/multispecies_calltype_experiments/prep_runs/multispecies_prep_balanced100_availaudio_20260430T120219Z/ICLISTENHF6016_20250405T030000.000Z.flac,,,,,,10.000000,onc_primary_adjacent_gap,candidate_primary_adjacent_gap,/project/6070467/merileo/data/finwhales/final2025_resnet_20260423/multispecies_calltype_experiments/prep_runs/multispecies_prep_balanced100_availaudio_20260430T120219Z/ICLISTENHF6016_20250405T030000.000Z.flac,,,,1,test,,,,,/project/6070467/merileo/data/finwhales/final2025_resnet_20260423/multispecies_calltype_experiments/prep_runs/multispecies_prep_balanced100_availaudio_20260430T120219Z/ICLISTENHF6016_20250405T030000.000Z.flac,/project/6070467/merileo/data/finwhales/final2025_resnet_20260423/multispecies_calltype_experiments/prep_runs/multispecies_prep_balanced100_availaudio_20260430T120219Z/ICLISTENHF6016_20250405T030000.000Z.flac,30.000000,40.000000,,,,,,,,,,,,,,,,,,,,,,,,,primary_adjacent_gap,primary_adjacent_gap,ONC
ICLISTENHF6016_20250405T030000.000Z_gap_0002_60.0s_70.0s,/project/6070467/merileo/data/finwhales/final2025_resnet_20260423/multispecies_calltype_experiments/prep_runs/multispecies_prep_balanced100_availaudio_20260430T120219Z/ICLISTENHF6016_20250405T030000.000Z.flac,,,,,,10.000000,onc_primary_adjacent_gap,candidate_primary_adjacent_gap,/project/6070467/merileo/data/finwhales/final2025_resnet_20260423/multispecies_calltype_experiments/prep_runs/multispecies_prep_balanced100_availaudio_20260430T120219Z/ICLISTENHF6016_20250405T030000.000Z.flac,,,,1,test,,,,,/project/6070467/merileo/data/finwhales/final2025_resnet_20260423/multispecies_calltype_experiments/prep_runs/multispecies_prep_balanced100_availaudio_20260430T120219Z/ICLISTENHF6016_20250405T030000.000Z.flac,/project/6070467/merileo/data/finwhales/final2025_resnet_20260423/multispecies_calltype_experiments/prep_runs/multispecies_prep_balanced100_availaudio_20260430T120219Z/ICLISTENHF6016_20250405T030000.000Z.flac,60.000000,70.000000,,,,,,,,,,,,,,,,,,,,,,,,,primary_adjacent_gap,primary_adjacent_gap,ONC
ICLISTENHF6016_20250425T030000.000Z_gap_0000_0.0s_10.0s,/project/6070467/merileo/data/finwhales/final2025_resnet_20260423/multispecies_calltype_experiments/prep_runs/multispecies_prep_balanced100_availaudio_20260430T120219Z/ICLISTENHF6016_20250425T030000.000Z.flac,,,,,,10.000000,onc_primary_adjacent_gap,candidate_primary_adjacent_gap,/project/6070467/merileo/data/finwhales/final2025_resnet_20260423/multispecies_calltype_experiments/prep_runs/multispecies_prep_balanced100_availaudio_20260430T120219Z/ICLISTENHF6016_20250425T030000.000Z.flac,,,,1,train,,,,,/project/6070467/merileo/data/finwhales/final2025_resnet_20260423/multispecies_calltype_experiments/prep_runs/multispecies_prep_balanced100_availaudio_20260430T120219Z/ICLISTENHF6016_20250425T030000.000Z.flac,/project/6070467/merileo/data/finwhales/final2025_resnet_20260423/multispecies_calltype_experiments/prep_runs/multispecies_prep_balanced100_availaudio_20260430T120219Z/ICLISTENHF6016_20250425T030000.000Z.flac,0.000000,10.000000,,,,,,,,,,,,,,,,,,,,,,,,,primary_adjacent_gap,primary_adjacent_gap,ONC
ICLISTENHF6016_20250425T030000.000Z_gap_0001_30.0s_40.0s,/project/6070467/merileo/data/finwhales/final2025_resnet_20260423/multispecies_calltype_experiments/prep_runs/multispecies_prep_balanced100_availaudio_20260430T120219Z/ICLISTENHF6016_20250425T030000.000Z.flac,,,,,,10.000000,onc_primary_adjacent_gap,candidate_primary_adjacent_gap,/project/6070467/merileo/data/finwhales/final2025_resnet_20260423/multispecies_calltype_experiments/prep_runs/multispecies_prep_balanced100_availaudio_20260430T120219Z/ICLISTENHF6016_20250425T030000.000Z.flac,,,,1,train,,,,,/project/6070467/merileo/data/finwhales/final2025_resnet_20260423/multispecies_calltype_experiments/prep_runs/multispecies_prep_balanced100_availaudio_20260430T120219Z/ICLISTENHF6016_20250425T030000.000Z.flac,/project/6070467/merileo/data/finwhales/final2025_resnet_20260423/multispecies_calltype_experiments/prep_runs/multispecies_prep_balanced100_availaudio_20260430T120219Z/ICLISTENHF6016_20250425T030000.000Z.flac,30.000000,40.000000,,,,,,,,,,,,,,,,,,,,,,,,,primary_adjacent_gap,primary_adjacent_gap,ONC
ICLISTENHF6016_20250425T030000.000Z_gap_0002_60.0s_70.0s,/project/6070467/merileo/data/finwhales/final2025_resnet_20260423/multispecies_calltype_experiments/prep_runs/multispecies_prep_balanced100_availaudio_20260430T120219Z/ICLISTENHF6016_20250425T030000.000Z.flac,,,,,,10.000000,onc_primary_adjacent_gap,candidate_primary_adjacent_gap,/project/6070467/merileo/data/finwhales/final2025_resnet_20260423/multispecies_calltype_experiments/prep_runs/multispecies_prep_balanced100_availaudio_20260430T120219Z/ICLISTENHF6016_20250425T030000.000Z.flac,,,,1,train,,,,,/project/6070467/merileo/data/finwhales/final2025_resnet_20260423/multispecies_calltype_experiments/prep_runs/multispecies_prep_balanced100_availaudio_20260430T120219Z/ICLISTENHF6016_20250425T030000.000Z.flac,/project/6070467/merileo/data/finwhales/final2025_resnet_20260423/multispecies_calltype_experiments/prep_runs/multispecies_prep_balanced100_availaudio_20260430T120219Z/ICLISTENHF6016_20250425T030000.000Z.flac,60.000000,70.000000,,,,,,,,,,,,,,,,,,,,,,,,,primary_adjacent_gap,primary_adjacent_gap,ONC
ICLISTENHF6016_20250505T030000.000Z_gap_0000_0.0s_10.0s,/project/6070467/merileo/data/finwhales/final2025_resnet_20260423/multispecies_calltype_experiments/prep_runs/multispecies_prep_balanced100_availaudio_20260430T120219Z/ICLISTENHF6016_20250505T030000.000Z.flac,,,,,,10.000000,onc_primary_adjacent_gap,candidate_primary_adjacent_gap,/project/6070467/merileo/data/finwhales/final2025_resnet_20260423/multispecies_calltype_experiments/prep_runs/multispecies_prep_balanced100_availaudio_20260430T120219Z/ICLISTENHF6016_20250505T030000.000Z.flac,,,,1,train,,,,,/project/6070467/merileo/data/finwhales/final2025_resnet_20260423/multispecies_calltype_experiments/prep_runs/multispecies_prep_balanced100_availaudio_20260430T120219Z/ICLISTENHF6016_20250505T030000.000Z.flac,/project/6070467/merileo/data/finwhales/final2025_resnet_20260423/multispecies_calltype_experiments/prep_runs/multispecies_prep_balanced100_availaudio_20260430T120219Z/ICLISTENHF6016_20250505T030000.000Z.flac,0.000000,10.000000,,,,,,,,,,,,,,,,,,,,,,,,,primary_adjacent_gap,primary_adjacent_gap,ONC
ICLISTENHF6016_20250505T030000.000Z_gap_0001_17.3s_27.3s,/project/6070467/merileo/data/finwhales/final2025_resnet_20260423/multispecies_calltype_experiments/prep_runs/multispecies_prep_balanced100_availaudio_20260430T120219Z/ICLISTENHF6016_20250505T030000.000Z.flac,,,,,,10.000000,onc_primary_adjacent_gap,candidate_primary_adjacent_gap,/project/6070467/merileo/data/finwhales/final2025_resnet_20260423/multispecies_calltype_experiments/prep_runs/multispecies_prep_balanced100_availaudio_20260430T120219Z/ICLISTENHF6016_20250505T030000.000Z.flac,,,,1,train,,,,,/project/6070467/merileo/data/finwhales/final2025_resnet_20260423/multispecies_calltype_experiments/prep_runs/multispecies_prep_balanced100_availaudio_20260430T120219Z/ICLISTENHF6016_20250505T030000.000Z.flac,/project/6070467/merileo/data/finwhales/final2025_resnet_20260423/multispecies_calltype_experiments/prep_runs/multispecies_prep_balanced100_availaudio_20260430T120219Z/ICLISTENHF6016_20250505T030000.000Z.flac,17.300000,27.300000,,,,,,,,,,,,,,,,,,,,,,,,,primary_adjacent_gap,primary_adjacent_gap,ONC
ICLISTENHF6016_20250505T030000.000Z_gap_0002_41.1s_51.1s,/project/6070467/merileo/data/finwhales/final2025_resnet_20260423/multispecies_calltype_experiments/prep_runs/multispecies_prep_balanced100_availaudio_20260430T120219Z/ICLISTENHF6016_20250505T030000.000Z.flac,,,,,,10.000000,onc_primary_adjacent_gap,candidate_primary_adjacent_gap,/project/6070467/merileo/data/finwhales/final2025_resnet_20260423/multispecies_calltype_experiments/prep_runs/multispecies_prep_balanced100_availaudio_20260430T120219Z/ICLISTENHF6016_20250505T030000.000Z.flac,,,,1,train,,,,,/project/6070467/merileo/data/finwhales/final2025_resnet_20260423/multispecies_calltype_experiments/prep_runs/multispecies_prep_balanced100_availaudio_20260430T120219Z/ICLISTENHF6016_20250505T030000.000Z.flac,/project/6070467/merileo/data/finwhales/final2025_resnet_20260423/multispecies_calltype_experiments/prep_runs/multispecies_prep_balanced100_availaudio_20260430T120219Z/ICLISTENHF6016_20250505T030000.000Z.flac,41.100000,51.100000,,,,,,,,,,,,,,,,,,,,,,,,,primary_adjacent_gap,primary_adjacent_gap,ONC
ICLISTENHF6016_20250505T040000.000Z_gap_0000_0.0s_10.0s,/project/6070467/merileo/data/finwhales/final2025_resnet_20260423/multispecies_calltype_experiments/prep_runs/multispecies_prep_balanced100_availaudio_20260430T120219Z/ICLISTENHF6016_20250505T040000.000Z.flac,,,,,,10.000000,onc_primary_adjacent_gap,candidate_primary_adjacent_gap,/project/6070467/merileo/data/finwhales/final2025_resnet_20260423/multispecies_calltype_experiments/prep_runs/multispecies_prep_balanced100_availaudio_20260430T120219Z/ICLISTENHF6016_20250505T040000.000Z.flac,,,,1,train,,,,,/project/6070467/merileo/data/finwhales/final2025_resnet_20260423/multispecies_calltype_experiments/prep_runs/multispecies_prep_balanced100_availaudio_20260430T120219Z/ICLISTENHF6016_20250505T040000.000Z.flac,/project/6070467/merileo/data/finwhales/final2025_resnet_20260423/multispecies_calltype_experiments/prep_runs/multispecies_prep_balanced100_availaudio_20260430T120219Z/ICLISTENHF6016_20250505T040000.000Z.flac,0.000000,10.000000,,,,,,,,,,,,,,,,,,,,,,,,,primary_adjacent_gap,primary_adjacent_gap,ONC
ICLISTENHF6016_20250505T040000.000Z_gap_0001_29.9s_39.9s,/project/6070467/merileo/data/finwhales/final2025_resnet_20260423/multispecies_calltype_experiments/prep_runs/multispecies_prep_balanced100_availaudio_20260430T120219Z/ICLISTENHF6016_20250505T040000.000Z.flac,,,,,,10.000000,onc_primary_adjacent_gap,candidate_primary_adjacent_gap,/project/6070467/merileo/data/finwhales/final2025_resnet_20260423/multispecies_calltype_experiments/prep_runs/multispecies_prep_balanced100_availaudio_20260430T120219Z/ICLISTENHF6016_20250505T040000.000Z.flac,,,,1,train,,,,,/project/6070467/merileo/data/finwhales/final2025_resnet_20260423/multispecies_calltype_experiments/prep_runs/multispecies_prep_balanced100_availaudio_20260430T120219Z/ICLISTENHF6016_20250505T040000.000Z.flac,/project/6070467/merileo/data/finwhales/final2025_resnet_20260423/multispecies_calltype_experiments/prep_runs/multispecies_prep_balanced100_availaudio_20260430T120219Z/ICLISTENHF6016_20250505T040000.000Z.flac,29.900000,39.900000,,,,,,,,,,,,,,,,,,,,,,,,,primary_adjacent_gap,primary_adjacent_gap,ONC
ICLISTENHF6016_20250505T040000.000Z_gap_0002_59.3s_69.3s,/project/6070467/merileo/data/finwhales/final2025_resnet_20260423/multispecies_calltype_experiments/prep_runs/multispecies_prep_balanced100_availaudio_20260430T120219Z/ICLISTENHF6016_20250505T040000.000Z.flac,,,,,,10.000000,onc_primary_adjacent_gap,candidate_primary_adjacent_gap,/project/6070467/merileo/data/finwhales/final2025_resnet_20260423/multispecies_calltype_experiments/prep_runs/multispecies_prep_balanced100_availaudio_20260430T120219Z/ICLISTENHF6016_20250505T040000.000Z.flac,,,,1,train,,,,,/project/6070467/merileo/data/finwhales/final2025_resnet_20260423/multispecies_calltype_experiments/prep_runs/multispecies_prep_balanced100_availaudio_20260430T120219Z/ICLISTENHF6016_20250505T040000.000Z.flac,/project/6070467/merileo/data/finwhales/final2025_resnet_20260423/multispecies_calltype_experiments/prep_runs/multispecies_prep_balanced100_availaudio_20260430T120219Z/ICLISTENHF6016_20250505T040000.000Z.flac,59.300000,69.300000,,,,,,,,,,,,,,,,,,,,,,,,,primary_adjacent_gap,primary_adjacent_gap,ONC
ICLISTENHF6016_20250505T090000.000Z_gap_0000_0.0s_10.0s,/project/6070467/merileo/data/finwhales/final2025_resnet_20260423/multispecies_calltype_experiments/prep_runs/multispecies_prep_balanced100_availaudio_20260430T120219Z/ICLISTENHF6016_20250505T090000.000Z.flac,,,,,,10.000000,onc_primary_adjacent_gap,candidate_primary_adjacent_gap,/project/6070467/merileo/data/finwhales/final2025_resnet_20260423/multispecies_calltype_experiments/prep_runs/multispecies_prep_balanced100_availaudio_20260430T120219Z/ICLISTENHF6016_20250505T090000.000Z.flac,,,,1,train,,,,,/project/6070467/merileo/data/finwhales/final2025_resnet_20260423/multispecies_calltype_experiments/prep_runs/multispecies_prep_balanced100_availaudio_20260430T120219Z/ICLISTENHF6016_20250505T090000.000Z.flac,/project/6070467/merileo/data/finwhales/final2025_resnet_20260423/multispecies_calltype_experiments/prep_runs/multispecies_prep_balanced100_availaudio_20260430T120219Z/ICLISTENHF6016_20250505T090000.000Z.flac,0.000000,10.000000,,,,,,,,,,,,,,,,,,,,,,,,,primary_adjacent_gap,primary_adjacent_gap,ONC
ICLISTENHF6016_20250505T090000.000Z_gap_0001_30.0s_40.0s,/project/6070467/merileo/data/finwhales/final2025_resnet_20260423/multispecies_calltype_experiments/prep_runs/multispecies_prep_balanced100_availaudio_20260430T120219Z/ICLISTENHF6016_20250505T090000.000Z.flac,,,,,,10.000000,onc_primary_adjacent_gap,candidate_primary_adjacent_gap,/project/6070467/merileo/data/finwhales/final2025_resnet_20260423/multispecies_calltype_experiments/prep_runs/multispecies_prep_balanced100_availaudio_20260430T120219Z/ICLISTENHF6016_20250505T090000.000Z.flac,,,,1,train,,,,,/project/6070467/merileo/data/finwhales/final2025_resnet_20260423/multispecies_calltype_experiments/prep_runs/multispecies_prep_balanced100_availaudio_20260430T120219Z/ICLISTENHF6016_20250505T090000.000Z.flac,/project/6070467/merileo/data/finwhales/final2025_resnet_20260423/multispecies_calltype_experiments/prep_runs/multispecies_prep_balanced100_availaudio_20260430T120219Z/ICLISTENHF6016_20250505T090000.000Z.flac,30.000000,40.000000,,,,,,,,,,,,,,,,,,,,,,,,,primary_adjacent_gap,primary_adjacent_gap,ONC
ICLISTENHF6016_20250505T090000.000Z_gap_0002_60.0s_70.0s,/project/6070467/merileo/data/finwhales/final2025_resnet_20260423/multispecies_calltype_experiments/prep_runs/multispecies_prep_balanced100_availaudio_20260430T120219Z/ICLISTENHF6016_20250505T090000.000Z.flac,,,,,,10.000000,onc_primary_adjacent_gap,candidate_primary_adjacent_gap,/project/6070467/merileo/data/finwhales/final2025_resnet_20260423/multispecies_calltype_experiments/prep_runs/multispecies_prep_balanced100_availaudio_20260430T120219Z/ICLISTENHF6016_20250505T090000.000Z.flac,,,,1,train,,,,,/project/6070467/merileo/data/finwhales/final2025_resnet_20260423/multispecies_calltype_experiments/prep_runs/multispecies_prep_balanced100_availaudio_20260430T120219Z/ICLISTENHF6016_20250505T090000.000Z.flac,/project/6070467/merileo/data/finwhales/final2025_resnet_20260423/multispecies_calltype_experiments/prep_runs/multispecies_prep_balanced100_availaudio_20260430T120219Z/ICLISTENHF6016_20250505T090000.000Z.flac,60.000000,70.000000,,,,,,,,,,,,,,,,,,,,,,,,,primary_adjacent_gap,primary_adjacent_gap,ONC
ICLISTENHF6016_20250505T100000.000Z_gap_0000_0.0s_10.0s,/project/6070467/merileo/data/finwhales/final2025_resnet_20260423/multispecies_calltype_experiments/prep_runs/multispecies_prep_balanced100_availaudio_20260430T120219Z/ICLISTENHF6016_20250505T100000.000Z.flac,,,,,,10.000000,onc_primary_adjacent_gap,candidate_primary_adjacent_gap,/project/6070467/merileo/data/finwhales/final2025_resnet_20260423/multispecies_calltype_experiments/prep_runs/multispecies_prep_balanced100_availaudio_20260430T120219Z/ICLISTENHF6016_20250505T100000.000Z.flac,,,,1,train,,,,,/project/6070467/merileo/data/finwhales/final2025_resnet_20260423/multispecies_calltype_experiments/prep_runs/multispecies_prep_balanced100_availaudio_20260430T120219Z/ICLISTENHF6016_20250505T100000.000Z.flac,/project/6070467/merileo/data/finwhales/final2025_resnet_20260423/multispecies_calltype_experiments/prep_runs/multispecies_prep_balanced100_availaudio_20260430T120219Z/ICLISTENHF6016_20250505T100000.000Z.flac,0.000000,10.000000,,,,,,,,,,,,,,,,,,,,,,,,,primary_adjacent_gap,primary_adjacent_gap,ONC
ICLISTENHF6016_20250505T100000.000Z_gap_0001_30.0s_40.0s,/project/6070467/merileo/data/finwhales/final2025_resnet_20260423/multispecies_calltype_experiments/prep_runs/multispecies_prep_balanced100_availaudio_20260430T120219Z/ICLISTENHF6016_20250505T100000.000Z.flac,,,,,,10.000000,onc_primary_adjacent_gap,candidate_primary_adjacent_gap,/project/6070467/merileo/data/finwhales/final2025_resnet_20260423/multispecies_calltype_experiments/prep_runs/multispecies_prep_balanced100_availaudio_20260430T120219Z/ICLISTENHF6016_20250505T100000.000Z.flac,,,,1,train,,,,,/project/6070467/merileo/data/finwhales/final2025_resnet_20260423/multispecies_calltype_experiments/prep_runs/multispecies_prep_balanced100_availaudio_20260430T120219Z/ICLISTENHF6016_20250505T100000.000Z.flac,/project/6070467/merileo/data/finwhales/final2025_resnet_20260423/multispecies_calltype_experiments/prep_runs/multispecies_prep_balanced100_availaudio_20260430T120219Z/ICLISTENHF6016_20250505T100000.000Z.flac,30.000000,40.000000,,,,,,,,,,,,,,,,,,,,,,,,,primary_adjacent_gap,primary_adjacent_gap,ONC
ICLISTENHF6016_20250505T100000.000Z_gap_0002_60.0s_70.0s,/project/6070467/merileo/data/finwhales/final2025_resnet_20260423/multispecies_calltype_experiments/prep_runs/multispecies_prep_balanced100_availaudio_20260430T120219Z/ICLISTENHF6016_20250505T100000.000Z.flac,,,,,,10.000000,onc_primary_adjacent_gap,candidate_primary_adjacent_gap,/project/6070467/merileo/data/finwhales/final2025_resnet_20260423/multispecies_calltype_experiments/prep_runs/multispecies_prep_balanced100_availaudio_20260430T120219Z/ICLISTENHF6016_20250505T100000.000Z.flac,,,,1,train,,,,,/project/6070467/merileo/data/finwhales/final2025_resnet_20260423/multispecies_calltype_experiments/prep_runs/multispecies_prep_balanced100_availaudio_20260430T120219Z/ICLISTENHF6016_20250505T100000.000Z.flac,/project/6070467/merileo/data/finwhales/final2025_resnet_20260423/multispecies_calltype_experiments/prep_runs/multispecies_prep_balanced100_availaudio_20260430T120219Z/ICLISTENHF6016_20250505T100000.000Z.flac,60.000000,70.000000,,,,,,,,,,,,,,,,,,,,,,,,,primary_adjacent_gap,primary_adjacent_gap,ONC
ICLISTENHF6016_20250505T110000.000Z_gap_0000_0.0s_10.0s,/project/6070467/merileo/data/finwhales/final2025_resnet_20260423/multispecies_calltype_experiments/prep_runs/multispecies_prep_balanced100_availaudio_20260430T120219Z/ICLISTENHF6016_20250505T110000.000Z.flac,,,,,,10.000000,onc_primary_adjacent_gap,candidate_primary_adjacent_gap,/project/6070467/merileo/data/finwhales/final2025_resnet_20260423/multispecies_calltype_experiments/prep_runs/multispecies_prep_balanced100_availaudio_20260430T120219Z/ICLISTENHF6016_20250505T110000.000Z.flac,,,,1,train,,,,,/project/6070467/merileo/data/finwhales/final2025_resnet_20260423/multispecies_calltype_experiments/prep_runs/multispecies_prep_balanced100_availaudio_20260430T120219Z/ICLISTENHF6016_20250505T110000.000Z.flac,/project/6070467/merileo/data/finwhales/final2025_resnet_20260423/multispecies_calltype_experiments/prep_runs/multispecies_prep_balanced100_availaudio_20260430T120219Z/ICLISTENHF6016_20250505T110000.000Z.flac,0.000000,10.000000,,,,,,,,,,,,,,,,,,,,,,,,,primary_adjacent_gap,primary_adjacent_gap,ONC
ICLISTENHF6016_20250505T110000.000Z_gap_0001_30.0s_40.0s,/project/6070467/merileo/data/finwhales/final2025_resnet_20260423/multispecies_calltype_experiments/prep_runs/multispecies_prep_balanced100_availaudio_20260430T120219Z/ICLISTENHF6016_20250505T110000.000Z.flac,,,,,,10.000000,onc_primary_adjacent_gap,candidate_primary_adjacent_gap,/project/6070467/merileo/data/finwhales/final2025_resnet_20260423/multispecies_calltype_experiments/prep_runs/multispecies_prep_balanced100_availaudio_20260430T120219Z/ICLISTENHF6016_20250505T110000.000Z.flac,,,,1,train,,,,,/project/6070467/merileo/data/finwhales/final2025_resnet_20260423/multispecies_calltype_experiments/prep_runs/multispecies_prep_balanced100_availaudio_20260430T120219Z/ICLISTENHF6016_20250505T110000.000Z.flac,/project/6070467/merileo/data/finwhales/final2025_resnet_20260423/multispecies_calltype_experiments/prep_runs/multispecies_prep_balanced100_availaudio_20260430T120219Z/ICLISTENHF6016_20250505T110000.000Z.flac,30.000000,40.000000,,,,,,,,,,,,,,,,,,,,,,,,,primary_adjacent_gap,primary_adjacent_gap,ONC
ICLISTENHF6016_20250505T110000.000Z_gap_0002_60.0s_70.0s,/project/6070467/merileo/data/finwhales/final2025_resnet_20260423/multispecies_calltype_experiments/prep_runs/multispecies_prep_balanced100_availaudio_20260430T120219Z/ICLISTENHF6016_20250505T110000.000Z.flac,,,,,,10.000000,onc_primary_adjacent_gap,candidate_primary_adjacent_gap,/project/6070467/merileo/data/finwhales/final2025_resnet_20260423/multispecies_calltype_experiments/prep_runs/multispecies_prep_balanced100_availaudio_20260430T120219Z/ICLISTENHF6016_20250505T110000.000Z.flac,,,,1,train,,,,,/project/6070467/merileo/data/finwhales/final2025_resnet_20260423/multispecies_calltype_experiments/prep_runs/multispecies_prep_balanced100_availaudio_20260430T120219Z/ICLISTENHF6016_20250505T110000.000Z.flac,/project/6070467/merileo/data/finwhales/final2025_resnet_20260423/multispecies_calltype_experiments/prep_runs/multispecies_prep_balanced100_availaudio_20260430T120219Z/ICLISTENHF6016_20250505T110000.000Z.flac,60.000000,70.000000,,,,,,,,,,,,,,,,,,,,,,,,,primary_adjacent_gap,primary_adjacent_gap,ONC
ICLISTENHF6016_20250505T130000.000Z_gap_0000_0.0s_10.0s,/project/6070467/merileo/data/finwhales/final2025_resnet_20260423/multispecies_calltype_experiments/prep_runs/multispecies_prep_balanced100_availaudio_20260430T120219Z/ICLISTENHF6016_20250505T130000.000Z.flac,,,,,,10.000000,onc_primary_adjacent_gap,candidate_primary_adjacent_gap,/project/6070467/merileo/data/finwhales/final2025_resnet_20260423/multispecies_calltype_experiments/prep_runs/multispecies_prep_balanced100_availaudio_20260430T120219Z/ICLISTENHF6016_20250505T130000.000Z.flac,,,,1,train,,,,,/project/6070467/merileo/data/finwhales/final2025_resnet_20260423/multispecies_calltype_experiments/prep_runs/multispecies_prep_balanced100_availaudio_20260430T120219Z/ICLISTENHF6016_20250505T130000.000Z.flac,/project/6070467/merileo/data/finwhales/final2025_resnet_20260423/multispecies_calltype_experiments/prep_runs/multispecies_prep_balanced100_availaudio_20260430T120219Z/ICLISTENHF6016_20250505T130000.000Z.flac,0.000000,10.000000,,,,,,,,,,,,,,,,,,,,,,,,,primary_adjacent_gap,primary_adjacent_gap,ONC
ICLISTENHF6016_20250505T130000.000Z_gap_0001_30.0s_40.0s,/project/6070467/merileo/data/finwhales/final2025_resnet_20260423/multispecies_calltype_experiments/prep_runs/multispecies_prep_balanced100_availaudio_20260430T120219Z/ICLISTENHF6016_20250505T130000.000Z.flac,,,,,,10.000000,onc_primary_adjacent_gap,candidate_primary_adjacent_gap,/project/6070467/merileo/data/finwhales/final2025_resnet_20260423/multispecies_calltype_experiments/prep_runs/multispecies_prep_balanced100_availaudio_20260430T120219Z/ICLISTENHF6016_20250505T130000.000Z.flac,,,,1,train,,,,,/project/6070467/merileo/data/finwhales/final2025_resnet_20260423/multispecies_calltype_experiments/prep_runs/multispecies_prep_balanced100_availaudio_20260430T120219Z/ICLISTENHF6016_20250505T130000.000Z.flac,/project/6070467/merileo/data/finwhales/final2025_resnet_20260423/multispecies_calltype_experiments/prep_runs/multispecies_prep_balanced100_availaudio_20260430T120219Z/ICLISTENHF6016_20250505T130000.000Z.flac,30.000000,40.000000,,,,,,,,,,,,,,,,,,,,,,,,,primary_adjacent_gap,primary_adjacent_gap,ONC
ICLISTENHF6016_20250505T130000.000Z_gap_0002_60.0s_70.0s,/project/6070467/merileo/data/finwhales/final2025_resnet_20260423/multispecies_calltype_experiments/prep_runs/multispecies_prep_balanced100_availaudio_20260430T120219Z/ICLISTENHF6016_20250505T130000.000Z.flac,,,,,,10.000000,onc_primary_adjacent_gap,candidate_primary_adjacent_gap,/project/6070467/merileo/data/finwhales/final2025_resnet_20260423/multispecies_calltype_experiments/prep_runs/multispecies_prep_balanced100_availaudio_20260430T120219Z/ICLISTENHF6016_20250505T130000.000Z.flac,,,,1,train,,,,,/project/6070467/merileo/data/finwhales/final2025_resnet_20260423/multispecies_calltype_experiments/prep_runs/multispecies_prep_balanced100_availaudio_20260430T120219Z/ICLISTENHF6016_20250505T130000.000Z.flac,/project/6070467/merileo/data/finwhales/final2025_resnet_20260423/multispecies_calltype_experiments/prep_runs/multispecies_prep_balanced100_availaudio_20260430T120219Z/ICLISTENHF6016_20250505T130000.000Z.flac,60.000000,70.000000,,,,,,,,,,,,,,,,,,,,,,,,,primary_adjacent_gap,primary_adjacent_gap,ONC
ICLISTENHF6016_20250505T140000.000Z_gap_0000_0.0s_10.0s,/project/6070467/merileo/data/finwhales/final2025_resnet_20260423/multispecies_calltype_experiments/prep_runs/multispecies_prep_balanced100_availaudio_20260430T120219Z/ICLISTENHF6016_20250505T140000.000Z.flac,,,,,,10.000000,onc_primary_adjacent_gap,candidate_primary_adjacent_gap,/project/6070467/merileo/data/finwhales/final2025_resnet_20260423/multispecies_calltype_experiments/prep_runs/multispecies_prep_balanced100_availaudio_20260430T120219Z/ICLISTENHF6016_20250505T140000.000Z.flac,,,,1,train,,,,,/project/6070467/merileo/data/finwhales/final2025_resnet_20260423/multispecies_calltype_experiments/prep_runs/multispecies_prep_balanced100_availaudio_20260430T120219Z/ICLISTENHF6016_20250505T140000.000Z.flac,/project/6070467/merileo/data/finwhales/final2025_resnet_20260423/multispecies_calltype_experiments/prep_runs/multispecies_prep_balanced100_availaudio_20260430T120219Z/ICLISTENHF6016_20250505T140000.000Z.flac,0.000000,10.000000,,,,,,,,,,,,,,,,,,,,,,,,,primary_adjacent_gap,primary_adjacent_gap,ONC
ICLISTENHF6016_20250505T140000.000Z_gap_0001_30.0s_40.0s,/project/6070467/merileo/data/finwhales/final2025_resnet_20260423/multispecies_calltype_experiments/prep_runs/multispecies_prep_balanced100_availaudio_20260430T120219Z/ICLISTENHF6016_20250505T140000.000Z.flac,,,,,,10.000000,onc_primary_adjacent_gap,candidate_primary_adjacent_gap,/project/6070467/merileo/data/finwhales/final2025_resnet_20260423/multispecies_calltype_experiments/prep_runs/multispecies_prep_balanced100_availaudio_20260430T120219Z/ICLISTENHF6016_20250505T140000.000Z.flac,,,,1,train,,,,,/project/6070467/merileo/data/finwhales/final2025_resnet_20260423/multispecies_calltype_experiments/prep_runs/multispecies_prep_balanced100_availaudio_20260430T120219Z/ICLISTENHF6016_20250505T140000.000Z.flac,/project/6070467/merileo/data/finwhales/final2025_resnet_20260423/multispecies_calltype_experiments/prep_runs/multispecies_prep_balanced100_availaudio_20260430T120219Z/ICLISTENHF6016_20250505T140000.000Z.flac,30.000000,40.000000,,,,,,,,,,,,,,,,,,,,,,,,,primary_adjacent_gap,primary_adjacent_gap,ONC
ICLISTENHF6016_20250505T140000.000Z_gap_0002_60.0s_70.0s,/project/6070467/merileo/data/finwhales/final2025_resnet_20260423/multispecies_calltype_experiments/prep_runs/multispecies_prep_balanced100_availaudio_20260430T120219Z/ICLISTENHF6016_20250505T140000.000Z.flac,,,,,,10.000000,onc_primary_adjacent_gap,candidate_primary_adjacent_gap,/project/6070467/merileo/data/finwhales/final2025_resnet_20260423/multispecies_calltype_experiments/prep_runs/multispecies_prep_balanced100_availaudio_20260430T120219Z/ICLISTENHF6016_20250505T140000.000Z.flac,,,,1,train,,,,,/project/6070467/merileo/data/finwhales/final2025_resnet_20260423/multispecies_calltype_experiments/prep_runs/multispecies_prep_balanced100_availaudio_20260430T120219Z/ICLISTENHF6016_20250505T140000.000Z.flac,/project/6070467/merileo/data/finwhales/final2025_resnet_20260423/multispecies_calltype_experiments/prep_runs/multispecies_prep_balanced100_availaudio_20260430T120219Z/ICLISTENHF6016_20250505T140000.000Z.flac,60.000000,70.000000,,,,,,,,,,,,,,,,,,,,,,,,,primary_adjacent_gap,primary_adjacent_gap,ONC
ICLISTENHF6016_20250505T150000.000Z_gap_0000_0.0s_10.0s,/project/6070467/merileo/data/finwhales/final2025_resnet_20260423/multispecies_calltype_experiments/prep_runs/multispecies_prep_balanced100_availaudio_20260430T120219Z/ICLISTENHF6016_20250505T150000.000Z.flac,,,,,,10.000000,onc_primary_adjacent_gap,candidate_primary_adjacent_gap,/project/6070467/merileo/data/finwhales/final2025_resnet_20260423/multispecies_calltype_experiments/prep_runs/multispecies_prep_balanced100_availaudio_20260430T120219Z/ICLISTENHF6016_20250505T150000.000Z.flac,,,,1,train,,,,,/project/6070467/merileo/data/finwhales/final2025_resnet_20260423/multispecies_calltype_experiments/prep_runs/multispecies_prep_balanced100_availaudio_20260430T120219Z/ICLISTENHF6016_20250505T150000.000Z.flac,/project/6070467/merileo/data/finwhales/final2025_resnet_20260423/multispecies_calltype_experiments/prep_runs/multispecies_prep_balanced100_availaudio_20260430T120219Z/ICLISTENHF6016_20250505T150000.000Z.flac,0.000000,10.000000,,,,,,,,,,,,,,,,,,,,,,,,,primary_adjacent_gap,primary_adjacent_gap,ONC
ICLISTENHF6016_20250505T150000.000Z_gap_0001_2.3s_12.3s,/project/6070467/merileo/data/finwhales/final2025_resnet_20260423/multispecies_calltype_experiments/prep_runs/multispecies_prep_balanced100_availaudio_20260430T120219Z/ICLISTENHF6016_20250505T150000.000Z.flac,,,,,,10.000000,onc_primary_adjacent_gap,candidate_primary_adjacent_gap,/project/6070467/merileo/data/finwhales/final2025_resnet_20260423/multispecies_calltype_experiments/prep_runs/multispecies_prep_balanced100_availaudio_20260430T120219Z/ICLISTENHF6016_20250505T150000.000Z.flac,,,,1,train,,,,,/project/6070467/merileo/data/finwhales/final2025_resnet_20260423/multispecies_calltype_experiments/prep_runs/multispecies_prep_balanced100_availaudio_20260430T120219Z/ICLISTENHF6016_20250505T150000.000Z.flac,/project/6070467/merileo/data/finwhales/final2025_resnet_20260423/multispecies_calltype_experiments/prep_runs/multispecies_prep_balanced100_availaudio_20260430T120219Z/ICLISTENHF6016_20250505T150000.000Z.flac,2.300000,12.300000,,,,,,,,,,,,,,,,,,,,,,,,,primary_adjacent_gap,primary_adjacent_gap,ONC
ICLISTENHF6016_20250505T150000.000Z_gap_0002_28.1s_38.1s,/project/6070467/merileo/data/finwhales/final2025_resnet_20260423/multispecies_calltype_experiments/prep_runs/multispecies_prep_balanced100_availaudio_20260430T120219Z/ICLISTENHF6016_20250505T150000.000Z.flac,,,,,,10.000000,onc_primary_adjacent_gap,candidate_primary_adjacent_gap,/project/6070467/merileo/data/finwhales/final2025_resnet_20260423/multispecies_calltype_experiments/prep_runs/multispecies_prep_balanced100_availaudio_20260430T120219Z/ICLISTENHF6016_20250505T150000.000Z.flac,,,,1,train,,,,,/project/6070467/merileo/data/finwhales/final2025_resnet_20260423/multispecies_calltype_experiments/prep_runs/multispecies_prep_balanced100_availaudio_20260430T120219Z/ICLISTENHF6016_20250505T150000.000Z.flac,/project/6070467/merileo/data/finwhales/final2025_resnet_20260423/multispecies_calltype_experiments/prep_runs/multispecies_prep_balanced100_availaudio_20260430T120219Z/ICLISTENHF6016_20250505T150000.000Z.flac,28.100000,38.100000,,,,,,,,,,,,,,,,,,,,,,,,,primary_adjacent_gap,primary_adjacent_gap,ONC
ICLISTENHF6016_20250505T160000.000Z_gap_0000_0.0s_10.0s,/project/6070467/merileo/data/finwhales/final2025_resnet_20260423/multispecies_calltype_experiments/prep_runs/multispecies_prep_balanced100_availaudio_20260430T120219Z/ICLISTENHF6016_20250505T160000.000Z.flac,,,,,,10.000000,onc_primary_adjacent_gap,candidate_primary_adjacent_gap,/project/6070467/merileo/data/finwhales/final2025_resnet_20260423/multispecies_calltype_experiments/prep_runs/multispecies_prep_balanced100_availaudio_20260430T120219Z/ICLISTENHF6016_20250505T160000.000Z.flac,,,,1,test,,,,,/project/6070467/merileo/data/finwhales/final2025_resnet_20260423/multispecies_calltype_experiments/prep_runs/multispecies_prep_balanced100_availaudio_20260430T120219Z/ICLISTENHF6016_20250505T160000.000Z.flac,/project/6070467/merileo/data/finwhales/final2025_resnet_20260423/multispecies_calltype_experiments/prep_runs/multispecies_prep_balanced100_availaudio_20260430T120219Z/ICLISTENHF6016_20250505T160000.000Z.flac,0.000000,10.000000,,,,,,,,,,,,,,,,,,,,,,,,,primary_adjacent_gap,primary_adjacent_gap,ONC
ICLISTENHF6016_20250505T160000.000Z_gap_0001_29.0s_39.0s,/project/6070467/merileo/data/finwhales/final2025_resnet_20260423/multispecies_calltype_experiments/prep_runs/multispecies_prep_balanced100_availaudio_20260430T120219Z/ICLISTENHF6016_20250505T160000.000Z.flac,,,,,,10.000000,onc_primary_adjacent_gap,candidate_primary_adjacent_gap,/project/6070467/merileo/data/finwhales/final2025_resnet_20260423/multispecies_calltype_experiments/prep_runs/multispecies_prep_balanced100_availaudio_20260430T120219Z/ICLISTENHF6016_20250505T160000.000Z.flac,,,,1,test,,,,,/project/6070467/merileo/data/finwhales/final2025_resnet_20260423/multispecies_calltype_experiments/prep_runs/multispecies_prep_balanced100_availaudio_20260430T120219Z/ICLISTENHF6016_20250505T160000.000Z.flac,/project/6070467/merileo/data/finwhales/final2025_resnet_20260423/multispecies_calltype_experiments/prep_runs/multispecies_prep_balanced100_availaudio_20260430T120219Z/ICLISTENHF6016_20250505T160000.000Z.flac,29.000000,39.000000,,,,,,,,,,,,,,,,,,,,,,,,,primary_adjacent_gap,primary_adjacent_gap,ONC
ICLISTENHF6016_20250505T160000.000Z_gap_0002_56.0s_66.0s,/project/6070467/merileo/data/finwhales/final2025_resnet_20260423/multispecies_calltype_experiments/prep_runs/multispecies_prep_balanced100_availaudio_20260430T120219Z/ICLISTENHF6016_20250505T160000.000Z.flac,,,,,,10.000000,onc_primary_adjacent_gap,candidate_primary_adjacent_gap,/project/6070467/merileo/data/finwhales/final2025_resnet_20260423/multispecies_calltype_experiments/prep_runs/multispecies_prep_balanced100_availaudio_20260430T120219Z/ICLISTENHF6016_20250505T160000.000Z.flac,,,,1,test,,,,,/project/6070467/merileo/data/finwhales/final2025_resnet_20260423/multispecies_calltype_experiments/prep_runs/multispecies_prep_balanced100_availaudio_20260430T120219Z/ICLISTENHF6016_20250505T160000.000Z.flac,/project/6070467/merileo/data/finwhales/final2025_resnet_20260423/multispecies_calltype_experiments/prep_runs/multispecies_prep_balanced100_availaudio_20260430T120219Z/ICLISTENHF6016_20250505T160000.000Z.flac,56.000000,66.000000,,,,,,,,,,,,,,,,,,,,,,,,,primary_adjacent_gap,primary_adjacent_gap,ONC
ICLISTENHF6016_20250505T170000.000Z_gap_0000_21.8s_31.8s,/project/6070467/merileo/data/finwhales/final2025_resnet_20260423/multispecies_calltype_experiments/prep_runs/multispecies_prep_balanced100_availaudio_20260430T120219Z/ICLISTENHF6016_20250505T170000.000Z.flac,,,,,,10.000000,onc_primary_adjacent_gap,candidate_primary_adjacent_gap,/project/6070467/merileo/data/finwhales/final2025_resnet_20260423/multispecies_calltype_experiments/prep_runs/multispecies_prep_balanced100_availaudio_20260430T120219Z/ICLISTENHF6016_20250505T170000.000Z.flac,,,,1,train,,,,,/project/6070467/merileo/data/finwhales/final2025_resnet_20260423/multispecies_calltype_experiments/prep_runs/multispecies_prep_balanced100_availaudio_20260430T120219Z/ICLISTENHF6016_20250505T170000.000Z.flac,/project/6070467/merileo/data/finwhales/final2025_resnet_20260423/multispecies_calltype_experiments/prep_runs/multispecies_prep_balanced100_availaudio_20260430T120219Z/ICLISTENHF6016_20250505T170000.000Z.flac,21.800000,31.800000,,,,,,,,,,,,,,,,,,,,,,,,,primary_adjacent_gap,primary_adjacent_gap,ONC
ICLISTENHF6016_20250505T170000.000Z_gap_0001_39.9s_49.9s,/project/6070467/merileo/data/finwhales/final2025_resnet_20260423/multispecies_calltype_experiments/prep_runs/multispecies_prep_balanced100_availaudio_20260430T120219Z/ICLISTENHF6016_20250505T170000.000Z.flac,,,,,,10.000000,onc_primary_adjacent_gap,candidate_primary_adjacent_gap,/project/6070467/merileo/data/finwhales/final2025_resnet_20260423/multispecies_calltype_experiments/prep_runs/multispecies_prep_balanced100_availaudio_20260430T120219Z/ICLISTENHF6016_20250505T170000.000Z.flac,,,,1,train,,,,,/project/6070467/merileo/data/finwhales/final2025_resnet_20260423/multispecies_calltype_experiments/prep_runs/multispecies_prep_balanced100_availaudio_20260430T120219Z/ICLISTENHF6016_20250505T170000.000Z.flac,/project/6070467/merileo/data/finwhales/final2025_resnet_20260423/multispecies_calltype_experiments/prep_runs/multispecies_prep_balanced100_availaudio_20260430T120219Z/ICLISTENHF6016_20250505T170000.000Z.flac,39.900000,49.900000,,,,,,,,,,,,,,,,,,,,,,,,,primary_adjacent_gap,primary_adjacent_gap,ONC
ICLISTENHF6016_20250505T170000.000Z_gap_0002_66.2s_76.2s,/project/6070467/merileo/data/finwhales/final2025_resnet_20260423/multispecies_calltype_experiments/prep_runs/multispecies_prep_balanced100_availaudio_20260430T120219Z/ICLISTENHF6016_20250505T170000.000Z.flac,,,,,,10.000000,onc_primary_adjacent_gap,candidate_primary_adjacent_gap,/project/6070467/merileo/data/finwhales/final2025_resnet_20260423/multispecies_calltype_experiments/prep_runs/multispecies_prep_balanced100_availaudio_20260430T120219Z/ICLISTENHF6016_20250505T170000.000Z.flac,,,,1,train,,,,,/project/6070467/merileo/data/finwhales/final2025_resnet_20260423/multispecies_calltype_experiments/prep_runs/multispecies_prep_balanced100_availaudio_20260430T120219Z/ICLISTENHF6016_20250505T170000.000Z.flac,/project/6070467/merileo/data/finwhales/final2025_resnet_20260423/multispecies_calltype_experiments/prep_runs/multispecies_prep_balanced100_availaudio_20260430T120219Z/ICLISTENHF6016_20250505T170000.000Z.flac,66.200000,76.200000,,,,,,,,,,,,,,,,,,,,,,,,,primary_adjacent_gap,primary_adjacent_gap,ONC
ICLISTENHF6016_20250505T180000.000Z_gap_0000_0.0s_10.0s,/project/6070467/merileo/data/finwhales/final2025_resnet_20260423/multispecies_calltype_experiments/prep_runs/multispecies_prep_balanced100_availaudio_20260430T120219Z/ICLISTENHF6016_20250505T180000.000Z.flac,,,,,,10.000000,onc_primary_adjacent_gap,candidate_primary_adjacent_gap,/project/6070467/merileo/data/finwhales/final2025_resnet_20260423/multispecies_calltype_experiments/prep_runs/multispecies_prep_balanced100_availaudio_20260430T120219Z/ICLISTENHF6016_20250505T180000.000Z.flac,,,,1,val,,,,,/project/6070467/merileo/data/finwhales/final2025_resnet_20260423/multispecies_calltype_experiments/prep_runs/multispecies_prep_balanced100_availaudio_20260430T120219Z/ICLISTENHF6016_20250505T180000.000Z.flac,/project/6070467/merileo/data/finwhales/final2025_resnet_20260423/multispecies_calltype_experiments/prep_runs/multispecies_prep_balanced100_availaudio_20260430T120219Z/ICLISTENHF6016_20250505T180000.000Z.flac,0.000000,10.000000,,,,,,,,,,,,,,,,,,,,,,,,,primary_adjacent_gap,primary_adjacent_gap,ONC
ICLISTENHF6016_20250505T180000.000Z_gap_0001_30.0s_40.0s,/project/6070467/merileo/data/finwhales/final2025_resnet_20260423/multispecies_calltype_experiments/prep_runs/multispecies_prep_balanced100_availaudio_20260430T120219Z/ICLISTENHF6016_20250505T180000.000Z.flac,,,,,,10.000000,onc_primary_adjacent_gap,candidate_primary_adjacent_gap,/project/6070467/merileo/data/finwhales/final2025_resnet_20260423/multispecies_calltype_experiments/prep_runs/multispecies_prep_balanced100_availaudio_20260430T120219Z/ICLISTENHF6016_20250505T180000.000Z.flac,,,,1,val,,,,,/project/6070467/merileo/data/finwhales/final2025_resnet_20260423/multispecies_calltype_experiments/prep_runs/multispecies_prep_balanced100_availaudio_20260430T120219Z/ICLISTENHF6016_20250505T180000.000Z.flac,/project/6070467/merileo/data/finwhales/final2025_resnet_20260423/multispecies_calltype_experiments/prep_runs/multispecies_prep_balanced100_availaudio_20260430T120219Z/ICLISTENHF6016_20250505T180000.000Z.flac,30.000000,40.000000,,,,,,,,,,,,,,,,,,,,,,,,,primary_adjacent_gap,primary_adjacent_gap,ONC
ICLISTENHF6016_20250505T180000.000Z_gap_0002_36.6s_46.6s,/project/6070467/merileo/data/finwhales/final2025_resnet_20260423/multispecies_calltype_experiments/prep_runs/multispecies_prep_balanced100_availaudio_20260430T120219Z/ICLISTENHF6016_20250505T180000.000Z.flac,,,,,,10.000000,onc_primary_adjacent_gap,candidate_primary_adjacent_gap,/project/6070467/merileo/data/finwhales/final2025_resnet_20260423/multispecies_calltype_experiments/prep_runs/multispecies_prep_balanced100_availaudio_20260430T120219Z/ICLISTENHF6016_20250505T180000.000Z.flac,,,,1,val,,,,,/project/6070467/merileo/data/finwhales/final2025_resnet_20260423/multispecies_calltype_experiments/prep_runs/multispecies_prep_balanced100_availaudio_20260430T120219Z/ICLISTENHF6016_20250505T180000.000Z.flac,/project/6070467/merileo/data/finwhales/final2025_resnet_20260423/multispecies_calltype_experiments/prep_runs/multispecies_prep_balanced100_availaudio_20260430T120219Z/ICLISTENHF6016_20250505T180000.000Z.flac,36.600000,46.600000,,,,,,,,,,,,,,,,,,,,,,,,,primary_adjacent_gap,primary_adjacent_gap,ONC
ICLISTENHF6016_20250505T190000.000Z_gap_0000_0.0s_10.0s,/project/6070467/merileo/data/finwhales/final2025_resnet_20260423/multispecies_calltype_experiments/prep_runs/multispecies_prep_balanced100_availaudio_20260430T120219Z/ICLISTENHF6016_20250505T190000.000Z.flac,,,,,,10.000000,onc_primary_adjacent_gap,candidate_primary_adjacent_gap,/project/6070467/merileo/data/finwhales/final2025_resnet_20260423/multispecies_calltype_experiments/prep_runs/multispecies_prep_balanced100_availaudio_20260430T120219Z/ICLISTENHF6016_20250505T190000.000Z.flac,,,,1,train,,,,,/project/6070467/merileo/data/finwhales/final2025_resnet_20260423/multispecies_calltype_experiments/prep_runs/multispecies_prep_balanced100_availaudio_20260430T120219Z/ICLISTENHF6016_20250505T190000.000Z.flac,/project/6070467/merileo/data/finwhales/final2025_resnet_20260423/multispecies_calltype_experiments/prep_runs/multispecies_prep_balanced100_availaudio_20260430T120219Z/ICLISTENHF6016_20250505T190000.000Z.flac,0.000000,10.000000,,,,,,,,,,,,,,,,,,,,,,,,,primary_adjacent_gap,primary_adjacent_gap,ONC
ICLISTENHF6016_20250505T190000.000Z_gap_0001_30.0s_40.0s,/project/6070467/merileo/data/finwhales/final2025_resnet_20260423/multispecies_calltype_experiments/prep_runs/multispecies_prep_balanced100_availaudio_20260430T120219Z/ICLISTENHF6016_20250505T190000.000Z.flac,,,,,,10.000000,onc_primary_adjacent_gap,candidate_primary_adjacent_gap,/project/6070467/merileo/data/finwhales/final2025_resnet_20260423/multispecies_calltype_experiments/prep_runs/multispecies_prep_balanced100_availaudio_20260430T120219Z/ICLISTENHF6016_20250505T190000.000Z.flac,,,,1,train,,,,,/project/6070467/merileo/data/finwhales/final2025_resnet_20260423/multispecies_calltype_experiments/prep_runs/multispecies_prep_balanced100_availaudio_20260430T120219Z/ICLISTENHF6016_20250505T190000.000Z.flac,/project/6070467/merileo/data/finwhales/final2025_resnet_20260423/multispecies_calltype_experiments/prep_runs/multispecies_prep_balanced100_availaudio_20260430T120219Z/ICLISTENHF6016_20250505T190000.000Z.flac,30.000000,40.000000,,,,,,,,,,,,,,,,,,,,,,,,,primary_adjacent_gap,primary_adjacent_gap,ONC
ICLISTENHF6016_20250505T190000.000Z_gap_0002_60.0s_70.0s,/project/6070467/merileo/data/finwhales/final2025_resnet_20260423/multispecies_calltype_experiments/prep_runs/multispecies_prep_balanced100_availaudio_20260430T120219Z/ICLISTENHF6016_20250505T190000.000Z.flac,,,,,,10.000000,onc_primary_adjacent_gap,candidate_primary_adjacent_gap,/project/6070467/merileo/data/finwhales/final2025_resnet_20260423/multispecies_calltype_experiments/prep_runs/multispecies_prep_balanced100_availaudio_20260430T120219Z/ICLISTENHF6016_20250505T190000.000Z.flac,,,,1,train,,,,,/project/6070467/merileo/data/finwhales/final2025_resnet_20260423/multispecies_calltype_experiments/prep_runs/multispecies_prep_balanced100_availaudio_20260430T120219Z/ICLISTENHF6016_20250505T190000.000Z.flac,/project/6070467/merileo/data/finwhales/final2025_resnet_20260423/multispecies_calltype_experiments/prep_runs/multispecies_prep_balanced100_availaudio_20260430T120219Z/ICLISTENHF6016_20250505T190000.000Z.flac,60.000000,70.000000,,,,,,,,,,,,,,,,,,,,,,,,,primary_adjacent_gap,primary_adjacent_gap,ONC
ICLISTENHF6016_20250505T200000.000Z_gap_0000_0.0s_10.0s,/project/6070467/merileo/data/finwhales/final2025_resnet_20260423/multispecies_calltype_experiments/prep_runs/multispecies_prep_balanced100_availaudio_20260430T120219Z/ICLISTENHF6016_20250505T200000.000Z.flac,,,,,,10.000000,onc_primary_adjacent_gap,candidate_primary_adjacent_gap,/project/6070467/merileo/data/finwhales/final2025_resnet_20260423/multispecies_calltype_experiments/prep_runs/multispecies_prep_balanced100_availaudio_20260430T120219Z/ICLISTENHF6016_20250505T200000.000Z.flac,,,,1,test,,,,,/project/6070467/merileo/data/finwhales/final2025_resnet_20260423/multispecies_calltype_experiments/prep_runs/multispecies_prep_balanced100_availaudio_20260430T120219Z/ICLISTENHF6016_20250505T200000.000Z.flac,/project/6070467/merileo/data/finwhales/final2025_resnet_20260423/multispecies_calltype_experiments/prep_runs/multispecies_prep_balanced100_availaudio_20260430T120219Z/ICLISTENHF6016_20250505T200000.000Z.flac,0.000000,10.000000,,,,,,,,,,,,,,,,,,,,,,,,,primary_adjacent_gap,primary_adjacent_gap,ONC
ICLISTENHF6016_20250505T200000.000Z_gap_0001_30.0s_40.0s,/project/6070467/merileo/data/finwhales/final2025_resnet_20260423/multispecies_calltype_experiments/prep_runs/multispecies_prep_balanced100_availaudio_20260430T120219Z/ICLISTENHF6016_20250505T200000.000Z.flac,,,,,,10.000000,onc_primary_adjacent_gap,candidate_primary_adjacent_gap,/project/6070467/merileo/data/finwhales/final2025_resnet_20260423/multispecies_calltype_experiments/prep_runs/multispecies_prep_balanced100_availaudio_20260430T120219Z/ICLISTENHF6016_20250505T200000.000Z.flac,,,,1,test,,,,,/project/6070467/merileo/data/finwhales/final2025_resnet_20260423/multispecies_calltype_experiments/prep_runs/multispecies_prep_balanced100_availaudio_20260430T120219Z/ICLISTENHF6016_20250505T200000.000Z.flac,/project/6070467/merileo/data/finwhales/final2025_resnet_20260423/multispecies_calltype_experiments/prep_runs/multispecies_prep_balanced100_availaudio_20260430T120219Z/ICLISTENHF6016_20250505T200000.000Z.flac,30.000000,40.000000,,,,,,,,,,,,,,,,,,,,,,,,,primary_adjacent_gap,primary_adjacent_gap,ONC
ICLISTENHF6016_20250505T200000.000Z_gap_0002_60.0s_70.0s,/project/6070467/merileo/data/finwhales/final2025_resnet_20260423/multispecies_calltype_experiments/prep_runs/multispecies_prep_balanced100_availaudio_20260430T120219Z/ICLISTENHF6016_20250505T200000.000Z.flac,,,,,,10.000000,onc_primary_adjacent_gap,candidate_primary_adjacent_gap,/project/6070467/merileo/data/finwhales/final2025_resnet_20260423/multispecies_calltype_experiments/prep_runs/multispecies_prep_balanced100_availaudio_20260430T120219Z/ICLISTENHF6016_20250505T200000.000Z.flac,,,,1,test,,,,,/project/6070467/merileo/data/finwhales/final2025_resnet_20260423/multispecies_calltype_experiments/prep_runs/multispecies_prep_balanced100_availaudio_20260430T120219Z/ICLISTENHF6016_20250505T200000.000Z.flac,/project/6070467/merileo/data/finwhales/final2025_resnet_20260423/multispecies_calltype_experiments/prep_runs/multispecies_prep_balanced100_availaudio_20260430T120219Z/ICLISTENHF6016_20250505T200000.000Z.flac,60.000000,70.000000,,,,,,,,,,,,,,,,,,,,,,,,,primary_adjacent_gap,primary_adjacent_gap,ONC
ICLISTENHF6016_20250505T210000.000Z_gap_0000_0.0s_10.0s,/project/6070467/merileo/data/finwhales/final2025_resnet_20260423/multispecies_calltype_experiments/prep_runs/multispecies_prep_balanced100_availaudio_20260430T120219Z/ICLISTENHF6016_20250505T210000.000Z.flac,,,,,,10.000000,onc_primary_adjacent_gap,candidate_primary_adjacent_gap,/project/6070467/merileo/data/finwhales/final2025_resnet_20260423/multispecies_calltype_experiments/prep_runs/multispecies_prep_balanced100_availaudio_20260430T120219Z/ICLISTENHF6016_20250505T210000.000Z.flac,,,,1,train,,,,,/project/6070467/merileo/data/finwhales/final2025_resnet_20260423/multispecies_calltype_experiments/prep_runs/multispecies_prep_balanced100_availaudio_20260430T120219Z/ICLISTENHF6016_20250505T210000.000Z.flac,/project/6070467/merileo/data/finwhales/final2025_resnet_20260423/multispecies_calltype_experiments/prep_runs/multispecies_prep_balanced100_availaudio_20260430T120219Z/ICLISTENHF6016_20250505T210000.000Z.flac,0.000000,10.000000,,,,,,,,,,,,,,,,,,,,,,,,,primary_adjacent_gap,primary_adjacent_gap,ONC
ICLISTENHF6016_20250505T210000.000Z_gap_0001_30.0s_40.0s,/project/6070467/merileo/data/finwhales/final2025_resnet_20260423/multispecies_calltype_experiments/prep_runs/multispecies_prep_balanced100_availaudio_20260430T120219Z/ICLISTENHF6016_20250505T210000.000Z.flac,,,,,,10.000000,onc_primary_adjacent_gap,candidate_primary_adjacent_gap,/project/6070467/merileo/data/finwhales/final2025_resnet_20260423/multispecies_calltype_experiments/prep_runs/multispecies_prep_balanced100_availaudio_20260430T120219Z/ICLISTENHF6016_20250505T210000.000Z.flac,,,,1,train,,,,,/project/6070467/merileo/data/finwhales/final2025_resnet_20260423/multispecies_calltype_experiments/prep_runs/multispecies_prep_balanced100_availaudio_20260430T120219Z/ICLISTENHF6016_20250505T210000.000Z.flac,/project/6070467/merileo/data/finwhales/final2025_resnet_20260423/multispecies_calltype_experiments/prep_runs/multispecies_prep_balanced100_availaudio_20260430T120219Z/ICLISTENHF6016_20250505T210000.000Z.flac,30.000000,40.000000,,,,,,,,,,,,,,,,,,,,,,,,,primary_adjacent_gap,primary_adjacent_gap,ONC
ICLISTENHF6016_20250505T210000.000Z_gap_0002_60.0s_70.0s,/project/6070467/merileo/data/finwhales/final2025_resnet_20260423/multispecies_calltype_experiments/prep_runs/multispecies_prep_balanced100_availaudio_20260430T120219Z/ICLISTENHF6016_20250505T210000.000Z.flac,,,,,,10.000000,onc_primary_adjacent_gap,candidate_primary_adjacent_gap,/project/6070467/merileo/data/finwhales/final2025_resnet_20260423/multispecies_calltype_experiments/prep_runs/multispecies_prep_balanced100_availaudio_20260430T120219Z/ICLISTENHF6016_20250505T210000.000Z.flac,,,,1,train,,,,,/project/6070467/merileo/data/finwhales/final2025_resnet_20260423/multispecies_calltype_experiments/prep_runs/multispecies_prep_balanced100_availaudio_20260430T120219Z/ICLISTENHF6016_20250505T210000.000Z.flac,/project/6070467/merileo/data/finwhales/final2025_resnet_20260423/multispecies_calltype_experiments/prep_runs/multispecies_prep_balanced100_availaudio_20260430T120219Z/ICLISTENHF6016_20250505T210000.000Z.flac,60.000000,70.000000,,,,,,,,,,,,,,,,,,,,,,,,,primary_adjacent_gap,primary_adjacent_gap,ONC
ICLISTENHF6016_20250505T220000.000Z_gap_0000_0.0s_10.0s,/project/6070467/merileo/data/finwhales/final2025_resnet_20260423/multispecies_calltype_experiments/prep_runs/multispecies_prep_balanced100_availaudio_20260430T120219Z/ICLISTENHF6016_20250505T220000.000Z.flac,,,,,,10.000000,onc_primary_adjacent_gap,candidate_primary_adjacent_gap,/project/6070467/merileo/data/finwhales/final2025_resnet_20260423/multispecies_calltype_experiments/prep_runs/multispecies_prep_balanced100_availaudio_20260430T120219Z/ICLISTENHF6016_20250505T220000.000Z.flac,,,,1,val,,,,,/project/6070467/merileo/data/finwhales/final2025_resnet_20260423/multispecies_calltype_experiments/prep_runs/multispecies_prep_balanced100_availaudio_20260430T120219Z/ICLISTENHF6016_20250505T220000.000Z.flac,/project/6070467/merileo/data/finwhales/final2025_resnet_20260423/multispecies_calltype_experiments/prep_runs/multispecies_prep_balanced100_availaudio_20260430T120219Z/ICLISTENHF6016_20250505T220000.000Z.flac,0.000000,10.000000,,,,,,,,,,,,,,,,,,,,,,,,,primary_adjacent_gap,primary_adjacent_gap,ONC
ICLISTENHF6016_20250505T220000.000Z_gap_0001_30.0s_40.0s,/project/6070467/merileo/data/finwhales/final2025_resnet_20260423/multispecies_calltype_experiments/prep_runs/multispecies_prep_balanced100_availaudio_20260430T120219Z/ICLISTENHF6016_20250505T220000.000Z.flac,,,,,,10.000000,onc_primary_adjacent_gap,candidate_primary_adjacent_gap,/project/6070467/merileo/data/finwhales/final2025_resnet_20260423/multispecies_calltype_experiments/prep_runs/multispecies_prep_balanced100_availaudio_20260430T120219Z/ICLISTENHF6016_20250505T220000.000Z.flac,,,,1,val,,,,,/project/6070467/merileo/data/finwhales/final2025_resnet_20260423/multispecies_calltype_experiments/prep_runs/multispecies_prep_balanced100_availaudio_20260430T120219Z/ICLISTENHF6016_20250505T220000.000Z.flac,/project/6070467/merileo/data/finwhales/final2025_resnet_20260423/multispecies_calltype_experiments/prep_runs/multispecies_prep_balanced100_availaudio_20260430T120219Z/ICLISTENHF6016_20250505T220000.000Z.flac,30.000000,40.000000,,,,,,,,,,,,,,,,,,,,,,,,,primary_adjacent_gap,primary_adjacent_gap,ONC
ICLISTENHF6016_20250505T220000.000Z_gap_0002_60.0s_70.0s,/project/6070467/merileo/data/finwhales/final2025_resnet_20260423/multispecies_calltype_experiments/prep_runs/multispecies_prep_balanced100_availaudio_20260430T120219Z/ICLISTENHF6016_20250505T220000.000Z.flac,,,,,,10.000000,onc_primary_adjacent_gap,candidate_primary_adjacent_gap,/project/6070467/merileo/data/finwhales/final2025_resnet_20260423/multispecies_calltype_experiments/prep_runs/multispecies_prep_balanced100_availaudio_20260430T120219Z/ICLISTENHF6016_20250505T220000.000Z.flac,,,,1,val,,,,,/project/6070467/merileo/data/finwhales/final2025_resnet_20260423/multispecies_calltype_experiments/prep_runs/multispecies_prep_balanced100_availaudio_20260430T120219Z/ICLISTENHF6016_20250505T220000.000Z.flac,/project/6070467/merileo/data/finwhales/final2025_resnet_20260423/multispecies_calltype_experiments/prep_runs/multispecies_prep_balanced100_availaudio_20260430T120219Z/ICLISTENHF6016_20250505T220000.000Z.flac,60.000000,70.000000,,,,,,,,,,,,,,,,,,,,,,,,,primary_adjacent_gap,primary_adjacent_gap,ONC
ICLISTENHF6016_20250505T230000.000Z_gap_0000_0.0s_10.0s,/project/6070467/merileo/data/finwhales/final2025_resnet_20260423/multispecies_calltype_experiments/prep_runs/multispecies_prep_balanced100_availaudio_20260430T120219Z/ICLISTENHF6016_20250505T230000.000Z.flac,,,,,,10.000000,onc_primary_adjacent_gap,candidate_primary_adjacent_gap,/project/6070467/merileo/data/finwhales/final2025_resnet_20260423/multispecies_calltype_experiments/prep_runs/multispecies_prep_balanced100_availaudio_20260430T120219Z/ICLISTENHF6016_20250505T230000.000Z.flac,,,,1,train,,,,,/project/6070467/merileo/data/finwhales/final2025_resnet_20260423/multispecies_calltype_experiments/prep_runs/multispecies_prep_balanced100_availaudio_20260430T120219Z/ICLISTENHF6016_20250505T230000.000Z.flac,/project/6070467/merileo/data/finwhales/final2025_resnet_20260423/multispecies_calltype_experiments/prep_runs/multispecies_prep_balanced100_availaudio_20260430T120219Z/ICLISTENHF6016_20250505T230000.000Z.flac,0.000000,10.000000,,,,,,,,,,,,,,,,,,,,,,,,,primary_adjacent_gap,primary_adjacent_gap,ONC
ICLISTENHF6016_20250505T230000.000Z_gap_0001_2.2s_12.2s,/project/6070467/merileo/data/finwhales/final2025_resnet_20260423/multispecies_calltype_experiments/prep_runs/multispecies_prep_balanced100_availaudio_20260430T120219Z/ICLISTENHF6016_20250505T230000.000Z.flac,,,,,,10.000000,onc_primary_adjacent_gap,candidate_primary_adjacent_gap,/project/6070467/merileo/data/finwhales/final2025_resnet_20260423/multispecies_calltype_experiments/prep_runs/multispecies_prep_balanced100_availaudio_20260430T120219Z/ICLISTENHF6016_20250505T230000.000Z.flac,,,,1,train,,,,,/project/6070467/merileo/data/finwhales/final2025_resnet_20260423/multispecies_calltype_experiments/prep_runs/multispecies_prep_balanced100_availaudio_20260430T120219Z/ICLISTENHF6016_20250505T230000.000Z.flac,/project/6070467/merileo/data/finwhales/final2025_resnet_20260423/multispecies_calltype_experiments/prep_runs/multispecies_prep_balanced100_availaudio_20260430T120219Z/ICLISTENHF6016_20250505T230000.000Z.flac,2.200000,12.200000,,,,,,,,,,,,,,,,,,,,,,,,,primary_adjacent_gap,primary_adjacent_gap,ONC
ICLISTENHF6016_20250505T230000.000Z_gap_0002_27.4s_37.4s,/project/6070467/merileo/data/finwhales/final2025_resnet_20260423/multispecies_calltype_experiments/prep_runs/multispecies_prep_balanced100_availaudio_20260430T120219Z/ICLISTENHF6016_20250505T230000.000Z.flac,,,,,,10.000000,onc_primary_adjacent_gap,candidate_primary_adjacent_gap,/project/6070467/merileo/data/finwhales/final2025_resnet_20260423/multispecies_calltype_experiments/prep_runs/multispecies_prep_balanced100_availaudio_20260430T120219Z/ICLISTENHF6016_20250505T230000.000Z.flac,,,,1,train,,,,,/project/6070467/merileo/data/finwhales/final2025_resnet_20260423/multispecies_calltype_experiments/prep_runs/multispecies_prep_balanced100_availaudio_20260430T120219Z/ICLISTENHF6016_20250505T230000.000Z.flac,/project/6070467/merileo/data/finwhales/final2025_resnet_20260423/multispecies_calltype_experiments/prep_runs/multispecies_prep_balanced100_availaudio_20260430T120219Z/ICLISTENHF6016_20250505T230000.000Z.flac,27.400000,37.400000,,,,,,,,,,,,,,,,,,,,,,,,,primary_adjacent_gap,primary_adjacent_gap,ONC
ICLISTENHF6016_20250530T130000.000Z_gap_0000_0.0s_10.0s,/project/6070467/merileo/data/finwhales/final2025_resnet_20260423/multispecies_calltype_experiments/prep_runs/multispecies_prep_balanced100_availaudio_20260430T120219Z/ICLISTENHF6016_20250530T130000.000Z.flac,,,,,,10.000000,onc_primary_adjacent_gap,candidate_primary_adjacent_gap,/project/6070467/merileo/data/finwhales/final2025_resnet_20260423/multispecies_calltype_experiments/prep_runs/multispecies_prep_balanced100_availaudio_20260430T120219Z/ICLISTENHF6016_20250530T130000.000Z.flac,,,,1,val,,,,,/project/6070467/merileo/data/finwhales/final2025_resnet_20260423/multispecies_calltype_experiments/prep_runs/multispecies_prep_balanced100_availaudio_20260430T120219Z/ICLISTENHF6016_20250530T130000.000Z.flac,/project/6070467/merileo/data/finwhales/final2025_resnet_20260423/multispecies_calltype_experiments/prep_runs/multispecies_prep_balanced100_availaudio_20260430T120219Z/ICLISTENHF6016_20250530T130000.000Z.flac,0.000000,10.000000,,,,,,,,,,,,,,,,,,,,,,,,,primary_adjacent_gap,primary_adjacent_gap,ONC
ICLISTENHF6016_20250530T130000.000Z_gap_0001_30.0s_40.0s,/project/6070467/merileo/data/finwhales/final2025_resnet_20260423/multispecies_calltype_experiments/prep_runs/multispecies_prep_balanced100_availaudio_20260430T120219Z/ICLISTENHF6016_20250530T130000.000Z.flac,,,,,,10.000000,onc_primary_adjacent_gap,candidate_primary_adjacent_gap,/project/6070467/merileo/data/finwhales/final2025_resnet_20260423/multispecies_calltype_experiments/prep_runs/multispecies_prep_balanced100_availaudio_20260430T120219Z/ICLISTENHF6016_20250530T130000.000Z.flac,,,,1,val,,,,,/project/6070467/merileo/data/finwhales/final2025_resnet_20260423/multispecies_calltype_experiments/prep_runs/multispecies_prep_balanced100_availaudio_20260430T120219Z/ICLISTENHF6016_20250530T130000.000Z.flac,/project/6070467/merileo/data/finwhales/final2025_resnet_20260423/multispecies_calltype_experiments/prep_runs/multispecies_prep_balanced100_availaudio_20260430T120219Z/ICLISTENHF6016_20250530T130000.000Z.flac,30.000000,40.000000,,,,,,,,,,,,,,,,,,,,,,,,,primary_adjacent_gap,primary_adjacent_gap,ONC
ICLISTENHF6016_20250530T130000.000Z_gap_0002_60.0s_70.0s,/project/6070467/merileo/data/finwhales/final2025_resnet_20260423/multispecies_calltype_experiments/prep_runs/multispecies_prep_balanced100_availaudio_20260430T120219Z/ICLISTENHF6016_20250530T130000.000Z.flac,,,,,,10.000000,onc_primary_adjacent_gap,candidate_primary_adjacent_gap,/project/6070467/merileo/data/finwhales/final2025_resnet_20260423/multispecies_calltype_experiments/prep_runs/multispecies_prep_balanced100_availaudio_20260430T120219Z/ICLISTENHF6016_20250530T130000.000Z.flac,,,,1,val,,,,,/project/6070467/merileo/data/finwhales/final2025_resnet_20260423/multispecies_calltype_experiments/prep_runs/multispecies_prep_balanced100_availaudio_20260430T120219Z/ICLISTENHF6016_20250530T130000.000Z.flac,/project/6070467/merileo/data/finwhales/final2025_resnet_20260423/multispecies_calltype_experiments/prep_runs/multispecies_prep_balanced100_availaudio_20260430T120219Z/ICLISTENHF6016_20250530T130000.000Z.flac,60.000000,70.000000,,,,,,,,,,,,,,,,,,,,,,,,,primary_adjacent_gap,primary_adjacent_gap,ONC
ICLISTENHF6016_20250705T090000.000Z_gap_0000_0.0s_10.0s,/project/6070467/merileo/data/finwhales/final2025_resnet_20260423/multispecies_calltype_experiments/prep_runs/multispecies_prep_balanced100_availaudio_20260430T120219Z/ICLISTENHF6016_20250705T090000.000Z.flac,,,,,,10.000000,onc_primary_adjacent_gap,candidate_primary_adjacent_gap,/project/6070467/merileo/data/finwhales/final2025_resnet_20260423/multispecies_calltype_experiments/prep_runs/multispecies_prep_balanced100_availaudio_20260430T120219Z/ICLISTENHF6016_20250705T090000.000Z.flac,,,,1,train,,,,,/project/6070467/merileo/data/finwhales/final2025_resnet_20260423/multispecies_calltype_experiments/prep_runs/multispecies_prep_balanced100_availaudio_20260430T120219Z/ICLISTENHF6016_20250705T090000.000Z.flac,/project/6070467/merileo/data/finwhales/final2025_resnet_20260423/multispecies_calltype_experiments/prep_runs/multispecies_prep_balanced100_availaudio_20260430T120219Z/ICLISTENHF6016_20250705T090000.000Z.flac,0.000000,10.000000,,,,,,,,,,,,,,,,,,,,,,,,,primary_adjacent_gap,primary_adjacent_gap,ONC
ICLISTENHF6016_20250705T090000.000Z_gap_0001_30.0s_40.0s,/project/6070467/merileo/data/finwhales/final2025_resnet_20260423/multispecies_calltype_experiments/prep_runs/multispecies_prep_balanced100_availaudio_20260430T120219Z/ICLISTENHF6016_20250705T090000.000Z.flac,,,,,,10.000000,onc_primary_adjacent_gap,candidate_primary_adjacent_gap,/project/6070467/merileo/data/finwhales/final2025_resnet_20260423/multispecies_calltype_experiments/prep_runs/multispecies_prep_balanced100_availaudio_20260430T120219Z/ICLISTENHF6016_20250705T090000.000Z.flac,,,,1,train,,,,,/project/6070467/merileo/data/finwhales/final2025_resnet_20260423/multispecies_calltype_experiments/prep_runs/multispecies_prep_balanced100_availaudio_20260430T120219Z/ICLISTENHF6016_20250705T090000.000Z.flac,/project/6070467/merileo/data/finwhales/final2025_resnet_20260423/multispecies_calltype_experiments/prep_runs/multispecies_prep_balanced100_availaudio_20260430T120219Z/ICLISTENHF6016_20250705T090000.000Z.flac,30.000000,40.000000,,,,,,,,,,,,,,,,,,,,,,,,,primary_adjacent_gap,primary_adjacent_gap,ONC
ICLISTENHF6016_20250705T090000.000Z_gap_0002_60.0s_70.0s,/project/6070467/merileo/data/finwhales/final2025_resnet_20260423/multispecies_calltype_experiments/prep_runs/multispecies_prep_balanced100_availaudio_20260430T120219Z/ICLISTENHF6016_20250705T090000.000Z.flac,,,,,,10.000000,onc_primary_adjacent_gap,candidate_primary_adjacent_gap,/project/6070467/merileo/data/finwhales/final2025_resnet_20260423/multispecies_calltype_experiments/prep_runs/multispecies_prep_balanced100_availaudio_20260430T120219Z/ICLISTENHF6016_20250705T090000.000Z.flac,,,,1,train,,,,,/project/6070467/merileo/data/finwhales/final2025_resnet_20260423/multispecies_calltype_experiments/prep_runs/multispecies_prep_balanced100_availaudio_20260430T120219Z/ICLISTENHF6016_20250705T090000.000Z.flac,/project/6070467/merileo/data/finwhales/final2025_resnet_20260423/multispecies_calltype_experiments/prep_runs/multispecies_prep_balanced100_availaudio_20260430T120219Z/ICLISTENHF6016_20250705T090000.000Z.flac,60.000000,70.000000,,,,,,,,,,,,,,,,,,,,,,,,,primary_adjacent_gap,primary_adjacent_gap,ONC
ICLISTENHF6016_20250705T100000.000Z_gap_0000_26.5s_36.5s,/project/6070467/merileo/data/finwhales/final2025_resnet_20260423/multispecies_calltype_experiments/prep_runs/multispecies_prep_balanced100_availaudio_20260430T120219Z/ICLISTENHF6016_20250705T100000.000Z.flac,,,,,,10.000000,onc_primary_adjacent_gap,candidate_primary_adjacent_gap,/project/6070467/merileo/data/finwhales/final2025_resnet_20260423/multispecies_calltype_experiments/prep_runs/multispecies_prep_balanced100_availaudio_20260430T120219Z/ICLISTENHF6016_20250705T100000.000Z.flac,,,,1,val,,,,,/project/6070467/merileo/data/finwhales/final2025_resnet_20260423/multispecies_calltype_experiments/prep_runs/multispecies_prep_balanced100_availaudio_20260430T120219Z/ICLISTENHF6016_20250705T100000.000Z.flac,/project/6070467/merileo/data/finwhales/final2025_resnet_20260423/multispecies_calltype_experiments/prep_runs/multispecies_prep_balanced100_availaudio_20260430T120219Z/ICLISTENHF6016_20250705T100000.000Z.flac,26.500000,36.500000,,,,,,,,,,,,,,,,,,,,,,,,,primary_adjacent_gap,primary_adjacent_gap,ONC
ICLISTENHF6016_20250705T100000.000Z_gap_0001_56.5s_66.5s,/project/6070467/merileo/data/finwhales/final2025_resnet_20260423/multispecies_calltype_experiments/prep_runs/multispecies_prep_balanced100_availaudio_20260430T120219Z/ICLISTENHF6016_20250705T100000.000Z.flac,,,,,,10.000000,onc_primary_adjacent_gap,candidate_primary_adjacent_gap,/project/6070467/merileo/data/finwhales/final2025_resnet_20260423/multispecies_calltype_experiments/prep_runs/multispecies_prep_balanced100_availaudio_20260430T120219Z/ICLISTENHF6016_20250705T100000.000Z.flac,,,,1,val,,,,,/project/6070467/merileo/data/finwhales/final2025_resnet_20260423/multispecies_calltype_experiments/prep_runs/multispecies_prep_balanced100_availaudio_20260430T120219Z/ICLISTENHF6016_20250705T100000.000Z.flac,/project/6070467/merileo/data/finwhales/final2025_resnet_20260423/multispecies_calltype_experiments/prep_runs/multispecies_prep_balanced100_availaudio_20260430T120219Z/ICLISTENHF6016_20250705T100000.000Z.flac,56.500000,66.500000,,,,,,,,,,,,,,,,,,,,,,,,,primary_adjacent_gap,primary_adjacent_gap,ONC
ICLISTENHF6016_20250705T100000.000Z_gap_0002_86.5s_96.5s,/project/6070467/merileo/data/finwhales/final2025_resnet_20260423/multispecies_calltype_experiments/prep_runs/multispecies_prep_balanced100_availaudio_20260430T120219Z/ICLISTENHF6016_20250705T100000.000Z.flac,,,,,,10.000000,onc_primary_adjacent_gap,candidate_primary_adjacent_gap,/project/6070467/merileo/data/finwhales/final2025_resnet_20260423/multispecies_calltype_experiments/prep_runs/multispecies_prep_balanced100_availaudio_20260430T120219Z/ICLISTENHF6016_20250705T100000.000Z.flac,,,,1,val,,,,,/project/6070467/merileo/data/finwhales/final2025_resnet_20260423/multispecies_calltype_experiments/prep_runs/multispecies_prep_balanced100_availaudio_20260430T120219Z/ICLISTENHF6016_20250705T100000.000Z.flac,/project/6070467/merileo/data/finwhales/final2025_resnet_20260423/multispecies_calltype_experiments/prep_runs/multispecies_prep_balanced100_availaudio_20260430T120219Z/ICLISTENHF6016_20250705T100000.000Z.flac,86.500000,96.500000,,,,,,,,,,,,,,,,,,,,,,,,,primary_adjacent_gap,primary_adjacent_gap,ONC
ICLISTENHF6016_20250705T110000.000Z_gap_0000_0.0s_10.0s,/project/6070467/merileo/data/finwhales/final2025_resnet_20260423/multispecies_calltype_experiments/prep_runs/multispecies_prep_balanced100_availaudio_20260430T120219Z/ICLISTENHF6016_20250705T110000.000Z.flac,,,,,,10.000000,onc_primary_adjacent_gap,candidate_primary_adjacent_gap,/project/6070467/merileo/data/finwhales/final2025_resnet_20260423/multispecies_calltype_experiments/prep_runs/multispecies_prep_balanced100_availaudio_20260430T120219Z/ICLISTENHF6016_20250705T110000.000Z.flac,,,,1,test,,,,,/project/6070467/merileo/data/finwhales/final2025_resnet_20260423/multispecies_calltype_experiments/prep_runs/multispecies_prep_balanced100_availaudio_20260430T120219Z/ICLISTENHF6016_20250705T110000.000Z.flac,/project/6070467/merileo/data/finwhales/final2025_resnet_20260423/multispecies_calltype_experiments/prep_runs/multispecies_prep_balanced100_availaudio_20260430T120219Z/ICLISTENHF6016_20250705T110000.000Z.flac,0.000000,10.000000,,,,,,,,,,,,,,,,,,,,,,,,,primary_adjacent_gap,primary_adjacent_gap,ONC
ICLISTENHF6016_20250705T110000.000Z_gap_0001_13.6s_23.6s,/project/6070467/merileo/data/finwhales/final2025_resnet_20260423/multispecies_calltype_experiments/prep_runs/multispecies_prep_balanced100_availaudio_20260430T120219Z/ICLISTENHF6016_20250705T110000.000Z.flac,,,,,,10.000000,onc_primary_adjacent_gap,candidate_primary_adjacent_gap,/project/6070467/merileo/data/finwhales/final2025_resnet_20260423/multispecies_calltype_experiments/prep_runs/multispecies_prep_balanced100_availaudio_20260430T120219Z/ICLISTENHF6016_20250705T110000.000Z.flac,,,,1,test,,,,,/project/6070467/merileo/data/finwhales/final2025_resnet_20260423/multispecies_calltype_experiments/prep_runs/multispecies_prep_balanced100_availaudio_20260430T120219Z/ICLISTENHF6016_20250705T110000.000Z.flac,/project/6070467/merileo/data/finwhales/final2025_resnet_20260423/multispecies_calltype_experiments/prep_runs/multispecies_prep_balanced100_availaudio_20260430T120219Z/ICLISTENHF6016_20250705T110000.000Z.flac,13.600000,23.600000,,,,,,,,,,,,,,,,,,,,,,,,,primary_adjacent_gap,primary_adjacent_gap,ONC
ICLISTENHF6016_20250705T110000.000Z_gap_0002_42.0s_52.0s,/project/6070467/merileo/data/finwhales/final2025_resnet_20260423/multispecies_calltype_experiments/prep_runs/multispecies_prep_balanced100_availaudio_20260430T120219Z/ICLISTENHF6016_20250705T110000.000Z.flac,,,,,,10.000000,onc_primary_adjacent_gap,candidate_primary_adjacent_gap,/project/6070467/merileo/data/finwhales/final2025_resnet_20260423/multispecies_calltype_experiments/prep_runs/multispecies_prep_balanced100_availaudio_20260430T120219Z/ICLISTENHF6016_20250705T110000.000Z.flac,,,,1,test,,,,,/project/6070467/merileo/data/finwhales/final2025_resnet_20260423/multispecies_calltype_experiments/prep_runs/multispecies_prep_balanced100_availaudio_20260430T120219Z/ICLISTENHF6016_20250705T110000.000Z.flac,/project/6070467/merileo/data/finwhales/final2025_resnet_20260423/multispecies_calltype_experiments/prep_runs/multispecies_prep_balanced100_availaudio_20260430T120219Z/ICLISTENHF6016_20250705T110000.000Z.flac,42.000000,52.000000,,,,,,,,,,,,,,,,,,,,,,,,,primary_adjacent_gap,primary_adjacent_gap,ONC
ICLISTENHF6016_20250705T120000.000Z_gap_0000_24.9s_34.9s,/project/6070467/merileo/data/finwhales/final2025_resnet_20260423/multispecies_calltype_experiments/prep_runs/multispecies_prep_balanced100_availaudio_20260430T120219Z/ICLISTENHF6016_20250705T120000.000Z.flac,,,,,,10.000000,onc_primary_adjacent_gap,candidate_primary_adjacent_gap,/project/6070467/merileo/data/finwhales/final2025_resnet_20260423/multispecies_calltype_experiments/prep_runs/multispecies_prep_balanced100_availaudio_20260430T120219Z/ICLISTENHF6016_20250705T120000.000Z.flac,,,,1,test,,,,,/project/6070467/merileo/data/finwhales/final2025_resnet_20260423/multispecies_calltype_experiments/prep_runs/multispecies_prep_balanced100_availaudio_20260430T120219Z/ICLISTENHF6016_20250705T120000.000Z.flac,/project/6070467/merileo/data/finwhales/final2025_resnet_20260423/multispecies_calltype_experiments/prep_runs/multispecies_prep_balanced100_availaudio_20260430T120219Z/ICLISTENHF6016_20250705T120000.000Z.flac,24.900000,34.900000,,,,,,,,,,,,,,,,,,,,,,,,,primary_adjacent_gap,primary_adjacent_gap,ONC
ICLISTENHF6016_20250705T120000.000Z_gap_0001_54.9s_64.9s,/project/6070467/merileo/data/finwhales/final2025_resnet_20260423/multispecies_calltype_experiments/prep_runs/multispecies_prep_balanced100_availaudio_20260430T120219Z/ICLISTENHF6016_20250705T120000.000Z.flac,,,,,,10.000000,onc_primary_adjacent_gap,candidate_primary_adjacent_gap,/project/6070467/merileo/data/finwhales/final2025_resnet_20260423/multispecies_calltype_experiments/prep_runs/multispecies_prep_balanced100_availaudio_20260430T120219Z/ICLISTENHF6016_20250705T120000.000Z.flac,,,,1,test,,,,,/project/6070467/merileo/data/finwhales/final2025_resnet_20260423/multispecies_calltype_experiments/prep_runs/multispecies_prep_balanced100_availaudio_20260430T120219Z/ICLISTENHF6016_20250705T120000.000Z.flac,/project/6070467/merileo/data/finwhales/final2025_resnet_20260423/multispecies_calltype_experiments/prep_runs/multispecies_prep_balanced100_availaudio_20260430T120219Z/ICLISTENHF6016_20250705T120000.000Z.flac,54.900000,64.900000,,,,,,,,,,,,,,,,,,,,,,,,,primary_adjacent_gap,primary_adjacent_gap,ONC
ICLISTENHF6016_20250705T120000.000Z_gap_0002_84.9s_94.9s,/project/6070467/merileo/data/finwhales/final2025_resnet_20260423/multispecies_calltype_experiments/prep_runs/multispecies_prep_balanced100_availaudio_20260430T120219Z/ICLISTENHF6016_20250705T120000.000Z.flac,,,,,,10.000000,onc_primary_adjacent_gap,candidate_primary_adjacent_gap,/project/6070467/merileo/data/finwhales/final2025_resnet_20260423/multispecies_calltype_experiments/prep_runs/multispecies_prep_balanced100_availaudio_20260430T120219Z/ICLISTENHF6016_20250705T120000.000Z.flac,,,,1,test,,,,,/project/6070467/merileo/data/finwhales/final2025_resnet_20260423/multispecies_calltype_experiments/prep_runs/multispecies_prep_balanced100_availaudio_20260430T120219Z/ICLISTENHF6016_20250705T120000.000Z.flac,/project/6070467/merileo/data/finwhales/final2025_resnet_20260423/multispecies_calltype_experiments/prep_runs/multispecies_prep_balanced100_availaudio_20260430T120219Z/ICLISTENHF6016_20250705T120000.000Z.flac,84.900000,94.900000,,,,,,,,,,,,,,,,,,,,,,,,,primary_adjacent_gap,primary_adjacent_gap,ONC
ICLISTENHF6016_20250705T130000.000Z_gap_0000_0.0s_10.0s,/project/6070467/merileo/data/finwhales/final2025_resnet_20260423/multispecies_calltype_experiments/prep_runs/multispecies_prep_balanced100_availaudio_20260430T120219Z/ICLISTENHF6016_20250705T130000.000Z.flac,,,,,,10.000000,onc_primary_adjacent_gap,candidate_primary_adjacent_gap,/project/6070467/merileo/data/finwhales/final2025_resnet_20260423/multispecies_calltype_experiments/prep_runs/multispecies_prep_balanced100_availaudio_20260430T120219Z/ICLISTENHF6016_20250705T130000.000Z.flac,,,,1,train,,,,,/project/6070467/merileo/data/finwhales/final2025_resnet_20260423/multispecies_calltype_experiments/prep_runs/multispecies_prep_balanced100_availaudio_20260430T120219Z/ICLISTENHF6016_20250705T130000.000Z.flac,/project/6070467/merileo/data/finwhales/final2025_resnet_20260423/multispecies_calltype_experiments/prep_runs/multispecies_prep_balanced100_availaudio_20260430T120219Z/ICLISTENHF6016_20250705T130000.000Z.flac,0.000000,10.000000,,,,,,,,,,,,,,,,,,,,,,,,,primary_adjacent_gap,primary_adjacent_gap,ONC
ICLISTENHF6016_20250705T130000.000Z_gap_0001_30.0s_40.0s,/project/6070467/merileo/data/finwhales/final2025_resnet_20260423/multispecies_calltype_experiments/prep_runs/multispecies_prep_balanced100_availaudio_20260430T120219Z/ICLISTENHF6016_20250705T130000.000Z.flac,,,,,,10.000000,onc_primary_adjacent_gap,candidate_primary_adjacent_gap,/project/6070467/merileo/data/finwhales/final2025_resnet_20260423/multispecies_calltype_experiments/prep_runs/multispecies_prep_balanced100_availaudio_20260430T120219Z/ICLISTENHF6016_20250705T130000.000Z.flac,,,,1,train,,,,,/project/6070467/merileo/data/finwhales/final2025_resnet_20260423/multispecies_calltype_experiments/prep_runs/multispecies_prep_balanced100_availaudio_20260430T120219Z/ICLISTENHF6016_20250705T130000.000Z.flac,/project/6070467/merileo/data/finwhales/final2025_resnet_20260423/multispecies_calltype_experiments/prep_runs/multispecies_prep_balanced100_availaudio_20260430T120219Z/ICLISTENHF6016_20250705T130000.000Z.flac,30.000000,40.000000,,,,,,,,,,,,,,,,,,,,,,,,,primary_adjacent_gap,primary_adjacent_gap,ONC
ICLISTENHF6016_20250705T130000.000Z_gap_0002_60.0s_70.0s,/project/6070467/merileo/data/finwhales/final2025_resnet_20260423/multispecies_calltype_experiments/prep_runs/multispecies_prep_balanced100_availaudio_20260430T120219Z/ICLISTENHF6016_20250705T130000.000Z.flac,,,,,,10.000000,onc_primary_adjacent_gap,candidate_primary_adjacent_gap,/project/6070467/merileo/data/finwhales/final2025_resnet_20260423/multispecies_calltype_experiments/prep_runs/multispecies_prep_balanced100_availaudio_20260430T120219Z/ICLISTENHF6016_20250705T130000.000Z.flac,,,,1,train,,,,,/project/6070467/merileo/data/finwhales/final2025_resnet_20260423/multispecies_calltype_experiments/prep_runs/multispecies_prep_balanced100_availaudio_20260430T120219Z/ICLISTENHF6016_20250705T130000.000Z.flac,/project/6070467/merileo/data/finwhales/final2025_resnet_20260423/multispecies_calltype_experiments/prep_runs/multispecies_prep_balanced100_availaudio_20260430T120219Z/ICLISTENHF6016_20250705T130000.000Z.flac,60.000000,70.000000,,,,,,,,,,,,,,,,,,,,,,,,,primary_adjacent_gap,primary_adjacent_gap,ONC
ICLISTENHF6016_20250705T150000.000Z_gap_0000_0.0s_10.0s,/project/6070467/merileo/data/finwhales/final2025_resnet_20260423/multispecies_calltype_experiments/prep_runs/multispecies_prep_balanced100_availaudio_20260430T120219Z/ICLISTENHF6016_20250705T150000.000Z.flac,,,,,,10.000000,onc_primary_adjacent_gap,candidate_primary_adjacent_gap,/project/6070467/merileo/data/finwhales/final2025_resnet_20260423/multispecies_calltype_experiments/prep_runs/multispecies_prep_balanced100_availaudio_20260430T120219Z/ICLISTENHF6016_20250705T150000.000Z.flac,,,,1,val,,,,,/project/6070467/merileo/data/finwhales/final2025_resnet_20260423/multispecies_calltype_experiments/prep_runs/multispecies_prep_balanced100_availaudio_20260430T120219Z/ICLISTENHF6016_20250705T150000.000Z.flac,/project/6070467/merileo/data/finwhales/final2025_resnet_20260423/multispecies_calltype_experiments/prep_runs/multispecies_prep_balanced100_availaudio_20260430T120219Z/ICLISTENHF6016_20250705T150000.000Z.flac,0.000000,10.000000,,,,,,,,,,,,,,,,,,,,,,,,,primary_adjacent_gap,primary_adjacent_gap,ONC
ICLISTENHF6016_20250705T150000.000Z_gap_0001_26.4s_36.4s,/project/6070467/merileo/data/finwhales/final2025_resnet_20260423/multispecies_calltype_experiments/prep_runs/multispecies_prep_balanced100_availaudio_20260430T120219Z/ICLISTENHF6016_20250705T150000.000Z.flac,,,,,,10.000000,onc_primary_adjacent_gap,candidate_primary_adjacent_gap,/project/6070467/merileo/data/finwhales/final2025_resnet_20260423/multispecies_calltype_experiments/prep_runs/multispecies_prep_balanced100_availaudio_20260430T120219Z/ICLISTENHF6016_20250705T150000.000Z.flac,,,,1,val,,,,,/project/6070467/merileo/data/finwhales/final2025_resnet_20260423/multispecies_calltype_experiments/prep_runs/multispecies_prep_balanced100_availaudio_20260430T120219Z/ICLISTENHF6016_20250705T150000.000Z.flac,/project/6070467/merileo/data/finwhales/final2025_resnet_20260423/multispecies_calltype_experiments/prep_runs/multispecies_prep_balanced100_availaudio_20260430T120219Z/ICLISTENHF6016_20250705T150000.000Z.flac,26.400000,36.400000,,,,,,,,,,,,,,,,,,,,,,,,,primary_adjacent_gap,primary_adjacent_gap,ONC
ICLISTENHF6016_20250705T150000.000Z_gap_0002_54.9s_64.9s,/project/6070467/merileo/data/finwhales/final2025_resnet_20260423/multispecies_calltype_experiments/prep_runs/multispecies_prep_balanced100_availaudio_20260430T120219Z/ICLISTENHF6016_20250705T150000.000Z.flac,,,,,,10.000000,onc_primary_adjacent_gap,candidate_primary_adjacent_gap,/project/6070467/merileo/data/finwhales/final2025_resnet_20260423/multispecies_calltype_experiments/prep_runs/multispecies_prep_balanced100_availaudio_20260430T120219Z/ICLISTENHF6016_20250705T150000.000Z.flac,,,,1,val,,,,,/project/6070467/merileo/data/finwhales/final2025_resnet_20260423/multispecies_calltype_experiments/prep_runs/multispecies_prep_balanced100_availaudio_20260430T120219Z/ICLISTENHF6016_20250705T150000.000Z.flac,/project/6070467/merileo/data/finwhales/final2025_resnet_20260423/multispecies_calltype_experiments/prep_runs/multispecies_prep_balanced100_availaudio_20260430T120219Z/ICLISTENHF6016_20250705T150000.000Z.flac,54.900000,64.900000,,,,,,,,,,,,,,,,,,,,,,,,,primary_adjacent_gap,primary_adjacent_gap,ONC
ICLISTENHF6016_20250705T160000.000Z_gap_0000_0.0s_10.0s,/project/6070467/merileo/data/finwhales/final2025_resnet_20260423/multispecies_calltype_experiments/prep_runs/multispecies_prep_balanced100_availaudio_20260430T120219Z/ICLISTENHF6016_20250705T160000.000Z.flac,,,,,,10.000000,onc_primary_adjacent_gap,candidate_primary_adjacent_gap,/project/6070467/merileo/data/finwhales/final2025_resnet_20260423/multispecies_calltype_experiments/prep_runs/multispecies_prep_balanced100_availaudio_20260430T120219Z/ICLISTENHF6016_20250705T160000.000Z.flac,,,,1,val,,,,,/project/6070467/merileo/data/finwhales/final2025_resnet_20260423/multispecies_calltype_experiments/prep_runs/multispecies_prep_balanced100_availaudio_20260430T120219Z/ICLISTENHF6016_20250705T160000.000Z.flac,/project/6070467/merileo/data/finwhales/final2025_resnet_20260423/multispecies_calltype_experiments/prep_runs/multispecies_prep_balanced100_availaudio_20260430T120219Z/ICLISTENHF6016_20250705T160000.000Z.flac,0.000000,10.000000,,,,,,,,,,,,,,,,,,,,,,,,,primary_adjacent_gap,primary_adjacent_gap,ONC
ICLISTENHF6016_20250705T160000.000Z_gap_0001_30.0s_40.0s,/project/6070467/merileo/data/finwhales/final2025_resnet_20260423/multispecies_calltype_experiments/prep_runs/multispecies_prep_balanced100_availaudio_20260430T120219Z/ICLISTENHF6016_20250705T160000.000Z.flac,,,,,,10.000000,onc_primary_adjacent_gap,candidate_primary_adjacent_gap,/project/6070467/merileo/data/finwhales/final2025_resnet_20260423/multispecies_calltype_experiments/prep_runs/multispecies_prep_balanced100_availaudio_20260430T120219Z/ICLISTENHF6016_20250705T160000.000Z.flac,,,,1,val,,,,,/project/6070467/merileo/data/finwhales/final2025_resnet_20260423/multispecies_calltype_experiments/prep_runs/multispecies_prep_balanced100_availaudio_20260430T120219Z/ICLISTENHF6016_20250705T160000.000Z.flac,/project/6070467/merileo/data/finwhales/final2025_resnet_20260423/multispecies_calltype_experiments/prep_runs/multispecies_prep_balanced100_availaudio_20260430T120219Z/ICLISTENHF6016_20250705T160000.000Z.flac,30.000000,40.000000,,,,,,,,,,,,,,,,,,,,,,,,,primary_adjacent_gap,primary_adjacent_gap,ONC
ICLISTENHF6016_20250705T160000.000Z_gap_0002_60.0s_70.0s,/project/6070467/merileo/data/finwhales/final2025_resnet_20260423/multispecies_calltype_experiments/prep_runs/multispecies_prep_balanced100_availaudio_20260430T120219Z/ICLISTENHF6016_20250705T160000.000Z.flac,,,,,,10.000000,onc_primary_adjacent_gap,candidate_primary_adjacent_gap,/project/6070467/merileo/data/finwhales/final2025_resnet_20260423/multispecies_calltype_experiments/prep_runs/multispecies_prep_balanced100_availaudio_20260430T120219Z/ICLISTENHF6016_20250705T160000.000Z.flac,,,,1,val,,,,,/project/6070467/merileo/data/finwhales/final2025_resnet_20260423/multispecies_calltype_experiments/prep_runs/multispecies_prep_balanced100_availaudio_20260430T120219Z/ICLISTENHF6016_20250705T160000.000Z.flac,/project/6070467/merileo/data/finwhales/final2025_resnet_20260423/multispecies_calltype_experiments/prep_runs/multispecies_prep_balanced100_availaudio_20260430T120219Z/ICLISTENHF6016_20250705T160000.000Z.flac,60.000000,70.000000,,,,,,,,,,,,,,,,,,,,,,,,,primary_adjacent_gap,primary_adjacent_gap,ONC
ICLISTENHF6016_20250705T170000.000Z_gap_0000_17.7s_27.7s,/project/6070467/merileo/data/finwhales/final2025_resnet_20260423/multispecies_calltype_experiments/prep_runs/multispecies_prep_balanced100_availaudio_20260430T120219Z/ICLISTENHF6016_20250705T170000.000Z.flac,,,,,,10.000000,onc_primary_adjacent_gap,candidate_primary_adjacent_gap,/project/6070467/merileo/data/finwhales/final2025_resnet_20260423/multispecies_calltype_experiments/prep_runs/multispecies_prep_balanced100_availaudio_20260430T120219Z/ICLISTENHF6016_20250705T170000.000Z.flac,,,,1,train,,,,,/project/6070467/merileo/data/finwhales/final2025_resnet_20260423/multispecies_calltype_experiments/prep_runs/multispecies_prep_balanced100_availaudio_20260430T120219Z/ICLISTENHF6016_20250705T170000.000Z.flac,/project/6070467/merileo/data/finwhales/final2025_resnet_20260423/multispecies_calltype_experiments/prep_runs/multispecies_prep_balanced100_availaudio_20260430T120219Z/ICLISTENHF6016_20250705T170000.000Z.flac,17.700000,27.700000,,,,,,,,,,,,,,,,,,,,,,,,,primary_adjacent_gap,primary_adjacent_gap,ONC
ICLISTENHF6016_20250705T170000.000Z_gap_0001_47.7s_57.7s,/project/6070467/merileo/data/finwhales/final2025_resnet_20260423/multispecies_calltype_experiments/prep_runs/multispecies_prep_balanced100_availaudio_20260430T120219Z/ICLISTENHF6016_20250705T170000.000Z.flac,,,,,,10.000000,onc_primary_adjacent_gap,candidate_primary_adjacent_gap,/project/6070467/merileo/data/finwhales/final2025_resnet_20260423/multispecies_calltype_experiments/prep_runs/multispecies_prep_balanced100_availaudio_20260430T120219Z/ICLISTENHF6016_20250705T170000.000Z.flac,,,,1,train,,,,,/project/6070467/merileo/data/finwhales/final2025_resnet_20260423/multispecies_calltype_experiments/prep_runs/multispecies_prep_balanced100_availaudio_20260430T120219Z/ICLISTENHF6016_20250705T170000.000Z.flac,/project/6070467/merileo/data/finwhales/final2025_resnet_20260423/multispecies_calltype_experiments/prep_runs/multispecies_prep_balanced100_availaudio_20260430T120219Z/ICLISTENHF6016_20250705T170000.000Z.flac,47.700000,57.700000,,,,,,,,,,,,,,,,,,,,,,,,,primary_adjacent_gap,primary_adjacent_gap,ONC
ICLISTENHF6016_20250705T170000.000Z_gap_0002_77.7s_87.7s,/project/6070467/merileo/data/finwhales/final2025_resnet_20260423/multispecies_calltype_experiments/prep_runs/multispecies_prep_balanced100_availaudio_20260430T120219Z/ICLISTENHF6016_20250705T170000.000Z.flac,,,,,,10.000000,onc_primary_adjacent_gap,candidate_primary_adjacent_gap,/project/6070467/merileo/data/finwhales/final2025_resnet_20260423/multispecies_calltype_experiments/prep_runs/multispecies_prep_balanced100_availaudio_20260430T120219Z/ICLISTENHF6016_20250705T170000.000Z.flac,,,,1,train,,,,,/project/6070467/merileo/data/finwhales/final2025_resnet_20260423/multispecies_calltype_experiments/prep_runs/multispecies_prep_balanced100_availaudio_20260430T120219Z/ICLISTENHF6016_20250705T170000.000Z.flac,/project/6070467/merileo/data/finwhales/final2025_resnet_20260423/multispecies_calltype_experiments/prep_runs/multispecies_prep_balanced100_availaudio_20260430T120219Z/ICLISTENHF6016_20250705T170000.000Z.flac,77.700000,87.700000,,,,,,,,,,,,,,,,,,,,,,,,,primary_adjacent_gap,primary_adjacent_gap,ONC
ICLISTENHF6016_20250705T220000.000Z_gap_0000_0.0s_10.0s,/project/6070467/merileo/data/finwhales/final2025_resnet_20260423/multispecies_calltype_experiments/prep_runs/multispecies_prep_balanced100_availaudio_20260430T120219Z/ICLISTENHF6016_20250705T220000.000Z.flac,,,,,,10.000000,onc_primary_adjacent_gap,candidate_primary_adjacent_gap,/project/6070467/merileo/data/finwhales/final2025_resnet_20260423/multispecies_calltype_experiments/prep_runs/multispecies_prep_balanced100_availaudio_20260430T120219Z/ICLISTENHF6016_20250705T220000.000Z.flac,,,,1,train,,,,,/project/6070467/merileo/data/finwhales/final2025_resnet_20260423/multispecies_calltype_experiments/prep_runs/multispecies_prep_balanced100_availaudio_20260430T120219Z/ICLISTENHF6016_20250705T220000.000Z.flac,/project/6070467/merileo/data/finwhales/final2025_resnet_20260423/multispecies_calltype_experiments/prep_runs/multispecies_prep_balanced100_availaudio_20260430T120219Z/ICLISTENHF6016_20250705T220000.000Z.flac,0.000000,10.000000,,,,,,,,,,,,,,,,,,,,,,,,,primary_adjacent_gap,primary_adjacent_gap,ONC
ICLISTENHF6016_20250705T220000.000Z_gap_0001_18.2s_28.2s,/project/6070467/merileo/data/finwhales/final2025_resnet_20260423/multispecies_calltype_experiments/prep_runs/multispecies_prep_balanced100_availaudio_20260430T120219Z/ICLISTENHF6016_20250705T220000.000Z.flac,,,,,,10.000000,onc_primary_adjacent_gap,candidate_primary_adjacent_gap,/project/6070467/merileo/data/finwhales/final2025_resnet_20260423/multispecies_calltype_experiments/prep_runs/multispecies_prep_balanced100_availaudio_20260430T120219Z/ICLISTENHF6016_20250705T220000.000Z.flac,,,,1,train,,,,,/project/6070467/merileo/data/finwhales/final2025_resnet_20260423/multispecies_calltype_experiments/prep_runs/multispecies_prep_balanced100_availaudio_20260430T120219Z/ICLISTENHF6016_20250705T220000.000Z.flac,/project/6070467/merileo/data/finwhales/final2025_resnet_20260423/multispecies_calltype_experiments/prep_runs/multispecies_prep_balanced100_availaudio_20260430T120219Z/ICLISTENHF6016_20250705T220000.000Z.flac,18.200000,28.200000,,,,,,,,,,,,,,,,,,,,,,,,,primary_adjacent_gap,primary_adjacent_gap,ONC
ICLISTENHF6016_20250705T220000.000Z_gap_0002_43.8s_53.8s,/project/6070467/merileo/data/finwhales/final2025_resnet_20260423/multispecies_calltype_experiments/prep_runs/multispecies_prep_balanced100_availaudio_20260430T120219Z/ICLISTENHF6016_20250705T220000.000Z.flac,,,,,,10.000000,onc_primary_adjacent_gap,candidate_primary_adjacent_gap,/project/6070467/merileo/data/finwhales/final2025_resnet_20260423/multispecies_calltype_experiments/prep_runs/multispecies_prep_balanced100_availaudio_20260430T120219Z/ICLISTENHF6016_20250705T220000.000Z.flac,,,,1,train,,,,,/project/6070467/merileo/data/finwhales/final2025_resnet_20260423/multispecies_calltype_experiments/prep_runs/multispecies_prep_balanced100_availaudio_20260430T120219Z/ICLISTENHF6016_20250705T220000.000Z.flac,/project/6070467/merileo/data/finwhales/final2025_resnet_20260423/multispecies_calltype_experiments/prep_runs/multispecies_prep_balanced100_availaudio_20260430T120219Z/ICLISTENHF6016_20250705T220000.000Z.flac,43.800000,53.800000,,,,,,,,,,,,,,,,,,,,,,,,,primary_adjacent_gap,primary_adjacent_gap,ONC
ICLISTENHF6016_20250710T140000.000Z_gap_0000_0.0s_10.0s,/project/6070467/merileo/data/finwhales/final2025_resnet_20260423/multispecies_calltype_experiments/prep_runs/multispecies_prep_balanced100_availaudio_20260430T120219Z/ICLISTENHF6016_20250710T140000.000Z.flac,,,,,,10.000000,onc_primary_adjacent_gap,candidate_primary_adjacent_gap,/project/6070467/merileo/data/finwhales/final2025_resnet_20260423/multispecies_calltype_experiments/prep_runs/multispecies_prep_balanced100_availaudio_20260430T120219Z/ICLISTENHF6016_20250710T140000.000Z.flac,,,,1,test,,,,,/project/6070467/merileo/data/finwhales/final2025_resnet_20260423/multispecies_calltype_experiments/prep_runs/multispecies_prep_balanced100_availaudio_20260430T120219Z/ICLISTENHF6016_20250710T140000.000Z.flac,/project/6070467/merileo/data/finwhales/final2025_resnet_20260423/multispecies_calltype_experiments/prep_runs/multispecies_prep_balanced100_availaudio_20260430T120219Z/ICLISTENHF6016_20250710T140000.000Z.flac,0.000000,10.000000,,,,,,,,,,,,,,,,,,,,,,,,,primary_adjacent_gap,primary_adjacent_gap,ONC
ICLISTENHF6016_20250710T140000.000Z_gap_0001_30.0s_40.0s,/project/6070467/merileo/data/finwhales/final2025_resnet_20260423/multispecies_calltype_experiments/prep_runs/multispecies_prep_balanced100_availaudio_20260430T120219Z/ICLISTENHF6016_20250710T140000.000Z.flac,,,,,,10.000000,onc_primary_adjacent_gap,candidate_primary_adjacent_gap,/project/6070467/merileo/data/finwhales/final2025_resnet_20260423/multispecies_calltype_experiments/prep_runs/multispecies_prep_balanced100_availaudio_20260430T120219Z/ICLISTENHF6016_20250710T140000.000Z.flac,,,,1,test,,,,,/project/6070467/merileo/data/finwhales/final2025_resnet_20260423/multispecies_calltype_experiments/prep_runs/multispecies_prep_balanced100_availaudio_20260430T120219Z/ICLISTENHF6016_20250710T140000.000Z.flac,/project/6070467/merileo/data/finwhales/final2025_resnet_20260423/multispecies_calltype_experiments/prep_runs/multispecies_prep_balanced100_availaudio_20260430T120219Z/ICLISTENHF6016_20250710T140000.000Z.flac,30.000000,40.000000,,,,,,,,,,,,,,,,,,,,,,,,,primary_adjacent_gap,primary_adjacent_gap,ONC
ICLISTENHF6016_20250710T140000.000Z_gap_0002_60.0s_70.0s,/project/6070467/merileo/data/finwhales/final2025_resnet_20260423/multispecies_calltype_experiments/prep_runs/multispecies_prep_balanced100_availaudio_20260430T120219Z/ICLISTENHF6016_20250710T140000.000Z.flac,,,,,,10.000000,onc_primary_adjacent_gap,candidate_primary_adjacent_gap,/project/6070467/merileo/data/finwhales/final2025_resnet_20260423/multispecies_calltype_experiments/prep_runs/multispecies_prep_balanced100_availaudio_20260430T120219Z/ICLISTENHF6016_20250710T140000.000Z.flac,,,,1,test,,,,,/project/6070467/merileo/data/finwhales/final2025_resnet_20260423/multispecies_calltype_experiments/prep_runs/multispecies_prep_balanced100_availaudio_20260430T120219Z/ICLISTENHF6016_20250710T140000.000Z.flac,/project/6070467/merileo/data/finwhales/final2025_resnet_20260423/multispecies_calltype_experiments/prep_runs/multispecies_prep_balanced100_availaudio_20260430T120219Z/ICLISTENHF6016_20250710T140000.000Z.flac,60.000000,70.000000,,,,,,,,,,,,,,,,,,,,,,,,,primary_adjacent_gap,primary_adjacent_gap,ONC
ICLISTENHF6016_20250715T000000.000Z_gap_0000_15.8s_25.8s,/project/6070467/merileo/data/finwhales/final2025_resnet_20260423/multispecies_calltype_experiments/prep_runs/multispecies_prep_balanced100_availaudio_20260430T120219Z/ICLISTENHF6016_20250715T000000.000Z.flac,,,,,,10.000000,onc_primary_adjacent_gap,candidate_primary_adjacent_gap,/project/6070467/merileo/data/finwhales/final2025_resnet_20260423/multispecies_calltype_experiments/prep_runs/multispecies_prep_balanced100_availaudio_20260430T120219Z/ICLISTENHF6016_20250715T000000.000Z.flac,,,,1,train,,,,,/project/6070467/merileo/data/finwhales/final2025_resnet_20260423/multispecies_calltype_experiments/prep_runs/multispecies_prep_balanced100_availaudio_20260430T120219Z/ICLISTENHF6016_20250715T000000.000Z.flac,/project/6070467/merileo/data/finwhales/final2025_resnet_20260423/multispecies_calltype_experiments/prep_runs/multispecies_prep_balanced100_availaudio_20260430T120219Z/ICLISTENHF6016_20250715T000000.000Z.flac,15.800000,25.800000,,,,,,,,,,,,,,,,,,,,,,,,,primary_adjacent_gap,primary_adjacent_gap,ONC
ICLISTENHF6016_20250715T000000.000Z_gap_0001_45.8s_55.8s,/project/6070467/merileo/data/finwhales/final2025_resnet_20260423/multispecies_calltype_experiments/prep_runs/multispecies_prep_balanced100_availaudio_20260430T120219Z/ICLISTENHF6016_20250715T000000.000Z.flac,,,,,,10.000000,onc_primary_adjacent_gap,candidate_primary_adjacent_gap,/project/6070467/merileo/data/finwhales/final2025_resnet_20260423/multispecies_calltype_experiments/prep_runs/multispecies_prep_balanced100_availaudio_20260430T120219Z/ICLISTENHF6016_20250715T000000.000Z.flac,,,,1,train,,,,,/project/6070467/merileo/data/finwhales/final2025_resnet_20260423/multispecies_calltype_experiments/prep_runs/multispecies_prep_balanced100_availaudio_20260430T120219Z/ICLISTENHF6016_20250715T000000.000Z.flac,/project/6070467/merileo/data/finwhales/final2025_resnet_20260423/multispecies_calltype_experiments/prep_runs/multispecies_prep_balanced100_availaudio_20260430T120219Z/ICLISTENHF6016_20250715T000000.000Z.flac,45.800000,55.800000,,,,,,,,,,,,,,,,,,,,,,,,,primary_adjacent_gap,primary_adjacent_gap,ONC
ICLISTENHF6016_20250715T000000.000Z_gap_0002_75.8s_85.8s,/project/6070467/merileo/data/finwhales/final2025_resnet_20260423/multispecies_calltype_experiments/prep_runs/multispecies_prep_balanced100_availaudio_20260430T120219Z/ICLISTENHF6016_20250715T000000.000Z.flac,,,,,,10.000000,onc_primary_adjacent_gap,candidate_primary_adjacent_gap,/project/6070467/merileo/data/finwhales/final2025_resnet_20260423/multispecies_calltype_experiments/prep_runs/multispecies_prep_balanced100_availaudio_20260430T120219Z/ICLISTENHF6016_20250715T000000.000Z.flac,,,,1,train,,,,,/project/6070467/merileo/data/finwhales/final2025_resnet_20260423/multispecies_calltype_experiments/prep_runs/multispecies_prep_balanced100_availaudio_20260430T120219Z/ICLISTENHF6016_20250715T000000.000Z.flac,/project/6070467/merileo/data/finwhales/final2025_resnet_20260423/multispecies_calltype_experiments/prep_runs/multispecies_prep_balanced100_availaudio_20260430T120219Z/ICLISTENHF6016_20250715T000000.000Z.flac,75.800000,85.800000,,,,,,,,,,,,,,,,,,,,,,,,,primary_adjacent_gap,primary_adjacent_gap,ONC
ICLISTENHF6016_20250715T010000.000Z_gap_0000_30.4s_40.4s,/project/6070467/merileo/data/finwhales/final2025_resnet_20260423/multispecies_calltype_experiments/prep_runs/multispecies_prep_balanced100_availaudio_20260430T120219Z/ICLISTENHF6016_20250715T010000.000Z.flac,,,,,,10.000000,onc_primary_adjacent_gap,candidate_primary_adjacent_gap,/project/6070467/merileo/data/finwhales/final2025_resnet_20260423/multispecies_calltype_experiments/prep_runs/multispecies_prep_balanced100_availaudio_20260430T120219Z/ICLISTENHF6016_20250715T010000.000Z.flac,,,,1,train,,,,,/project/6070467/merileo/data/finwhales/final2025_resnet_20260423/multispecies_calltype_experiments/prep_runs/multispecies_prep_balanced100_availaudio_20260430T120219Z/ICLISTENHF6016_20250715T010000.000Z.flac,/project/6070467/merileo/data/finwhales/final2025_resnet_20260423/multispecies_calltype_experiments/prep_runs/multispecies_prep_balanced100_availaudio_20260430T120219Z/ICLISTENHF6016_20250715T010000.000Z.flac,30.400000,40.400000,,,,,,,,,,,,,,,,,,,,,,,,,primary_adjacent_gap,primary_adjacent_gap,ONC
ICLISTENHF6016_20250715T010000.000Z_gap_0001_60.4s_70.4s,/project/6070467/merileo/data/finwhales/final2025_resnet_20260423/multispecies_calltype_experiments/prep_runs/multispecies_prep_balanced100_availaudio_20260430T120219Z/ICLISTENHF6016_20250715T010000.000Z.flac,,,,,,10.000000,onc_primary_adjacent_gap,candidate_primary_adjacent_gap,/project/6070467/merileo/data/finwhales/final2025_resnet_20260423/multispecies_calltype_experiments/prep_runs/multispecies_prep_balanced100_availaudio_20260430T120219Z/ICLISTENHF6016_20250715T010000.000Z.flac,,,,1,train,,,,,/project/6070467/merileo/data/finwhales/final2025_resnet_20260423/multispecies_calltype_experiments/prep_runs/multispecies_prep_balanced100_availaudio_20260430T120219Z/ICLISTENHF6016_20250715T010000.000Z.flac,/project/6070467/merileo/data/finwhales/final2025_resnet_20260423/multispecies_calltype_experiments/prep_runs/multispecies_prep_balanced100_availaudio_20260430T120219Z/ICLISTENHF6016_20250715T010000.000Z.flac,60.400000,70.400000,,,,,,,,,,,,,,,,,,,,,,,,,primary_adjacent_gap,primary_adjacent_gap,ONC
ICLISTENHF6016_20250715T010000.000Z_gap_0002_90.4s_100.4s,/project/6070467/merileo/data/finwhales/final2025_resnet_20260423/multispecies_calltype_experiments/prep_runs/multispecies_prep_balanced100_availaudio_20260430T120219Z/ICLISTENHF6016_20250715T010000.000Z.flac,,,,,,10.000000,onc_primary_adjacent_gap,candidate_primary_adjacent_gap,/project/6070467/merileo/data/finwhales/final2025_resnet_20260423/multispecies_calltype_experiments/prep_runs/multispecies_prep_balanced100_availaudio_20260430T120219Z/ICLISTENHF6016_20250715T010000.000Z.flac,,,,1,train,,,,,/project/6070467/merileo/data/finwhales/final2025_resnet_20260423/multispecies_calltype_experiments/prep_runs/multispecies_prep_balanced100_availaudio_20260430T120219Z/ICLISTENHF6016_20250715T010000.000Z.flac,/project/6070467/merileo/data/finwhales/final2025_resnet_20260423/multispecies_calltype_experiments/prep_runs/multispecies_prep_balanced100_availaudio_20260430T120219Z/ICLISTENHF6016_20250715T010000.000Z.flac,90.400000,100.400000,,,,,,,,,,,,,,,,,,,,,,,,,primary_adjacent_gap,primary_adjacent_gap,ONC
ICLISTENHF6016_20250715T020000.000Z_gap_0000_0.0s_10.0s,/project/6070467/merileo/data/finwhales/final2025_resnet_20260423/multispecies_calltype_experiments/prep_runs/multispecies_prep_balanced100_availaudio_20260430T120219Z/ICLISTENHF6016_20250715T020000.000Z.flac,,,,,,10.000000,onc_primary_adjacent_gap,candidate_primary_adjacent_gap,/project/6070467/merileo/data/finwhales/final2025_resnet_20260423/multispecies_calltype_experiments/prep_runs/multispecies_prep_balanced100_availaudio_20260430T120219Z/ICLISTENHF6016_20250715T020000.000Z.flac,,,,1,train,,,,,/project/6070467/merileo/data/finwhales/final2025_resnet_20260423/multispecies_calltype_experiments/prep_runs/multispecies_prep_balanced100_availaudio_20260430T120219Z/ICLISTENHF6016_20250715T020000.000Z.flac,/project/6070467/merileo/data/finwhales/final2025_resnet_20260423/multispecies_calltype_experiments/prep_runs/multispecies_prep_balanced100_availaudio_20260430T120219Z/ICLISTENHF6016_20250715T020000.000Z.flac,0.000000,10.000000,,,,,,,,,,,,,,,,,,,,,,,,,primary_adjacent_gap,primary_adjacent_gap,ONC
ICLISTENHF6016_20250715T020000.000Z_gap_0001_12.3s_22.3s,/project/6070467/merileo/data/finwhales/final2025_resnet_20260423/multispecies_calltype_experiments/prep_runs/multispecies_prep_balanced100_availaudio_20260430T120219Z/ICLISTENHF6016_20250715T020000.000Z.flac,,,,,,10.000000,onc_primary_adjacent_gap,candidate_primary_adjacent_gap,/project/6070467/merileo/data/finwhales/final2025_resnet_20260423/multispecies_calltype_experiments/prep_runs/multispecies_prep_balanced100_availaudio_20260430T120219Z/ICLISTENHF6016_20250715T020000.000Z.flac,,,,1,train,,,,,/project/6070467/merileo/data/finwhales/final2025_resnet_20260423/multispecies_calltype_experiments/prep_runs/multispecies_prep_balanced100_availaudio_20260430T120219Z/ICLISTENHF6016_20250715T020000.000Z.flac,/project/6070467/merileo/data/finwhales/final2025_resnet_20260423/multispecies_calltype_experiments/prep_runs/multispecies_prep_balanced100_availaudio_20260430T120219Z/ICLISTENHF6016_20250715T020000.000Z.flac,12.300000,22.300000,,,,,,,,,,,,,,,,,,,,,,,,,primary_adjacent_gap,primary_adjacent_gap,ONC
ICLISTENHF6016_20250715T020000.000Z_gap_0002_41.2s_51.2s,/project/6070467/merileo/data/finwhales/final2025_resnet_20260423/multispecies_calltype_experiments/prep_runs/multispecies_prep_balanced100_availaudio_20260430T120219Z/ICLISTENHF6016_20250715T020000.000Z.flac,,,,,,10.000000,onc_primary_adjacent_gap,candidate_primary_adjacent_gap,/project/6070467/merileo/data/finwhales/final2025_resnet_20260423/multispecies_calltype_experiments/prep_runs/multispecies_prep_balanced100_availaudio_20260430T120219Z/ICLISTENHF6016_20250715T020000.000Z.flac,,,,1,train,,,,,/project/6070467/merileo/data/finwhales/final2025_resnet_20260423/multispecies_calltype_experiments/prep_runs/multispecies_prep_balanced100_availaudio_20260430T120219Z/ICLISTENHF6016_20250715T020000.000Z.flac,/project/6070467/merileo/data/finwhales/final2025_resnet_20260423/multispecies_calltype_experiments/prep_runs/multispecies_prep_balanced100_availaudio_20260430T120219Z/ICLISTENHF6016_20250715T020000.000Z.flac,41.200000,51.200000,,,,,,,,,,,,,,,,,,,,,,,,,primary_adjacent_gap,primary_adjacent_gap,ONC
ICLISTENHF6016_20250715T030000.000Z_gap_0000_23.6s_33.6s,/project/6070467/merileo/data/finwhales/final2025_resnet_20260423/multispecies_calltype_experiments/prep_runs/multispecies_prep_balanced100_availaudio_20260430T120219Z/ICLISTENHF6016_20250715T030000.000Z.flac,,,,,,10.000000,onc_primary_adjacent_gap,candidate_primary_adjacent_gap,/project/6070467/merileo/data/finwhales/final2025_resnet_20260423/multispecies_calltype_experiments/prep_runs/multispecies_prep_balanced100_availaudio_20260430T120219Z/ICLISTENHF6016_20250715T030000.000Z.flac,,,,1,train,,,,,/project/6070467/merileo/data/finwhales/final2025_resnet_20260423/multispecies_calltype_experiments/prep_runs/multispecies_prep_balanced100_availaudio_20260430T120219Z/ICLISTENHF6016_20250715T030000.000Z.flac,/project/6070467/merileo/data/finwhales/final2025_resnet_20260423/multispecies_calltype_experiments/prep_runs/multispecies_prep_balanced100_availaudio_20260430T120219Z/ICLISTENHF6016_20250715T030000.000Z.flac,23.600000,33.600000,,,,,,,,,,,,,,,,,,,,,,,,,primary_adjacent_gap,primary_adjacent_gap,ONC
ICLISTENHF6016_20250715T030000.000Z_gap_0001_53.6s_63.6s,/project/6070467/merileo/data/finwhales/final2025_resnet_20260423/multispecies_calltype_experiments/prep_runs/multispecies_prep_balanced100_availaudio_20260430T120219Z/ICLISTENHF6016_20250715T030000.000Z.flac,,,,,,10.000000,onc_primary_adjacent_gap,candidate_primary_adjacent_gap,/project/6070467/merileo/data/finwhales/final2025_resnet_20260423/multispecies_calltype_experiments/prep_runs/multispecies_prep_balanced100_availaudio_20260430T120219Z/ICLISTENHF6016_20250715T030000.000Z.flac,,,,1,train,,,,,/project/6070467/merileo/data/finwhales/final2025_resnet_20260423/multispecies_calltype_experiments/prep_runs/multispecies_prep_balanced100_availaudio_20260430T120219Z/ICLISTENHF6016_20250715T030000.000Z.flac,/project/6070467/merileo/data/finwhales/final2025_resnet_20260423/multispecies_calltype_experiments/prep_runs/multispecies_prep_balanced100_availaudio_20260430T120219Z/ICLISTENHF6016_20250715T030000.000Z.flac,53.600000,63.600000,,,,,,,,,,,,,,,,,,,,,,,,,primary_adjacent_gap,primary_adjacent_gap,ONC
ICLISTENHF6016_20250715T030000.000Z_gap_0002_83.6s_93.6s,/project/6070467/merileo/data/finwhales/final2025_resnet_20260423/multispecies_calltype_experiments/prep_runs/multispecies_prep_balanced100_availaudio_20260430T120219Z/ICLISTENHF6016_20250715T030000.000Z.flac,,,,,,10.000000,onc_primary_adjacent_gap,candidate_primary_adjacent_gap,/project/6070467/merileo/data/finwhales/final2025_resnet_20260423/multispecies_calltype_experiments/prep_runs/multispecies_prep_balanced100_availaudio_20260430T120219Z/ICLISTENHF6016_20250715T030000.000Z.flac,,,,1,train,,,,,/project/6070467/merileo/data/finwhales/final2025_resnet_20260423/multispecies_calltype_experiments/prep_runs/multispecies_prep_balanced100_availaudio_20260430T120219Z/ICLISTENHF6016_20250715T030000.000Z.flac,/project/6070467/merileo/data/finwhales/final2025_resnet_20260423/multispecies_calltype_experiments/prep_runs/multispecies_prep_balanced100_availaudio_20260430T120219Z/ICLISTENHF6016_20250715T030000.000Z.flac,83.600000,93.600000,,,,,,,,,,,,,,,,,,,,,,,,,primary_adjacent_gap,primary_adjacent_gap,ONC
ICLISTENHF6016_20250715T050000.000Z_gap_0000_0.0s_10.0s,/project/6070467/merileo/data/finwhales/final2025_resnet_20260423/multispecies_calltype_experiments/prep_runs/multispecies_prep_balanced100_availaudio_20260430T120219Z/ICLISTENHF6016_20250715T050000.000Z.flac,,,,,,10.000000,onc_primary_adjacent_gap,candidate_primary_adjacent_gap,/project/6070467/merileo/data/finwhales/final2025_resnet_20260423/multispecies_calltype_experiments/prep_runs/multispecies_prep_balanced100_availaudio_20260430T120219Z/ICLISTENHF6016_20250715T050000.000Z.flac,,,,1,test,,,,,/project/6070467/merileo/data/finwhales/final2025_resnet_20260423/multispecies_calltype_experiments/prep_runs/multispecies_prep_balanced100_availaudio_20260430T120219Z/ICLISTENHF6016_20250715T050000.000Z.flac,/project/6070467/merileo/data/finwhales/final2025_resnet_20260423/multispecies_calltype_experiments/prep_runs/multispecies_prep_balanced100_availaudio_20260430T120219Z/ICLISTENHF6016_20250715T050000.000Z.flac,0.000000,10.000000,,,,,,,,,,,,,,,,,,,,,,,,,primary_adjacent_gap,primary_adjacent_gap,ONC
ICLISTENHF6016_20250715T050000.000Z_gap_0001_30.0s_40.0s,/project/6070467/merileo/data/finwhales/final2025_resnet_20260423/multispecies_calltype_experiments/prep_runs/multispecies_prep_balanced100_availaudio_20260430T120219Z/ICLISTENHF6016_20250715T050000.000Z.flac,,,,,,10.000000,onc_primary_adjacent_gap,candidate_primary_adjacent_gap,/project/6070467/merileo/data/finwhales/final2025_resnet_20260423/multispecies_calltype_experiments/prep_runs/multispecies_prep_balanced100_availaudio_20260430T120219Z/ICLISTENHF6016_20250715T050000.000Z.flac,,,,1,test,,,,,/project/6070467/merileo/data/finwhales/final2025_resnet_20260423/multispecies_calltype_experiments/prep_runs/multispecies_prep_balanced100_availaudio_20260430T120219Z/ICLISTENHF6016_20250715T050000.000Z.flac,/project/6070467/merileo/data/finwhales/final2025_resnet_20260423/multispecies_calltype_experiments/prep_runs/multispecies_prep_balanced100_availaudio_20260430T120219Z/ICLISTENHF6016_20250715T050000.000Z.flac,30.000000,40.000000,,,,,,,,,,,,,,,,,,,,,,,,,primary_adjacent_gap,primary_adjacent_gap,ONC
ICLISTENHF6016_20250715T050000.000Z_gap_0002_60.0s_70.0s,/project/6070467/merileo/data/finwhales/final2025_resnet_20260423/multispecies_calltype_experiments/prep_runs/multispecies_prep_balanced100_availaudio_20260430T120219Z/ICLISTENHF6016_20250715T050000.000Z.flac,,,,,,10.000000,onc_primary_adjacent_gap,candidate_primary_adjacent_gap,/project/6070467/merileo/data/finwhales/final2025_resnet_20260423/multispecies_calltype_experiments/prep_runs/multispecies_prep_balanced100_availaudio_20260430T120219Z/ICLISTENHF6016_20250715T050000.000Z.flac,,,,1,test,,,,,/project/6070467/merileo/data/finwhales/final2025_resnet_20260423/multispecies_calltype_experiments/prep_runs/multispecies_prep_balanced100_availaudio_20260430T120219Z/ICLISTENHF6016_20250715T050000.000Z.flac,/project/6070467/merileo/data/finwhales/final2025_resnet_20260423/multispecies_calltype_experiments/prep_runs/multispecies_prep_balanced100_availaudio_20260430T120219Z/ICLISTENHF6016_20250715T050000.000Z.flac,60.000000,70.000000,,,,,,,,,,,,,,,,,,,,,,,,,primary_adjacent_gap,primary_adjacent_gap,ONC
ICLISTENHF6016_20250715T060000.000Z_gap_0000_0.0s_10.0s,/project/6070467/merileo/data/finwhales/final2025_resnet_20260423/multispecies_calltype_experiments/prep_runs/multispecies_prep_balanced100_availaudio_20260430T120219Z/ICLISTENHF6016_20250715T060000.000Z.flac,,,,,,10.000000,onc_primary_adjacent_gap,candidate_primary_adjacent_gap,/project/6070467/merileo/data/finwhales/final2025_resnet_20260423/multispecies_calltype_experiments/prep_runs/multispecies_prep_balanced100_availaudio_20260430T120219Z/ICLISTENHF6016_20250715T060000.000Z.flac,,,,1,train,,,,,/project/6070467/merileo/data/finwhales/final2025_resnet_20260423/multispecies_calltype_experiments/prep_runs/multispecies_prep_balanced100_availaudio_20260430T120219Z/ICLISTENHF6016_20250715T060000.000Z.flac,/project/6070467/merileo/data/finwhales/final2025_resnet_20260423/multispecies_calltype_experiments/prep_runs/multispecies_prep_balanced100_availaudio_20260430T120219Z/ICLISTENHF6016_20250715T060000.000Z.flac,0.000000,10.000000,,,,,,,,,,,,,,,,,,,,,,,,,primary_adjacent_gap,primary_adjacent_gap,ONC
ICLISTENHF6016_20250715T060000.000Z_gap_0001_30.0s_40.0s,/project/6070467/merileo/data/finwhales/final2025_resnet_20260423/multispecies_calltype_experiments/prep_runs/multispecies_prep_balanced100_availaudio_20260430T120219Z/ICLISTENHF6016_20250715T060000.000Z.flac,,,,,,10.000000,onc_primary_adjacent_gap,candidate_primary_adjacent_gap,/project/6070467/merileo/data/finwhales/final2025_resnet_20260423/multispecies_calltype_experiments/prep_runs/multispecies_prep_balanced100_availaudio_20260430T120219Z/ICLISTENHF6016_20250715T060000.000Z.flac,,,,1,train,,,,,/project/6070467/merileo/data/finwhales/final2025_resnet_20260423/multispecies_calltype_experiments/prep_runs/multispecies_prep_balanced100_availaudio_20260430T120219Z/ICLISTENHF6016_20250715T060000.000Z.flac,/project/6070467/merileo/data/finwhales/final2025_resnet_20260423/multispecies_calltype_experiments/prep_runs/multispecies_prep_balanced100_availaudio_20260430T120219Z/ICLISTENHF6016_20250715T060000.000Z.flac,30.000000,40.000000,,,,,,,,,,,,,,,,,,,,,,,,,primary_adjacent_gap,primary_adjacent_gap,ONC
ICLISTENHF6016_20250715T060000.000Z_gap_0002_60.0s_70.0s,/project/6070467/merileo/data/finwhales/final2025_resnet_20260423/multispecies_calltype_experiments/prep_runs/multispecies_prep_balanced100_availaudio_20260430T120219Z/ICLISTENHF6016_20250715T060000.000Z.flac,,,,,,10.000000,onc_primary_adjacent_gap,candidate_primary_adjacent_gap,/project/6070467/merileo/data/finwhales/final2025_resnet_20260423/multispecies_calltype_experiments/prep_runs/multispecies_prep_balanced100_availaudio_20260430T120219Z/ICLISTENHF6016_20250715T060000.000Z.flac,,,,1,train,,,,,/project/6070467/merileo/data/finwhales/final2025_resnet_20260423/multispecies_calltype_experiments/prep_runs/multispecies_prep_balanced100_availaudio_20260430T120219Z/ICLISTENHF6016_20250715T060000.000Z.flac,/project/6070467/merileo/data/finwhales/final2025_resnet_20260423/multispecies_calltype_experiments/prep_runs/multispecies_prep_balanced100_availaudio_20260430T120219Z/ICLISTENHF6016_20250715T060000.000Z.flac,60.000000,70.000000,,,,,,,,,,,,,,,,,,,,,,,,,primary_adjacent_gap,primary_adjacent_gap,ONC
ICLISTENHF6016_20250715T090000.000Z_gap_0000_0.0s_10.0s,/project/6070467/merileo/data/finwhales/final2025_resnet_20260423/multispecies_calltype_experiments/prep_runs/multispecies_prep_balanced100_availaudio_20260430T120219Z/ICLISTENHF6016_20250715T090000.000Z.flac,,,,,,10.000000,onc_primary_adjacent_gap,candidate_primary_adjacent_gap,/project/6070467/merileo/data/finwhales/final2025_resnet_20260423/multispecies_calltype_experiments/prep_runs/multispecies_prep_balanced100_availaudio_20260430T120219Z/ICLISTENHF6016_20250715T090000.000Z.flac,,,,1,train,,,,,/project/6070467/merileo/data/finwhales/final2025_resnet_20260423/multispecies_calltype_experiments/prep_runs/multispecies_prep_balanced100_availaudio_20260430T120219Z/ICLISTENHF6016_20250715T090000.000Z.flac,/project/6070467/merileo/data/finwhales/final2025_resnet_20260423/multispecies_calltype_experiments/prep_runs/multispecies_prep_balanced100_availaudio_20260430T120219Z/ICLISTENHF6016_20250715T090000.000Z.flac,0.000000,10.000000,,,,,,,,,,,,,,,,,,,,,,,,,primary_adjacent_gap,primary_adjacent_gap,ONC
ICLISTENHF6016_20250715T090000.000Z_gap_0001_30.0s_40.0s,/project/6070467/merileo/data/finwhales/final2025_resnet_20260423/multispecies_calltype_experiments/prep_runs/multispecies_prep_balanced100_availaudio_20260430T120219Z/ICLISTENHF6016_20250715T090000.000Z.flac,,,,,,10.000000,onc_primary_adjacent_gap,candidate_primary_adjacent_gap,/project/6070467/merileo/data/finwhales/final2025_resnet_20260423/multispecies_calltype_experiments/prep_runs/multispecies_prep_balanced100_availaudio_20260430T120219Z/ICLISTENHF6016_20250715T090000.000Z.flac,,,,1,train,,,,,/project/6070467/merileo/data/finwhales/final2025_resnet_20260423/multispecies_calltype_experiments/prep_runs/multispecies_prep_balanced100_availaudio_20260430T120219Z/ICLISTENHF6016_20250715T090000.000Z.flac,/project/6070467/merileo/data/finwhales/final2025_resnet_20260423/multispecies_calltype_experiments/prep_runs/multispecies_prep_balanced100_availaudio_20260430T120219Z/ICLISTENHF6016_20250715T090000.000Z.flac,30.000000,40.000000,,,,,,,,,,,,,,,,,,,,,,,,,primary_adjacent_gap,primary_adjacent_gap,ONC
ICLISTENHF6016_20250715T090000.000Z_gap_0002_48.5s_58.5s,/project/6070467/merileo/data/finwhales/final2025_resnet_20260423/multispecies_calltype_experiments/prep_runs/multispecies_prep_balanced100_availaudio_20260430T120219Z/ICLISTENHF6016_20250715T090000.000Z.flac,,,,,,10.000000,onc_primary_adjacent_gap,candidate_primary_adjacent_gap,/project/6070467/merileo/data/finwhales/final2025_resnet_20260423/multispecies_calltype_experiments/prep_runs/multispecies_prep_balanced100_availaudio_20260430T120219Z/ICLISTENHF6016_20250715T090000.000Z.flac,,,,1,train,,,,,/project/6070467/merileo/data/finwhales/final2025_resnet_20260423/multispecies_calltype_experiments/prep_runs/multispecies_prep_balanced100_availaudio_20260430T120219Z/ICLISTENHF6016_20250715T090000.000Z.flac,/project/6070467/merileo/data/finwhales/final2025_resnet_20260423/multispecies_calltype_experiments/prep_runs/multispecies_prep_balanced100_availaudio_20260430T120219Z/ICLISTENHF6016_20250715T090000.000Z.flac,48.500000,58.500000,,,,,,,,,,,,,,,,,,,,,,,,,primary_adjacent_gap,primary_adjacent_gap,ONC
ICLISTENHF6016_20250715T140000.000Z_gap_0000_0.0s_10.0s,/project/6070467/merileo/data/finwhales/final2025_resnet_20260423/multispecies_calltype_experiments/prep_runs/multispecies_prep_balanced100_availaudio_20260430T120219Z/ICLISTENHF6016_20250715T140000.000Z.flac,,,,,,10.000000,onc_primary_adjacent_gap,candidate_primary_adjacent_gap,/project/6070467/merileo/data/finwhales/final2025_resnet_20260423/multispecies_calltype_experiments/prep_runs/multispecies_prep_balanced100_availaudio_20260430T120219Z/ICLISTENHF6016_20250715T140000.000Z.flac,,,,1,val,,,,,/project/6070467/merileo/data/finwhales/final2025_resnet_20260423/multispecies_calltype_experiments/prep_runs/multispecies_prep_balanced100_availaudio_20260430T120219Z/ICLISTENHF6016_20250715T140000.000Z.flac,/project/6070467/merileo/data/finwhales/final2025_resnet_20260423/multispecies_calltype_experiments/prep_runs/multispecies_prep_balanced100_availaudio_20260430T120219Z/ICLISTENHF6016_20250715T140000.000Z.flac,0.000000,10.000000,,,,,,,,,,,,,,,,,,,,,,,,,primary_adjacent_gap,primary_adjacent_gap,ONC
ICLISTENHF6016_20250715T140000.000Z_gap_0001_30.0s_40.0s,/project/6070467/merileo/data/finwhales/final2025_resnet_20260423/multispecies_calltype_experiments/prep_runs/multispecies_prep_balanced100_availaudio_20260430T120219Z/ICLISTENHF6016_20250715T140000.000Z.flac,,,,,,10.000000,onc_primary_adjacent_gap,candidate_primary_adjacent_gap,/project/6070467/merileo/data/finwhales/final2025_resnet_20260423/multispecies_calltype_experiments/prep_runs/multispecies_prep_balanced100_availaudio_20260430T120219Z/ICLISTENHF6016_20250715T140000.000Z.flac,,,,1,val,,,,,/project/6070467/merileo/data/finwhales/final2025_resnet_20260423/multispecies_calltype_experiments/prep_runs/multispecies_prep_balanced100_availaudio_20260430T120219Z/ICLISTENHF6016_20250715T140000.000Z.flac,/project/6070467/merileo/data/finwhales/final2025_resnet_20260423/multispecies_calltype_experiments/prep_runs/multispecies_prep_balanced100_availaudio_20260430T120219Z/ICLISTENHF6016_20250715T140000.000Z.flac,30.000000,40.000000,,,,,,,,,,,,,,,,,,,,,,,,,primary_adjacent_gap,primary_adjacent_gap,ONC
ICLISTENHF6016_20250715T140000.000Z_gap_0002_60.0s_70.0s,/project/6070467/merileo/data/finwhales/final2025_resnet_20260423/multispecies_calltype_experiments/prep_runs/multispecies_prep_balanced100_availaudio_20260430T120219Z/ICLISTENHF6016_20250715T140000.000Z.flac,,,,,,10.000000,onc_primary_adjacent_gap,candidate_primary_adjacent_gap,/project/6070467/merileo/data/finwhales/final2025_resnet_20260423/multispecies_calltype_experiments/prep_runs/multispecies_prep_balanced100_availaudio_20260430T120219Z/ICLISTENHF6016_20250715T140000.000Z.flac,,,,1,val,,,,,/project/6070467/merileo/data/finwhales/final2025_resnet_20260423/multispecies_calltype_experiments/prep_runs/multispecies_prep_balanced100_availaudio_20260430T120219Z/ICLISTENHF6016_20250715T140000.000Z.flac,/project/6070467/merileo/data/finwhales/final2025_resnet_20260423/multispecies_calltype_experiments/prep_runs/multispecies_prep_balanced100_availaudio_20260430T120219Z/ICLISTENHF6016_20250715T140000.000Z.flac,60.000000,70.000000,,,,,,,,,,,,,,,,,,,,,,,,,primary_adjacent_gap,primary_adjacent_gap,ONC
ICLISTENHF6016_20250715T170000.000Z_gap_0000_0.0s_10.0s,/project/6070467/merileo/data/finwhales/final2025_resnet_20260423/multispecies_calltype_experiments/prep_runs/multispecies_prep_balanced100_availaudio_20260430T120219Z/ICLISTENHF6016_20250715T170000.000Z.flac,,,,,,10.000000,onc_primary_adjacent_gap,candidate_primary_adjacent_gap,/project/6070467/merileo/data/finwhales/final2025_resnet_20260423/multispecies_calltype_experiments/prep_runs/multispecies_prep_balanced100_availaudio_20260430T120219Z/ICLISTENHF6016_20250715T170000.000Z.flac,,,,1,test,,,,,/project/6070467/merileo/data/finwhales/final2025_resnet_20260423/multispecies_calltype_experiments/prep_runs/multispecies_prep_balanced100_availaudio_20260430T120219Z/ICLISTENHF6016_20250715T170000.000Z.flac,/project/6070467/merileo/data/finwhales/final2025_resnet_20260423/multispecies_calltype_experiments/prep_runs/multispecies_prep_balanced100_availaudio_20260430T120219Z/ICLISTENHF6016_20250715T170000.000Z.flac,0.000000,10.000000,,,,,,,,,,,,,,,,,,,,,,,,,primary_adjacent_gap,primary_adjacent_gap,ONC
ICLISTENHF6016_20250715T170000.000Z_gap_0001_30.0s_40.0s,/project/6070467/merileo/data/finwhales/final2025_resnet_20260423/multispecies_calltype_experiments/prep_runs/multispecies_prep_balanced100_availaudio_20260430T120219Z/ICLISTENHF6016_20250715T170000.000Z.flac,,,,,,10.000000,onc_primary_adjacent_gap,candidate_primary_adjacent_gap,/project/6070467/merileo/data/finwhales/final2025_resnet_20260423/multispecies_calltype_experiments/prep_runs/multispecies_prep_balanced100_availaudio_20260430T120219Z/ICLISTENHF6016_20250715T170000.000Z.flac,,,,1,test,,,,,/project/6070467/merileo/data/finwhales/final2025_resnet_20260423/multispecies_calltype_experiments/prep_runs/multispecies_prep_balanced100_availaudio_20260430T120219Z/ICLISTENHF6016_20250715T170000.000Z.flac,/project/6070467/merileo/data/finwhales/final2025_resnet_20260423/multispecies_calltype_experiments/prep_runs/multispecies_prep_balanced100_availaudio_20260430T120219Z/ICLISTENHF6016_20250715T170000.000Z.flac,30.000000,40.000000,,,,,,,,,,,,,,,,,,,,,,,,,primary_adjacent_gap,primary_adjacent_gap,ONC
ICLISTENHF6016_20250715T170000.000Z_gap_0002_60.0s_70.0s,/project/6070467/merileo/data/finwhales/final2025_resnet_20260423/multispecies_calltype_experiments/prep_runs/multispecies_prep_balanced100_availaudio_20260430T120219Z/ICLISTENHF6016_20250715T170000.000Z.flac,,,,,,10.000000,onc_primary_adjacent_gap,candidate_primary_adjacent_gap,/project/6070467/merileo/data/finwhales/final2025_resnet_20260423/multispecies_calltype_experiments/prep_runs/multispecies_prep_balanced100_availaudio_20260430T120219Z/ICLISTENHF6016_20250715T170000.000Z.flac,,,,1,test,,,,,/project/6070467/merileo/data/finwhales/final2025_resnet_20260423/multispecies_calltype_experiments/prep_runs/multispecies_prep_balanced100_availaudio_20260430T120219Z/ICLISTENHF6016_20250715T170000.000Z.flac,/project/6070467/merileo/data/finwhales/final2025_resnet_20260423/multispecies_calltype_experiments/prep_runs/multispecies_prep_balanced100_availaudio_20260430T120219Z/ICLISTENHF6016_20250715T170000.000Z.flac,60.000000,70.000000,,,,,,,,,,,,,,,,,,,,,,,,,primary_adjacent_gap,primary_adjacent_gap,ONC
ICLISTENHF6016_20250715T210000.000Z_gap_0000_0.0s_10.0s,/project/6070467/merileo/data/finwhales/final2025_resnet_20260423/multispecies_calltype_experiments/prep_runs/multispecies_prep_balanced100_availaudio_20260430T120219Z/ICLISTENHF6016_20250715T210000.000Z.flac,,,,,,10.000000,onc_primary_adjacent_gap,candidate_primary_adjacent_gap,/project/6070467/merileo/data/finwhales/final2025_resnet_20260423/multispecies_calltype_experiments/prep_runs/multispecies_prep_balanced100_availaudio_20260430T120219Z/ICLISTENHF6016_20250715T210000.000Z.flac,,,,1,train,,,,,/project/6070467/merileo/data/finwhales/final2025_resnet_20260423/multispecies_calltype_experiments/prep_runs/multispecies_prep_balanced100_availaudio_20260430T120219Z/ICLISTENHF6016_20250715T210000.000Z.flac,/project/6070467/merileo/data/finwhales/final2025_resnet_20260423/multispecies_calltype_experiments/prep_runs/multispecies_prep_balanced100_availaudio_20260430T120219Z/ICLISTENHF6016_20250715T210000.000Z.flac,0.000000,10.000000,,,,,,,,,,,,,,,,,,,,,,,,,primary_adjacent_gap,primary_adjacent_gap,ONC
ICLISTENHF6016_20250715T210000.000Z_gap_0001_30.0s_40.0s,/project/6070467/merileo/data/finwhales/final2025_resnet_20260423/multispecies_calltype_experiments/prep_runs/multispecies_prep_balanced100_availaudio_20260430T120219Z/ICLISTENHF6016_20250715T210000.000Z.flac,,,,,,10.000000,onc_primary_adjacent_gap,candidate_primary_adjacent_gap,/project/6070467/merileo/data/finwhales/final2025_resnet_20260423/multispecies_calltype_experiments/prep_runs/multispecies_prep_balanced100_availaudio_20260430T120219Z/ICLISTENHF6016_20250715T210000.000Z.flac,,,,1,train,,,,,/project/6070467/merileo/data/finwhales/final2025_resnet_20260423/multispecies_calltype_experiments/prep_runs/multispecies_prep_balanced100_availaudio_20260430T120219Z/ICLISTENHF6016_20250715T210000.000Z.flac,/project/6070467/merileo/data/finwhales/final2025_resnet_20260423/multispecies_calltype_experiments/prep_runs/multispecies_prep_balanced100_availaudio_20260430T120219Z/ICLISTENHF6016_20250715T210000.000Z.flac,30.000000,40.000000,,,,,,,,,,,,,,,,,,,,,,,,,primary_adjacent_gap,primary_adjacent_gap,ONC
ICLISTENHF6016_20250715T210000.000Z_gap_0002_60.0s_70.0s,/project/6070467/merileo/data/finwhales/final2025_resnet_20260423/multispecies_calltype_experiments/prep_runs/multispecies_prep_balanced100_availaudio_20260430T120219Z/ICLISTENHF6016_20250715T210000.000Z.flac,,,,,,10.000000,onc_primary_adjacent_gap,candidate_primary_adjacent_gap,/project/6070467/merileo/data/finwhales/final2025_resnet_20260423/multispecies_calltype_experiments/prep_runs/multispecies_prep_balanced100_availaudio_20260430T120219Z/ICLISTENHF6016_20250715T210000.000Z.flac,,,,1,train,,,,,/project/6070467/merileo/data/finwhales/final2025_resnet_20260423/multispecies_calltype_experiments/prep_runs/multispecies_prep_balanced100_availaudio_20260430T120219Z/ICLISTENHF6016_20250715T210000.000Z.flac,/project/6070467/merileo/data/finwhales/final2025_resnet_20260423/multispecies_calltype_experiments/prep_runs/multispecies_prep_balanced100_availaudio_20260430T120219Z/ICLISTENHF6016_20250715T210000.000Z.flac,60.000000,70.000000,,,,,,,,,,,,,,,,,,,,,,,,,primary_adjacent_gap,primary_adjacent_gap,ONC
ICLISTENHF6016_20250715T220000.000Z_gap_0000_0.0s_10.0s,/project/6070467/merileo/data/finwhales/final2025_resnet_20260423/multispecies_calltype_experiments/prep_runs/multispecies_prep_balanced100_availaudio_20260430T120219Z/ICLISTENHF6016_20250715T220000.000Z.flac,,,,,,10.000000,onc_primary_adjacent_gap,candidate_primary_adjacent_gap,/project/6070467/merileo/data/finwhales/final2025_resnet_20260423/multispecies_calltype_experiments/prep_runs/multispecies_prep_balanced100_availaudio_20260430T120219Z/ICLISTENHF6016_20250715T220000.000Z.flac,,,,1,train,,,,,/project/6070467/merileo/data/finwhales/final2025_resnet_20260423/multispecies_calltype_experiments/prep_runs/multispecies_prep_balanced100_availaudio_20260430T120219Z/ICLISTENHF6016_20250715T220000.000Z.flac,/project/6070467/merileo/data/finwhales/final2025_resnet_20260423/multispecies_calltype_experiments/prep_runs/multispecies_prep_balanced100_availaudio_20260430T120219Z/ICLISTENHF6016_20250715T220000.000Z.flac,0.000000,10.000000,,,,,,,,,,,,,,,,,,,,,,,,,primary_adjacent_gap,primary_adjacent_gap,ONC
ICLISTENHF6016_20250715T220000.000Z_gap_0001_30.0s_40.0s,/project/6070467/merileo/data/finwhales/final2025_resnet_20260423/multispecies_calltype_experiments/prep_runs/multispecies_prep_balanced100_availaudio_20260430T120219Z/ICLISTENHF6016_20250715T220000.000Z.flac,,,,,,10.000000,onc_primary_adjacent_gap,candidate_primary_adjacent_gap,/project/6070467/merileo/data/finwhales/final2025_resnet_20260423/multispecies_calltype_experiments/prep_runs/multispecies_prep_balanced100_availaudio_20260430T120219Z/ICLISTENHF6016_20250715T220000.000Z.flac,,,,1,train,,,,,/project/6070467/merileo/data/finwhales/final2025_resnet_20260423/multispecies_calltype_experiments/prep_runs/multispecies_prep_balanced100_availaudio_20260430T120219Z/ICLISTENHF6016_20250715T220000.000Z.flac,/project/6070467/merileo/data/finwhales/final2025_resnet_20260423/multispecies_calltype_experiments/prep_runs/multispecies_prep_balanced100_availaudio_20260430T120219Z/ICLISTENHF6016_20250715T220000.000Z.flac,30.000000,40.000000,,,,,,,,,,,,,,,,,,,,,,,,,primary_adjacent_gap,primary_adjacent_gap,ONC
ICLISTENHF6016_20250715T220000.000Z_gap_0002_41.9s_51.9s,/project/6070467/merileo/data/finwhales/final2025_resnet_20260423/multispecies_calltype_experiments/prep_runs/multispecies_prep_balanced100_availaudio_20260430T120219Z/ICLISTENHF6016_20250715T220000.000Z.flac,,,,,,10.000000,onc_primary_adjacent_gap,candidate_primary_adjacent_gap,/project/6070467/merileo/data/finwhales/final2025_resnet_20260423/multispecies_calltype_experiments/prep_runs/multispecies_prep_balanced100_availaudio_20260430T120219Z/ICLISTENHF6016_20250715T220000.000Z.flac,,,,1,train,,,,,/project/6070467/merileo/data/finwhales/final2025_resnet_20260423/multispecies_calltype_experiments/prep_runs/multispecies_prep_balanced100_availaudio_20260430T120219Z/ICLISTENHF6016_20250715T220000.000Z.flac,/project/6070467/merileo/data/finwhales/final2025_resnet_20260423/multispecies_calltype_experiments/prep_runs/multispecies_prep_balanced100_availaudio_20260430T120219Z/ICLISTENHF6016_20250715T220000.000Z.flac,41.900000,51.900000,,,,,,,,,,,,,,,,,,,,,,,,,primary_adjacent_gap,primary_adjacent_gap,ONC
ICLISTENHF6016_20250715T230000.000Z_gap_0000_0.0s_10.0s,/project/6070467/merileo/data/finwhales/final2025_resnet_20260423/multispecies_calltype_experiments/prep_runs/multispecies_prep_balanced100_availaudio_20260430T120219Z/ICLISTENHF6016_20250715T230000.000Z.flac,,,,,,10.000000,onc_primary_adjacent_gap,candidate_primary_adjacent_gap,/project/6070467/merileo/data/finwhales/final2025_resnet_20260423/multispecies_calltype_experiments/prep_runs/multispecies_prep_balanced100_availaudio_20260430T120219Z/ICLISTENHF6016_20250715T230000.000Z.flac,,,,1,test,,,,,/project/6070467/merileo/data/finwhales/final2025_resnet_20260423/multispecies_calltype_experiments/prep_runs/multispecies_prep_balanced100_availaudio_20260430T120219Z/ICLISTENHF6016_20250715T230000.000Z.flac,/project/6070467/merileo/data/finwhales/final2025_resnet_20260423/multispecies_calltype_experiments/prep_runs/multispecies_prep_balanced100_availaudio_20260430T120219Z/ICLISTENHF6016_20250715T230000.000Z.flac,0.000000,10.000000,,,,,,,,,,,,,,,,,,,,,,,,,primary_adjacent_gap,primary_adjacent_gap,ONC
ICLISTENHF6016_20250715T230000.000Z_gap_0001_30.0s_40.0s,/project/6070467/merileo/data/finwhales/final2025_resnet_20260423/multispecies_calltype_experiments/prep_runs/multispecies_prep_balanced100_availaudio_20260430T120219Z/ICLISTENHF6016_20250715T230000.000Z.flac,,,,,,10.000000,onc_primary_adjacent_gap,candidate_primary_adjacent_gap,/project/6070467/merileo/data/finwhales/final2025_resnet_20260423/multispecies_calltype_experiments/prep_runs/multispecies_prep_balanced100_availaudio_20260430T120219Z/ICLISTENHF6016_20250715T230000.000Z.flac,,,,1,test,,,,,/project/6070467/merileo/data/finwhales/final2025_resnet_20260423/multispecies_calltype_experiments/prep_runs/multispecies_prep_balanced100_availaudio_20260430T120219Z/ICLISTENHF6016_20250715T230000.000Z.flac,/project/6070467/merileo/data/finwhales/final2025_resnet_20260423/multispecies_calltype_experiments/prep_runs/multispecies_prep_balanced100_availaudio_20260430T120219Z/ICLISTENHF6016_20250715T230000.000Z.flac,30.000000,40.000000,,,,,,,,,,,,,,,,,,,,,,,,,primary_adjacent_gap,primary_adjacent_gap,ONC
ICLISTENHF6016_20250715T230000.000Z_gap_0002_60.0s_70.0s,/project/6070467/merileo/data/finwhales/final2025_resnet_20260423/multispecies_calltype_experiments/prep_runs/multispecies_prep_balanced100_availaudio_20260430T120219Z/ICLISTENHF6016_20250715T230000.000Z.flac,,,,,,10.000000,onc_primary_adjacent_gap,candidate_primary_adjacent_gap,/project/6070467/merileo/data/finwhales/final2025_resnet_20260423/multispecies_calltype_experiments/prep_runs/multispecies_prep_balanced100_availaudio_20260430T120219Z/ICLISTENHF6016_20250715T230000.000Z.flac,,,,1,test,,,,,/project/6070467/merileo/data/finwhales/final2025_resnet_20260423/multispecies_calltype_experiments/prep_runs/multispecies_prep_balanced100_availaudio_20260430T120219Z/ICLISTENHF6016_20250715T230000.000Z.flac,/project/6070467/merileo/data/finwhales/final2025_resnet_20260423/multispecies_calltype_experiments/prep_runs/multispecies_prep_balanced100_availaudio_20260430T120219Z/ICLISTENHF6016_20250715T230000.000Z.flac,60.000000,70.000000,,,,,,,,,,,,,,,,,,,,,,,,,primary_adjacent_gap,primary_adjacent_gap,ONC
ICLISTENHF6016_20250805T010000.000Z_gap_0000_0.0s_10.0s,/project/6070467/merileo/data/finwhales/final2025_resnet_20260423/multispecies_calltype_experiments/prep_runs/multispecies_prep_balanced100_availaudio_20260430T120219Z/ICLISTENHF6016_20250805T010000.000Z.flac,,,,,,10.000000,onc_primary_adjacent_gap,candidate_primary_adjacent_gap,/project/6070467/merileo/data/finwhales/final2025_resnet_20260423/multispecies_calltype_experiments/prep_runs/multispecies_prep_balanced100_availaudio_20260430T120219Z/ICLISTENHF6016_20250805T010000.000Z.flac,,,,1,train,,,,,/project/6070467/merileo/data/finwhales/final2025_resnet_20260423/multispecies_calltype_experiments/prep_runs/multispecies_prep_balanced100_availaudio_20260430T120219Z/ICLISTENHF6016_20250805T010000.000Z.flac,/project/6070467/merileo/data/finwhales/final2025_resnet_20260423/multispecies_calltype_experiments/prep_runs/multispecies_prep_balanced100_availaudio_20260430T120219Z/ICLISTENHF6016_20250805T010000.000Z.flac,0.000000,10.000000,,,,,,,,,,,,,,,,,,,,,,,,,primary_adjacent_gap,primary_adjacent_gap,ONC
ICLISTENHF6016_20250805T010000.000Z_gap_0001_30.0s_40.0s,/project/6070467/merileo/data/finwhales/final2025_resnet_20260423/multispecies_calltype_experiments/prep_runs/multispecies_prep_balanced100_availaudio_20260430T120219Z/ICLISTENHF6016_20250805T010000.000Z.flac,,,,,,10.000000,onc_primary_adjacent_gap,candidate_primary_adjacent_gap,/project/6070467/merileo/data/finwhales/final2025_resnet_20260423/multispecies_calltype_experiments/prep_runs/multispecies_prep_balanced100_availaudio_20260430T120219Z/ICLISTENHF6016_20250805T010000.000Z.flac,,,,1,train,,,,,/project/6070467/merileo/data/finwhales/final2025_resnet_20260423/multispecies_calltype_experiments/prep_runs/multispecies_prep_balanced100_availaudio_20260430T120219Z/ICLISTENHF6016_20250805T010000.000Z.flac,/project/6070467/merileo/data/finwhales/final2025_resnet_20260423/multispecies_calltype_experiments/prep_runs/multispecies_prep_balanced100_availaudio_20260430T120219Z/ICLISTENHF6016_20250805T010000.000Z.flac,30.000000,40.000000,,,,,,,,,,,,,,,,,,,,,,,,,primary_adjacent_gap,primary_adjacent_gap,ONC
ICLISTENHF6016_20250805T010000.000Z_gap_0002_60.0s_70.0s,/project/6070467/merileo/data/finwhales/final2025_resnet_20260423/multispecies_calltype_experiments/prep_runs/multispecies_prep_balanced100_availaudio_20260430T120219Z/ICLISTENHF6016_20250805T010000.000Z.flac,,,,,,10.000000,onc_primary_adjacent_gap,candidate_primary_adjacent_gap,/project/6070467/merileo/data/finwhales/final2025_resnet_20260423/multispecies_calltype_experiments/prep_runs/multispecies_prep_balanced100_availaudio_20260430T120219Z/ICLISTENHF6016_20250805T010000.000Z.flac,,,,1,train,,,,,/project/6070467/merileo/data/finwhales/final2025_resnet_20260423/multispecies_calltype_experiments/prep_runs/multispecies_prep_balanced100_availaudio_20260430T120219Z/ICLISTENHF6016_20250805T010000.000Z.flac,/project/6070467/merileo/data/finwhales/final2025_resnet_20260423/multispecies_calltype_experiments/prep_runs/multispecies_prep_balanced100_availaudio_20260430T120219Z/ICLISTENHF6016_20250805T010000.000Z.flac,60.000000,70.000000,,,,,,,,,,,,,,,,,,,,,,,,,primary_adjacent_gap,primary_adjacent_gap,ONC
ICLISTENHF6016_20250805T040000.000Z_gap_0000_0.0s_10.0s,/project/6070467/merileo/data/finwhales/final2025_resnet_20260423/multispecies_calltype_experiments/prep_runs/multispecies_prep_balanced100_availaudio_20260430T120219Z/ICLISTENHF6016_20250805T040000.000Z.flac,,,,,,10.000000,onc_primary_adjacent_gap,candidate_primary_adjacent_gap,/project/6070467/merileo/data/finwhales/final2025_resnet_20260423/multispecies_calltype_experiments/prep_runs/multispecies_prep_balanced100_availaudio_20260430T120219Z/ICLISTENHF6016_20250805T040000.000Z.flac,,,,1,train,,,,,/project/6070467/merileo/data/finwhales/final2025_resnet_20260423/multispecies_calltype_experiments/prep_runs/multispecies_prep_balanced100_availaudio_20260430T120219Z/ICLISTENHF6016_20250805T040000.000Z.flac,/project/6070467/merileo/data/finwhales/final2025_resnet_20260423/multispecies_calltype_experiments/prep_runs/multispecies_prep_balanced100_availaudio_20260430T120219Z/ICLISTENHF6016_20250805T040000.000Z.flac,0.000000,10.000000,,,,,,,,,,,,,,,,,,,,,,,,,primary_adjacent_gap,primary_adjacent_gap,ONC
ICLISTENHF6016_20250805T040000.000Z_gap_0001_30.0s_40.0s,/project/6070467/merileo/data/finwhales/final2025_resnet_20260423/multispecies_calltype_experiments/prep_runs/multispecies_prep_balanced100_availaudio_20260430T120219Z/ICLISTENHF6016_20250805T040000.000Z.flac,,,,,,10.000000,onc_primary_adjacent_gap,candidate_primary_adjacent_gap,/project/6070467/merileo/data/finwhales/final2025_resnet_20260423/multispecies_calltype_experiments/prep_runs/multispecies_prep_balanced100_availaudio_20260430T120219Z/ICLISTENHF6016_20250805T040000.000Z.flac,,,,1,train,,,,,/project/6070467/merileo/data/finwhales/final2025_resnet_20260423/multispecies_calltype_experiments/prep_runs/multispecies_prep_balanced100_availaudio_20260430T120219Z/ICLISTENHF6016_20250805T040000.000Z.flac,/project/6070467/merileo/data/finwhales/final2025_resnet_20260423/multispecies_calltype_experiments/prep_runs/multispecies_prep_balanced100_availaudio_20260430T120219Z/ICLISTENHF6016_20250805T040000.000Z.flac,30.000000,40.000000,,,,,,,,,,,,,,,,,,,,,,,,,primary_adjacent_gap,primary_adjacent_gap,ONC
ICLISTENHF6016_20250805T040000.000Z_gap_0002_60.0s_70.0s,/project/6070467/merileo/data/finwhales/final2025_resnet_20260423/multispecies_calltype_experiments/prep_runs/multispecies_prep_balanced100_availaudio_20260430T120219Z/ICLISTENHF6016_20250805T040000.000Z.flac,,,,,,10.000000,onc_primary_adjacent_gap,candidate_primary_adjacent_gap,/project/6070467/merileo/data/finwhales/final2025_resnet_20260423/multispecies_calltype_experiments/prep_runs/multispecies_prep_balanced100_availaudio_20260430T120219Z/ICLISTENHF6016_20250805T040000.000Z.flac,,,,1,train,,,,,/project/6070467/merileo/data/finwhales/final2025_resnet_20260423/multispecies_calltype_experiments/prep_runs/multispecies_prep_balanced100_availaudio_20260430T120219Z/ICLISTENHF6016_20250805T040000.000Z.flac,/project/6070467/merileo/data/finwhales/final2025_resnet_20260423/multispecies_calltype_experiments/prep_runs/multispecies_prep_balanced100_availaudio_20260430T120219Z/ICLISTENHF6016_20250805T040000.000Z.flac,60.000000,70.000000,,,,,,,,,,,,,,,,,,,,,,,,,primary_adjacent_gap,primary_adjacent_gap,ONC
ICLISTENHF6016_20250805T050000.000Z_gap_0000_0.0s_10.0s,/project/6070467/merileo/data/finwhales/final2025_resnet_20260423/multispecies_calltype_experiments/prep_runs/multispecies_prep_balanced100_availaudio_20260430T120219Z/ICLISTENHF6016_20250805T050000.000Z.flac,,,,,,10.000000,onc_primary_adjacent_gap,candidate_primary_adjacent_gap,/project/6070467/merileo/data/finwhales/final2025_resnet_20260423/multispecies_calltype_experiments/prep_runs/multispecies_prep_balanced100_availaudio_20260430T120219Z/ICLISTENHF6016_20250805T050000.000Z.flac,,,,1,val,,,,,/project/6070467/merileo/data/finwhales/final2025_resnet_20260423/multispecies_calltype_experiments/prep_runs/multispecies_prep_balanced100_availaudio_20260430T120219Z/ICLISTENHF6016_20250805T050000.000Z.flac,/project/6070467/merileo/data/finwhales/final2025_resnet_20260423/multispecies_calltype_experiments/prep_runs/multispecies_prep_balanced100_availaudio_20260430T120219Z/ICLISTENHF6016_20250805T050000.000Z.flac,0.000000,10.000000,,,,,,,,,,,,,,,,,,,,,,,,,primary_adjacent_gap,primary_adjacent_gap,ONC
ICLISTENHF6016_20250805T050000.000Z_gap_0001_30.0s_40.0s,/project/6070467/merileo/data/finwhales/final2025_resnet_20260423/multispecies_calltype_experiments/prep_runs/multispecies_prep_balanced100_availaudio_20260430T120219Z/ICLISTENHF6016_20250805T050000.000Z.flac,,,,,,10.000000,onc_primary_adjacent_gap,candidate_primary_adjacent_gap,/project/6070467/merileo/data/finwhales/final2025_resnet_20260423/multispecies_calltype_experiments/prep_runs/multispecies_prep_balanced100_availaudio_20260430T120219Z/ICLISTENHF6016_20250805T050000.000Z.flac,,,,1,val,,,,,/project/6070467/merileo/data/finwhales/final2025_resnet_20260423/multispecies_calltype_experiments/prep_runs/multispecies_prep_balanced100_availaudio_20260430T120219Z/ICLISTENHF6016_20250805T050000.000Z.flac,/project/6070467/merileo/data/finwhales/final2025_resnet_20260423/multispecies_calltype_experiments/prep_runs/multispecies_prep_balanced100_availaudio_20260430T120219Z/ICLISTENHF6016_20250805T050000.000Z.flac,30.000000,40.000000,,,,,,,,,,,,,,,,,,,,,,,,,primary_adjacent_gap,primary_adjacent_gap,ONC
ICLISTENHF6016_20250805T050000.000Z_gap_0002_32.8s_42.8s,/project/6070467/merileo/data/finwhales/final2025_resnet_20260423/multispecies_calltype_experiments/prep_runs/multispecies_prep_balanced100_availaudio_20260430T120219Z/ICLISTENHF6016_20250805T050000.000Z.flac,,,,,,10.000000,onc_primary_adjacent_gap,candidate_primary_adjacent_gap,/project/6070467/merileo/data/finwhales/final2025_resnet_20260423/multispecies_calltype_experiments/prep_runs/multispecies_prep_balanced100_availaudio_20260430T120219Z/ICLISTENHF6016_20250805T050000.000Z.flac,,,,1,val,,,,,/project/6070467/merileo/data/finwhales/final2025_resnet_20260423/multispecies_calltype_experiments/prep_runs/multispecies_prep_balanced100_availaudio_20260430T120219Z/ICLISTENHF6016_20250805T050000.000Z.flac,/project/6070467/merileo/data/finwhales/final2025_resnet_20260423/multispecies_calltype_experiments/prep_runs/multispecies_prep_balanced100_availaudio_20260430T120219Z/ICLISTENHF6016_20250805T050000.000Z.flac,32.800000,42.800000,,,,,,,,,,,,,,,,,,,,,,,,,primary_adjacent_gap,primary_adjacent_gap,ONC
ICLISTENHF6016_20250805T060000.000Z_gap_0000_0.0s_10.0s,/project/6070467/merileo/data/finwhales/final2025_resnet_20260423/multispecies_calltype_experiments/prep_runs/multispecies_prep_balanced100_availaudio_20260430T120219Z/ICLISTENHF6016_20250805T060000.000Z.flac,,,,,,10.000000,onc_primary_adjacent_gap,candidate_primary_adjacent_gap,/project/6070467/merileo/data/finwhales/final2025_resnet_20260423/multispecies_calltype_experiments/prep_runs/multispecies_prep_balanced100_availaudio_20260430T120219Z/ICLISTENHF6016_20250805T060000.000Z.flac,,,,1,train,,,,,/project/6070467/merileo/data/finwhales/final2025_resnet_20260423/multispecies_calltype_experiments/prep_runs/multispecies_prep_balanced100_availaudio_20260430T120219Z/ICLISTENHF6016_20250805T060000.000Z.flac,/project/6070467/merileo/data/finwhales/final2025_resnet_20260423/multispecies_calltype_experiments/prep_runs/multispecies_prep_balanced100_availaudio_20260430T120219Z/ICLISTENHF6016_20250805T060000.000Z.flac,0.000000,10.000000,,,,,,,,,,,,,,,,,,,,,,,,,primary_adjacent_gap,primary_adjacent_gap,ONC
ICLISTENHF6016_20250805T060000.000Z_gap_0001_30.0s_40.0s,/project/6070467/merileo/data/finwhales/final2025_resnet_20260423/multispecies_calltype_experiments/prep_runs/multispecies_prep_balanced100_availaudio_20260430T120219Z/ICLISTENHF6016_20250805T060000.000Z.flac,,,,,,10.000000,onc_primary_adjacent_gap,candidate_primary_adjacent_gap,/project/6070467/merileo/data/finwhales/final2025_resnet_20260423/multispecies_calltype_experiments/prep_runs/multispecies_prep_balanced100_availaudio_20260430T120219Z/ICLISTENHF6016_20250805T060000.000Z.flac,,,,1,train,,,,,/project/6070467/merileo/data/finwhales/final2025_resnet_20260423/multispecies_calltype_experiments/prep_runs/multispecies_prep_balanced100_availaudio_20260430T120219Z/ICLISTENHF6016_20250805T060000.000Z.flac,/project/6070467/merileo/data/finwhales/final2025_resnet_20260423/multispecies_calltype_experiments/prep_runs/multispecies_prep_balanced100_availaudio_20260430T120219Z/ICLISTENHF6016_20250805T060000.000Z.flac,30.000000,40.000000,,,,,,,,,,,,,,,,,,,,,,,,,primary_adjacent_gap,primary_adjacent_gap,ONC
ICLISTENHF6016_20250805T060000.000Z_gap_0002_35.6s_45.6s,/project/6070467/merileo/data/finwhales/final2025_resnet_20260423/multispecies_calltype_experiments/prep_runs/multispecies_prep_balanced100_availaudio_20260430T120219Z/ICLISTENHF6016_20250805T060000.000Z.flac,,,,,,10.000000,onc_primary_adjacent_gap,candidate_primary_adjacent_gap,/project/6070467/merileo/data/finwhales/final2025_resnet_20260423/multispecies_calltype_experiments/prep_runs/multispecies_prep_balanced100_availaudio_20260430T120219Z/ICLISTENHF6016_20250805T060000.000Z.flac,,,,1,train,,,,,/project/6070467/merileo/data/finwhales/final2025_resnet_20260423/multispecies_calltype_experiments/prep_runs/multispecies_prep_balanced100_availaudio_20260430T120219Z/ICLISTENHF6016_20250805T060000.000Z.flac,/project/6070467/merileo/data/finwhales/final2025_resnet_20260423/multispecies_calltype_experiments/prep_runs/multispecies_prep_balanced100_availaudio_20260430T120219Z/ICLISTENHF6016_20250805T060000.000Z.flac,35.600000,45.600000,,,,,,,,,,,,,,,,,,,,,,,,,primary_adjacent_gap,primary_adjacent_gap,ONC
ICLISTENHF6016_20250805T070000.000Z_gap_0000_0.0s_10.0s,/project/6070467/merileo/data/finwhales/final2025_resnet_20260423/multispecies_calltype_experiments/prep_runs/multispecies_prep_balanced100_availaudio_20260430T120219Z/ICLISTENHF6016_20250805T070000.000Z.flac,,,,,,10.000000,onc_primary_adjacent_gap,candidate_primary_adjacent_gap,/project/6070467/merileo/data/finwhales/final2025_resnet_20260423/multispecies_calltype_experiments/prep_runs/multispecies_prep_balanced100_availaudio_20260430T120219Z/ICLISTENHF6016_20250805T070000.000Z.flac,,,,1,train,,,,,/project/6070467/merileo/data/finwhales/final2025_resnet_20260423/multispecies_calltype_experiments/prep_runs/multispecies_prep_balanced100_availaudio_20260430T120219Z/ICLISTENHF6016_20250805T070000.000Z.flac,/project/6070467/merileo/data/finwhales/final2025_resnet_20260423/multispecies_calltype_experiments/prep_runs/multispecies_prep_balanced100_availaudio_20260430T120219Z/ICLISTENHF6016_20250805T070000.000Z.flac,0.000000,10.000000,,,,,,,,,,,,,,,,,,,,,,,,,primary_adjacent_gap,primary_adjacent_gap,ONC
ICLISTENHF6016_20250805T070000.000Z_gap_0001_30.0s_40.0s,/project/6070467/merileo/data/finwhales/final2025_resnet_20260423/multispecies_calltype_experiments/prep_runs/multispecies_prep_balanced100_availaudio_20260430T120219Z/ICLISTENHF6016_20250805T070000.000Z.flac,,,,,,10.000000,onc_primary_adjacent_gap,candidate_primary_adjacent_gap,/project/6070467/merileo/data/finwhales/final2025_resnet_20260423/multispecies_calltype_experiments/prep_runs/multispecies_prep_balanced100_availaudio_20260430T120219Z/ICLISTENHF6016_20250805T070000.000Z.flac,,,,1,train,,,,,/project/6070467/merileo/data/finwhales/final2025_resnet_20260423/multispecies_calltype_experiments/prep_runs/multispecies_prep_balanced100_availaudio_20260430T120219Z/ICLISTENHF6016_20250805T070000.000Z.flac,/project/6070467/merileo/data/finwhales/final2025_resnet_20260423/multispecies_calltype_experiments/prep_runs/multispecies_prep_balanced100_availaudio_20260430T120219Z/ICLISTENHF6016_20250805T070000.000Z.flac,30.000000,40.000000,,,,,,,,,,,,,,,,,,,,,,,,,primary_adjacent_gap,primary_adjacent_gap,ONC
ICLISTENHF6016_20250805T070000.000Z_gap_0002_60.0s_70.0s,/project/6070467/merileo/data/finwhales/final2025_resnet_20260423/multispecies_calltype_experiments/prep_runs/multispecies_prep_balanced100_availaudio_20260430T120219Z/ICLISTENHF6016_20250805T070000.000Z.flac,,,,,,10.000000,onc_primary_adjacent_gap,candidate_primary_adjacent_gap,/project/6070467/merileo/data/finwhales/final2025_resnet_20260423/multispecies_calltype_experiments/prep_runs/multispecies_prep_balanced100_availaudio_20260430T120219Z/ICLISTENHF6016_20250805T070000.000Z.flac,,,,1,train,,,,,/project/6070467/merileo/data/finwhales/final2025_resnet_20260423/multispecies_calltype_experiments/prep_runs/multispecies_prep_balanced100_availaudio_20260430T120219Z/ICLISTENHF6016_20250805T070000.000Z.flac,/project/6070467/merileo/data/finwhales/final2025_resnet_20260423/multispecies_calltype_experiments/prep_runs/multispecies_prep_balanced100_availaudio_20260430T120219Z/ICLISTENHF6016_20250805T070000.000Z.flac,60.000000,70.000000,,,,,,,,,,,,,,,,,,,,,,,,,primary_adjacent_gap,primary_adjacent_gap,ONC
ICLISTENHF6016_20250805T080000.000Z_gap_0000_23.3s_33.3s,/project/6070467/merileo/data/finwhales/final2025_resnet_20260423/multispecies_calltype_experiments/prep_runs/multispecies_prep_balanced100_availaudio_20260430T120219Z/ICLISTENHF6016_20250805T080000.000Z.flac,,,,,,10.000000,onc_primary_adjacent_gap,candidate_primary_adjacent_gap,/project/6070467/merileo/data/finwhales/final2025_resnet_20260423/multispecies_calltype_experiments/prep_runs/multispecies_prep_balanced100_availaudio_20260430T120219Z/ICLISTENHF6016_20250805T080000.000Z.flac,,,,1,train,,,,,/project/6070467/merileo/data/finwhales/final2025_resnet_20260423/multispecies_calltype_experiments/prep_runs/multispecies_prep_balanced100_availaudio_20260430T120219Z/ICLISTENHF6016_20250805T080000.000Z.flac,/project/6070467/merileo/data/finwhales/final2025_resnet_20260423/multispecies_calltype_experiments/prep_runs/multispecies_prep_balanced100_availaudio_20260430T120219Z/ICLISTENHF6016_20250805T080000.000Z.flac,23.300000,33.300000,,,,,,,,,,,,,,,,,,,,,,,,,primary_adjacent_gap,primary_adjacent_gap,ONC
ICLISTENHF6016_20250805T080000.000Z_gap_0001_53.3s_63.3s,/project/6070467/merileo/data/finwhales/final2025_resnet_20260423/multispecies_calltype_experiments/prep_runs/multispecies_prep_balanced100_availaudio_20260430T120219Z/ICLISTENHF6016_20250805T080000.000Z.flac,,,,,,10.000000,onc_primary_adjacent_gap,candidate_primary_adjacent_gap,/project/6070467/merileo/data/finwhales/final2025_resnet_20260423/multispecies_calltype_experiments/prep_runs/multispecies_prep_balanced100_availaudio_20260430T120219Z/ICLISTENHF6016_20250805T080000.000Z.flac,,,,1,train,,,,,/project/6070467/merileo/data/finwhales/final2025_resnet_20260423/multispecies_calltype_experiments/prep_runs/multispecies_prep_balanced100_availaudio_20260430T120219Z/ICLISTENHF6016_20250805T080000.000Z.flac,/project/6070467/merileo/data/finwhales/final2025_resnet_20260423/multispecies_calltype_experiments/prep_runs/multispecies_prep_balanced100_availaudio_20260430T120219Z/ICLISTENHF6016_20250805T080000.000Z.flac,53.300000,63.300000,,,,,,,,,,,,,,,,,,,,,,,,,primary_adjacent_gap,primary_adjacent_gap,ONC
ICLISTENHF6016_20250805T080000.000Z_gap_0002_83.3s_93.3s,/project/6070467/merileo/data/finwhales/final2025_resnet_20260423/multispecies_calltype_experiments/prep_runs/multispecies_prep_balanced100_availaudio_20260430T120219Z/ICLISTENHF6016_20250805T080000.000Z.flac,,,,,,10.000000,onc_primary_adjacent_gap,candidate_primary_adjacent_gap,/project/6070467/merileo/data/finwhales/final2025_resnet_20260423/multispecies_calltype_experiments/prep_runs/multispecies_prep_balanced100_availaudio_20260430T120219Z/ICLISTENHF6016_20250805T080000.000Z.flac,,,,1,train,,,,,/project/6070467/merileo/data/finwhales/final2025_resnet_20260423/multispecies_calltype_experiments/prep_runs/multispecies_prep_balanced100_availaudio_20260430T120219Z/ICLISTENHF6016_20250805T080000.000Z.flac,/project/6070467/merileo/data/finwhales/final2025_resnet_20260423/multispecies_calltype_experiments/prep_runs/multispecies_prep_balanced100_availaudio_20260430T120219Z/ICLISTENHF6016_20250805T080000.000Z.flac,83.300000,93.300000,,,,,,,,,,,,,,,,,,,,,,,,,primary_adjacent_gap,primary_adjacent_gap,ONC
ICLISTENHF6016_20250805T090000.000Z_gap_0000_0.0s_10.0s,/project/6070467/merileo/data/finwhales/final2025_resnet_20260423/multispecies_calltype_experiments/prep_runs/multispecies_prep_balanced100_availaudio_20260430T120219Z/ICLISTENHF6016_20250805T090000.000Z.flac,,,,,,10.000000,onc_primary_adjacent_gap,candidate_primary_adjacent_gap,/project/6070467/merileo/data/finwhales/final2025_resnet_20260423/multispecies_calltype_experiments/prep_runs/multispecies_prep_balanced100_availaudio_20260430T120219Z/ICLISTENHF6016_20250805T090000.000Z.flac,,,,1,test,,,,,/project/6070467/merileo/data/finwhales/final2025_resnet_20260423/multispecies_calltype_experiments/prep_runs/multispecies_prep_balanced100_availaudio_20260430T120219Z/ICLISTENHF6016_20250805T090000.000Z.flac,/project/6070467/merileo/data/finwhales/final2025_resnet_20260423/multispecies_calltype_experiments/prep_runs/multispecies_prep_balanced100_availaudio_20260430T120219Z/ICLISTENHF6016_20250805T090000.000Z.flac,0.000000,10.000000,,,,,,,,,,,,,,,,,,,,,,,,,primary_adjacent_gap,primary_adjacent_gap,ONC
ICLISTENHF6016_20250805T090000.000Z_gap_0001_30.0s_40.0s,/project/6070467/merileo/data/finwhales/final2025_resnet_20260423/multispecies_calltype_experiments/prep_runs/multispecies_prep_balanced100_availaudio_20260430T120219Z/ICLISTENHF6016_20250805T090000.000Z.flac,,,,,,10.000000,onc_primary_adjacent_gap,candidate_primary_adjacent_gap,/project/6070467/merileo/data/finwhales/final2025_resnet_20260423/multispecies_calltype_experiments/prep_runs/multispecies_prep_balanced100_availaudio_20260430T120219Z/ICLISTENHF6016_20250805T090000.000Z.flac,,,,1,test,,,,,/project/6070467/merileo/data/finwhales/final2025_resnet_20260423/multispecies_calltype_experiments/prep_runs/multispecies_prep_balanced100_availaudio_20260430T120219Z/ICLISTENHF6016_20250805T090000.000Z.flac,/project/6070467/merileo/data/finwhales/final2025_resnet_20260423/multispecies_calltype_experiments/prep_runs/multispecies_prep_balanced100_availaudio_20260430T120219Z/ICLISTENHF6016_20250805T090000.000Z.flac,30.000000,40.000000,,,,,,,,,,,,,,,,,,,,,,,,,primary_adjacent_gap,primary_adjacent_gap,ONC
ICLISTENHF6016_20250805T090000.000Z_gap_0002_43.9s_53.9s,/project/6070467/merileo/data/finwhales/final2025_resnet_20260423/multispecies_calltype_experiments/prep_runs/multispecies_prep_balanced100_availaudio_20260430T120219Z/ICLISTENHF6016_20250805T090000.000Z.flac,,,,,,10.000000,onc_primary_adjacent_gap,candidate_primary_adjacent_gap,/project/6070467/merileo/data/finwhales/final2025_resnet_20260423/multispecies_calltype_experiments/prep_runs/multispecies_prep_balanced100_availaudio_20260430T120219Z/ICLISTENHF6016_20250805T090000.000Z.flac,,,,1,test,,,,,/project/6070467/merileo/data/finwhales/final2025_resnet_20260423/multispecies_calltype_experiments/prep_runs/multispecies_prep_balanced100_availaudio_20260430T120219Z/ICLISTENHF6016_20250805T090000.000Z.flac,/project/6070467/merileo/data/finwhales/final2025_resnet_20260423/multispecies_calltype_experiments/prep_runs/multispecies_prep_balanced100_availaudio_20260430T120219Z/ICLISTENHF6016_20250805T090000.000Z.flac,43.900000,53.900000,,,,,,,,,,,,,,,,,,,,,,,,,primary_adjacent_gap,primary_adjacent_gap,ONC
ICLISTENHF6016_20250805T100000.000Z_gap_0000_0.0s_10.0s,/project/6070467/merileo/data/finwhales/final2025_resnet_20260423/multispecies_calltype_experiments/prep_runs/multispecies_prep_balanced100_availaudio_20260430T120219Z/ICLISTENHF6016_20250805T100000.000Z.flac,,,,,,10.000000,onc_primary_adjacent_gap,candidate_primary_adjacent_gap,/project/6070467/merileo/data/finwhales/final2025_resnet_20260423/multispecies_calltype_experiments/prep_runs/multispecies_prep_balanced100_availaudio_20260430T120219Z/ICLISTENHF6016_20250805T100000.000Z.flac,,,,1,val,,,,,/project/6070467/merileo/data/finwhales/final2025_resnet_20260423/multispecies_calltype_experiments/prep_runs/multispecies_prep_balanced100_availaudio_20260430T120219Z/ICLISTENHF6016_20250805T100000.000Z.flac,/project/6070467/merileo/data/finwhales/final2025_resnet_20260423/multispecies_calltype_experiments/prep_runs/multispecies_prep_balanced100_availaudio_20260430T120219Z/ICLISTENHF6016_20250805T100000.000Z.flac,0.000000,10.000000,,,,,,,,,,,,,,,,,,,,,,,,,primary_adjacent_gap,primary_adjacent_gap,ONC
ICLISTENHF6016_20250805T100000.000Z_gap_0001_19.5s_29.5s,/project/6070467/merileo/data/finwhales/final2025_resnet_20260423/multispecies_calltype_experiments/prep_runs/multispecies_prep_balanced100_availaudio_20260430T120219Z/ICLISTENHF6016_20250805T100000.000Z.flac,,,,,,10.000000,onc_primary_adjacent_gap,candidate_primary_adjacent_gap,/project/6070467/merileo/data/finwhales/final2025_resnet_20260423/multispecies_calltype_experiments/prep_runs/multispecies_prep_balanced100_availaudio_20260430T120219Z/ICLISTENHF6016_20250805T100000.000Z.flac,,,,1,val,,,,,/project/6070467/merileo/data/finwhales/final2025_resnet_20260423/multispecies_calltype_experiments/prep_runs/multispecies_prep_balanced100_availaudio_20260430T120219Z/ICLISTENHF6016_20250805T100000.000Z.flac,/project/6070467/merileo/data/finwhales/final2025_resnet_20260423/multispecies_calltype_experiments/prep_runs/multispecies_prep_balanced100_availaudio_20260430T120219Z/ICLISTENHF6016_20250805T100000.000Z.flac,19.500000,29.500000,,,,,,,,,,,,,,,,,,,,,,,,,primary_adjacent_gap,primary_adjacent_gap,ONC
ICLISTENHF6016_20250805T100000.000Z_gap_0002_50.3s_60.3s,/project/6070467/merileo/data/finwhales/final2025_resnet_20260423/multispecies_calltype_experiments/prep_runs/multispecies_prep_balanced100_availaudio_20260430T120219Z/ICLISTENHF6016_20250805T100000.000Z.flac,,,,,,10.000000,onc_primary_adjacent_gap,candidate_primary_adjacent_gap,/project/6070467/merileo/data/finwhales/final2025_resnet_20260423/multispecies_calltype_experiments/prep_runs/multispecies_prep_balanced100_availaudio_20260430T120219Z/ICLISTENHF6016_20250805T100000.000Z.flac,,,,1,val,,,,,/project/6070467/merileo/data/finwhales/final2025_resnet_20260423/multispecies_calltype_experiments/prep_runs/multispecies_prep_balanced100_availaudio_20260430T120219Z/ICLISTENHF6016_20250805T100000.000Z.flac,/project/6070467/merileo/data/finwhales/final2025_resnet_20260423/multispecies_calltype_experiments/prep_runs/multispecies_prep_balanced100_availaudio_20260430T120219Z/ICLISTENHF6016_20250805T100000.000Z.flac,50.300000,60.300000,,,,,,,,,,,,,,,,,,,,,,,,,primary_adjacent_gap,primary_adjacent_gap,ONC
ICLISTENHF6016_20250805T110000.000Z_gap_0000_0.0s_10.0s,/project/6070467/merileo/data/finwhales/final2025_resnet_20260423/multispecies_calltype_experiments/prep_runs/multispecies_prep_balanced100_availaudio_20260430T120219Z/ICLISTENHF6016_20250805T110000.000Z.flac,,,,,,10.000000,onc_primary_adjacent_gap,candidate_primary_adjacent_gap,/project/6070467/merileo/data/finwhales/final2025_resnet_20260423/multispecies_calltype_experiments/prep_runs/multispecies_prep_balanced100_availaudio_20260430T120219Z/ICLISTENHF6016_20250805T110000.000Z.flac,,,,1,train,,,,,/project/6070467/merileo/data/finwhales/final2025_resnet_20260423/multispecies_calltype_experiments/prep_runs/multispecies_prep_balanced100_availaudio_20260430T120219Z/ICLISTENHF6016_20250805T110000.000Z.flac,/project/6070467/merileo/data/finwhales/final2025_resnet_20260423/multispecies_calltype_experiments/prep_runs/multispecies_prep_balanced100_availaudio_20260430T120219Z/ICLISTENHF6016_20250805T110000.000Z.flac,0.000000,10.000000,,,,,,,,,,,,,,,,,,,,,,,,,primary_adjacent_gap,primary_adjacent_gap,ONC
ICLISTENHF6016_20250805T110000.000Z_gap_0001_30.0s_40.0s,/project/6070467/merileo/data/finwhales/final2025_resnet_20260423/multispecies_calltype_experiments/prep_runs/multispecies_prep_balanced100_availaudio_20260430T120219Z/ICLISTENHF6016_20250805T110000.000Z.flac,,,,,,10.000000,onc_primary_adjacent_gap,candidate_primary_adjacent_gap,/project/6070467/merileo/data/finwhales/final2025_resnet_20260423/multispecies_calltype_experiments/prep_runs/multispecies_prep_balanced100_availaudio_20260430T120219Z/ICLISTENHF6016_20250805T110000.000Z.flac,,,,1,train,,,,,/project/6070467/merileo/data/finwhales/final2025_resnet_20260423/multispecies_calltype_experiments/prep_runs/multispecies_prep_balanced100_availaudio_20260430T120219Z/ICLISTENHF6016_20250805T110000.000Z.flac,/project/6070467/merileo/data/finwhales/final2025_resnet_20260423/multispecies_calltype_experiments/prep_runs/multispecies_prep_balanced100_availaudio_20260430T120219Z/ICLISTENHF6016_20250805T110000.000Z.flac,30.000000,40.000000,,,,,,,,,,,,,,,,,,,,,,,,,primary_adjacent_gap,primary_adjacent_gap,ONC
ICLISTENHF6016_20250805T110000.000Z_gap_0002_60.0s_70.0s,/project/6070467/merileo/data/finwhales/final2025_resnet_20260423/multispecies_calltype_experiments/prep_runs/multispecies_prep_balanced100_availaudio_20260430T120219Z/ICLISTENHF6016_20250805T110000.000Z.flac,,,,,,10.000000,onc_primary_adjacent_gap,candidate_primary_adjacent_gap,/project/6070467/merileo/data/finwhales/final2025_resnet_20260423/multispecies_calltype_experiments/prep_runs/multispecies_prep_balanced100_availaudio_20260430T120219Z/ICLISTENHF6016_20250805T110000.000Z.flac,,,,1,train,,,,,/project/6070467/merileo/data/finwhales/final2025_resnet_20260423/multispecies_calltype_experiments/prep_runs/multispecies_prep_balanced100_availaudio_20260430T120219Z/ICLISTENHF6016_20250805T110000.000Z.flac,/project/6070467/merileo/data/finwhales/final2025_resnet_20260423/multispecies_calltype_experiments/prep_runs/multispecies_prep_balanced100_availaudio_20260430T120219Z/ICLISTENHF6016_20250805T110000.000Z.flac,60.000000,70.000000,,,,,,,,,,,,,,,,,,,,,,,,,primary_adjacent_gap,primary_adjacent_gap,ONC
ICLISTENHF6016_20250805T120000.000Z_gap_0000_0.0s_10.0s,/project/6070467/merileo/data/finwhales/final2025_resnet_20260423/multispecies_calltype_experiments/prep_runs/multispecies_prep_balanced100_availaudio_20260430T120219Z/ICLISTENHF6016_20250805T120000.000Z.flac,,,,,,10.000000,onc_primary_adjacent_gap,candidate_primary_adjacent_gap,/project/6070467/merileo/data/finwhales/final2025_resnet_20260423/multispecies_calltype_experiments/prep_runs/multispecies_prep_balanced100_availaudio_20260430T120219Z/ICLISTENHF6016_20250805T120000.000Z.flac,,,,1,train,,,,,/project/6070467/merileo/data/finwhales/final2025_resnet_20260423/multispecies_calltype_experiments/prep_runs/multispecies_prep_balanced100_availaudio_20260430T120219Z/ICLISTENHF6016_20250805T120000.000Z.flac,/project/6070467/merileo/data/finwhales/final2025_resnet_20260423/multispecies_calltype_experiments/prep_runs/multispecies_prep_balanced100_availaudio_20260430T120219Z/ICLISTENHF6016_20250805T120000.000Z.flac,0.000000,10.000000,,,,,,,,,,,,,,,,,,,,,,,,,primary_adjacent_gap,primary_adjacent_gap,ONC
ICLISTENHF6016_20250805T120000.000Z_gap_0001_30.0s_40.0s,/project/6070467/merileo/data/finwhales/final2025_resnet_20260423/multispecies_calltype_experiments/prep_runs/multispecies_prep_balanced100_availaudio_20260430T120219Z/ICLISTENHF6016_20250805T120000.000Z.flac,,,,,,10.000000,onc_primary_adjacent_gap,candidate_primary_adjacent_gap,/project/6070467/merileo/data/finwhales/final2025_resnet_20260423/multispecies_calltype_experiments/prep_runs/multispecies_prep_balanced100_availaudio_20260430T120219Z/ICLISTENHF6016_20250805T120000.000Z.flac,,,,1,train,,,,,/project/6070467/merileo/data/finwhales/final2025_resnet_20260423/multispecies_calltype_experiments/prep_runs/multispecies_prep_balanced100_availaudio_20260430T120219Z/ICLISTENHF6016_20250805T120000.000Z.flac,/project/6070467/merileo/data/finwhales/final2025_resnet_20260423/multispecies_calltype_experiments/prep_runs/multispecies_prep_balanced100_availaudio_20260430T120219Z/ICLISTENHF6016_20250805T120000.000Z.flac,30.000000,40.000000,,,,,,,,,,,,,,,,,,,,,,,,,primary_adjacent_gap,primary_adjacent_gap,ONC
ICLISTENHF6016_20250805T120000.000Z_gap_0002_60.0s_70.0s,/project/6070467/merileo/data/finwhales/final2025_resnet_20260423/multispecies_calltype_experiments/prep_runs/multispecies_prep_balanced100_availaudio_20260430T120219Z/ICLISTENHF6016_20250805T120000.000Z.flac,,,,,,10.000000,onc_primary_adjacent_gap,candidate_primary_adjacent_gap,/project/6070467/merileo/data/finwhales/final2025_resnet_20260423/multispecies_calltype_experiments/prep_runs/multispecies_prep_balanced100_availaudio_20260430T120219Z/ICLISTENHF6016_20250805T120000.000Z.flac,,,,1,train,,,,,/project/6070467/merileo/data/finwhales/final2025_resnet_20260423/multispecies_calltype_experiments/prep_runs/multispecies_prep_balanced100_availaudio_20260430T120219Z/ICLISTENHF6016_20250805T120000.000Z.flac,/project/6070467/merileo/data/finwhales/final2025_resnet_20260423/multispecies_calltype_experiments/prep_runs/multispecies_prep_balanced100_availaudio_20260430T120219Z/ICLISTENHF6016_20250805T120000.000Z.flac,60.000000,70.000000,,,,,,,,,,,,,,,,,,,,,,,,,primary_adjacent_gap,primary_adjacent_gap,ONC
ICLISTENHF6016_20250805T130000.000Z_gap_0000_27.2s_37.2s,/project/6070467/merileo/data/finwhales/final2025_resnet_20260423/multispecies_calltype_experiments/prep_runs/multispecies_prep_balanced100_availaudio_20260430T120219Z/ICLISTENHF6016_20250805T130000.000Z.flac,,,,,,10.000000,onc_primary_adjacent_gap,candidate_primary_adjacent_gap,/project/6070467/merileo/data/finwhales/final2025_resnet_20260423/multispecies_calltype_experiments/prep_runs/multispecies_prep_balanced100_availaudio_20260430T120219Z/ICLISTENHF6016_20250805T130000.000Z.flac,,,,1,test,,,,,/project/6070467/merileo/data/finwhales/final2025_resnet_20260423/multispecies_calltype_experiments/prep_runs/multispecies_prep_balanced100_availaudio_20260430T120219Z/ICLISTENHF6016_20250805T130000.000Z.flac,/project/6070467/merileo/data/finwhales/final2025_resnet_20260423/multispecies_calltype_experiments/prep_runs/multispecies_prep_balanced100_availaudio_20260430T120219Z/ICLISTENHF6016_20250805T130000.000Z.flac,27.200000,37.200000,,,,,,,,,,,,,,,,,,,,,,,,,primary_adjacent_gap,primary_adjacent_gap,ONC
ICLISTENHF6016_20250805T130000.000Z_gap_0001_57.2s_67.2s,/project/6070467/merileo/data/finwhales/final2025_resnet_20260423/multispecies_calltype_experiments/prep_runs/multispecies_prep_balanced100_availaudio_20260430T120219Z/ICLISTENHF6016_20250805T130000.000Z.flac,,,,,,10.000000,onc_primary_adjacent_gap,candidate_primary_adjacent_gap,/project/6070467/merileo/data/finwhales/final2025_resnet_20260423/multispecies_calltype_experiments/prep_runs/multispecies_prep_balanced100_availaudio_20260430T120219Z/ICLISTENHF6016_20250805T130000.000Z.flac,,,,1,test,,,,,/project/6070467/merileo/data/finwhales/final2025_resnet_20260423/multispecies_calltype_experiments/prep_runs/multispecies_prep_balanced100_availaudio_20260430T120219Z/ICLISTENHF6016_20250805T130000.000Z.flac,/project/6070467/merileo/data/finwhales/final2025_resnet_20260423/multispecies_calltype_experiments/prep_runs/multispecies_prep_balanced100_availaudio_20260430T120219Z/ICLISTENHF6016_20250805T130000.000Z.flac,57.200000,67.200000,,,,,,,,,,,,,,,,,,,,,,,,,primary_adjacent_gap,primary_adjacent_gap,ONC
ICLISTENHF6016_20250805T130000.000Z_gap_0002_87.2s_97.2s,/project/6070467/merileo/data/finwhales/final2025_resnet_20260423/multispecies_calltype_experiments/prep_runs/multispecies_prep_balanced100_availaudio_20260430T120219Z/ICLISTENHF6016_20250805T130000.000Z.flac,,,,,,10.000000,onc_primary_adjacent_gap,candidate_primary_adjacent_gap,/project/6070467/merileo/data/finwhales/final2025_resnet_20260423/multispecies_calltype_experiments/prep_runs/multispecies_prep_balanced100_availaudio_20260430T120219Z/ICLISTENHF6016_20250805T130000.000Z.flac,,,,1,test,,,,,/project/6070467/merileo/data/finwhales/final2025_resnet_20260423/multispecies_calltype_experiments/prep_runs/multispecies_prep_balanced100_availaudio_20260430T120219Z/ICLISTENHF6016_20250805T130000.000Z.flac,/project/6070467/merileo/data/finwhales/final2025_resnet_20260423/multispecies_calltype_experiments/prep_runs/multispecies_prep_balanced100_availaudio_20260430T120219Z/ICLISTENHF6016_20250805T130000.000Z.flac,87.200000,97.200000,,,,,,,,,,,,,,,,,,,,,,,,,primary_adjacent_gap,primary_adjacent_gap,ONC
ICLISTENHF6016_20250805T180000.000Z_gap_0000_0.0s_10.0s,/project/6070467/merileo/data/finwhales/final2025_resnet_20260423/multispecies_calltype_experiments/prep_runs/multispecies_prep_balanced100_availaudio_20260430T120219Z/ICLISTENHF6016_20250805T180000.000Z.flac,,,,,,10.000000,onc_primary_adjacent_gap,candidate_primary_adjacent_gap,/project/6070467/merileo/data/finwhales/final2025_resnet_20260423/multispecies_calltype_experiments/prep_runs/multispecies_prep_balanced100_availaudio_20260430T120219Z/ICLISTENHF6016_20250805T180000.000Z.flac,,,,1,val,,,,,/project/6070467/merileo/data/finwhales/final2025_resnet_20260423/multispecies_calltype_experiments/prep_runs/multispecies_prep_balanced100_availaudio_20260430T120219Z/ICLISTENHF6016_20250805T180000.000Z.flac,/project/6070467/merileo/data/finwhales/final2025_resnet_20260423/multispecies_calltype_experiments/prep_runs/multispecies_prep_balanced100_availaudio_20260430T120219Z/ICLISTENHF6016_20250805T180000.000Z.flac,0.000000,10.000000,,,,,,,,,,,,,,,,,,,,,,,,,primary_adjacent_gap,primary_adjacent_gap,ONC
ICLISTENHF6016_20250805T180000.000Z_gap_0001_30.0s_40.0s,/project/6070467/merileo/data/finwhales/final2025_resnet_20260423/multispecies_calltype_experiments/prep_runs/multispecies_prep_balanced100_availaudio_20260430T120219Z/ICLISTENHF6016_20250805T180000.000Z.flac,,,,,,10.000000,onc_primary_adjacent_gap,candidate_primary_adjacent_gap,/project/6070467/merileo/data/finwhales/final2025_resnet_20260423/multispecies_calltype_experiments/prep_runs/multispecies_prep_balanced100_availaudio_20260430T120219Z/ICLISTENHF6016_20250805T180000.000Z.flac,,,,1,val,,,,,/project/6070467/merileo/data/finwhales/final2025_resnet_20260423/multispecies_calltype_experiments/prep_runs/multispecies_prep_balanced100_availaudio_20260430T120219Z/ICLISTENHF6016_20250805T180000.000Z.flac,/project/6070467/merileo/data/finwhales/final2025_resnet_20260423/multispecies_calltype_experiments/prep_runs/multispecies_prep_balanced100_availaudio_20260430T120219Z/ICLISTENHF6016_20250805T180000.000Z.flac,30.000000,40.000000,,,,,,,,,,,,,,,,,,,,,,,,,primary_adjacent_gap,primary_adjacent_gap,ONC
ICLISTENHF6016_20250805T180000.000Z_gap_0002_60.0s_70.0s,/project/6070467/merileo/data/finwhales/final2025_resnet_20260423/multispecies_calltype_experiments/prep_runs/multispecies_prep_balanced100_availaudio_20260430T120219Z/ICLISTENHF6016_20250805T180000.000Z.flac,,,,,,10.000000,onc_primary_adjacent_gap,candidate_primary_adjacent_gap,/project/6070467/merileo/data/finwhales/final2025_resnet_20260423/multispecies_calltype_experiments/prep_runs/multispecies_prep_balanced100_availaudio_20260430T120219Z/ICLISTENHF6016_20250805T180000.000Z.flac,,,,1,val,,,,,/project/6070467/merileo/data/finwhales/final2025_resnet_20260423/multispecies_calltype_experiments/prep_runs/multispecies_prep_balanced100_availaudio_20260430T120219Z/ICLISTENHF6016_20250805T180000.000Z.flac,/project/6070467/merileo/data/finwhales/final2025_resnet_20260423/multispecies_calltype_experiments/prep_runs/multispecies_prep_balanced100_availaudio_20260430T120219Z/ICLISTENHF6016_20250805T180000.000Z.flac,60.000000,70.000000,,,,,,,,,,,,,,,,,,,,,,,,,primary_adjacent_gap,primary_adjacent_gap,ONC
ICLISTENHF6016_20250805T190000.000Z_gap_0000_0.0s_10.0s,/project/6070467/merileo/data/finwhales/final2025_resnet_20260423/multispecies_calltype_experiments/prep_runs/multispecies_prep_balanced100_availaudio_20260430T120219Z/ICLISTENHF6016_20250805T190000.000Z.flac,,,,,,10.000000,onc_primary_adjacent_gap,candidate_primary_adjacent_gap,/project/6070467/merileo/data/finwhales/final2025_resnet_20260423/multispecies_calltype_experiments/prep_runs/multispecies_prep_balanced100_availaudio_20260430T120219Z/ICLISTENHF6016_20250805T190000.000Z.flac,,,,1,train,,,,,/project/6070467/merileo/data/finwhales/final2025_resnet_20260423/multispecies_calltype_experiments/prep_runs/multispecies_prep_balanced100_availaudio_20260430T120219Z/ICLISTENHF6016_20250805T190000.000Z.flac,/project/6070467/merileo/data/finwhales/final2025_resnet_20260423/multispecies_calltype_experiments/prep_runs/multispecies_prep_balanced100_availaudio_20260430T120219Z/ICLISTENHF6016_20250805T190000.000Z.flac,0.000000,10.000000,,,,,,,,,,,,,,,,,,,,,,,,,primary_adjacent_gap,primary_adjacent_gap,ONC
ICLISTENHF6016_20250805T190000.000Z_gap_0001_30.0s_40.0s,/project/6070467/merileo/data/finwhales/final2025_resnet_20260423/multispecies_calltype_experiments/prep_runs/multispecies_prep_balanced100_availaudio_20260430T120219Z/ICLISTENHF6016_20250805T190000.000Z.flac,,,,,,10.000000,onc_primary_adjacent_gap,candidate_primary_adjacent_gap,/project/6070467/merileo/data/finwhales/final2025_resnet_20260423/multispecies_calltype_experiments/prep_runs/multispecies_prep_balanced100_availaudio_20260430T120219Z/ICLISTENHF6016_20250805T190000.000Z.flac,,,,1,train,,,,,/project/6070467/merileo/data/finwhales/final2025_resnet_20260423/multispecies_calltype_experiments/prep_runs/multispecies_prep_balanced100_availaudio_20260430T120219Z/ICLISTENHF6016_20250805T190000.000Z.flac,/project/6070467/merileo/data/finwhales/final2025_resnet_20260423/multispecies_calltype_experiments/prep_runs/multispecies_prep_balanced100_availaudio_20260430T120219Z/ICLISTENHF6016_20250805T190000.000Z.flac,30.000000,40.000000,,,,,,,,,,,,,,,,,,,,,,,,,primary_adjacent_gap,primary_adjacent_gap,ONC
ICLISTENHF6016_20250805T190000.000Z_gap_0002_60.0s_70.0s,/project/6070467/merileo/data/finwhales/final2025_resnet_20260423/multispecies_calltype_experiments/prep_runs/multispecies_prep_balanced100_availaudio_20260430T120219Z/ICLISTENHF6016_20250805T190000.000Z.flac,,,,,,10.000000,onc_primary_adjacent_gap,candidate_primary_adjacent_gap,/project/6070467/merileo/data/finwhales/final2025_resnet_20260423/multispecies_calltype_experiments/prep_runs/multispecies_prep_balanced100_availaudio_20260430T120219Z/ICLISTENHF6016_20250805T190000.000Z.flac,,,,1,train,,,,,/project/6070467/merileo/data/finwhales/final2025_resnet_20260423/multispecies_calltype_experiments/prep_runs/multispecies_prep_balanced100_availaudio_20260430T120219Z/ICLISTENHF6016_20250805T190000.000Z.flac,/project/6070467/merileo/data/finwhales/final2025_resnet_20260423/multispecies_calltype_experiments/prep_runs/multispecies_prep_balanced100_availaudio_20260430T120219Z/ICLISTENHF6016_20250805T190000.000Z.flac,60.000000,70.000000,,,,,,,,,,,,,,,,,,,,,,,,,primary_adjacent_gap,primary_adjacent_gap,ONC
ICLISTENHF6016_20250805T200000.000Z_gap_0000_24.1s_34.1s,/project/6070467/merileo/data/finwhales/final2025_resnet_20260423/multispecies_calltype_experiments/prep_runs/multispecies_prep_balanced100_availaudio_20260430T120219Z/ICLISTENHF6016_20250805T200000.000Z.flac,,,,,,10.000000,onc_primary_adjacent_gap,candidate_primary_adjacent_gap,/project/6070467/merileo/data/finwhales/final2025_resnet_20260423/multispecies_calltype_experiments/prep_runs/multispecies_prep_balanced100_availaudio_20260430T120219Z/ICLISTENHF6016_20250805T200000.000Z.flac,,,,1,train,,,,,/project/6070467/merileo/data/finwhales/final2025_resnet_20260423/multispecies_calltype_experiments/prep_runs/multispecies_prep_balanced100_availaudio_20260430T120219Z/ICLISTENHF6016_20250805T200000.000Z.flac,/project/6070467/merileo/data/finwhales/final2025_resnet_20260423/multispecies_calltype_experiments/prep_runs/multispecies_prep_balanced100_availaudio_20260430T120219Z/ICLISTENHF6016_20250805T200000.000Z.flac,24.100000,34.100000,,,,,,,,,,,,,,,,,,,,,,,,,primary_adjacent_gap,primary_adjacent_gap,ONC
ICLISTENHF6016_20250805T200000.000Z_gap_0001_54.1s_64.1s,/project/6070467/merileo/data/finwhales/final2025_resnet_20260423/multispecies_calltype_experiments/prep_runs/multispecies_prep_balanced100_availaudio_20260430T120219Z/ICLISTENHF6016_20250805T200000.000Z.flac,,,,,,10.000000,onc_primary_adjacent_gap,candidate_primary_adjacent_gap,/project/6070467/merileo/data/finwhales/final2025_resnet_20260423/multispecies_calltype_experiments/prep_runs/multispecies_prep_balanced100_availaudio_20260430T120219Z/ICLISTENHF6016_20250805T200000.000Z.flac,,,,1,train,,,,,/project/6070467/merileo/data/finwhales/final2025_resnet_20260423/multispecies_calltype_experiments/prep_runs/multispecies_prep_balanced100_availaudio_20260430T120219Z/ICLISTENHF6016_20250805T200000.000Z.flac,/project/6070467/merileo/data/finwhales/final2025_resnet_20260423/multispecies_calltype_experiments/prep_runs/multispecies_prep_balanced100_availaudio_20260430T120219Z/ICLISTENHF6016_20250805T200000.000Z.flac,54.100000,64.100000,,,,,,,,,,,,,,,,,,,,,,,,,primary_adjacent_gap,primary_adjacent_gap,ONC
ICLISTENHF6016_20250805T200000.000Z_gap_0002_84.1s_94.1s,/project/6070467/merileo/data/finwhales/final2025_resnet_20260423/multispecies_calltype_experiments/prep_runs/multispecies_prep_balanced100_availaudio_20260430T120219Z/ICLISTENHF6016_20250805T200000.000Z.flac,,,,,,10.000000,onc_primary_adjacent_gap,candidate_primary_adjacent_gap,/project/6070467/merileo/data/finwhales/final2025_resnet_20260423/multispecies_calltype_experiments/prep_runs/multispecies_prep_balanced100_availaudio_20260430T120219Z/ICLISTENHF6016_20250805T200000.000Z.flac,,,,1,train,,,,,/project/6070467/merileo/data/finwhales/final2025_resnet_20260423/multispecies_calltype_experiments/prep_runs/multispecies_prep_balanced100_availaudio_20260430T120219Z/ICLISTENHF6016_20250805T200000.000Z.flac,/project/6070467/merileo/data/finwhales/final2025_resnet_20260423/multispecies_calltype_experiments/prep_runs/multispecies_prep_balanced100_availaudio_20260430T120219Z/ICLISTENHF6016_20250805T200000.000Z.flac,84.100000,94.100000,,,,,,,,,,,,,,,,,,,,,,,,,primary_adjacent_gap,primary_adjacent_gap,ONC
ICLISTENHF6016_20250805T210000.000Z_gap_0000_0.0s_10.0s,/project/6070467/merileo/data/finwhales/final2025_resnet_20260423/multispecies_calltype_experiments/prep_runs/multispecies_prep_balanced100_availaudio_20260430T120219Z/ICLISTENHF6016_20250805T210000.000Z.flac,,,,,,10.000000,onc_primary_adjacent_gap,candidate_primary_adjacent_gap,/project/6070467/merileo/data/finwhales/final2025_resnet_20260423/multispecies_calltype_experiments/prep_runs/multispecies_prep_balanced100_availaudio_20260430T120219Z/ICLISTENHF6016_20250805T210000.000Z.flac,,,,1,train,,,,,/project/6070467/merileo/data/finwhales/final2025_resnet_20260423/multispecies_calltype_experiments/prep_runs/multispecies_prep_balanced100_availaudio_20260430T120219Z/ICLISTENHF6016_20250805T210000.000Z.flac,/project/6070467/merileo/data/finwhales/final2025_resnet_20260423/multispecies_calltype_experiments/prep_runs/multispecies_prep_balanced100_availaudio_20260430T120219Z/ICLISTENHF6016_20250805T210000.000Z.flac,0.000000,10.000000,,,,,,,,,,,,,,,,,,,,,,,,,primary_adjacent_gap,primary_adjacent_gap,ONC
ICLISTENHF6016_20250805T210000.000Z_gap_0001_13.9s_23.9s,/project/6070467/merileo/data/finwhales/final2025_resnet_20260423/multispecies_calltype_experiments/prep_runs/multispecies_prep_balanced100_availaudio_20260430T120219Z/ICLISTENHF6016_20250805T210000.000Z.flac,,,,,,10.000000,onc_primary_adjacent_gap,candidate_primary_adjacent_gap,/project/6070467/merileo/data/finwhales/final2025_resnet_20260423/multispecies_calltype_experiments/prep_runs/multispecies_prep_balanced100_availaudio_20260430T120219Z/ICLISTENHF6016_20250805T210000.000Z.flac,,,,1,train,,,,,/project/6070467/merileo/data/finwhales/final2025_resnet_20260423/multispecies_calltype_experiments/prep_runs/multispecies_prep_balanced100_availaudio_20260430T120219Z/ICLISTENHF6016_20250805T210000.000Z.flac,/project/6070467/merileo/data/finwhales/final2025_resnet_20260423/multispecies_calltype_experiments/prep_runs/multispecies_prep_balanced100_availaudio_20260430T120219Z/ICLISTENHF6016_20250805T210000.000Z.flac,13.900000,23.900000,,,,,,,,,,,,,,,,,,,,,,,,,primary_adjacent_gap,primary_adjacent_gap,ONC
ICLISTENHF6016_20250805T210000.000Z_gap_0002_41.4s_51.4s,/project/6070467/merileo/data/finwhales/final2025_resnet_20260423/multispecies_calltype_experiments/prep_runs/multispecies_prep_balanced100_availaudio_20260430T120219Z/ICLISTENHF6016_20250805T210000.000Z.flac,,,,,,10.000000,onc_primary_adjacent_gap,candidate_primary_adjacent_gap,/project/6070467/merileo/data/finwhales/final2025_resnet_20260423/multispecies_calltype_experiments/prep_runs/multispecies_prep_balanced100_availaudio_20260430T120219Z/ICLISTENHF6016_20250805T210000.000Z.flac,,,,1,train,,,,,/project/6070467/merileo/data/finwhales/final2025_resnet_20260423/multispecies_calltype_experiments/prep_runs/multispecies_prep_balanced100_availaudio_20260430T120219Z/ICLISTENHF6016_20250805T210000.000Z.flac,/project/6070467/merileo/data/finwhales/final2025_resnet_20260423/multispecies_calltype_experiments/prep_runs/multispecies_prep_balanced100_availaudio_20260430T120219Z/ICLISTENHF6016_20250805T210000.000Z.flac,41.400000,51.400000,,,,,,,,,,,,,,,,,,,,,,,,,primary_adjacent_gap,primary_adjacent_gap,ONC
ICLISTENHF6016_20250805T220000.000Z_gap_0000_0.0s_10.0s,/project/6070467/merileo/data/finwhales/final2025_resnet_20260423/multispecies_calltype_experiments/prep_runs/multispecies_prep_balanced100_availaudio_20260430T120219Z/ICLISTENHF6016_20250805T220000.000Z.flac,,,,,,10.000000,onc_primary_adjacent_gap,candidate_primary_adjacent_gap,/project/6070467/merileo/data/finwhales/final2025_resnet_20260423/multispecies_calltype_experiments/prep_runs/multispecies_prep_balanced100_availaudio_20260430T120219Z/ICLISTENHF6016_20250805T220000.000Z.flac,,,,1,train,,,,,/project/6070467/merileo/data/finwhales/final2025_resnet_20260423/multispecies_calltype_experiments/prep_runs/multispecies_prep_balanced100_availaudio_20260430T120219Z/ICLISTENHF6016_20250805T220000.000Z.flac,/project/6070467/merileo/data/finwhales/final2025_resnet_20260423/multispecies_calltype_experiments/prep_runs/multispecies_prep_balanced100_availaudio_20260430T120219Z/ICLISTENHF6016_20250805T220000.000Z.flac,0.000000,10.000000,,,,,,,,,,,,,,,,,,,,,,,,,primary_adjacent_gap,primary_adjacent_gap,ONC
ICLISTENHF6016_20250805T220000.000Z_gap_0001_30.0s_40.0s,/project/6070467/merileo/data/finwhales/final2025_resnet_20260423/multispecies_calltype_experiments/prep_runs/multispecies_prep_balanced100_availaudio_20260430T120219Z/ICLISTENHF6016_20250805T220000.000Z.flac,,,,,,10.000000,onc_primary_adjacent_gap,candidate_primary_adjacent_gap,/project/6070467/merileo/data/finwhales/final2025_resnet_20260423/multispecies_calltype_experiments/prep_runs/multispecies_prep_balanced100_availaudio_20260430T120219Z/ICLISTENHF6016_20250805T220000.000Z.flac,,,,1,train,,,,,/project/6070467/merileo/data/finwhales/final2025_resnet_20260423/multispecies_calltype_experiments/prep_runs/multispecies_prep_balanced100_availaudio_20260430T120219Z/ICLISTENHF6016_20250805T220000.000Z.flac,/project/6070467/merileo/data/finwhales/final2025_resnet_20260423/multispecies_calltype_experiments/prep_runs/multispecies_prep_balanced100_availaudio_20260430T120219Z/ICLISTENHF6016_20250805T220000.000Z.flac,30.000000,40.000000,,,,,,,,,,,,,,,,,,,,,,,,,primary_adjacent_gap,primary_adjacent_gap,ONC
ICLISTENHF6016_20250805T220000.000Z_gap_0002_60.0s_70.0s,/project/6070467/merileo/data/finwhales/final2025_resnet_20260423/multispecies_calltype_experiments/prep_runs/multispecies_prep_balanced100_availaudio_20260430T120219Z/ICLISTENHF6016_20250805T220000.000Z.flac,,,,,,10.000000,onc_primary_adjacent_gap,candidate_primary_adjacent_gap,/project/6070467/merileo/data/finwhales/final2025_resnet_20260423/multispecies_calltype_experiments/prep_runs/multispecies_prep_balanced100_availaudio_20260430T120219Z/ICLISTENHF6016_20250805T220000.000Z.flac,,,,1,train,,,,,/project/6070467/merileo/data/finwhales/final2025_resnet_20260423/multispecies_calltype_experiments/prep_runs/multispecies_prep_balanced100_availaudio_20260430T120219Z/ICLISTENHF6016_20250805T220000.000Z.flac,/project/6070467/merileo/data/finwhales/final2025_resnet_20260423/multispecies_calltype_experiments/prep_runs/multispecies_prep_balanced100_availaudio_20260430T120219Z/ICLISTENHF6016_20250805T220000.000Z.flac,60.000000,70.000000,,,,,,,,,,,,,,,,,,,,,,,,,primary_adjacent_gap,primary_adjacent_gap,ONC
ICLISTENHF6016_20250805T230000.000Z_gap_0000_25.3s_35.3s,/project/6070467/merileo/data/finwhales/final2025_resnet_20260423/multispecies_calltype_experiments/prep_runs/multispecies_prep_balanced100_availaudio_20260430T120219Z/ICLISTENHF6016_20250805T230000.000Z.flac,,,,,,10.000000,onc_primary_adjacent_gap,candidate_primary_adjacent_gap,/project/6070467/merileo/data/finwhales/final2025_resnet_20260423/multispecies_calltype_experiments/prep_runs/multispecies_prep_balanced100_availaudio_20260430T120219Z/ICLISTENHF6016_20250805T230000.000Z.flac,,,,1,train,,,,,/project/6070467/merileo/data/finwhales/final2025_resnet_20260423/multispecies_calltype_experiments/prep_runs/multispecies_prep_balanced100_availaudio_20260430T120219Z/ICLISTENHF6016_20250805T230000.000Z.flac,/project/6070467/merileo/data/finwhales/final2025_resnet_20260423/multispecies_calltype_experiments/prep_runs/multispecies_prep_balanced100_availaudio_20260430T120219Z/ICLISTENHF6016_20250805T230000.000Z.flac,25.300000,35.300000,,,,,,,,,,,,,,,,,,,,,,,,,primary_adjacent_gap,primary_adjacent_gap,ONC
ICLISTENHF6016_20250805T230000.000Z_gap_0001_55.3s_65.3s,/project/6070467/merileo/data/finwhales/final2025_resnet_20260423/multispecies_calltype_experiments/prep_runs/multispecies_prep_balanced100_availaudio_20260430T120219Z/ICLISTENHF6016_20250805T230000.000Z.flac,,,,,,10.000000,onc_primary_adjacent_gap,candidate_primary_adjacent_gap,/project/6070467/merileo/data/finwhales/final2025_resnet_20260423/multispecies_calltype_experiments/prep_runs/multispecies_prep_balanced100_availaudio_20260430T120219Z/ICLISTENHF6016_20250805T230000.000Z.flac,,,,1,train,,,,,/project/6070467/merileo/data/finwhales/final2025_resnet_20260423/multispecies_calltype_experiments/prep_runs/multispecies_prep_balanced100_availaudio_20260430T120219Z/ICLISTENHF6016_20250805T230000.000Z.flac,/project/6070467/merileo/data/finwhales/final2025_resnet_20260423/multispecies_calltype_experiments/prep_runs/multispecies_prep_balanced100_availaudio_20260430T120219Z/ICLISTENHF6016_20250805T230000.000Z.flac,55.300000,65.300000,,,,,,,,,,,,,,,,,,,,,,,,,primary_adjacent_gap,primary_adjacent_gap,ONC
ICLISTENHF6016_20250805T230000.000Z_gap_0002_85.3s_95.3s,/project/6070467/merileo/data/finwhales/final2025_resnet_20260423/multispecies_calltype_experiments/prep_runs/multispecies_prep_balanced100_availaudio_20260430T120219Z/ICLISTENHF6016_20250805T230000.000Z.flac,,,,,,10.000000,onc_primary_adjacent_gap,candidate_primary_adjacent_gap,/project/6070467/merileo/data/finwhales/final2025_resnet_20260423/multispecies_calltype_experiments/prep_runs/multispecies_prep_balanced100_availaudio_20260430T120219Z/ICLISTENHF6016_20250805T230000.000Z.flac,,,,1,train,,,,,/project/6070467/merileo/data/finwhales/final2025_resnet_20260423/multispecies_calltype_experiments/prep_runs/multispecies_prep_balanced100_availaudio_20260430T120219Z/ICLISTENHF6016_20250805T230000.000Z.flac,/project/6070467/merileo/data/finwhales/final2025_resnet_20260423/multispecies_calltype_experiments/prep_runs/multispecies_prep_balanced100_availaudio_20260430T120219Z/ICLISTENHF6016_20250805T230000.000Z.flac,85.300000,95.300000,,,,,,,,,,,,,,,,,,,,,,,,,primary_adjacent_gap,primary_adjacent_gap,ONC
ICLISTENHF6016_20250820T000000.000Z_gap_0000_0.0s_10.0s,/project/6070467/merileo/data/finwhales/final2025_resnet_20260423/multispecies_calltype_experiments/prep_runs/multispecies_prep_balanced100_availaudio_20260430T120219Z/ICLISTENHF6016_20250820T000000.000Z.flac,,,,,,10.000000,onc_primary_adjacent_gap,candidate_primary_adjacent_gap,/project/6070467/merileo/data/finwhales/final2025_resnet_20260423/multispecies_calltype_experiments/prep_runs/multispecies_prep_balanced100_availaudio_20260430T120219Z/ICLISTENHF6016_20250820T000000.000Z.flac,,,,1,train,,,,,/project/6070467/merileo/data/finwhales/final2025_resnet_20260423/multispecies_calltype_experiments/prep_runs/multispecies_prep_balanced100_availaudio_20260430T120219Z/ICLISTENHF6016_20250820T000000.000Z.flac,/project/6070467/merileo/data/finwhales/final2025_resnet_20260423/multispecies_calltype_experiments/prep_runs/multispecies_prep_balanced100_availaudio_20260430T120219Z/ICLISTENHF6016_20250820T000000.000Z.flac,0.000000,10.000000,,,,,,,,,,,,,,,,,,,,,,,,,primary_adjacent_gap,primary_adjacent_gap,ONC
ICLISTENHF6016_20250820T000000.000Z_gap_0001_30.0s_40.0s,/project/6070467/merileo/data/finwhales/final2025_resnet_20260423/multispecies_calltype_experiments/prep_runs/multispecies_prep_balanced100_availaudio_20260430T120219Z/ICLISTENHF6016_20250820T000000.000Z.flac,,,,,,10.000000,onc_primary_adjacent_gap,candidate_primary_adjacent_gap,/project/6070467/merileo/data/finwhales/final2025_resnet_20260423/multispecies_calltype_experiments/prep_runs/multispecies_prep_balanced100_availaudio_20260430T120219Z/ICLISTENHF6016_20250820T000000.000Z.flac,,,,1,train,,,,,/project/6070467/merileo/data/finwhales/final2025_resnet_20260423/multispecies_calltype_experiments/prep_runs/multispecies_prep_balanced100_availaudio_20260430T120219Z/ICLISTENHF6016_20250820T000000.000Z.flac,/project/6070467/merileo/data/finwhales/final2025_resnet_20260423/multispecies_calltype_experiments/prep_runs/multispecies_prep_balanced100_availaudio_20260430T120219Z/ICLISTENHF6016_20250820T000000.000Z.flac,30.000000,40.000000,,,,,,,,,,,,,,,,,,,,,,,,,primary_adjacent_gap,primary_adjacent_gap,ONC
ICLISTENHF6016_20250820T000000.000Z_gap_0002_57.9s_67.9s,/project/6070467/merileo/data/finwhales/final2025_resnet_20260423/multispecies_calltype_experiments/prep_runs/multispecies_prep_balanced100_availaudio_20260430T120219Z/ICLISTENHF6016_20250820T000000.000Z.flac,,,,,,10.000000,onc_primary_adjacent_gap,candidate_primary_adjacent_gap,/project/6070467/merileo/data/finwhales/final2025_resnet_20260423/multispecies_calltype_experiments/prep_runs/multispecies_prep_balanced100_availaudio_20260430T120219Z/ICLISTENHF6016_20250820T000000.000Z.flac,,,,1,train,,,,,/project/6070467/merileo/data/finwhales/final2025_resnet_20260423/multispecies_calltype_experiments/prep_runs/multispecies_prep_balanced100_availaudio_20260430T120219Z/ICLISTENHF6016_20250820T000000.000Z.flac,/project/6070467/merileo/data/finwhales/final2025_resnet_20260423/multispecies_calltype_experiments/prep_runs/multispecies_prep_balanced100_availaudio_20260430T120219Z/ICLISTENHF6016_20250820T000000.000Z.flac,57.900000,67.900000,,,,,,,,,,,,,,,,,,,,,,,,,primary_adjacent_gap,primary_adjacent_gap,ONC
ICLISTENHF6016_20250825T000000.000Z_gap_0000_0.0s_10.0s,/project/6070467/merileo/data/finwhales/final2025_resnet_20260423/multispecies_calltype_experiments/prep_runs/multispecies_prep_balanced100_availaudio_20260430T120219Z/ICLISTENHF6016_20250825T000000.000Z.flac,,,,,,10.000000,onc_primary_adjacent_gap,candidate_primary_adjacent_gap,/project/6070467/merileo/data/finwhales/final2025_resnet_20260423/multispecies_calltype_experiments/prep_runs/multispecies_prep_balanced100_availaudio_20260430T120219Z/ICLISTENHF6016_20250825T000000.000Z.flac,,,,1,train,,,,,/project/6070467/merileo/data/finwhales/final2025_resnet_20260423/multispecies_calltype_experiments/prep_runs/multispecies_prep_balanced100_availaudio_20260430T120219Z/ICLISTENHF6016_20250825T000000.000Z.flac,/project/6070467/merileo/data/finwhales/final2025_resnet_20260423/multispecies_calltype_experiments/prep_runs/multispecies_prep_balanced100_availaudio_20260430T120219Z/ICLISTENHF6016_20250825T000000.000Z.flac,0.000000,10.000000,,,,,,,,,,,,,,,,,,,,,,,,,primary_adjacent_gap,primary_adjacent_gap,ONC
ICLISTENHF6016_20250825T000000.000Z_gap_0001_30.0s_40.0s,/project/6070467/merileo/data/finwhales/final2025_resnet_20260423/multispecies_calltype_experiments/prep_runs/multispecies_prep_balanced100_availaudio_20260430T120219Z/ICLISTENHF6016_20250825T000000.000Z.flac,,,,,,10.000000,onc_primary_adjacent_gap,candidate_primary_adjacent_gap,/project/6070467/merileo/data/finwhales/final2025_resnet_20260423/multispecies_calltype_experiments/prep_runs/multispecies_prep_balanced100_availaudio_20260430T120219Z/ICLISTENHF6016_20250825T000000.000Z.flac,,,,1,train,,,,,/project/6070467/merileo/data/finwhales/final2025_resnet_20260423/multispecies_calltype_experiments/prep_runs/multispecies_prep_balanced100_availaudio_20260430T120219Z/ICLISTENHF6016_20250825T000000.000Z.flac,/project/6070467/merileo/data/finwhales/final2025_resnet_20260423/multispecies_calltype_experiments/prep_runs/multispecies_prep_balanced100_availaudio_20260430T120219Z/ICLISTENHF6016_20250825T000000.000Z.flac,30.000000,40.000000,,,,,,,,,,,,,,,,,,,,,,,,,primary_adjacent_gap,primary_adjacent_gap,ONC
ICLISTENHF6016_20250825T000000.000Z_gap_0002_60.0s_70.0s,/project/6070467/merileo/data/finwhales/final2025_resnet_20260423/multispecies_calltype_experiments/prep_runs/multispecies_prep_balanced100_availaudio_20260430T120219Z/ICLISTENHF6016_20250825T000000.000Z.flac,,,,,,10.000000,onc_primary_adjacent_gap,candidate_primary_adjacent_gap,/project/6070467/merileo/data/finwhales/final2025_resnet_20260423/multispecies_calltype_experiments/prep_runs/multispecies_prep_balanced100_availaudio_20260430T120219Z/ICLISTENHF6016_20250825T000000.000Z.flac,,,,1,train,,,,,/project/6070467/merileo/data/finwhales/final2025_resnet_20260423/multispecies_calltype_experiments/prep_runs/multispecies_prep_balanced100_availaudio_20260430T120219Z/ICLISTENHF6016_20250825T000000.000Z.flac,/project/6070467/merileo/data/finwhales/final2025_resnet_20260423/multispecies_calltype_experiments/prep_runs/multispecies_prep_balanced100_availaudio_20260430T120219Z/ICLISTENHF6016_20250825T000000.000Z.flac,60.000000,70.000000,,,,,,,,,,,,,,,,,,,,,,,,,primary_adjacent_gap,primary_adjacent_gap,ONC
ICLISTENHF6016_20250830T080000.000Z_gap_0000_0.0s_10.0s,/project/6070467/merileo/data/finwhales/final2025_resnet_20260423/multispecies_calltype_experiments/prep_runs/multispecies_prep_balanced100_availaudio_20260430T120219Z/ICLISTENHF6016_20250830T080000.000Z.flac,,,,,,10.000000,onc_primary_adjacent_gap,candidate_primary_adjacent_gap,/project/6070467/merileo/data/finwhales/final2025_resnet_20260423/multispecies_calltype_experiments/prep_runs/multispecies_prep_balanced100_availaudio_20260430T120219Z/ICLISTENHF6016_20250830T080000.000Z.flac,,,,1,train,,,,,/project/6070467/merileo/data/finwhales/final2025_resnet_20260423/multispecies_calltype_experiments/prep_runs/multispecies_prep_balanced100_availaudio_20260430T120219Z/ICLISTENHF6016_20250830T080000.000Z.flac,/project/6070467/merileo/data/finwhales/final2025_resnet_20260423/multispecies_calltype_experiments/prep_runs/multispecies_prep_balanced100_availaudio_20260430T120219Z/ICLISTENHF6016_20250830T080000.000Z.flac,0.000000,10.000000,,,,,,,,,,,,,,,,,,,,,,,,,primary_adjacent_gap,primary_adjacent_gap,ONC
ICLISTENHF6016_20250830T080000.000Z_gap_0001_30.0s_40.0s,/project/6070467/merileo/data/finwhales/final2025_resnet_20260423/multispecies_calltype_experiments/prep_runs/multispecies_prep_balanced100_availaudio_20260430T120219Z/ICLISTENHF6016_20250830T080000.000Z.flac,,,,,,10.000000,onc_primary_adjacent_gap,candidate_primary_adjacent_gap,/project/6070467/merileo/data/finwhales/final2025_resnet_20260423/multispecies_calltype_experiments/prep_runs/multispecies_prep_balanced100_availaudio_20260430T120219Z/ICLISTENHF6016_20250830T080000.000Z.flac,,,,1,train,,,,,/project/6070467/merileo/data/finwhales/final2025_resnet_20260423/multispecies_calltype_experiments/prep_runs/multispecies_prep_balanced100_availaudio_20260430T120219Z/ICLISTENHF6016_20250830T080000.000Z.flac,/project/6070467/merileo/data/finwhales/final2025_resnet_20260423/multispecies_calltype_experiments/prep_runs/multispecies_prep_balanced100_availaudio_20260430T120219Z/ICLISTENHF6016_20250830T080000.000Z.flac,30.000000,40.000000,,,,,,,,,,,,,,,,,,,,,,,,,primary_adjacent_gap,primary_adjacent_gap,ONC
ICLISTENHF6016_20250830T080000.000Z_gap_0002_60.0s_70.0s,/project/6070467/merileo/data/finwhales/final2025_resnet_20260423/multispecies_calltype_experiments/prep_runs/multispecies_prep_balanced100_availaudio_20260430T120219Z/ICLISTENHF6016_20250830T080000.000Z.flac,,,,,,10.000000,onc_primary_adjacent_gap,candidate_primary_adjacent_gap,/project/6070467/merileo/data/finwhales/final2025_resnet_20260423/multispecies_calltype_experiments/prep_runs/multispecies_prep_balanced100_availaudio_20260430T120219Z/ICLISTENHF6016_20250830T080000.000Z.flac,,,,1,train,,,,,/project/6070467/merileo/data/finwhales/final2025_resnet_20260423/multispecies_calltype_experiments/prep_runs/multispecies_prep_balanced100_availaudio_20260430T120219Z/ICLISTENHF6016_20250830T080000.000Z.flac,/project/6070467/merileo/data/finwhales/final2025_resnet_20260423/multispecies_calltype_experiments/prep_runs/multispecies_prep_balanced100_availaudio_20260430T120219Z/ICLISTENHF6016_20250830T080000.000Z.flac,60.000000,70.000000,,,,,,,,,,,,,,,,,,,,,,,,,primary_adjacent_gap,primary_adjacent_gap,ONC
ICLISTENHF6016_20250910T050000.000Z_gap_0000_0.0s_10.0s,/project/6070467/merileo/data/finwhales/final2025_resnet_20260423/multispecies_calltype_experiments/prep_runs/multispecies_prep_balanced100_availaudio_20260430T120219Z/ICLISTENHF6016_20250910T050000.000Z.flac,,,,,,10.000000,onc_primary_adjacent_gap,candidate_primary_adjacent_gap,/project/6070467/merileo/data/finwhales/final2025_resnet_20260423/multispecies_calltype_experiments/prep_runs/multispecies_prep_balanced100_availaudio_20260430T120219Z/ICLISTENHF6016_20250910T050000.000Z.flac,,,,1,train,,,,,/project/6070467/merileo/data/finwhales/final2025_resnet_20260423/multispecies_calltype_experiments/prep_runs/multispecies_prep_balanced100_availaudio_20260430T120219Z/ICLISTENHF6016_20250910T050000.000Z.flac,/project/6070467/merileo/data/finwhales/final2025_resnet_20260423/multispecies_calltype_experiments/prep_runs/multispecies_prep_balanced100_availaudio_20260430T120219Z/ICLISTENHF6016_20250910T050000.000Z.flac,0.000000,10.000000,,,,,,,,,,,,,,,,,,,,,,,,,primary_adjacent_gap,primary_adjacent_gap,ONC
ICLISTENHF6016_20250910T050000.000Z_gap_0001_30.0s_40.0s,/project/6070467/merileo/data/finwhales/final2025_resnet_20260423/multispecies_calltype_experiments/prep_runs/multispecies_prep_balanced100_availaudio_20260430T120219Z/ICLISTENHF6016_20250910T050000.000Z.flac,,,,,,10.000000,onc_primary_adjacent_gap,candidate_primary_adjacent_gap,/project/6070467/merileo/data/finwhales/final2025_resnet_20260423/multispecies_calltype_experiments/prep_runs/multispecies_prep_balanced100_availaudio_20260430T120219Z/ICLISTENHF6016_20250910T050000.000Z.flac,,,,1,train,,,,,/project/6070467/merileo/data/finwhales/final2025_resnet_20260423/multispecies_calltype_experiments/prep_runs/multispecies_prep_balanced100_availaudio_20260430T120219Z/ICLISTENHF6016_20250910T050000.000Z.flac,/project/6070467/merileo/data/finwhales/final2025_resnet_20260423/multispecies_calltype_experiments/prep_runs/multispecies_prep_balanced100_availaudio_20260430T120219Z/ICLISTENHF6016_20250910T050000.000Z.flac,30.000000,40.000000,,,,,,,,,,,,,,,,,,,,,,,,,primary_adjacent_gap,primary_adjacent_gap,ONC
ICLISTENHF6016_20250910T050000.000Z_gap_0002_60.0s_70.0s,/project/6070467/merileo/data/finwhales/final2025_resnet_20260423/multispecies_calltype_experiments/prep_runs/multispecies_prep_balanced100_availaudio_20260430T120219Z/ICLISTENHF6016_20250910T050000.000Z.flac,,,,,,10.000000,onc_primary_adjacent_gap,candidate_primary_adjacent_gap,/project/6070467/merileo/data/finwhales/final2025_resnet_20260423/multispecies_calltype_experiments/prep_runs/multispecies_prep_balanced100_availaudio_20260430T120219Z/ICLISTENHF6016_20250910T050000.000Z.flac,,,,1,train,,,,,/project/6070467/merileo/data/finwhales/final2025_resnet_20260423/multispecies_calltype_experiments/prep_runs/multispecies_prep_balanced100_availaudio_20260430T120219Z/ICLISTENHF6016_20250910T050000.000Z.flac,/project/6070467/merileo/data/finwhales/final2025_resnet_20260423/multispecies_calltype_experiments/prep_runs/multispecies_prep_balanced100_availaudio_20260430T120219Z/ICLISTENHF6016_20250910T050000.000Z.flac,60.000000,70.000000,,,,,,,,,,,,,,,,,,,,,,,,,primary_adjacent_gap,primary_adjacent_gap,ONC
ICLISTENHF6016_20250910T200000.000Z_gap_0000_0.0s_10.0s,/project/6070467/merileo/data/finwhales/final2025_resnet_20260423/multispecies_calltype_experiments/prep_runs/multispecies_prep_balanced100_availaudio_20260430T120219Z/ICLISTENHF6016_20250910T200000.000Z.flac,,,,,,10.000000,onc_primary_adjacent_gap,candidate_primary_adjacent_gap,/project/6070467/merileo/data/finwhales/final2025_resnet_20260423/multispecies_calltype_experiments/prep_runs/multispecies_prep_balanced100_availaudio_20260430T120219Z/ICLISTENHF6016_20250910T200000.000Z.flac,,,,1,test,,,,,/project/6070467/merileo/data/finwhales/final2025_resnet_20260423/multispecies_calltype_experiments/prep_runs/multispecies_prep_balanced100_availaudio_20260430T120219Z/ICLISTENHF6016_20250910T200000.000Z.flac,/project/6070467/merileo/data/finwhales/final2025_resnet_20260423/multispecies_calltype_experiments/prep_runs/multispecies_prep_balanced100_availaudio_20260430T120219Z/ICLISTENHF6016_20250910T200000.000Z.flac,0.000000,10.000000,,,,,,,,,,,,,,,,,,,,,,,,,primary_adjacent_gap,primary_adjacent_gap,ONC
ICLISTENHF6016_20250910T200000.000Z_gap_0001_30.0s_40.0s,/project/6070467/merileo/data/finwhales/final2025_resnet_20260423/multispecies_calltype_experiments/prep_runs/multispecies_prep_balanced100_availaudio_20260430T120219Z/ICLISTENHF6016_20250910T200000.000Z.flac,,,,,,10.000000,onc_primary_adjacent_gap,candidate_primary_adjacent_gap,/project/6070467/merileo/data/finwhales/final2025_resnet_20260423/multispecies_calltype_experiments/prep_runs/multispecies_prep_balanced100_availaudio_20260430T120219Z/ICLISTENHF6016_20250910T200000.000Z.flac,,,,1,test,,,,,/project/6070467/merileo/data/finwhales/final2025_resnet_20260423/multispecies_calltype_experiments/prep_runs/multispecies_prep_balanced100_availaudio_20260430T120219Z/ICLISTENHF6016_20250910T200000.000Z.flac,/project/6070467/merileo/data/finwhales/final2025_resnet_20260423/multispecies_calltype_experiments/prep_runs/multispecies_prep_balanced100_availaudio_20260430T120219Z/ICLISTENHF6016_20250910T200000.000Z.flac,30.000000,40.000000,,,,,,,,,,,,,,,,,,,,,,,,,primary_adjacent_gap,primary_adjacent_gap,ONC
ICLISTENHF6016_20250910T200000.000Z_gap_0002_60.0s_70.0s,/project/6070467/merileo/data/finwhales/final2025_resnet_20260423/multispecies_calltype_experiments/prep_runs/multispecies_prep_balanced100_availaudio_20260430T120219Z/ICLISTENHF6016_20250910T200000.000Z.flac,,,,,,10.000000,onc_primary_adjacent_gap,candidate_primary_adjacent_gap,/project/6070467/merileo/data/finwhales/final2025_resnet_20260423/multispecies_calltype_experiments/prep_runs/multispecies_prep_balanced100_availaudio_20260430T120219Z/ICLISTENHF6016_20250910T200000.000Z.flac,,,,1,test,,,,,/project/6070467/merileo/data/finwhales/final2025_resnet_20260423/multispecies_calltype_experiments/prep_runs/multispecies_prep_balanced100_availaudio_20260430T120219Z/ICLISTENHF6016_20250910T200000.000Z.flac,/project/6070467/merileo/data/finwhales/final2025_resnet_20260423/multispecies_calltype_experiments/prep_runs/multispecies_prep_balanced100_availaudio_20260430T120219Z/ICLISTENHF6016_20250910T200000.000Z.flac,60.000000,70.000000,,,,,,,,,,,,,,,,,,,,,,,,,primary_adjacent_gap,primary_adjacent_gap,ONC
ICLISTENHF6016_20250920T040000.000Z_gap_0000_0.0s_10.0s,/project/6070467/merileo/data/finwhales/final2025_resnet_20260423/multispecies_calltype_experiments/prep_runs/multispecies_prep_balanced100_availaudio_20260430T120219Z/ICLISTENHF6016_20250920T040000.000Z.flac,,,,,,10.000000,onc_primary_adjacent_gap,candidate_primary_adjacent_gap,/project/6070467/merileo/data/finwhales/final2025_resnet_20260423/multispecies_calltype_experiments/prep_runs/multispecies_prep_balanced100_availaudio_20260430T120219Z/ICLISTENHF6016_20250920T040000.000Z.flac,,,,1,train,,,,,/project/6070467/merileo/data/finwhales/final2025_resnet_20260423/multispecies_calltype_experiments/prep_runs/multispecies_prep_balanced100_availaudio_20260430T120219Z/ICLISTENHF6016_20250920T040000.000Z.flac,/project/6070467/merileo/data/finwhales/final2025_resnet_20260423/multispecies_calltype_experiments/prep_runs/multispecies_prep_balanced100_availaudio_20260430T120219Z/ICLISTENHF6016_20250920T040000.000Z.flac,0.000000,10.000000,,,,,,,,,,,,,,,,,,,,,,,,,primary_adjacent_gap,primary_adjacent_gap,ONC
ICLISTENHF6016_20250920T040000.000Z_gap_0001_30.0s_40.0s,/project/6070467/merileo/data/finwhales/final2025_resnet_20260423/multispecies_calltype_experiments/prep_runs/multispecies_prep_balanced100_availaudio_20260430T120219Z/ICLISTENHF6016_20250920T040000.000Z.flac,,,,,,10.000000,onc_primary_adjacent_gap,candidate_primary_adjacent_gap,/project/6070467/merileo/data/finwhales/final2025_resnet_20260423/multispecies_calltype_experiments/prep_runs/multispecies_prep_balanced100_availaudio_20260430T120219Z/ICLISTENHF6016_20250920T040000.000Z.flac,,,,1,train,,,,,/project/6070467/merileo/data/finwhales/final2025_resnet_20260423/multispecies_calltype_experiments/prep_runs/multispecies_prep_balanced100_availaudio_20260430T120219Z/ICLISTENHF6016_20250920T040000.000Z.flac,/project/6070467/merileo/data/finwhales/final2025_resnet_20260423/multispecies_calltype_experiments/prep_runs/multispecies_prep_balanced100_availaudio_20260430T120219Z/ICLISTENHF6016_20250920T040000.000Z.flac,30.000000,40.000000,,,,,,,,,,,,,,,,,,,,,,,,,primary_adjacent_gap,primary_adjacent_gap,ONC
ICLISTENHF6016_20250920T040000.000Z_gap_0002_60.0s_70.0s,/project/6070467/merileo/data/finwhales/final2025_resnet_20260423/multispecies_calltype_experiments/prep_runs/multispecies_prep_balanced100_availaudio_20260430T120219Z/ICLISTENHF6016_20250920T040000.000Z.flac,,,,,,10.000000,onc_primary_adjacent_gap,candidate_primary_adjacent_gap,/project/6070467/merileo/data/finwhales/final2025_resnet_20260423/multispecies_calltype_experiments/prep_runs/multispecies_prep_balanced100_availaudio_20260430T120219Z/ICLISTENHF6016_20250920T040000.000Z.flac,,,,1,train,,,,,/project/6070467/merileo/data/finwhales/final2025_resnet_20260423/multispecies_calltype_experiments/prep_runs/multispecies_prep_balanced100_availaudio_20260430T120219Z/ICLISTENHF6016_20250920T040000.000Z.flac,/project/6070467/merileo/data/finwhales/final2025_resnet_20260423/multispecies_calltype_experiments/prep_runs/multispecies_prep_balanced100_availaudio_20260430T120219Z/ICLISTENHF6016_20250920T040000.000Z.flac,60.000000,70.000000,,,,,,,,,,,,,,,,,,,,,,,,,primary_adjacent_gap,primary_adjacent_gap,ONC
ICLISTENHF6016_20250920T130000.000Z_gap_0000_0.0s_10.0s,/project/6070467/merileo/data/finwhales/final2025_resnet_20260423/multispecies_calltype_experiments/prep_runs/multispecies_prep_balanced100_availaudio_20260430T120219Z/ICLISTENHF6016_20250920T130000.000Z.flac,,,,,,10.000000,onc_primary_adjacent_gap,candidate_primary_adjacent_gap,/project/6070467/merileo/data/finwhales/final2025_resnet_20260423/multispecies_calltype_experiments/prep_runs/multispecies_prep_balanced100_availaudio_20260430T120219Z/ICLISTENHF6016_20250920T130000.000Z.flac,,,,1,train,,,,,/project/6070467/merileo/data/finwhales/final2025_resnet_20260423/multispecies_calltype_experiments/prep_runs/multispecies_prep_balanced100_availaudio_20260430T120219Z/ICLISTENHF6016_20250920T130000.000Z.flac,/project/6070467/merileo/data/finwhales/final2025_resnet_20260423/multispecies_calltype_experiments/prep_runs/multispecies_prep_balanced100_availaudio_20260430T120219Z/ICLISTENHF6016_20250920T130000.000Z.flac,0.000000,10.000000,,,,,,,,,,,,,,,,,,,,,,,,,primary_adjacent_gap,primary_adjacent_gap,ONC
ICLISTENHF6016_20250920T130000.000Z_gap_0001_30.0s_40.0s,/project/6070467/merileo/data/finwhales/final2025_resnet_20260423/multispecies_calltype_experiments/prep_runs/multispecies_prep_balanced100_availaudio_20260430T120219Z/ICLISTENHF6016_20250920T130000.000Z.flac,,,,,,10.000000,onc_primary_adjacent_gap,candidate_primary_adjacent_gap,/project/6070467/merileo/data/finwhales/final2025_resnet_20260423/multispecies_calltype_experiments/prep_runs/multispecies_prep_balanced100_availaudio_20260430T120219Z/ICLISTENHF6016_20250920T130000.000Z.flac,,,,1,train,,,,,/project/6070467/merileo/data/finwhales/final2025_resnet_20260423/multispecies_calltype_experiments/prep_runs/multispecies_prep_balanced100_availaudio_20260430T120219Z/ICLISTENHF6016_20250920T130000.000Z.flac,/project/6070467/merileo/data/finwhales/final2025_resnet_20260423/multispecies_calltype_experiments/prep_runs/multispecies_prep_balanced100_availaudio_20260430T120219Z/ICLISTENHF6016_20250920T130000.000Z.flac,30.000000,40.000000,,,,,,,,,,,,,,,,,,,,,,,,,primary_adjacent_gap,primary_adjacent_gap,ONC
ICLISTENHF6016_20250920T130000.000Z_gap_0002_60.0s_70.0s,/project/6070467/merileo/data/finwhales/final2025_resnet_20260423/multispecies_calltype_experiments/prep_runs/multispecies_prep_balanced100_availaudio_20260430T120219Z/ICLISTENHF6016_20250920T130000.000Z.flac,,,,,,10.000000,onc_primary_adjacent_gap,candidate_primary_adjacent_gap,/project/6070467/merileo/data/finwhales/final2025_resnet_20260423/multispecies_calltype_experiments/prep_runs/multispecies_prep_balanced100_availaudio_20260430T120219Z/ICLISTENHF6016_20250920T130000.000Z.flac,,,,1,train,,,,,/project/6070467/merileo/data/finwhales/final2025_resnet_20260423/multispecies_calltype_experiments/prep_runs/multispecies_prep_balanced100_availaudio_20260430T120219Z/ICLISTENHF6016_20250920T130000.000Z.flac,/project/6070467/merileo/data/finwhales/final2025_resnet_20260423/multispecies_calltype_experiments/prep_runs/multispecies_prep_balanced100_availaudio_20260430T120219Z/ICLISTENHF6016_20250920T130000.000Z.flac,60.000000,70.000000,,,,,,,,,,,,,,,,,,,,,,,,,primary_adjacent_gap,primary_adjacent_gap,ONC
ICLISTENHF6016_20250930T000000.000Z_gap_0000_0.0s_10.0s,/project/6070467/merileo/data/finwhales/final2025_resnet_20260423/multispecies_calltype_experiments/prep_runs/multispecies_prep_balanced100_availaudio_20260430T120219Z/ICLISTENHF6016_20250930T000000.000Z.flac,,,,,,10.000000,onc_primary_adjacent_gap,candidate_primary_adjacent_gap,/project/6070467/merileo/data/finwhales/final2025_resnet_20260423/multispecies_calltype_experiments/prep_runs/multispecies_prep_balanced100_availaudio_20260430T120219Z/ICLISTENHF6016_20250930T000000.000Z.flac,,,,1,train,,,,,/project/6070467/merileo/data/finwhales/final2025_resnet_20260423/multispecies_calltype_experiments/prep_runs/multispecies_prep_balanced100_availaudio_20260430T120219Z/ICLISTENHF6016_20250930T000000.000Z.flac,/project/6070467/merileo/data/finwhales/final2025_resnet_20260423/multispecies_calltype_experiments/prep_runs/multispecies_prep_balanced100_availaudio_20260430T120219Z/ICLISTENHF6016_20250930T000000.000Z.flac,0.000000,10.000000,,,,,,,,,,,,,,,,,,,,,,,,,primary_adjacent_gap,primary_adjacent_gap,ONC
ICLISTENHF6016_20250930T000000.000Z_gap_0001_28.7s_38.7s,/project/6070467/merileo/data/finwhales/final2025_resnet_20260423/multispecies_calltype_experiments/prep_runs/multispecies_prep_balanced100_availaudio_20260430T120219Z/ICLISTENHF6016_20250930T000000.000Z.flac,,,,,,10.000000,onc_primary_adjacent_gap,candidate_primary_adjacent_gap,/project/6070467/merileo/data/finwhales/final2025_resnet_20260423/multispecies_calltype_experiments/prep_runs/multispecies_prep_balanced100_availaudio_20260430T120219Z/ICLISTENHF6016_20250930T000000.000Z.flac,,,,1,train,,,,,/project/6070467/merileo/data/finwhales/final2025_resnet_20260423/multispecies_calltype_experiments/prep_runs/multispecies_prep_balanced100_availaudio_20260430T120219Z/ICLISTENHF6016_20250930T000000.000Z.flac,/project/6070467/merileo/data/finwhales/final2025_resnet_20260423/multispecies_calltype_experiments/prep_runs/multispecies_prep_balanced100_availaudio_20260430T120219Z/ICLISTENHF6016_20250930T000000.000Z.flac,28.700000,38.700000,,,,,,,,,,,,,,,,,,,,,,,,,primary_adjacent_gap,primary_adjacent_gap,ONC
ICLISTENHF6016_20250930T000000.000Z_gap_0002_49.4s_59.4s,/project/6070467/merileo/data/finwhales/final2025_resnet_20260423/multispecies_calltype_experiments/prep_runs/multispecies_prep_balanced100_availaudio_20260430T120219Z/ICLISTENHF6016_20250930T000000.000Z.flac,,,,,,10.000000,onc_primary_adjacent_gap,candidate_primary_adjacent_gap,/project/6070467/merileo/data/finwhales/final2025_resnet_20260423/multispecies_calltype_experiments/prep_runs/multispecies_prep_balanced100_availaudio_20260430T120219Z/ICLISTENHF6016_20250930T000000.000Z.flac,,,,1,train,,,,,/project/6070467/merileo/data/finwhales/final2025_resnet_20260423/multispecies_calltype_experiments/prep_runs/multispecies_prep_balanced100_availaudio_20260430T120219Z/ICLISTENHF6016_20250930T000000.000Z.flac,/project/6070467/merileo/data/finwhales/final2025_resnet_20260423/multispecies_calltype_experiments/prep_runs/multispecies_prep_balanced100_availaudio_20260430T120219Z/ICLISTENHF6016_20250930T000000.000Z.flac,49.400000,59.400000,,,,,,,,,,,,,,,,,,,,,,,,,primary_adjacent_gap,primary_adjacent_gap,ONC
ICLISTENHF6016_20250930T080000.000Z_gap_0000_0.0s_10.0s,/project/6070467/merileo/data/finwhales/final2025_resnet_20260423/multispecies_calltype_experiments/prep_runs/multispecies_prep_balanced100_availaudio_20260430T120219Z/ICLISTENHF6016_20250930T080000.000Z.flac,,,,,,10.000000,onc_primary_adjacent_gap,candidate_primary_adjacent_gap,/project/6070467/merileo/data/finwhales/final2025_resnet_20260423/multispecies_calltype_experiments/prep_runs/multispecies_prep_balanced100_availaudio_20260430T120219Z/ICLISTENHF6016_20250930T080000.000Z.flac,,,,1,train,,,,,/project/6070467/merileo/data/finwhales/final2025_resnet_20260423/multispecies_calltype_experiments/prep_runs/multispecies_prep_balanced100_availaudio_20260430T120219Z/ICLISTENHF6016_20250930T080000.000Z.flac,/project/6070467/merileo/data/finwhales/final2025_resnet_20260423/multispecies_calltype_experiments/prep_runs/multispecies_prep_balanced100_availaudio_20260430T120219Z/ICLISTENHF6016_20250930T080000.000Z.flac,0.000000,10.000000,,,,,,,,,,,,,,,,,,,,,,,,,primary_adjacent_gap,primary_adjacent_gap,ONC
ICLISTENHF6016_20250930T080000.000Z_gap_0001_30.0s_40.0s,/project/6070467/merileo/data/finwhales/final2025_resnet_20260423/multispecies_calltype_experiments/prep_runs/multispecies_prep_balanced100_availaudio_20260430T120219Z/ICLISTENHF6016_20250930T080000.000Z.flac,,,,,,10.000000,onc_primary_adjacent_gap,candidate_primary_adjacent_gap,/project/6070467/merileo/data/finwhales/final2025_resnet_20260423/multispecies_calltype_experiments/prep_runs/multispecies_prep_balanced100_availaudio_20260430T120219Z/ICLISTENHF6016_20250930T080000.000Z.flac,,,,1,train,,,,,/project/6070467/merileo/data/finwhales/final2025_resnet_20260423/multispecies_calltype_experiments/prep_runs/multispecies_prep_balanced100_availaudio_20260430T120219Z/ICLISTENHF6016_20250930T080000.000Z.flac,/project/6070467/merileo/data/finwhales/final2025_resnet_20260423/multispecies_calltype_experiments/prep_runs/multispecies_prep_balanced100_availaudio_20260430T120219Z/ICLISTENHF6016_20250930T080000.000Z.flac,30.000000,40.000000,,,,,,,,,,,,,,,,,,,,,,,,,primary_adjacent_gap,primary_adjacent_gap,ONC
ICLISTENHF6016_20250930T080000.000Z_gap_0002_60.0s_70.0s,/project/6070467/merileo/data/finwhales/final2025_resnet_20260423/multispecies_calltype_experiments/prep_runs/multispecies_prep_balanced100_availaudio_20260430T120219Z/ICLISTENHF6016_20250930T080000.000Z.flac,,,,,,10.000000,onc_primary_adjacent_gap,candidate_primary_adjacent_gap,/project/6070467/merileo/data/finwhales/final2025_resnet_20260423/multispecies_calltype_experiments/prep_runs/multispecies_prep_balanced100_availaudio_20260430T120219Z/ICLISTENHF6016_20250930T080000.000Z.flac,,,,1,train,,,,,/project/6070467/merileo/data/finwhales/final2025_resnet_20260423/multispecies_calltype_experiments/prep_runs/multispecies_prep_balanced100_availaudio_20260430T120219Z/ICLISTENHF6016_20250930T080000.000Z.flac,/project/6070467/merileo/data/finwhales/final2025_resnet_20260423/multispecies_calltype_experiments/prep_runs/multispecies_prep_balanced100_availaudio_20260430T120219Z/ICLISTENHF6016_20250930T080000.000Z.flac,60.000000,70.000000,,,,,,,,,,,,,,,,,,,,,,,,,primary_adjacent_gap,primary_adjacent_gap,ONC
ICLISTENHF6016_20250930T140000.000Z_gap_0000_0.0s_10.0s,/project/6070467/merileo/data/finwhales/final2025_resnet_20260423/multispecies_calltype_experiments/prep_runs/multispecies_prep_balanced100_availaudio_20260430T120219Z/ICLISTENHF6016_20250930T140000.000Z.flac,,,,,,10.000000,onc_primary_adjacent_gap,candidate_primary_adjacent_gap,/project/6070467/merileo/data/finwhales/final2025_resnet_20260423/multispecies_calltype_experiments/prep_runs/multispecies_prep_balanced100_availaudio_20260430T120219Z/ICLISTENHF6016_20250930T140000.000Z.flac,,,,1,train,,,,,/project/6070467/merileo/data/finwhales/final2025_resnet_20260423/multispecies_calltype_experiments/prep_runs/multispecies_prep_balanced100_availaudio_20260430T120219Z/ICLISTENHF6016_20250930T140000.000Z.flac,/project/6070467/merileo/data/finwhales/final2025_resnet_20260423/multispecies_calltype_experiments/prep_runs/multispecies_prep_balanced100_availaudio_20260430T120219Z/ICLISTENHF6016_20250930T140000.000Z.flac,0.000000,10.000000,,,,,,,,,,,,,,,,,,,,,,,,,primary_adjacent_gap,primary_adjacent_gap,ONC
ICLISTENHF6016_20250930T140000.000Z_gap_0001_30.0s_40.0s,/project/6070467/merileo/data/finwhales/final2025_resnet_20260423/multispecies_calltype_experiments/prep_runs/multispecies_prep_balanced100_availaudio_20260430T120219Z/ICLISTENHF6016_20250930T140000.000Z.flac,,,,,,10.000000,onc_primary_adjacent_gap,candidate_primary_adjacent_gap,/project/6070467/merileo/data/finwhales/final2025_resnet_20260423/multispecies_calltype_experiments/prep_runs/multispecies_prep_balanced100_availaudio_20260430T120219Z/ICLISTENHF6016_20250930T140000.000Z.flac,,,,1,train,,,,,/project/6070467/merileo/data/finwhales/final2025_resnet_20260423/multispecies_calltype_experiments/prep_runs/multispecies_prep_balanced100_availaudio_20260430T120219Z/ICLISTENHF6016_20250930T140000.000Z.flac,/project/6070467/merileo/data/finwhales/final2025_resnet_20260423/multispecies_calltype_experiments/prep_runs/multispecies_prep_balanced100_availaudio_20260430T120219Z/ICLISTENHF6016_20250930T140000.000Z.flac,30.000000,40.000000,,,,,,,,,,,,,,,,,,,,,,,,,primary_adjacent_gap,primary_adjacent_gap,ONC
ICLISTENHF6016_20250930T140000.000Z_gap_0002_32.2s_42.2s,/project/6070467/merileo/data/finwhales/final2025_resnet_20260423/multispecies_calltype_experiments/prep_runs/multispecies_prep_balanced100_availaudio_20260430T120219Z/ICLISTENHF6016_20250930T140000.000Z.flac,,,,,,10.000000,onc_primary_adjacent_gap,candidate_primary_adjacent_gap,/project/6070467/merileo/data/finwhales/final2025_resnet_20260423/multispecies_calltype_experiments/prep_runs/multispecies_prep_balanced100_availaudio_20260430T120219Z/ICLISTENHF6016_20250930T140000.000Z.flac,,,,1,train,,,,,/project/6070467/merileo/data/finwhales/final2025_resnet_20260423/multispecies_calltype_experiments/prep_runs/multispecies_prep_balanced100_availaudio_20260430T120219Z/ICLISTENHF6016_20250930T140000.000Z.flac,/project/6070467/merileo/data/finwhales/final2025_resnet_20260423/multispecies_calltype_experiments/prep_runs/multispecies_prep_balanced100_availaudio_20260430T120219Z/ICLISTENHF6016_20250930T140000.000Z.flac,32.200000,42.200000,,,,,,,,,,,,,,,,,,,,,,,,,primary_adjacent_gap,primary_adjacent_gap,ONC
ICLISTENHF6016_20251005T080000.000Z-LPF_gap_0000_0.0s_10.0s,/project/6070467/merileo/data/finwhales/final2025_resnet_20260423/multispecies_calltype_experiments/prep_runs/multispecies_prep_balanced100_availaudio_20260430T120219Z/ICLISTENHF6016_20251005T080000.000Z-LPF.flac,,,,,,10.000000,onc_primary_adjacent_gap,candidate_primary_adjacent_gap,/project/6070467/merileo/data/finwhales/final2025_resnet_20260423/multispecies_calltype_experiments/prep_runs/multispecies_prep_balanced100_availaudio_20260430T120219Z/ICLISTENHF6016_20251005T080000.000Z-LPF.flac,,,,1,val,,,,,/project/6070467/merileo/data/finwhales/final2025_resnet_20260423/multispecies_calltype_experiments/prep_runs/multispecies_prep_balanced100_availaudio_20260430T120219Z/ICLISTENHF6016_20251005T080000.000Z-LPF.flac,/project/6070467/merileo/data/finwhales/final2025_resnet_20260423/multispecies_calltype_experiments/prep_runs/multispecies_prep_balanced100_availaudio_20260430T120219Z/ICLISTENHF6016_20251005T080000.000Z-LPF.flac,0.000000,10.000000,,,,,,,,,,,,,,,,,,,,,,,,,primary_adjacent_gap,primary_adjacent_gap,ONC
ICLISTENHF6016_20251005T080000.000Z-LPF_gap_0001_30.0s_40.0s,/project/6070467/merileo/data/finwhales/final2025_resnet_20260423/multispecies_calltype_experiments/prep_runs/multispecies_prep_balanced100_availaudio_20260430T120219Z/ICLISTENHF6016_20251005T080000.000Z-LPF.flac,,,,,,10.000000,onc_primary_adjacent_gap,candidate_primary_adjacent_gap,/project/6070467/merileo/data/finwhales/final2025_resnet_20260423/multispecies_calltype_experiments/prep_runs/multispecies_prep_balanced100_availaudio_20260430T120219Z/ICLISTENHF6016_20251005T080000.000Z-LPF.flac,,,,1,val,,,,,/project/6070467/merileo/data/finwhales/final2025_resnet_20260423/multispecies_calltype_experiments/prep_runs/multispecies_prep_balanced100_availaudio_20260430T120219Z/ICLISTENHF6016_20251005T080000.000Z-LPF.flac,/project/6070467/merileo/data/finwhales/final2025_resnet_20260423/multispecies_calltype_experiments/prep_runs/multispecies_prep_balanced100_availaudio_20260430T120219Z/ICLISTENHF6016_20251005T080000.000Z-LPF.flac,30.000000,40.000000,,,,,,,,,,,,,,,,,,,,,,,,,primary_adjacent_gap,primary_adjacent_gap,ONC
ICLISTENHF6016_20251005T080000.000Z-LPF_gap_0002_60.0s_70.0s,/project/6070467/merileo/data/finwhales/final2025_resnet_20260423/multispecies_calltype_experiments/prep_runs/multispecies_prep_balanced100_availaudio_20260430T120219Z/ICLISTENHF6016_20251005T080000.000Z-LPF.flac,,,,,,10.000000,onc_primary_adjacent_gap,candidate_primary_adjacent_gap,/project/6070467/merileo/data/finwhales/final2025_resnet_20260423/multispecies_calltype_experiments/prep_runs/multispecies_prep_balanced100_availaudio_20260430T120219Z/ICLISTENHF6016_20251005T080000.000Z-LPF.flac,,,,1,val,,,,,/project/6070467/merileo/data/finwhales/final2025_resnet_20260423/multispecies_calltype_experiments/prep_runs/multispecies_prep_balanced100_availaudio_20260430T120219Z/ICLISTENHF6016_20251005T080000.000Z-LPF.flac,/project/6070467/merileo/data/finwhales/final2025_resnet_20260423/multispecies_calltype_experiments/prep_runs/multispecies_prep_balanced100_availaudio_20260430T120219Z/ICLISTENHF6016_20251005T080000.000Z-LPF.flac,60.000000,70.000000,,,,,,,,,,,,,,,,,,,,,,,,,primary_adjacent_gap,primary_adjacent_gap,ONC
ICLISTENHF6016_20251010T000000.000Z_gap_0000_0.0s_10.0s,/project/6070467/merileo/data/finwhales/final2025_resnet_20260423/multispecies_calltype_experiments/prep_runs/multispecies_prep_balanced100_availaudio_20260430T120219Z/ICLISTENHF6016_20251010T000000.000Z.flac,,,,,,10.000000,onc_primary_adjacent_gap,candidate_primary_adjacent_gap,/project/6070467/merileo/data/finwhales/final2025_resnet_20260423/multispecies_calltype_experiments/prep_runs/multispecies_prep_balanced100_availaudio_20260430T120219Z/ICLISTENHF6016_20251010T000000.000Z.flac,,,,1,train,,,,,/project/6070467/merileo/data/finwhales/final2025_resnet_20260423/multispecies_calltype_experiments/prep_runs/multispecies_prep_balanced100_availaudio_20260430T120219Z/ICLISTENHF6016_20251010T000000.000Z.flac,/project/6070467/merileo/data/finwhales/final2025_resnet_20260423/multispecies_calltype_experiments/prep_runs/multispecies_prep_balanced100_availaudio_20260430T120219Z/ICLISTENHF6016_20251010T000000.000Z.flac,0.000000,10.000000,,,,,,,,,,,,,,,,,,,,,,,,,primary_adjacent_gap,primary_adjacent_gap,ONC
ICLISTENHF6016_20251010T000000.000Z_gap_0001_30.0s_40.0s,/project/6070467/merileo/data/finwhales/final2025_resnet_20260423/multispecies_calltype_experiments/prep_runs/multispecies_prep_balanced100_availaudio_20260430T120219Z/ICLISTENHF6016_20251010T000000.000Z.flac,,,,,,10.000000,onc_primary_adjacent_gap,candidate_primary_adjacent_gap,/project/6070467/merileo/data/finwhales/final2025_resnet_20260423/multispecies_calltype_experiments/prep_runs/multispecies_prep_balanced100_availaudio_20260430T120219Z/ICLISTENHF6016_20251010T000000.000Z.flac,,,,1,train,,,,,/project/6070467/merileo/data/finwhales/final2025_resnet_20260423/multispecies_calltype_experiments/prep_runs/multispecies_prep_balanced100_availaudio_20260430T120219Z/ICLISTENHF6016_20251010T000000.000Z.flac,/project/6070467/merileo/data/finwhales/final2025_resnet_20260423/multispecies_calltype_experiments/prep_runs/multispecies_prep_balanced100_availaudio_20260430T120219Z/ICLISTENHF6016_20251010T000000.000Z.flac,30.000000,40.000000,,,,,,,,,,,,,,,,,,,,,,,,,primary_adjacent_gap,primary_adjacent_gap,ONC
ICLISTENHF6016_20251010T000000.000Z_gap_0002_60.0s_70.0s,/project/6070467/merileo/data/finwhales/final2025_resnet_20260423/multispecies_calltype_experiments/prep_runs/multispecies_prep_balanced100_availaudio_20260430T120219Z/ICLISTENHF6016_20251010T000000.000Z.flac,,,,,,10.000000,onc_primary_adjacent_gap,candidate_primary_adjacent_gap,/project/6070467/merileo/data/finwhales/final2025_resnet_20260423/multispecies_calltype_experiments/prep_runs/multispecies_prep_balanced100_availaudio_20260430T120219Z/ICLISTENHF6016_20251010T000000.000Z.flac,,,,1,train,,,,,/project/6070467/merileo/data/finwhales/final2025_resnet_20260423/multispecies_calltype_experiments/prep_runs/multispecies_prep_balanced100_availaudio_20260430T120219Z/ICLISTENHF6016_20251010T000000.000Z.flac,/project/6070467/merileo/data/finwhales/final2025_resnet_20260423/multispecies_calltype_experiments/prep_runs/multispecies_prep_balanced100_availaudio_20260430T120219Z/ICLISTENHF6016_20251010T000000.000Z.flac,60.000000,70.000000,,,,,,,,,,,,,,,,,,,,,,,,,primary_adjacent_gap,primary_adjacent_gap,ONC
ICLISTENHF6016_20251010T070000.000Z_gap_0000_0.0s_10.0s,/project/6070467/merileo/data/finwhales/final2025_resnet_20260423/multispecies_calltype_experiments/prep_runs/multispecies_prep_balanced100_availaudio_20260430T120219Z/ICLISTENHF6016_20251010T070000.000Z.flac,,,,,,10.000000,onc_primary_adjacent_gap,candidate_primary_adjacent_gap,/project/6070467/merileo/data/finwhales/final2025_resnet_20260423/multispecies_calltype_experiments/prep_runs/multispecies_prep_balanced100_availaudio_20260430T120219Z/ICLISTENHF6016_20251010T070000.000Z.flac,,,,1,train,,,,,/project/6070467/merileo/data/finwhales/final2025_resnet_20260423/multispecies_calltype_experiments/prep_runs/multispecies_prep_balanced100_availaudio_20260430T120219Z/ICLISTENHF6016_20251010T070000.000Z.flac,/project/6070467/merileo/data/finwhales/final2025_resnet_20260423/multispecies_calltype_experiments/prep_runs/multispecies_prep_balanced100_availaudio_20260430T120219Z/ICLISTENHF6016_20251010T070000.000Z.flac,0.000000,10.000000,,,,,,,,,,,,,,,,,,,,,,,,,primary_adjacent_gap,primary_adjacent_gap,ONC
ICLISTENHF6016_20251010T070000.000Z_gap_0001_30.0s_40.0s,/project/6070467/merileo/data/finwhales/final2025_resnet_20260423/multispecies_calltype_experiments/prep_runs/multispecies_prep_balanced100_availaudio_20260430T120219Z/ICLISTENHF6016_20251010T070000.000Z.flac,,,,,,10.000000,onc_primary_adjacent_gap,candidate_primary_adjacent_gap,/project/6070467/merileo/data/finwhales/final2025_resnet_20260423/multispecies_calltype_experiments/prep_runs/multispecies_prep_balanced100_availaudio_20260430T120219Z/ICLISTENHF6016_20251010T070000.000Z.flac,,,,1,train,,,,,/project/6070467/merileo/data/finwhales/final2025_resnet_20260423/multispecies_calltype_experiments/prep_runs/multispecies_prep_balanced100_availaudio_20260430T120219Z/ICLISTENHF6016_20251010T070000.000Z.flac,/project/6070467/merileo/data/finwhales/final2025_resnet_20260423/multispecies_calltype_experiments/prep_runs/multispecies_prep_balanced100_availaudio_20260430T120219Z/ICLISTENHF6016_20251010T070000.000Z.flac,30.000000,40.000000,,,,,,,,,,,,,,,,,,,,,,,,,primary_adjacent_gap,primary_adjacent_gap,ONC
ICLISTENHF6016_20251010T070000.000Z_gap_0002_60.0s_70.0s,/project/6070467/merileo/data/finwhales/final2025_resnet_20260423/multispecies_calltype_experiments/prep_runs/multispecies_prep_balanced100_availaudio_20260430T120219Z/ICLISTENHF6016_20251010T070000.000Z.flac,,,,,,10.000000,onc_primary_adjacent_gap,candidate_primary_adjacent_gap,/project/6070467/merileo/data/finwhales/final2025_resnet_20260423/multispecies_calltype_experiments/prep_runs/multispecies_prep_balanced100_availaudio_20260430T120219Z/ICLISTENHF6016_20251010T070000.000Z.flac,,,,1,train,,,,,/project/6070467/merileo/data/finwhales/final2025_resnet_20260423/multispecies_calltype_experiments/prep_runs/multispecies_prep_balanced100_availaudio_20260430T120219Z/ICLISTENHF6016_20251010T070000.000Z.flac,/project/6070467/merileo/data/finwhales/final2025_resnet_20260423/multispecies_calltype_experiments/prep_runs/multispecies_prep_balanced100_availaudio_20260430T120219Z/ICLISTENHF6016_20251010T070000.000Z.flac,60.000000,70.000000,,,,,,,,,,,,,,,,,,,,,,,,,primary_adjacent_gap,primary_adjacent_gap,ONC
ICLISTENHF6016_20251010T120000.000Z_gap_0000_0.0s_10.0s,/project/6070467/merileo/data/finwhales/final2025_resnet_20260423/multispecies_calltype_experiments/prep_runs/multispecies_prep_balanced100_availaudio_20260430T120219Z/ICLISTENHF6016_20251010T120000.000Z.flac,,,,,,10.000000,onc_primary_adjacent_gap,candidate_primary_adjacent_gap,/project/6070467/merileo/data/finwhales/final2025_resnet_20260423/multispecies_calltype_experiments/prep_runs/multispecies_prep_balanced100_availaudio_20260430T120219Z/ICLISTENHF6016_20251010T120000.000Z.flac,,,,1,train,,,,,/project/6070467/merileo/data/finwhales/final2025_resnet_20260423/multispecies_calltype_experiments/prep_runs/multispecies_prep_balanced100_availaudio_20260430T120219Z/ICLISTENHF6016_20251010T120000.000Z.flac,/project/6070467/merileo/data/finwhales/final2025_resnet_20260423/multispecies_calltype_experiments/prep_runs/multispecies_prep_balanced100_availaudio_20260430T120219Z/ICLISTENHF6016_20251010T120000.000Z.flac,0.000000,10.000000,,,,,,,,,,,,,,,,,,,,,,,,,primary_adjacent_gap,primary_adjacent_gap,ONC
ICLISTENHF6016_20251010T120000.000Z_gap_0001_30.0s_40.0s,/project/6070467/merileo/data/finwhales/final2025_resnet_20260423/multispecies_calltype_experiments/prep_runs/multispecies_prep_balanced100_availaudio_20260430T120219Z/ICLISTENHF6016_20251010T120000.000Z.flac,,,,,,10.000000,onc_primary_adjacent_gap,candidate_primary_adjacent_gap,/project/6070467/merileo/data/finwhales/final2025_resnet_20260423/multispecies_calltype_experiments/prep_runs/multispecies_prep_balanced100_availaudio_20260430T120219Z/ICLISTENHF6016_20251010T120000.000Z.flac,,,,1,train,,,,,/project/6070467/merileo/data/finwhales/final2025_resnet_20260423/multispecies_calltype_experiments/prep_runs/multispecies_prep_balanced100_availaudio_20260430T120219Z/ICLISTENHF6016_20251010T120000.000Z.flac,/project/6070467/merileo/data/finwhales/final2025_resnet_20260423/multispecies_calltype_experiments/prep_runs/multispecies_prep_balanced100_availaudio_20260430T120219Z/ICLISTENHF6016_20251010T120000.000Z.flac,30.000000,40.000000,,,,,,,,,,,,,,,,,,,,,,,,,primary_adjacent_gap,primary_adjacent_gap,ONC
ICLISTENHF6016_20251010T120000.000Z_gap_0002_60.0s_70.0s,/project/6070467/merileo/data/finwhales/final2025_resnet_20260423/multispecies_calltype_experiments/prep_runs/multispecies_prep_balanced100_availaudio_20260430T120219Z/ICLISTENHF6016_20251010T120000.000Z.flac,,,,,,10.000000,onc_primary_adjacent_gap,candidate_primary_adjacent_gap,/project/6070467/merileo/data/finwhales/final2025_resnet_20260423/multispecies_calltype_experiments/prep_runs/multispecies_prep_balanced100_availaudio_20260430T120219Z/ICLISTENHF6016_20251010T120000.000Z.flac,,,,1,train,,,,,/project/6070467/merileo/data/finwhales/final2025_resnet_20260423/multispecies_calltype_experiments/prep_runs/multispecies_prep_balanced100_availaudio_20260430T120219Z/ICLISTENHF6016_20251010T120000.000Z.flac,/project/6070467/merileo/data/finwhales/final2025_resnet_20260423/multispecies_calltype_experiments/prep_runs/multispecies_prep_balanced100_availaudio_20260430T120219Z/ICLISTENHF6016_20251010T120000.000Z.flac,60.000000,70.000000,,,,,,,,,,,,,,,,,,,,,,,,,primary_adjacent_gap,primary_adjacent_gap,ONC
ICLISTENHF6016_20251010T130000.000Z_gap_0000_0.0s_10.0s,/project/6070467/merileo/data/finwhales/final2025_resnet_20260423/multispecies_calltype_experiments/prep_runs/multispecies_prep_balanced100_availaudio_20260430T120219Z/ICLISTENHF6016_20251010T130000.000Z.flac,,,,,,10.000000,onc_primary_adjacent_gap,candidate_primary_adjacent_gap,/project/6070467/merileo/data/finwhales/final2025_resnet_20260423/multispecies_calltype_experiments/prep_runs/multispecies_prep_balanced100_availaudio_20260430T120219Z/ICLISTENHF6016_20251010T130000.000Z.flac,,,,1,train,,,,,/project/6070467/merileo/data/finwhales/final2025_resnet_20260423/multispecies_calltype_experiments/prep_runs/multispecies_prep_balanced100_availaudio_20260430T120219Z/ICLISTENHF6016_20251010T130000.000Z.flac,/project/6070467/merileo/data/finwhales/final2025_resnet_20260423/multispecies_calltype_experiments/prep_runs/multispecies_prep_balanced100_availaudio_20260430T120219Z/ICLISTENHF6016_20251010T130000.000Z.flac,0.000000,10.000000,,,,,,,,,,,,,,,,,,,,,,,,,primary_adjacent_gap,primary_adjacent_gap,ONC
ICLISTENHF6016_20251010T130000.000Z_gap_0001_30.0s_40.0s,/project/6070467/merileo/data/finwhales/final2025_resnet_20260423/multispecies_calltype_experiments/prep_runs/multispecies_prep_balanced100_availaudio_20260430T120219Z/ICLISTENHF6016_20251010T130000.000Z.flac,,,,,,10.000000,onc_primary_adjacent_gap,candidate_primary_adjacent_gap,/project/6070467/merileo/data/finwhales/final2025_resnet_20260423/multispecies_calltype_experiments/prep_runs/multispecies_prep_balanced100_availaudio_20260430T120219Z/ICLISTENHF6016_20251010T130000.000Z.flac,,,,1,train,,,,,/project/6070467/merileo/data/finwhales/final2025_resnet_20260423/multispecies_calltype_experiments/prep_runs/multispecies_prep_balanced100_availaudio_20260430T120219Z/ICLISTENHF6016_20251010T130000.000Z.flac,/project/6070467/merileo/data/finwhales/final2025_resnet_20260423/multispecies_calltype_experiments/prep_runs/multispecies_prep_balanced100_availaudio_20260430T120219Z/ICLISTENHF6016_20251010T130000.000Z.flac,30.000000,40.000000,,,,,,,,,,,,,,,,,,,,,,,,,primary_adjacent_gap,primary_adjacent_gap,ONC
ICLISTENHF6016_20251010T130000.000Z_gap_0002_60.0s_70.0s,/project/6070467/merileo/data/finwhales/final2025_resnet_20260423/multispecies_calltype_experiments/prep_runs/multispecies_prep_balanced100_availaudio_20260430T120219Z/ICLISTENHF6016_20251010T130000.000Z.flac,,,,,,10.000000,onc_primary_adjacent_gap,candidate_primary_adjacent_gap,/project/6070467/merileo/data/finwhales/final2025_resnet_20260423/multispecies_calltype_experiments/prep_runs/multispecies_prep_balanced100_availaudio_20260430T120219Z/ICLISTENHF6016_20251010T130000.000Z.flac,,,,1,train,,,,,/project/6070467/merileo/data/finwhales/final2025_resnet_20260423/multispecies_calltype_experiments/prep_runs/multispecies_prep_balanced100_availaudio_20260430T120219Z/ICLISTENHF6016_20251010T130000.000Z.flac,/project/6070467/merileo/data/finwhales/final2025_resnet_20260423/multispecies_calltype_experiments/prep_runs/multispecies_prep_balanced100_availaudio_20260430T120219Z/ICLISTENHF6016_20251010T130000.000Z.flac,60.000000,70.000000,,,,,,,,,,,,,,,,,,,,,,,,,primary_adjacent_gap,primary_adjacent_gap,ONC
ICLISTENHF6016_20251015T000000.000Z_gap_0000_0.0s_10.0s,/project/6070467/merileo/data/finwhales/final2025_resnet_20260423/multispecies_calltype_experiments/prep_runs/multispecies_prep_balanced100_availaudio_20260430T120219Z/ICLISTENHF6016_20251015T000000.000Z.flac,,,,,,10.000000,onc_primary_adjacent_gap,candidate_primary_adjacent_gap,/project/6070467/merileo/data/finwhales/final2025_resnet_20260423/multispecies_calltype_experiments/prep_runs/multispecies_prep_balanced100_availaudio_20260430T120219Z/ICLISTENHF6016_20251015T000000.000Z.flac,,,,1,train,,,,,/project/6070467/merileo/data/finwhales/final2025_resnet_20260423/multispecies_calltype_experiments/prep_runs/multispecies_prep_balanced100_availaudio_20260430T120219Z/ICLISTENHF6016_20251015T000000.000Z.flac,/project/6070467/merileo/data/finwhales/final2025_resnet_20260423/multispecies_calltype_experiments/prep_runs/multispecies_prep_balanced100_availaudio_20260430T120219Z/ICLISTENHF6016_20251015T000000.000Z.flac,0.000000,10.000000,,,,,,,,,,,,,,,,,,,,,,,,,primary_adjacent_gap,primary_adjacent_gap,ONC
ICLISTENHF6016_20251015T000000.000Z_gap_0001_30.0s_40.0s,/project/6070467/merileo/data/finwhales/final2025_resnet_20260423/multispecies_calltype_experiments/prep_runs/multispecies_prep_balanced100_availaudio_20260430T120219Z/ICLISTENHF6016_20251015T000000.000Z.flac,,,,,,10.000000,onc_primary_adjacent_gap,candidate_primary_adjacent_gap,/project/6070467/merileo/data/finwhales/final2025_resnet_20260423/multispecies_calltype_experiments/prep_runs/multispecies_prep_balanced100_availaudio_20260430T120219Z/ICLISTENHF6016_20251015T000000.000Z.flac,,,,1,train,,,,,/project/6070467/merileo/data/finwhales/final2025_resnet_20260423/multispecies_calltype_experiments/prep_runs/multispecies_prep_balanced100_availaudio_20260430T120219Z/ICLISTENHF6016_20251015T000000.000Z.flac,/project/6070467/merileo/data/finwhales/final2025_resnet_20260423/multispecies_calltype_experiments/prep_runs/multispecies_prep_balanced100_availaudio_20260430T120219Z/ICLISTENHF6016_20251015T000000.000Z.flac,30.000000,40.000000,,,,,,,,,,,,,,,,,,,,,,,,,primary_adjacent_gap,primary_adjacent_gap,ONC
ICLISTENHF6016_20251015T000000.000Z_gap_0002_60.0s_70.0s,/project/6070467/merileo/data/finwhales/final2025_resnet_20260423/multispecies_calltype_experiments/prep_runs/multispecies_prep_balanced100_availaudio_20260430T120219Z/ICLISTENHF6016_20251015T000000.000Z.flac,,,,,,10.000000,onc_primary_adjacent_gap,candidate_primary_adjacent_gap,/project/6070467/merileo/data/finwhales/final2025_resnet_20260423/multispecies_calltype_experiments/prep_runs/multispecies_prep_balanced100_availaudio_20260430T120219Z/ICLISTENHF6016_20251015T000000.000Z.flac,,,,1,train,,,,,/project/6070467/merileo/data/finwhales/final2025_resnet_20260423/multispecies_calltype_experiments/prep_runs/multispecies_prep_balanced100_availaudio_20260430T120219Z/ICLISTENHF6016_20251015T000000.000Z.flac,/project/6070467/merileo/data/finwhales/final2025_resnet_20260423/multispecies_calltype_experiments/prep_runs/multispecies_prep_balanced100_availaudio_20260430T120219Z/ICLISTENHF6016_20251015T000000.000Z.flac,60.000000,70.000000,,,,,,,,,,,,,,,,,,,,,,,,,primary_adjacent_gap,primary_adjacent_gap,ONC
ICLISTENHF6016_20251015T070000.000Z_gap_0000_17.5s_27.5s,/project/6070467/merileo/data/finwhales/final2025_resnet_20260423/multispecies_calltype_experiments/prep_runs/multispecies_prep_balanced100_availaudio_20260430T120219Z/ICLISTENHF6016_20251015T070000.000Z.flac,,,,,,10.000000,onc_primary_adjacent_gap,candidate_primary_adjacent_gap,/project/6070467/merileo/data/finwhales/final2025_resnet_20260423/multispecies_calltype_experiments/prep_runs/multispecies_prep_balanced100_availaudio_20260430T120219Z/ICLISTENHF6016_20251015T070000.000Z.flac,,,,1,test,,,,,/project/6070467/merileo/data/finwhales/final2025_resnet_20260423/multispecies_calltype_experiments/prep_runs/multispecies_prep_balanced100_availaudio_20260430T120219Z/ICLISTENHF6016_20251015T070000.000Z.flac,/project/6070467/merileo/data/finwhales/final2025_resnet_20260423/multispecies_calltype_experiments/prep_runs/multispecies_prep_balanced100_availaudio_20260430T120219Z/ICLISTENHF6016_20251015T070000.000Z.flac,17.500000,27.500000,,,,,,,,,,,,,,,,,,,,,,,,,primary_adjacent_gap,primary_adjacent_gap,ONC
ICLISTENHF6016_20251015T070000.000Z_gap_0001_47.5s_57.5s,/project/6070467/merileo/data/finwhales/final2025_resnet_20260423/multispecies_calltype_experiments/prep_runs/multispecies_prep_balanced100_availaudio_20260430T120219Z/ICLISTENHF6016_20251015T070000.000Z.flac,,,,,,10.000000,onc_primary_adjacent_gap,candidate_primary_adjacent_gap,/project/6070467/merileo/data/finwhales/final2025_resnet_20260423/multispecies_calltype_experiments/prep_runs/multispecies_prep_balanced100_availaudio_20260430T120219Z/ICLISTENHF6016_20251015T070000.000Z.flac,,,,1,test,,,,,/project/6070467/merileo/data/finwhales/final2025_resnet_20260423/multispecies_calltype_experiments/prep_runs/multispecies_prep_balanced100_availaudio_20260430T120219Z/ICLISTENHF6016_20251015T070000.000Z.flac,/project/6070467/merileo/data/finwhales/final2025_resnet_20260423/multispecies_calltype_experiments/prep_runs/multispecies_prep_balanced100_availaudio_20260430T120219Z/ICLISTENHF6016_20251015T070000.000Z.flac,47.500000,57.500000,,,,,,,,,,,,,,,,,,,,,,,,,primary_adjacent_gap,primary_adjacent_gap,ONC
ICLISTENHF6016_20251015T070000.000Z_gap_0002_77.5s_87.5s,/project/6070467/merileo/data/finwhales/final2025_resnet_20260423/multispecies_calltype_experiments/prep_runs/multispecies_prep_balanced100_availaudio_20260430T120219Z/ICLISTENHF6016_20251015T070000.000Z.flac,,,,,,10.000000,onc_primary_adjacent_gap,candidate_primary_adjacent_gap,/project/6070467/merileo/data/finwhales/final2025_resnet_20260423/multispecies_calltype_experiments/prep_runs/multispecies_prep_balanced100_availaudio_20260430T120219Z/ICLISTENHF6016_20251015T070000.000Z.flac,,,,1,test,,,,,/project/6070467/merileo/data/finwhales/final2025_resnet_20260423/multispecies_calltype_experiments/prep_runs/multispecies_prep_balanced100_availaudio_20260430T120219Z/ICLISTENHF6016_20251015T070000.000Z.flac,/project/6070467/merileo/data/finwhales/final2025_resnet_20260423/multispecies_calltype_experiments/prep_runs/multispecies_prep_balanced100_availaudio_20260430T120219Z/ICLISTENHF6016_20251015T070000.000Z.flac,77.500000,87.500000,,,,,,,,,,,,,,,,,,,,,,,,,primary_adjacent_gap,primary_adjacent_gap,ONC
ICLISTENHF6016_20251015T140000.000Z_gap_0000_0.0s_10.0s,/project/6070467/merileo/data/finwhales/final2025_resnet_20260423/multispecies_calltype_experiments/prep_runs/multispecies_prep_balanced100_availaudio_20260430T120219Z/ICLISTENHF6016_20251015T140000.000Z.flac,,,,,,10.000000,onc_primary_adjacent_gap,candidate_primary_adjacent_gap,/project/6070467/merileo/data/finwhales/final2025_resnet_20260423/multispecies_calltype_experiments/prep_runs/multispecies_prep_balanced100_availaudio_20260430T120219Z/ICLISTENHF6016_20251015T140000.000Z.flac,,,,1,train,,,,,/project/6070467/merileo/data/finwhales/final2025_resnet_20260423/multispecies_calltype_experiments/prep_runs/multispecies_prep_balanced100_availaudio_20260430T120219Z/ICLISTENHF6016_20251015T140000.000Z.flac,/project/6070467/merileo/data/finwhales/final2025_resnet_20260423/multispecies_calltype_experiments/prep_runs/multispecies_prep_balanced100_availaudio_20260430T120219Z/ICLISTENHF6016_20251015T140000.000Z.flac,0.000000,10.000000,,,,,,,,,,,,,,,,,,,,,,,,,primary_adjacent_gap,primary_adjacent_gap,ONC
ICLISTENHF6016_20251015T140000.000Z_gap_0001_30.0s_40.0s,/project/6070467/merileo/data/finwhales/final2025_resnet_20260423/multispecies_calltype_experiments/prep_runs/multispecies_prep_balanced100_availaudio_20260430T120219Z/ICLISTENHF6016_20251015T140000.000Z.flac,,,,,,10.000000,onc_primary_adjacent_gap,candidate_primary_adjacent_gap,/project/6070467/merileo/data/finwhales/final2025_resnet_20260423/multispecies_calltype_experiments/prep_runs/multispecies_prep_balanced100_availaudio_20260430T120219Z/ICLISTENHF6016_20251015T140000.000Z.flac,,,,1,train,,,,,/project/6070467/merileo/data/finwhales/final2025_resnet_20260423/multispecies_calltype_experiments/prep_runs/multispecies_prep_balanced100_availaudio_20260430T120219Z/ICLISTENHF6016_20251015T140000.000Z.flac,/project/6070467/merileo/data/finwhales/final2025_resnet_20260423/multispecies_calltype_experiments/prep_runs/multispecies_prep_balanced100_availaudio_20260430T120219Z/ICLISTENHF6016_20251015T140000.000Z.flac,30.000000,40.000000,,,,,,,,,,,,,,,,,,,,,,,,,primary_adjacent_gap,primary_adjacent_gap,ONC
ICLISTENHF6016_20251015T140000.000Z_gap_0002_60.0s_70.0s,/project/6070467/merileo/data/finwhales/final2025_resnet_20260423/multispecies_calltype_experiments/prep_runs/multispecies_prep_balanced100_availaudio_20260430T120219Z/ICLISTENHF6016_20251015T140000.000Z.flac,,,,,,10.000000,onc_primary_adjacent_gap,candidate_primary_adjacent_gap,/project/6070467/merileo/data/finwhales/final2025_resnet_20260423/multispecies_calltype_experiments/prep_runs/multispecies_prep_balanced100_availaudio_20260430T120219Z/ICLISTENHF6016_20251015T140000.000Z.flac,,,,1,train,,,,,/project/6070467/merileo/data/finwhales/final2025_resnet_20260423/multispecies_calltype_experiments/prep_runs/multispecies_prep_balanced100_availaudio_20260430T120219Z/ICLISTENHF6016_20251015T140000.000Z.flac,/project/6070467/merileo/data/finwhales/final2025_resnet_20260423/multispecies_calltype_experiments/prep_runs/multispecies_prep_balanced100_availaudio_20260430T120219Z/ICLISTENHF6016_20251015T140000.000Z.flac,60.000000,70.000000,,,,,,,,,,,,,,,,,,,,,,,,,primary_adjacent_gap,primary_adjacent_gap,ONC
ICLISTENHF6016_20251020T000000.000Z_gap_0000_0.0s_10.0s,/project/6070467/merileo/data/finwhales/final2025_resnet_20260423/multispecies_calltype_experiments/prep_runs/multispecies_prep_balanced100_availaudio_20260430T120219Z/ICLISTENHF6016_20251020T000000.000Z.flac,,,,,,10.000000,onc_primary_adjacent_gap,candidate_primary_adjacent_gap,/project/6070467/merileo/data/finwhales/final2025_resnet_20260423/multispecies_calltype_experiments/prep_runs/multispecies_prep_balanced100_availaudio_20260430T120219Z/ICLISTENHF6016_20251020T000000.000Z.flac,,,,1,test,,,,,/project/6070467/merileo/data/finwhales/final2025_resnet_20260423/multispecies_calltype_experiments/prep_runs/multispecies_prep_balanced100_availaudio_20260430T120219Z/ICLISTENHF6016_20251020T000000.000Z.flac,/project/6070467/merileo/data/finwhales/final2025_resnet_20260423/multispecies_calltype_experiments/prep_runs/multispecies_prep_balanced100_availaudio_20260430T120219Z/ICLISTENHF6016_20251020T000000.000Z.flac,0.000000,10.000000,,,,,,,,,,,,,,,,,,,,,,,,,primary_adjacent_gap,primary_adjacent_gap,ONC
ICLISTENHF6016_20251020T000000.000Z_gap_0001_30.0s_40.0s,/project/6070467/merileo/data/finwhales/final2025_resnet_20260423/multispecies_calltype_experiments/prep_runs/multispecies_prep_balanced100_availaudio_20260430T120219Z/ICLISTENHF6016_20251020T000000.000Z.flac,,,,,,10.000000,onc_primary_adjacent_gap,candidate_primary_adjacent_gap,/project/6070467/merileo/data/finwhales/final2025_resnet_20260423/multispecies_calltype_experiments/prep_runs/multispecies_prep_balanced100_availaudio_20260430T120219Z/ICLISTENHF6016_20251020T000000.000Z.flac,,,,1,test,,,,,/project/6070467/merileo/data/finwhales/final2025_resnet_20260423/multispecies_calltype_experiments/prep_runs/multispecies_prep_balanced100_availaudio_20260430T120219Z/ICLISTENHF6016_20251020T000000.000Z.flac,/project/6070467/merileo/data/finwhales/final2025_resnet_20260423/multispecies_calltype_experiments/prep_runs/multispecies_prep_balanced100_availaudio_20260430T120219Z/ICLISTENHF6016_20251020T000000.000Z.flac,30.000000,40.000000,,,,,,,,,,,,,,,,,,,,,,,,,primary_adjacent_gap,primary_adjacent_gap,ONC
ICLISTENHF6016_20251020T000000.000Z_gap_0002_60.0s_70.0s,/project/6070467/merileo/data/finwhales/final2025_resnet_20260423/multispecies_calltype_experiments/prep_runs/multispecies_prep_balanced100_availaudio_20260430T120219Z/ICLISTENHF6016_20251020T000000.000Z.flac,,,,,,10.000000,onc_primary_adjacent_gap,candidate_primary_adjacent_gap,/project/6070467/merileo/data/finwhales/final2025_resnet_20260423/multispecies_calltype_experiments/prep_runs/multispecies_prep_balanced100_availaudio_20260430T120219Z/ICLISTENHF6016_20251020T000000.000Z.flac,,,,1,test,,,,,/project/6070467/merileo/data/finwhales/final2025_resnet_20260423/multispecies_calltype_experiments/prep_runs/multispecies_prep_balanced100_availaudio_20260430T120219Z/ICLISTENHF6016_20251020T000000.000Z.flac,/project/6070467/merileo/data/finwhales/final2025_resnet_20260423/multispecies_calltype_experiments/prep_runs/multispecies_prep_balanced100_availaudio_20260430T120219Z/ICLISTENHF6016_20251020T000000.000Z.flac,60.000000,70.000000,,,,,,,,,,,,,,,,,,,,,,,,,primary_adjacent_gap,primary_adjacent_gap,ONC
ICLISTENHF6016_20251020T040000.000Z_gap_0000_0.0s_10.0s,/project/6070467/merileo/data/finwhales/final2025_resnet_20260423/multispecies_calltype_experiments/prep_runs/multispecies_prep_balanced100_availaudio_20260430T120219Z/ICLISTENHF6016_20251020T040000.000Z.flac,,,,,,10.000000,onc_primary_adjacent_gap,candidate_primary_adjacent_gap,/project/6070467/merileo/data/finwhales/final2025_resnet_20260423/multispecies_calltype_experiments/prep_runs/multispecies_prep_balanced100_availaudio_20260430T120219Z/ICLISTENHF6016_20251020T040000.000Z.flac,,,,1,train,,,,,/project/6070467/merileo/data/finwhales/final2025_resnet_20260423/multispecies_calltype_experiments/prep_runs/multispecies_prep_balanced100_availaudio_20260430T120219Z/ICLISTENHF6016_20251020T040000.000Z.flac,/project/6070467/merileo/data/finwhales/final2025_resnet_20260423/multispecies_calltype_experiments/prep_runs/multispecies_prep_balanced100_availaudio_20260430T120219Z/ICLISTENHF6016_20251020T040000.000Z.flac,0.000000,10.000000,,,,,,,,,,,,,,,,,,,,,,,,,primary_adjacent_gap,primary_adjacent_gap,ONC
ICLISTENHF6016_20251020T040000.000Z_gap_0001_30.0s_40.0s,/project/6070467/merileo/data/finwhales/final2025_resnet_20260423/multispecies_calltype_experiments/prep_runs/multispecies_prep_balanced100_availaudio_20260430T120219Z/ICLISTENHF6016_20251020T040000.000Z.flac,,,,,,10.000000,onc_primary_adjacent_gap,candidate_primary_adjacent_gap,/project/6070467/merileo/data/finwhales/final2025_resnet_20260423/multispecies_calltype_experiments/prep_runs/multispecies_prep_balanced100_availaudio_20260430T120219Z/ICLISTENHF6016_20251020T040000.000Z.flac,,,,1,train,,,,,/project/6070467/merileo/data/finwhales/final2025_resnet_20260423/multispecies_calltype_experiments/prep_runs/multispecies_prep_balanced100_availaudio_20260430T120219Z/ICLISTENHF6016_20251020T040000.000Z.flac,/project/6070467/merileo/data/finwhales/final2025_resnet_20260423/multispecies_calltype_experiments/prep_runs/multispecies_prep_balanced100_availaudio_20260430T120219Z/ICLISTENHF6016_20251020T040000.000Z.flac,30.000000,40.000000,,,,,,,,,,,,,,,,,,,,,,,,,primary_adjacent_gap,primary_adjacent_gap,ONC
ICLISTENHF6016_20251020T040000.000Z_gap_0002_47.9s_57.9s,/project/6070467/merileo/data/finwhales/final2025_resnet_20260423/multispecies_calltype_experiments/prep_runs/multispecies_prep_balanced100_availaudio_20260430T120219Z/ICLISTENHF6016_20251020T040000.000Z.flac,,,,,,10.000000,onc_primary_adjacent_gap,candidate_primary_adjacent_gap,/project/6070467/merileo/data/finwhales/final2025_resnet_20260423/multispecies_calltype_experiments/prep_runs/multispecies_prep_balanced100_availaudio_20260430T120219Z/ICLISTENHF6016_20251020T040000.000Z.flac,,,,1,train,,,,,/project/6070467/merileo/data/finwhales/final2025_resnet_20260423/multispecies_calltype_experiments/prep_runs/multispecies_prep_balanced100_availaudio_20260430T120219Z/ICLISTENHF6016_20251020T040000.000Z.flac,/project/6070467/merileo/data/finwhales/final2025_resnet_20260423/multispecies_calltype_experiments/prep_runs/multispecies_prep_balanced100_availaudio_20260430T120219Z/ICLISTENHF6016_20251020T040000.000Z.flac,47.900000,57.900000,,,,,,,,,,,,,,,,,,,,,,,,,primary_adjacent_gap,primary_adjacent_gap,ONC
ICLISTENHF6016_20251020T060000.000Z_gap_0000_0.0s_10.0s,/project/6070467/merileo/data/finwhales/final2025_resnet_20260423/multispecies_calltype_experiments/prep_runs/multispecies_prep_balanced100_availaudio_20260430T120219Z/ICLISTENHF6016_20251020T060000.000Z.flac,,,,,,10.000000,onc_primary_adjacent_gap,candidate_primary_adjacent_gap,/project/6070467/merileo/data/finwhales/final2025_resnet_20260423/multispecies_calltype_experiments/prep_runs/multispecies_prep_balanced100_availaudio_20260430T120219Z/ICLISTENHF6016_20251020T060000.000Z.flac,,,,1,train,,,,,/project/6070467/merileo/data/finwhales/final2025_resnet_20260423/multispecies_calltype_experiments/prep_runs/multispecies_prep_balanced100_availaudio_20260430T120219Z/ICLISTENHF6016_20251020T060000.000Z.flac,/project/6070467/merileo/data/finwhales/final2025_resnet_20260423/multispecies_calltype_experiments/prep_runs/multispecies_prep_balanced100_availaudio_20260430T120219Z/ICLISTENHF6016_20251020T060000.000Z.flac,0.000000,10.000000,,,,,,,,,,,,,,,,,,,,,,,,,primary_adjacent_gap,primary_adjacent_gap,ONC
ICLISTENHF6016_20251020T060000.000Z_gap_0001_30.0s_40.0s,/project/6070467/merileo/data/finwhales/final2025_resnet_20260423/multispecies_calltype_experiments/prep_runs/multispecies_prep_balanced100_availaudio_20260430T120219Z/ICLISTENHF6016_20251020T060000.000Z.flac,,,,,,10.000000,onc_primary_adjacent_gap,candidate_primary_adjacent_gap,/project/6070467/merileo/data/finwhales/final2025_resnet_20260423/multispecies_calltype_experiments/prep_runs/multispecies_prep_balanced100_availaudio_20260430T120219Z/ICLISTENHF6016_20251020T060000.000Z.flac,,,,1,train,,,,,/project/6070467/merileo/data/finwhales/final2025_resnet_20260423/multispecies_calltype_experiments/prep_runs/multispecies_prep_balanced100_availaudio_20260430T120219Z/ICLISTENHF6016_20251020T060000.000Z.flac,/project/6070467/merileo/data/finwhales/final2025_resnet_20260423/multispecies_calltype_experiments/prep_runs/multispecies_prep_balanced100_availaudio_20260430T120219Z/ICLISTENHF6016_20251020T060000.000Z.flac,30.000000,40.000000,,,,,,,,,,,,,,,,,,,,,,,,,primary_adjacent_gap,primary_adjacent_gap,ONC
ICLISTENHF6016_20251020T060000.000Z_gap_0002_60.0s_70.0s,/project/6070467/merileo/data/finwhales/final2025_resnet_20260423/multispecies_calltype_experiments/prep_runs/multispecies_prep_balanced100_availaudio_20260430T120219Z/ICLISTENHF6016_20251020T060000.000Z.flac,,,,,,10.000000,onc_primary_adjacent_gap,candidate_primary_adjacent_gap,/project/6070467/merileo/data/finwhales/final2025_resnet_20260423/multispecies_calltype_experiments/prep_runs/multispecies_prep_balanced100_availaudio_20260430T120219Z/ICLISTENHF6016_20251020T060000.000Z.flac,,,,1,train,,,,,/project/6070467/merileo/data/finwhales/final2025_resnet_20260423/multispecies_calltype_experiments/prep_runs/multispecies_prep_balanced100_availaudio_20260430T120219Z/ICLISTENHF6016_20251020T060000.000Z.flac,/project/6070467/merileo/data/finwhales/final2025_resnet_20260423/multispecies_calltype_experiments/prep_runs/multispecies_prep_balanced100_availaudio_20260430T120219Z/ICLISTENHF6016_20251020T060000.000Z.flac,60.000000,70.000000,,,,,,,,,,,,,,,,,,,,,,,,,primary_adjacent_gap,primary_adjacent_gap,ONC
ICLISTENHF6016_20251020T080000.000Z_gap_0000_0.0s_10.0s,/project/6070467/merileo/data/finwhales/final2025_resnet_20260423/multispecies_calltype_experiments/prep_runs/multispecies_prep_balanced100_availaudio_20260430T120219Z/ICLISTENHF6016_20251020T080000.000Z.flac,,,,,,10.000000,onc_primary_adjacent_gap,candidate_primary_adjacent_gap,/project/6070467/merileo/data/finwhales/final2025_resnet_20260423/multispecies_calltype_experiments/prep_runs/multispecies_prep_balanced100_availaudio_20260430T120219Z/ICLISTENHF6016_20251020T080000.000Z.flac,,,,1,test,,,,,/project/6070467/merileo/data/finwhales/final2025_resnet_20260423/multispecies_calltype_experiments/prep_runs/multispecies_prep_balanced100_availaudio_20260430T120219Z/ICLISTENHF6016_20251020T080000.000Z.flac,/project/6070467/merileo/data/finwhales/final2025_resnet_20260423/multispecies_calltype_experiments/prep_runs/multispecies_prep_balanced100_availaudio_20260430T120219Z/ICLISTENHF6016_20251020T080000.000Z.flac,0.000000,10.000000,,,,,,,,,,,,,,,,,,,,,,,,,primary_adjacent_gap,primary_adjacent_gap,ONC
ICLISTENHF6016_20251020T080000.000Z_gap_0001_30.0s_40.0s,/project/6070467/merileo/data/finwhales/final2025_resnet_20260423/multispecies_calltype_experiments/prep_runs/multispecies_prep_balanced100_availaudio_20260430T120219Z/ICLISTENHF6016_20251020T080000.000Z.flac,,,,,,10.000000,onc_primary_adjacent_gap,candidate_primary_adjacent_gap,/project/6070467/merileo/data/finwhales/final2025_resnet_20260423/multispecies_calltype_experiments/prep_runs/multispecies_prep_balanced100_availaudio_20260430T120219Z/ICLISTENHF6016_20251020T080000.000Z.flac,,,,1,test,,,,,/project/6070467/merileo/data/finwhales/final2025_resnet_20260423/multispecies_calltype_experiments/prep_runs/multispecies_prep_balanced100_availaudio_20260430T120219Z/ICLISTENHF6016_20251020T080000.000Z.flac,/project/6070467/merileo/data/finwhales/final2025_resnet_20260423/multispecies_calltype_experiments/prep_runs/multispecies_prep_balanced100_availaudio_20260430T120219Z/ICLISTENHF6016_20251020T080000.000Z.flac,30.000000,40.000000,,,,,,,,,,,,,,,,,,,,,,,,,primary_adjacent_gap,primary_adjacent_gap,ONC
ICLISTENHF6016_20251020T080000.000Z_gap_0002_60.0s_70.0s,/project/6070467/merileo/data/finwhales/final2025_resnet_20260423/multispecies_calltype_experiments/prep_runs/multispecies_prep_balanced100_availaudio_20260430T120219Z/ICLISTENHF6016_20251020T080000.000Z.flac,,,,,,10.000000,onc_primary_adjacent_gap,candidate_primary_adjacent_gap,/project/6070467/merileo/data/finwhales/final2025_resnet_20260423/multispecies_calltype_experiments/prep_runs/multispecies_prep_balanced100_availaudio_20260430T120219Z/ICLISTENHF6016_20251020T080000.000Z.flac,,,,1,test,,,,,/project/6070467/merileo/data/finwhales/final2025_resnet_20260423/multispecies_calltype_experiments/prep_runs/multispecies_prep_balanced100_availaudio_20260430T120219Z/ICLISTENHF6016_20251020T080000.000Z.flac,/project/6070467/merileo/data/finwhales/final2025_resnet_20260423/multispecies_calltype_experiments/prep_runs/multispecies_prep_balanced100_availaudio_20260430T120219Z/ICLISTENHF6016_20251020T080000.000Z.flac,60.000000,70.000000,,,,,,,,,,,,,,,,,,,,,,,,,primary_adjacent_gap,primary_adjacent_gap,ONC
ICLISTENHF6016_20251020T100000.000Z_gap_0000_0.0s_10.0s,/project/6070467/merileo/data/finwhales/final2025_resnet_20260423/multispecies_calltype_experiments/prep_runs/multispecies_prep_balanced100_availaudio_20260430T120219Z/ICLISTENHF6016_20251020T100000.000Z.flac,,,,,,10.000000,onc_primary_adjacent_gap,candidate_primary_adjacent_gap,/project/6070467/merileo/data/finwhales/final2025_resnet_20260423/multispecies_calltype_experiments/prep_runs/multispecies_prep_balanced100_availaudio_20260430T120219Z/ICLISTENHF6016_20251020T100000.000Z.flac,,,,1,train,,,,,/project/6070467/merileo/data/finwhales/final2025_resnet_20260423/multispecies_calltype_experiments/prep_runs/multispecies_prep_balanced100_availaudio_20260430T120219Z/ICLISTENHF6016_20251020T100000.000Z.flac,/project/6070467/merileo/data/finwhales/final2025_resnet_20260423/multispecies_calltype_experiments/prep_runs/multispecies_prep_balanced100_availaudio_20260430T120219Z/ICLISTENHF6016_20251020T100000.000Z.flac,0.000000,10.000000,,,,,,,,,,,,,,,,,,,,,,,,,primary_adjacent_gap,primary_adjacent_gap,ONC
ICLISTENHF6016_20251020T100000.000Z_gap_0001_30.0s_40.0s,/project/6070467/merileo/data/finwhales/final2025_resnet_20260423/multispecies_calltype_experiments/prep_runs/multispecies_prep_balanced100_availaudio_20260430T120219Z/ICLISTENHF6016_20251020T100000.000Z.flac,,,,,,10.000000,onc_primary_adjacent_gap,candidate_primary_adjacent_gap,/project/6070467/merileo/data/finwhales/final2025_resnet_20260423/multispecies_calltype_experiments/prep_runs/multispecies_prep_balanced100_availaudio_20260430T120219Z/ICLISTENHF6016_20251020T100000.000Z.flac,,,,1,train,,,,,/project/6070467/merileo/data/finwhales/final2025_resnet_20260423/multispecies_calltype_experiments/prep_runs/multispecies_prep_balanced100_availaudio_20260430T120219Z/ICLISTENHF6016_20251020T100000.000Z.flac,/project/6070467/merileo/data/finwhales/final2025_resnet_20260423/multispecies_calltype_experiments/prep_runs/multispecies_prep_balanced100_availaudio_20260430T120219Z/ICLISTENHF6016_20251020T100000.000Z.flac,30.000000,40.000000,,,,,,,,,,,,,,,,,,,,,,,,,primary_adjacent_gap,primary_adjacent_gap,ONC
ICLISTENHF6016_20251020T100000.000Z_gap_0002_60.0s_70.0s,/project/6070467/merileo/data/finwhales/final2025_resnet_20260423/multispecies_calltype_experiments/prep_runs/multispecies_prep_balanced100_availaudio_20260430T120219Z/ICLISTENHF6016_20251020T100000.000Z.flac,,,,,,10.000000,onc_primary_adjacent_gap,candidate_primary_adjacent_gap,/project/6070467/merileo/data/finwhales/final2025_resnet_20260423/multispecies_calltype_experiments/prep_runs/multispecies_prep_balanced100_availaudio_20260430T120219Z/ICLISTENHF6016_20251020T100000.000Z.flac,,,,1,train,,,,,/project/6070467/merileo/data/finwhales/final2025_resnet_20260423/multispecies_calltype_experiments/prep_runs/multispecies_prep_balanced100_availaudio_20260430T120219Z/ICLISTENHF6016_20251020T100000.000Z.flac,/project/6070467/merileo/data/finwhales/final2025_resnet_20260423/multispecies_calltype_experiments/prep_runs/multispecies_prep_balanced100_availaudio_20260430T120219Z/ICLISTENHF6016_20251020T100000.000Z.flac,60.000000,70.000000,,,,,,,,,,,,,,,,,,,,,,,,,primary_adjacent_gap,primary_adjacent_gap,ONC
ICLISTENHF6016_20251020T130000.000Z_gap_0000_0.0s_10.0s,/project/6070467/merileo/data/finwhales/final2025_resnet_20260423/multispecies_calltype_experiments/prep_runs/multispecies_prep_balanced100_availaudio_20260430T120219Z/ICLISTENHF6016_20251020T130000.000Z.flac,,,,,,10.000000,onc_primary_adjacent_gap,candidate_primary_adjacent_gap,/project/6070467/merileo/data/finwhales/final2025_resnet_20260423/multispecies_calltype_experiments/prep_runs/multispecies_prep_balanced100_availaudio_20260430T120219Z/ICLISTENHF6016_20251020T130000.000Z.flac,,,,1,train,,,,,/project/6070467/merileo/data/finwhales/final2025_resnet_20260423/multispecies_calltype_experiments/prep_runs/multispecies_prep_balanced100_availaudio_20260430T120219Z/ICLISTENHF6016_20251020T130000.000Z.flac,/project/6070467/merileo/data/finwhales/final2025_resnet_20260423/multispecies_calltype_experiments/prep_runs/multispecies_prep_balanced100_availaudio_20260430T120219Z/ICLISTENHF6016_20251020T130000.000Z.flac,0.000000,10.000000,,,,,,,,,,,,,,,,,,,,,,,,,primary_adjacent_gap,primary_adjacent_gap,ONC
ICLISTENHF6016_20251020T130000.000Z_gap_0001_30.0s_40.0s,/project/6070467/merileo/data/finwhales/final2025_resnet_20260423/multispecies_calltype_experiments/prep_runs/multispecies_prep_balanced100_availaudio_20260430T120219Z/ICLISTENHF6016_20251020T130000.000Z.flac,,,,,,10.000000,onc_primary_adjacent_gap,candidate_primary_adjacent_gap,/project/6070467/merileo/data/finwhales/final2025_resnet_20260423/multispecies_calltype_experiments/prep_runs/multispecies_prep_balanced100_availaudio_20260430T120219Z/ICLISTENHF6016_20251020T130000.000Z.flac,,,,1,train,,,,,/project/6070467/merileo/data/finwhales/final2025_resnet_20260423/multispecies_calltype_experiments/prep_runs/multispecies_prep_balanced100_availaudio_20260430T120219Z/ICLISTENHF6016_20251020T130000.000Z.flac,/project/6070467/merileo/data/finwhales/final2025_resnet_20260423/multispecies_calltype_experiments/prep_runs/multispecies_prep_balanced100_availaudio_20260430T120219Z/ICLISTENHF6016_20251020T130000.000Z.flac,30.000000,40.000000,,,,,,,,,,,,,,,,,,,,,,,,,primary_adjacent_gap,primary_adjacent_gap,ONC
ICLISTENHF6016_20251020T130000.000Z_gap_0002_60.0s_70.0s,/project/6070467/merileo/data/finwhales/final2025_resnet_20260423/multispecies_calltype_experiments/prep_runs/multispecies_prep_balanced100_availaudio_20260430T120219Z/ICLISTENHF6016_20251020T130000.000Z.flac,,,,,,10.000000,onc_primary_adjacent_gap,candidate_primary_adjacent_gap,/project/6070467/merileo/data/finwhales/final2025_resnet_20260423/multispecies_calltype_experiments/prep_runs/multispecies_prep_balanced100_availaudio_20260430T120219Z/ICLISTENHF6016_20251020T130000.000Z.flac,,,,1,train,,,,,/project/6070467/merileo/data/finwhales/final2025_resnet_20260423/multispecies_calltype_experiments/prep_runs/multispecies_prep_balanced100_availaudio_20260430T120219Z/ICLISTENHF6016_20251020T130000.000Z.flac,/project/6070467/merileo/data/finwhales/final2025_resnet_20260423/multispecies_calltype_experiments/prep_runs/multispecies_prep_balanced100_availaudio_20260430T120219Z/ICLISTENHF6016_20251020T130000.000Z.flac,60.000000,70.000000,,,,,,,,,,,,,,,,,,,,,,,,,primary_adjacent_gap,primary_adjacent_gap,ONC
ICLISTENHF6016_20251020T140000.000Z_gap_0000_0.0s_10.0s,/project/6070467/merileo/data/finwhales/final2025_resnet_20260423/multispecies_calltype_experiments/prep_runs/multispecies_prep_balanced100_availaudio_20260430T120219Z/ICLISTENHF6016_20251020T140000.000Z.flac,,,,,,10.000000,onc_primary_adjacent_gap,candidate_primary_adjacent_gap,/project/6070467/merileo/data/finwhales/final2025_resnet_20260423/multispecies_calltype_experiments/prep_runs/multispecies_prep_balanced100_availaudio_20260430T120219Z/ICLISTENHF6016_20251020T140000.000Z.flac,,,,1,val,,,,,/project/6070467/merileo/data/finwhales/final2025_resnet_20260423/multispecies_calltype_experiments/prep_runs/multispecies_prep_balanced100_availaudio_20260430T120219Z/ICLISTENHF6016_20251020T140000.000Z.flac,/project/6070467/merileo/data/finwhales/final2025_resnet_20260423/multispecies_calltype_experiments/prep_runs/multispecies_prep_balanced100_availaudio_20260430T120219Z/ICLISTENHF6016_20251020T140000.000Z.flac,0.000000,10.000000,,,,,,,,,,,,,,,,,,,,,,,,,primary_adjacent_gap,primary_adjacent_gap,ONC
ICLISTENHF6016_20251020T140000.000Z_gap_0001_30.0s_40.0s,/project/6070467/merileo/data/finwhales/final2025_resnet_20260423/multispecies_calltype_experiments/prep_runs/multispecies_prep_balanced100_availaudio_20260430T120219Z/ICLISTENHF6016_20251020T140000.000Z.flac,,,,,,10.000000,onc_primary_adjacent_gap,candidate_primary_adjacent_gap,/project/6070467/merileo/data/finwhales/final2025_resnet_20260423/multispecies_calltype_experiments/prep_runs/multispecies_prep_balanced100_availaudio_20260430T120219Z/ICLISTENHF6016_20251020T140000.000Z.flac,,,,1,val,,,,,/project/6070467/merileo/data/finwhales/final2025_resnet_20260423/multispecies_calltype_experiments/prep_runs/multispecies_prep_balanced100_availaudio_20260430T120219Z/ICLISTENHF6016_20251020T140000.000Z.flac,/project/6070467/merileo/data/finwhales/final2025_resnet_20260423/multispecies_calltype_experiments/prep_runs/multispecies_prep_balanced100_availaudio_20260430T120219Z/ICLISTENHF6016_20251020T140000.000Z.flac,30.000000,40.000000,,,,,,,,,,,,,,,,,,,,,,,,,primary_adjacent_gap,primary_adjacent_gap,ONC
ICLISTENHF6016_20251020T140000.000Z_gap_0002_44.5s_54.5s,/project/6070467/merileo/data/finwhales/final2025_resnet_20260423/multispecies_calltype_experiments/prep_runs/multispecies_prep_balanced100_availaudio_20260430T120219Z/ICLISTENHF6016_20251020T140000.000Z.flac,,,,,,10.000000,onc_primary_adjacent_gap,candidate_primary_adjacent_gap,/project/6070467/merileo/data/finwhales/final2025_resnet_20260423/multispecies_calltype_experiments/prep_runs/multispecies_prep_balanced100_availaudio_20260430T120219Z/ICLISTENHF6016_20251020T140000.000Z.flac,,,,1,val,,,,,/project/6070467/merileo/data/finwhales/final2025_resnet_20260423/multispecies_calltype_experiments/prep_runs/multispecies_prep_balanced100_availaudio_20260430T120219Z/ICLISTENHF6016_20251020T140000.000Z.flac,/project/6070467/merileo/data/finwhales/final2025_resnet_20260423/multispecies_calltype_experiments/prep_runs/multispecies_prep_balanced100_availaudio_20260430T120219Z/ICLISTENHF6016_20251020T140000.000Z.flac,44.500000,54.500000,,,,,,,,,,,,,,,,,,,,,,,,,primary_adjacent_gap,primary_adjacent_gap,ONC
ICLISTENHF6016_20251020T190000.000Z_gap_0000_0.0s_10.0s,/project/6070467/merileo/data/finwhales/final2025_resnet_20260423/multispecies_calltype_experiments/prep_runs/multispecies_prep_balanced100_availaudio_20260430T120219Z/ICLISTENHF6016_20251020T190000.000Z.flac,,,,,,10.000000,onc_primary_adjacent_gap,candidate_primary_adjacent_gap,/project/6070467/merileo/data/finwhales/final2025_resnet_20260423/multispecies_calltype_experiments/prep_runs/multispecies_prep_balanced100_availaudio_20260430T120219Z/ICLISTENHF6016_20251020T190000.000Z.flac,,,,1,train,,,,,/project/6070467/merileo/data/finwhales/final2025_resnet_20260423/multispecies_calltype_experiments/prep_runs/multispecies_prep_balanced100_availaudio_20260430T120219Z/ICLISTENHF6016_20251020T190000.000Z.flac,/project/6070467/merileo/data/finwhales/final2025_resnet_20260423/multispecies_calltype_experiments/prep_runs/multispecies_prep_balanced100_availaudio_20260430T120219Z/ICLISTENHF6016_20251020T190000.000Z.flac,0.000000,10.000000,,,,,,,,,,,,,,,,,,,,,,,,,primary_adjacent_gap,primary_adjacent_gap,ONC
ICLISTENHF6016_20251020T190000.000Z_gap_0001_30.0s_40.0s,/project/6070467/merileo/data/finwhales/final2025_resnet_20260423/multispecies_calltype_experiments/prep_runs/multispecies_prep_balanced100_availaudio_20260430T120219Z/ICLISTENHF6016_20251020T190000.000Z.flac,,,,,,10.000000,onc_primary_adjacent_gap,candidate_primary_adjacent_gap,/project/6070467/merileo/data/finwhales/final2025_resnet_20260423/multispecies_calltype_experiments/prep_runs/multispecies_prep_balanced100_availaudio_20260430T120219Z/ICLISTENHF6016_20251020T190000.000Z.flac,,,,1,train,,,,,/project/6070467/merileo/data/finwhales/final2025_resnet_20260423/multispecies_calltype_experiments/prep_runs/multispecies_prep_balanced100_availaudio_20260430T120219Z/ICLISTENHF6016_20251020T190000.000Z.flac,/project/6070467/merileo/data/finwhales/final2025_resnet_20260423/multispecies_calltype_experiments/prep_runs/multispecies_prep_balanced100_availaudio_20260430T120219Z/ICLISTENHF6016_20251020T190000.000Z.flac,30.000000,40.000000,,,,,,,,,,,,,,,,,,,,,,,,,primary_adjacent_gap,primary_adjacent_gap,ONC
ICLISTENHF6016_20251020T190000.000Z_gap_0002_36.3s_46.3s,/project/6070467/merileo/data/finwhales/final2025_resnet_20260423/multispecies_calltype_experiments/prep_runs/multispecies_prep_balanced100_availaudio_20260430T120219Z/ICLISTENHF6016_20251020T190000.000Z.flac,,,,,,10.000000,onc_primary_adjacent_gap,candidate_primary_adjacent_gap,/project/6070467/merileo/data/finwhales/final2025_resnet_20260423/multispecies_calltype_experiments/prep_runs/multispecies_prep_balanced100_availaudio_20260430T120219Z/ICLISTENHF6016_20251020T190000.000Z.flac,,,,1,train,,,,,/project/6070467/merileo/data/finwhales/final2025_resnet_20260423/multispecies_calltype_experiments/prep_runs/multispecies_prep_balanced100_availaudio_20260430T120219Z/ICLISTENHF6016_20251020T190000.000Z.flac,/project/6070467/merileo/data/finwhales/final2025_resnet_20260423/multispecies_calltype_experiments/prep_runs/multispecies_prep_balanced100_availaudio_20260430T120219Z/ICLISTENHF6016_20251020T190000.000Z.flac,36.300000,46.300000,,,,,,,,,,,,,,,,,,,,,,,,,primary_adjacent_gap,primary_adjacent_gap,ONC
ICLISTENHF6016_20251025T020000.000Z_gap_0000_0.0s_10.0s,/project/6070467/merileo/data/finwhales/final2025_resnet_20260423/multispecies_calltype_experiments/prep_runs/multispecies_prep_balanced100_availaudio_20260430T120219Z/ICLISTENHF6016_20251025T020000.000Z.flac,,,,,,10.000000,onc_primary_adjacent_gap,candidate_primary_adjacent_gap,/project/6070467/merileo/data/finwhales/final2025_resnet_20260423/multispecies_calltype_experiments/prep_runs/multispecies_prep_balanced100_availaudio_20260430T120219Z/ICLISTENHF6016_20251025T020000.000Z.flac,,,,1,train,,,,,/project/6070467/merileo/data/finwhales/final2025_resnet_20260423/multispecies_calltype_experiments/prep_runs/multispecies_prep_balanced100_availaudio_20260430T120219Z/ICLISTENHF6016_20251025T020000.000Z.flac,/project/6070467/merileo/data/finwhales/final2025_resnet_20260423/multispecies_calltype_experiments/prep_runs/multispecies_prep_balanced100_availaudio_20260430T120219Z/ICLISTENHF6016_20251025T020000.000Z.flac,0.000000,10.000000,,,,,,,,,,,,,,,,,,,,,,,,,primary_adjacent_gap,primary_adjacent_gap,ONC
ICLISTENHF6016_20251025T020000.000Z_gap_0001_30.0s_40.0s,/project/6070467/merileo/data/finwhales/final2025_resnet_20260423/multispecies_calltype_experiments/prep_runs/multispecies_prep_balanced100_availaudio_20260430T120219Z/ICLISTENHF6016_20251025T020000.000Z.flac,,,,,,10.000000,onc_primary_adjacent_gap,candidate_primary_adjacent_gap,/project/6070467/merileo/data/finwhales/final2025_resnet_20260423/multispecies_calltype_experiments/prep_runs/multispecies_prep_balanced100_availaudio_20260430T120219Z/ICLISTENHF6016_20251025T020000.000Z.flac,,,,1,train,,,,,/project/6070467/merileo/data/finwhales/final2025_resnet_20260423/multispecies_calltype_experiments/prep_runs/multispecies_prep_balanced100_availaudio_20260430T120219Z/ICLISTENHF6016_20251025T020000.000Z.flac,/project/6070467/merileo/data/finwhales/final2025_resnet_20260423/multispecies_calltype_experiments/prep_runs/multispecies_prep_balanced100_availaudio_20260430T120219Z/ICLISTENHF6016_20251025T020000.000Z.flac,30.000000,40.000000,,,,,,,,,,,,,,,,,,,,,,,,,primary_adjacent_gap,primary_adjacent_gap,ONC
ICLISTENHF6016_20251025T020000.000Z_gap_0002_60.0s_70.0s,/project/6070467/merileo/data/finwhales/final2025_resnet_20260423/multispecies_calltype_experiments/prep_runs/multispecies_prep_balanced100_availaudio_20260430T120219Z/ICLISTENHF6016_20251025T020000.000Z.flac,,,,,,10.000000,onc_primary_adjacent_gap,candidate_primary_adjacent_gap,/project/6070467/merileo/data/finwhales/final2025_resnet_20260423/multispecies_calltype_experiments/prep_runs/multispecies_prep_balanced100_availaudio_20260430T120219Z/ICLISTENHF6016_20251025T020000.000Z.flac,,,,1,train,,,,,/project/6070467/merileo/data/finwhales/final2025_resnet_20260423/multispecies_calltype_experiments/prep_runs/multispecies_prep_balanced100_availaudio_20260430T120219Z/ICLISTENHF6016_20251025T020000.000Z.flac,/project/6070467/merileo/data/finwhales/final2025_resnet_20260423/multispecies_calltype_experiments/prep_runs/multispecies_prep_balanced100_availaudio_20260430T120219Z/ICLISTENHF6016_20251025T020000.000Z.flac,60.000000,70.000000,,,,,,,,,,,,,,,,,,,,,,,,,primary_adjacent_gap,primary_adjacent_gap,ONC
ICLISTENHF6016_20251025T130000.000Z_gap_0000_0.0s_10.0s,/project/6070467/merileo/data/finwhales/final2025_resnet_20260423/multispecies_calltype_experiments/prep_runs/multispecies_prep_balanced100_availaudio_20260430T120219Z/ICLISTENHF6016_20251025T130000.000Z.flac,,,,,,10.000000,onc_primary_adjacent_gap,candidate_primary_adjacent_gap,/project/6070467/merileo/data/finwhales/final2025_resnet_20260423/multispecies_calltype_experiments/prep_runs/multispecies_prep_balanced100_availaudio_20260430T120219Z/ICLISTENHF6016_20251025T130000.000Z.flac,,,,1,train,,,,,/project/6070467/merileo/data/finwhales/final2025_resnet_20260423/multispecies_calltype_experiments/prep_runs/multispecies_prep_balanced100_availaudio_20260430T120219Z/ICLISTENHF6016_20251025T130000.000Z.flac,/project/6070467/merileo/data/finwhales/final2025_resnet_20260423/multispecies_calltype_experiments/prep_runs/multispecies_prep_balanced100_availaudio_20260430T120219Z/ICLISTENHF6016_20251025T130000.000Z.flac,0.000000,10.000000,,,,,,,,,,,,,,,,,,,,,,,,,primary_adjacent_gap,primary_adjacent_gap,ONC
ICLISTENHF6016_20251025T130000.000Z_gap_0001_30.0s_40.0s,/project/6070467/merileo/data/finwhales/final2025_resnet_20260423/multispecies_calltype_experiments/prep_runs/multispecies_prep_balanced100_availaudio_20260430T120219Z/ICLISTENHF6016_20251025T130000.000Z.flac,,,,,,10.000000,onc_primary_adjacent_gap,candidate_primary_adjacent_gap,/project/6070467/merileo/data/finwhales/final2025_resnet_20260423/multispecies_calltype_experiments/prep_runs/multispecies_prep_balanced100_availaudio_20260430T120219Z/ICLISTENHF6016_20251025T130000.000Z.flac,,,,1,train,,,,,/project/6070467/merileo/data/finwhales/final2025_resnet_20260423/multispecies_calltype_experiments/prep_runs/multispecies_prep_balanced100_availaudio_20260430T120219Z/ICLISTENHF6016_20251025T130000.000Z.flac,/project/6070467/merileo/data/finwhales/final2025_resnet_20260423/multispecies_calltype_experiments/prep_runs/multispecies_prep_balanced100_availaudio_20260430T120219Z/ICLISTENHF6016_20251025T130000.000Z.flac,30.000000,40.000000,,,,,,,,,,,,,,,,,,,,,,,,,primary_adjacent_gap,primary_adjacent_gap,ONC
ICLISTENHF6016_20251025T130000.000Z_gap_0002_49.1s_59.1s,/project/6070467/merileo/data/finwhales/final2025_resnet_20260423/multispecies_calltype_experiments/prep_runs/multispecies_prep_balanced100_availaudio_20260430T120219Z/ICLISTENHF6016_20251025T130000.000Z.flac,,,,,,10.000000,onc_primary_adjacent_gap,candidate_primary_adjacent_gap,/project/6070467/merileo/data/finwhales/final2025_resnet_20260423/multispecies_calltype_experiments/prep_runs/multispecies_prep_balanced100_availaudio_20260430T120219Z/ICLISTENHF6016_20251025T130000.000Z.flac,,,,1,train,,,,,/project/6070467/merileo/data/finwhales/final2025_resnet_20260423/multispecies_calltype_experiments/prep_runs/multispecies_prep_balanced100_availaudio_20260430T120219Z/ICLISTENHF6016_20251025T130000.000Z.flac,/project/6070467/merileo/data/finwhales/final2025_resnet_20260423/multispecies_calltype_experiments/prep_runs/multispecies_prep_balanced100_availaudio_20260430T120219Z/ICLISTENHF6016_20251025T130000.000Z.flac,49.100000,59.100000,,,,,,,,,,,,,,,,,,,,,,,,,primary_adjacent_gap,primary_adjacent_gap,ONC
ICLISTENHF6016_20251025T230000.000Z_gap_0000_0.0s_10.0s,/project/6070467/merileo/data/finwhales/final2025_resnet_20260423/multispecies_calltype_experiments/prep_runs/multispecies_prep_balanced100_availaudio_20260430T120219Z/ICLISTENHF6016_20251025T230000.000Z.flac,,,,,,10.000000,onc_primary_adjacent_gap,candidate_primary_adjacent_gap,/project/6070467/merileo/data/finwhales/final2025_resnet_20260423/multispecies_calltype_experiments/prep_runs/multispecies_prep_balanced100_availaudio_20260430T120219Z/ICLISTENHF6016_20251025T230000.000Z.flac,,,,1,val,,,,,/project/6070467/merileo/data/finwhales/final2025_resnet_20260423/multispecies_calltype_experiments/prep_runs/multispecies_prep_balanced100_availaudio_20260430T120219Z/ICLISTENHF6016_20251025T230000.000Z.flac,/project/6070467/merileo/data/finwhales/final2025_resnet_20260423/multispecies_calltype_experiments/prep_runs/multispecies_prep_balanced100_availaudio_20260430T120219Z/ICLISTENHF6016_20251025T230000.000Z.flac,0.000000,10.000000,,,,,,,,,,,,,,,,,,,,,,,,,primary_adjacent_gap,primary_adjacent_gap,ONC
ICLISTENHF6016_20251025T230000.000Z_gap_0001_30.0s_40.0s,/project/6070467/merileo/data/finwhales/final2025_resnet_20260423/multispecies_calltype_experiments/prep_runs/multispecies_prep_balanced100_availaudio_20260430T120219Z/ICLISTENHF6016_20251025T230000.000Z.flac,,,,,,10.000000,onc_primary_adjacent_gap,candidate_primary_adjacent_gap,/project/6070467/merileo/data/finwhales/final2025_resnet_20260423/multispecies_calltype_experiments/prep_runs/multispecies_prep_balanced100_availaudio_20260430T120219Z/ICLISTENHF6016_20251025T230000.000Z.flac,,,,1,val,,,,,/project/6070467/merileo/data/finwhales/final2025_resnet_20260423/multispecies_calltype_experiments/prep_runs/multispecies_prep_balanced100_availaudio_20260430T120219Z/ICLISTENHF6016_20251025T230000.000Z.flac,/project/6070467/merileo/data/finwhales/final2025_resnet_20260423/multispecies_calltype_experiments/prep_runs/multispecies_prep_balanced100_availaudio_20260430T120219Z/ICLISTENHF6016_20251025T230000.000Z.flac,30.000000,40.000000,,,,,,,,,,,,,,,,,,,,,,,,,primary_adjacent_gap,primary_adjacent_gap,ONC
ICLISTENHF6016_20251025T230000.000Z_gap_0002_60.0s_70.0s,/project/6070467/merileo/data/finwhales/final2025_resnet_20260423/multispecies_calltype_experiments/prep_runs/multispecies_prep_balanced100_availaudio_20260430T120219Z/ICLISTENHF6016_20251025T230000.000Z.flac,,,,,,10.000000,onc_primary_adjacent_gap,candidate_primary_adjacent_gap,/project/6070467/merileo/data/finwhales/final2025_resnet_20260423/multispecies_calltype_experiments/prep_runs/multispecies_prep_balanced100_availaudio_20260430T120219Z/ICLISTENHF6016_20251025T230000.000Z.flac,,,,1,val,,,,,/project/6070467/merileo/data/finwhales/final2025_resnet_20260423/multispecies_calltype_experiments/prep_runs/multispecies_prep_balanced100_availaudio_20260430T120219Z/ICLISTENHF6016_20251025T230000.000Z.flac,/project/6070467/merileo/data/finwhales/final2025_resnet_20260423/multispecies_calltype_experiments/prep_runs/multispecies_prep_balanced100_availaudio_20260430T120219Z/ICLISTENHF6016_20251025T230000.000Z.flac,60.000000,70.000000,,,,,,,,,,,,,,,,,,,,,,,,,primary_adjacent_gap,primary_adjacent_gap,ONC
ICLISTENHF6016_20251030T050000.000Z_gap_0000_10.7s_20.7s,/project/6070467/merileo/data/finwhales/final2025_resnet_20260423/multispecies_calltype_experiments/prep_runs/multispecies_prep_balanced100_availaudio_20260430T120219Z/ICLISTENHF6016_20251030T050000.000Z.flac,,,,,,10.000000,onc_primary_adjacent_gap,candidate_primary_adjacent_gap,/project/6070467/merileo/data/finwhales/final2025_resnet_20260423/multispecies_calltype_experiments/prep_runs/multispecies_prep_balanced100_availaudio_20260430T120219Z/ICLISTENHF6016_20251030T050000.000Z.flac,,,,1,train,,,,,/project/6070467/merileo/data/finwhales/final2025_resnet_20260423/multispecies_calltype_experiments/prep_runs/multispecies_prep_balanced100_availaudio_20260430T120219Z/ICLISTENHF6016_20251030T050000.000Z.flac,/project/6070467/merileo/data/finwhales/final2025_resnet_20260423/multispecies_calltype_experiments/prep_runs/multispecies_prep_balanced100_availaudio_20260430T120219Z/ICLISTENHF6016_20251030T050000.000Z.flac,10.700000,20.700000,,,,,,,,,,,,,,,,,,,,,,,,,primary_adjacent_gap,primary_adjacent_gap,ONC
ICLISTENHF6016_20251030T050000.000Z_gap_0001_40.7s_50.7s,/project/6070467/merileo/data/finwhales/final2025_resnet_20260423/multispecies_calltype_experiments/prep_runs/multispecies_prep_balanced100_availaudio_20260430T120219Z/ICLISTENHF6016_20251030T050000.000Z.flac,,,,,,10.000000,onc_primary_adjacent_gap,candidate_primary_adjacent_gap,/project/6070467/merileo/data/finwhales/final2025_resnet_20260423/multispecies_calltype_experiments/prep_runs/multispecies_prep_balanced100_availaudio_20260430T120219Z/ICLISTENHF6016_20251030T050000.000Z.flac,,,,1,train,,,,,/project/6070467/merileo/data/finwhales/final2025_resnet_20260423/multispecies_calltype_experiments/prep_runs/multispecies_prep_balanced100_availaudio_20260430T120219Z/ICLISTENHF6016_20251030T050000.000Z.flac,/project/6070467/merileo/data/finwhales/final2025_resnet_20260423/multispecies_calltype_experiments/prep_runs/multispecies_prep_balanced100_availaudio_20260430T120219Z/ICLISTENHF6016_20251030T050000.000Z.flac,40.700000,50.700000,,,,,,,,,,,,,,,,,,,,,,,,,primary_adjacent_gap,primary_adjacent_gap,ONC
ICLISTENHF6016_20251030T050000.000Z_gap_0002_70.7s_80.7s,/project/6070467/merileo/data/finwhales/final2025_resnet_20260423/multispecies_calltype_experiments/prep_runs/multispecies_prep_balanced100_availaudio_20260430T120219Z/ICLISTENHF6016_20251030T050000.000Z.flac,,,,,,10.000000,onc_primary_adjacent_gap,candidate_primary_adjacent_gap,/project/6070467/merileo/data/finwhales/final2025_resnet_20260423/multispecies_calltype_experiments/prep_runs/multispecies_prep_balanced100_availaudio_20260430T120219Z/ICLISTENHF6016_20251030T050000.000Z.flac,,,,1,train,,,,,/project/6070467/merileo/data/finwhales/final2025_resnet_20260423/multispecies_calltype_experiments/prep_runs/multispecies_prep_balanced100_availaudio_20260430T120219Z/ICLISTENHF6016_20251030T050000.000Z.flac,/project/6070467/merileo/data/finwhales/final2025_resnet_20260423/multispecies_calltype_experiments/prep_runs/multispecies_prep_balanced100_availaudio_20260430T120219Z/ICLISTENHF6016_20251030T050000.000Z.flac,70.700000,80.700000,,,,,,,,,,,,,,,,,,,,,,,,,primary_adjacent_gap,primary_adjacent_gap,ONC
ICLISTENHF6016_20251030T100000.000Z_gap_0000_0.0s_10.0s,/project/6070467/merileo/data/finwhales/final2025_resnet_20260423/multispecies_calltype_experiments/prep_runs/multispecies_prep_balanced100_availaudio_20260430T120219Z/ICLISTENHF6016_20251030T100000.000Z.flac,,,,,,10.000000,onc_primary_adjacent_gap,candidate_primary_adjacent_gap,/project/6070467/merileo/data/finwhales/final2025_resnet_20260423/multispecies_calltype_experiments/prep_runs/multispecies_prep_balanced100_availaudio_20260430T120219Z/ICLISTENHF6016_20251030T100000.000Z.flac,,,,1,train,,,,,/project/6070467/merileo/data/finwhales/final2025_resnet_20260423/multispecies_calltype_experiments/prep_runs/multispecies_prep_balanced100_availaudio_20260430T120219Z/ICLISTENHF6016_20251030T100000.000Z.flac,/project/6070467/merileo/data/finwhales/final2025_resnet_20260423/multispecies_calltype_experiments/prep_runs/multispecies_prep_balanced100_availaudio_20260430T120219Z/ICLISTENHF6016_20251030T100000.000Z.flac,0.000000,10.000000,,,,,,,,,,,,,,,,,,,,,,,,,primary_adjacent_gap,primary_adjacent_gap,ONC
ICLISTENHF6016_20251030T100000.000Z_gap_0001_14.9s_24.9s,/project/6070467/merileo/data/finwhales/final2025_resnet_20260423/multispecies_calltype_experiments/prep_runs/multispecies_prep_balanced100_availaudio_20260430T120219Z/ICLISTENHF6016_20251030T100000.000Z.flac,,,,,,10.000000,onc_primary_adjacent_gap,candidate_primary_adjacent_gap,/project/6070467/merileo/data/finwhales/final2025_resnet_20260423/multispecies_calltype_experiments/prep_runs/multispecies_prep_balanced100_availaudio_20260430T120219Z/ICLISTENHF6016_20251030T100000.000Z.flac,,,,1,train,,,,,/project/6070467/merileo/data/finwhales/final2025_resnet_20260423/multispecies_calltype_experiments/prep_runs/multispecies_prep_balanced100_availaudio_20260430T120219Z/ICLISTENHF6016_20251030T100000.000Z.flac,/project/6070467/merileo/data/finwhales/final2025_resnet_20260423/multispecies_calltype_experiments/prep_runs/multispecies_prep_balanced100_availaudio_20260430T120219Z/ICLISTENHF6016_20251030T100000.000Z.flac,14.900000,24.900000,,,,,,,,,,,,,,,,,,,,,,,,,primary_adjacent_gap,primary_adjacent_gap,ONC
ICLISTENHF6016_20251030T100000.000Z_gap_0002_35.1s_45.1s,/project/6070467/merileo/data/finwhales/final2025_resnet_20260423/multispecies_calltype_experiments/prep_runs/multispecies_prep_balanced100_availaudio_20260430T120219Z/ICLISTENHF6016_20251030T100000.000Z.flac,,,,,,10.000000,onc_primary_adjacent_gap,candidate_primary_adjacent_gap,/project/6070467/merileo/data/finwhales/final2025_resnet_20260423/multispecies_calltype_experiments/prep_runs/multispecies_prep_balanced100_availaudio_20260430T120219Z/ICLISTENHF6016_20251030T100000.000Z.flac,,,,1,train,,,,,/project/6070467/merileo/data/finwhales/final2025_resnet_20260423/multispecies_calltype_experiments/prep_runs/multispecies_prep_balanced100_availaudio_20260430T120219Z/ICLISTENHF6016_20251030T100000.000Z.flac,/project/6070467/merileo/data/finwhales/final2025_resnet_20260423/multispecies_calltype_experiments/prep_runs/multispecies_prep_balanced100_availaudio_20260430T120219Z/ICLISTENHF6016_20251030T100000.000Z.flac,35.100000,45.100000,,,,,,,,,,,,,,,,,,,,,,,,,primary_adjacent_gap,primary_adjacent_gap,ONC
ICLISTENHF6016_20251030T130000.000Z_gap_0000_0.0s_10.0s,/project/6070467/merileo/data/finwhales/final2025_resnet_20260423/multispecies_calltype_experiments/prep_runs/multispecies_prep_balanced100_availaudio_20260430T120219Z/ICLISTENHF6016_20251030T130000.000Z.flac,,,,,,10.000000,onc_primary_adjacent_gap,candidate_primary_adjacent_gap,/project/6070467/merileo/data/finwhales/final2025_resnet_20260423/multispecies_calltype_experiments/prep_runs/multispecies_prep_balanced100_availaudio_20260430T120219Z/ICLISTENHF6016_20251030T130000.000Z.flac,,,,1,train,,,,,/project/6070467/merileo/data/finwhales/final2025_resnet_20260423/multispecies_calltype_experiments/prep_runs/multispecies_prep_balanced100_availaudio_20260430T120219Z/ICLISTENHF6016_20251030T130000.000Z.flac,/project/6070467/merileo/data/finwhales/final2025_resnet_20260423/multispecies_calltype_experiments/prep_runs/multispecies_prep_balanced100_availaudio_20260430T120219Z/ICLISTENHF6016_20251030T130000.000Z.flac,0.000000,10.000000,,,,,,,,,,,,,,,,,,,,,,,,,primary_adjacent_gap,primary_adjacent_gap,ONC
ICLISTENHF6016_20251030T130000.000Z_gap_0001_30.0s_40.0s,/project/6070467/merileo/data/finwhales/final2025_resnet_20260423/multispecies_calltype_experiments/prep_runs/multispecies_prep_balanced100_availaudio_20260430T120219Z/ICLISTENHF6016_20251030T130000.000Z.flac,,,,,,10.000000,onc_primary_adjacent_gap,candidate_primary_adjacent_gap,/project/6070467/merileo/data/finwhales/final2025_resnet_20260423/multispecies_calltype_experiments/prep_runs/multispecies_prep_balanced100_availaudio_20260430T120219Z/ICLISTENHF6016_20251030T130000.000Z.flac,,,,1,train,,,,,/project/6070467/merileo/data/finwhales/final2025_resnet_20260423/multispecies_calltype_experiments/prep_runs/multispecies_prep_balanced100_availaudio_20260430T120219Z/ICLISTENHF6016_20251030T130000.000Z.flac,/project/6070467/merileo/data/finwhales/final2025_resnet_20260423/multispecies_calltype_experiments/prep_runs/multispecies_prep_balanced100_availaudio_20260430T120219Z/ICLISTENHF6016_20251030T130000.000Z.flac,30.000000,40.000000,,,,,,,,,,,,,,,,,,,,,,,,,primary_adjacent_gap,primary_adjacent_gap,ONC
ICLISTENHF6016_20251030T130000.000Z_gap_0002_60.0s_70.0s,/project/6070467/merileo/data/finwhales/final2025_resnet_20260423/multispecies_calltype_experiments/prep_runs/multispecies_prep_balanced100_availaudio_20260430T120219Z/ICLISTENHF6016_20251030T130000.000Z.flac,,,,,,10.000000,onc_primary_adjacent_gap,candidate_primary_adjacent_gap,/project/6070467/merileo/data/finwhales/final2025_resnet_20260423/multispecies_calltype_experiments/prep_runs/multispecies_prep_balanced100_availaudio_20260430T120219Z/ICLISTENHF6016_20251030T130000.000Z.flac,,,,1,train,,,,,/project/6070467/merileo/data/finwhales/final2025_resnet_20260423/multispecies_calltype_experiments/prep_runs/multispecies_prep_balanced100_availaudio_20260430T120219Z/ICLISTENHF6016_20251030T130000.000Z.flac,/project/6070467/merileo/data/finwhales/final2025_resnet_20260423/multispecies_calltype_experiments/prep_runs/multispecies_prep_balanced100_availaudio_20260430T120219Z/ICLISTENHF6016_20251030T130000.000Z.flac,60.000000,70.000000,,,,,,,,,,,,,,,,,,,,,,,,,primary_adjacent_gap,primary_adjacent_gap,ONC
ICLISTENHF6016_20251030T160000.000Z_gap_0000_0.0s_10.0s,/project/6070467/merileo/data/finwhales/final2025_resnet_20260423/multispecies_calltype_experiments/prep_runs/multispecies_prep_balanced100_availaudio_20260430T120219Z/ICLISTENHF6016_20251030T160000.000Z.flac,,,,,,10.000000,onc_primary_adjacent_gap,candidate_primary_adjacent_gap,/project/6070467/merileo/data/finwhales/final2025_resnet_20260423/multispecies_calltype_experiments/prep_runs/multispecies_prep_balanced100_availaudio_20260430T120219Z/ICLISTENHF6016_20251030T160000.000Z.flac,,,,1,train,,,,,/project/6070467/merileo/data/finwhales/final2025_resnet_20260423/multispecies_calltype_experiments/prep_runs/multispecies_prep_balanced100_availaudio_20260430T120219Z/ICLISTENHF6016_20251030T160000.000Z.flac,/project/6070467/merileo/data/finwhales/final2025_resnet_20260423/multispecies_calltype_experiments/prep_runs/multispecies_prep_balanced100_availaudio_20260430T120219Z/ICLISTENHF6016_20251030T160000.000Z.flac,0.000000,10.000000,,,,,,,,,,,,,,,,,,,,,,,,,primary_adjacent_gap,primary_adjacent_gap,ONC
ICLISTENHF6016_20251030T160000.000Z_gap_0001_30.0s_40.0s,/project/6070467/merileo/data/finwhales/final2025_resnet_20260423/multispecies_calltype_experiments/prep_runs/multispecies_prep_balanced100_availaudio_20260430T120219Z/ICLISTENHF6016_20251030T160000.000Z.flac,,,,,,10.000000,onc_primary_adjacent_gap,candidate_primary_adjacent_gap,/project/6070467/merileo/data/finwhales/final2025_resnet_20260423/multispecies_calltype_experiments/prep_runs/multispecies_prep_balanced100_availaudio_20260430T120219Z/ICLISTENHF6016_20251030T160000.000Z.flac,,,,1,train,,,,,/project/6070467/merileo/data/finwhales/final2025_resnet_20260423/multispecies_calltype_experiments/prep_runs/multispecies_prep_balanced100_availaudio_20260430T120219Z/ICLISTENHF6016_20251030T160000.000Z.flac,/project/6070467/merileo/data/finwhales/final2025_resnet_20260423/multispecies_calltype_experiments/prep_runs/multispecies_prep_balanced100_availaudio_20260430T120219Z/ICLISTENHF6016_20251030T160000.000Z.flac,30.000000,40.000000,,,,,,,,,,,,,,,,,,,,,,,,,primary_adjacent_gap,primary_adjacent_gap,ONC
ICLISTENHF6016_20251030T160000.000Z_gap_0002_51.4s_61.4s,/project/6070467/merileo/data/finwhales/final2025_resnet_20260423/multispecies_calltype_experiments/prep_runs/multispecies_prep_balanced100_availaudio_20260430T120219Z/ICLISTENHF6016_20251030T160000.000Z.flac,,,,,,10.000000,onc_primary_adjacent_gap,candidate_primary_adjacent_gap,/project/6070467/merileo/data/finwhales/final2025_resnet_20260423/multispecies_calltype_experiments/prep_runs/multispecies_prep_balanced100_availaudio_20260430T120219Z/ICLISTENHF6016_20251030T160000.000Z.flac,,,,1,train,,,,,/project/6070467/merileo/data/finwhales/final2025_resnet_20260423/multispecies_calltype_experiments/prep_runs/multispecies_prep_balanced100_availaudio_20260430T120219Z/ICLISTENHF6016_20251030T160000.000Z.flac,/project/6070467/merileo/data/finwhales/final2025_resnet_20260423/multispecies_calltype_experiments/prep_runs/multispecies_prep_balanced100_availaudio_20260430T120219Z/ICLISTENHF6016_20251030T160000.000Z.flac,51.400000,61.400000,,,,,,,,,,,,,,,,,,,,,,,,,primary_adjacent_gap,primary_adjacent_gap,ONC
ICLISTENHF6016_20251030T210000.000Z_gap_0000_0.0s_10.0s,/project/6070467/merileo/data/finwhales/final2025_resnet_20260423/multispecies_calltype_experiments/prep_runs/multispecies_prep_balanced100_availaudio_20260430T120219Z/ICLISTENHF6016_20251030T210000.000Z.flac,,,,,,10.000000,onc_primary_adjacent_gap,candidate_primary_adjacent_gap,/project/6070467/merileo/data/finwhales/final2025_resnet_20260423/multispecies_calltype_experiments/prep_runs/multispecies_prep_balanced100_availaudio_20260430T120219Z/ICLISTENHF6016_20251030T210000.000Z.flac,,,,1,train,,,,,/project/6070467/merileo/data/finwhales/final2025_resnet_20260423/multispecies_calltype_experiments/prep_runs/multispecies_prep_balanced100_availaudio_20260430T120219Z/ICLISTENHF6016_20251030T210000.000Z.flac,/project/6070467/merileo/data/finwhales/final2025_resnet_20260423/multispecies_calltype_experiments/prep_runs/multispecies_prep_balanced100_availaudio_20260430T120219Z/ICLISTENHF6016_20251030T210000.000Z.flac,0.000000,10.000000,,,,,,,,,,,,,,,,,,,,,,,,,primary_adjacent_gap,primary_adjacent_gap,ONC
ICLISTENHF6016_20251030T210000.000Z_gap_0001_30.0s_40.0s,/project/6070467/merileo/data/finwhales/final2025_resnet_20260423/multispecies_calltype_experiments/prep_runs/multispecies_prep_balanced100_availaudio_20260430T120219Z/ICLISTENHF6016_20251030T210000.000Z.flac,,,,,,10.000000,onc_primary_adjacent_gap,candidate_primary_adjacent_gap,/project/6070467/merileo/data/finwhales/final2025_resnet_20260423/multispecies_calltype_experiments/prep_runs/multispecies_prep_balanced100_availaudio_20260430T120219Z/ICLISTENHF6016_20251030T210000.000Z.flac,,,,1,train,,,,,/project/6070467/merileo/data/finwhales/final2025_resnet_20260423/multispecies_calltype_experiments/prep_runs/multispecies_prep_balanced100_availaudio_20260430T120219Z/ICLISTENHF6016_20251030T210000.000Z.flac,/project/6070467/merileo/data/finwhales/final2025_resnet_20260423/multispecies_calltype_experiments/prep_runs/multispecies_prep_balanced100_availaudio_20260430T120219Z/ICLISTENHF6016_20251030T210000.000Z.flac,30.000000,40.000000,,,,,,,,,,,,,,,,,,,,,,,,,primary_adjacent_gap,primary_adjacent_gap,ONC
ICLISTENHF6016_20251030T210000.000Z_gap_0002_60.0s_70.0s,/project/6070467/merileo/data/finwhales/final2025_resnet_20260423/multispecies_calltype_experiments/prep_runs/multispecies_prep_balanced100_availaudio_20260430T120219Z/ICLISTENHF6016_20251030T210000.000Z.flac,,,,,,10.000000,onc_primary_adjacent_gap,candidate_primary_adjacent_gap,/project/6070467/merileo/data/finwhales/final2025_resnet_20260423/multispecies_calltype_experiments/prep_runs/multispecies_prep_balanced100_availaudio_20260430T120219Z/ICLISTENHF6016_20251030T210000.000Z.flac,,,,1,train,,,,,/project/6070467/merileo/data/finwhales/final2025_resnet_20260423/multispecies_calltype_experiments/prep_runs/multispecies_prep_balanced100_availaudio_20260430T120219Z/ICLISTENHF6016_20251030T210000.000Z.flac,/project/6070467/merileo/data/finwhales/final2025_resnet_20260423/multispecies_calltype_experiments/prep_runs/multispecies_prep_balanced100_availaudio_20260430T120219Z/ICLISTENHF6016_20251030T210000.000Z.flac,60.000000,70.000000,,,,,,,,,,,,,,,,,,,,,,,,,primary_adjacent_gap,primary_adjacent_gap,ONC
ICLISTENHF6016_20251105T020000.000Z_gap_0000_0.0s_10.0s,/project/6070467/merileo/data/finwhales/final2025_resnet_20260423/multispecies_calltype_experiments/prep_runs/multispecies_prep_balanced100_availaudio_20260430T120219Z/ICLISTENHF6016_20251105T020000.000Z.flac,,,,,,10.000000,onc_primary_adjacent_gap,candidate_primary_adjacent_gap,/project/6070467/merileo/data/finwhales/final2025_resnet_20260423/multispecies_calltype_experiments/prep_runs/multispecies_prep_balanced100_availaudio_20260430T120219Z/ICLISTENHF6016_20251105T020000.000Z.flac,,,,1,train,,,,,/project/6070467/merileo/data/finwhales/final2025_resnet_20260423/multispecies_calltype_experiments/prep_runs/multispecies_prep_balanced100_availaudio_20260430T120219Z/ICLISTENHF6016_20251105T020000.000Z.flac,/project/6070467/merileo/data/finwhales/final2025_resnet_20260423/multispecies_calltype_experiments/prep_runs/multispecies_prep_balanced100_availaudio_20260430T120219Z/ICLISTENHF6016_20251105T020000.000Z.flac,0.000000,10.000000,,,,,,,,,,,,,,,,,,,,,,,,,primary_adjacent_gap,primary_adjacent_gap,ONC
ICLISTENHF6016_20251105T020000.000Z_gap_0001_30.0s_40.0s,/project/6070467/merileo/data/finwhales/final2025_resnet_20260423/multispecies_calltype_experiments/prep_runs/multispecies_prep_balanced100_availaudio_20260430T120219Z/ICLISTENHF6016_20251105T020000.000Z.flac,,,,,,10.000000,onc_primary_adjacent_gap,candidate_primary_adjacent_gap,/project/6070467/merileo/data/finwhales/final2025_resnet_20260423/multispecies_calltype_experiments/prep_runs/multispecies_prep_balanced100_availaudio_20260430T120219Z/ICLISTENHF6016_20251105T020000.000Z.flac,,,,1,train,,,,,/project/6070467/merileo/data/finwhales/final2025_resnet_20260423/multispecies_calltype_experiments/prep_runs/multispecies_prep_balanced100_availaudio_20260430T120219Z/ICLISTENHF6016_20251105T020000.000Z.flac,/project/6070467/merileo/data/finwhales/final2025_resnet_20260423/multispecies_calltype_experiments/prep_runs/multispecies_prep_balanced100_availaudio_20260430T120219Z/ICLISTENHF6016_20251105T020000.000Z.flac,30.000000,40.000000,,,,,,,,,,,,,,,,,,,,,,,,,primary_adjacent_gap,primary_adjacent_gap,ONC
ICLISTENHF6016_20251105T020000.000Z_gap_0002_60.0s_70.0s,/project/6070467/merileo/data/finwhales/final2025_resnet_20260423/multispecies_calltype_experiments/prep_runs/multispecies_prep_balanced100_availaudio_20260430T120219Z/ICLISTENHF6016_20251105T020000.000Z.flac,,,,,,10.000000,onc_primary_adjacent_gap,candidate_primary_adjacent_gap,/project/6070467/merileo/data/finwhales/final2025_resnet_20260423/multispecies_calltype_experiments/prep_runs/multispecies_prep_balanced100_availaudio_20260430T120219Z/ICLISTENHF6016_20251105T020000.000Z.flac,,,,1,train,,,,,/project/6070467/merileo/data/finwhales/final2025_resnet_20260423/multispecies_calltype_experiments/prep_runs/multispecies_prep_balanced100_availaudio_20260430T120219Z/ICLISTENHF6016_20251105T020000.000Z.flac,/project/6070467/merileo/data/finwhales/final2025_resnet_20260423/multispecies_calltype_experiments/prep_runs/multispecies_prep_balanced100_availaudio_20260430T120219Z/ICLISTENHF6016_20251105T020000.000Z.flac,60.000000,70.000000,,,,,,,,,,,,,,,,,,,,,,,,,primary_adjacent_gap,primary_adjacent_gap,ONC
ICLISTENHF6016_20251105T080000.000Z_gap_0000_0.0s_10.0s,/project/6070467/merileo/data/finwhales/final2025_resnet_20260423/multispecies_calltype_experiments/prep_runs/multispecies_prep_balanced100_availaudio_20260430T120219Z/ICLISTENHF6016_20251105T080000.000Z.flac,,,,,,10.000000,onc_primary_adjacent_gap,candidate_primary_adjacent_gap,/project/6070467/merileo/data/finwhales/final2025_resnet_20260423/multispecies_calltype_experiments/prep_runs/multispecies_prep_balanced100_availaudio_20260430T120219Z/ICLISTENHF6016_20251105T080000.000Z.flac,,,,1,train,,,,,/project/6070467/merileo/data/finwhales/final2025_resnet_20260423/multispecies_calltype_experiments/prep_runs/multispecies_prep_balanced100_availaudio_20260430T120219Z/ICLISTENHF6016_20251105T080000.000Z.flac,/project/6070467/merileo/data/finwhales/final2025_resnet_20260423/multispecies_calltype_experiments/prep_runs/multispecies_prep_balanced100_availaudio_20260430T120219Z/ICLISTENHF6016_20251105T080000.000Z.flac,0.000000,10.000000,,,,,,,,,,,,,,,,,,,,,,,,,primary_adjacent_gap,primary_adjacent_gap,ONC
ICLISTENHF6016_20251105T080000.000Z_gap_0001_30.0s_40.0s,/project/6070467/merileo/data/finwhales/final2025_resnet_20260423/multispecies_calltype_experiments/prep_runs/multispecies_prep_balanced100_availaudio_20260430T120219Z/ICLISTENHF6016_20251105T080000.000Z.flac,,,,,,10.000000,onc_primary_adjacent_gap,candidate_primary_adjacent_gap,/project/6070467/merileo/data/finwhales/final2025_resnet_20260423/multispecies_calltype_experiments/prep_runs/multispecies_prep_balanced100_availaudio_20260430T120219Z/ICLISTENHF6016_20251105T080000.000Z.flac,,,,1,train,,,,,/project/6070467/merileo/data/finwhales/final2025_resnet_20260423/multispecies_calltype_experiments/prep_runs/multispecies_prep_balanced100_availaudio_20260430T120219Z/ICLISTENHF6016_20251105T080000.000Z.flac,/project/6070467/merileo/data/finwhales/final2025_resnet_20260423/multispecies_calltype_experiments/prep_runs/multispecies_prep_balanced100_availaudio_20260430T120219Z/ICLISTENHF6016_20251105T080000.000Z.flac,30.000000,40.000000,,,,,,,,,,,,,,,,,,,,,,,,,primary_adjacent_gap,primary_adjacent_gap,ONC
ICLISTENHF6016_20251105T080000.000Z_gap_0002_60.0s_70.0s,/project/6070467/merileo/data/finwhales/final2025_resnet_20260423/multispecies_calltype_experiments/prep_runs/multispecies_prep_balanced100_availaudio_20260430T120219Z/ICLISTENHF6016_20251105T080000.000Z.flac,,,,,,10.000000,onc_primary_adjacent_gap,candidate_primary_adjacent_gap,/project/6070467/merileo/data/finwhales/final2025_resnet_20260423/multispecies_calltype_experiments/prep_runs/multispecies_prep_balanced100_availaudio_20260430T120219Z/ICLISTENHF6016_20251105T080000.000Z.flac,,,,1,train,,,,,/project/6070467/merileo/data/finwhales/final2025_resnet_20260423/multispecies_calltype_experiments/prep_runs/multispecies_prep_balanced100_availaudio_20260430T120219Z/ICLISTENHF6016_20251105T080000.000Z.flac,/project/6070467/merileo/data/finwhales/final2025_resnet_20260423/multispecies_calltype_experiments/prep_runs/multispecies_prep_balanced100_availaudio_20260430T120219Z/ICLISTENHF6016_20251105T080000.000Z.flac,60.000000,70.000000,,,,,,,,,,,,,,,,,,,,,,,,,primary_adjacent_gap,primary_adjacent_gap,ONC
ICLISTENHF6016_20251105T100000.000Z_gap_0000_0.0s_10.0s,/project/6070467/merileo/data/finwhales/final2025_resnet_20260423/multispecies_calltype_experiments/prep_runs/multispecies_prep_balanced100_availaudio_20260430T120219Z/ICLISTENHF6016_20251105T100000.000Z.flac,,,,,,10.000000,onc_primary_adjacent_gap,candidate_primary_adjacent_gap,/project/6070467/merileo/data/finwhales/final2025_resnet_20260423/multispecies_calltype_experiments/prep_runs/multispecies_prep_balanced100_availaudio_20260430T120219Z/ICLISTENHF6016_20251105T100000.000Z.flac,,,,1,train,,,,,/project/6070467/merileo/data/finwhales/final2025_resnet_20260423/multispecies_calltype_experiments/prep_runs/multispecies_prep_balanced100_availaudio_20260430T120219Z/ICLISTENHF6016_20251105T100000.000Z.flac,/project/6070467/merileo/data/finwhales/final2025_resnet_20260423/multispecies_calltype_experiments/prep_runs/multispecies_prep_balanced100_availaudio_20260430T120219Z/ICLISTENHF6016_20251105T100000.000Z.flac,0.000000,10.000000,,,,,,,,,,,,,,,,,,,,,,,,,primary_adjacent_gap,primary_adjacent_gap,ONC
ICLISTENHF6016_20251105T100000.000Z_gap_0001_30.0s_40.0s,/project/6070467/merileo/data/finwhales/final2025_resnet_20260423/multispecies_calltype_experiments/prep_runs/multispecies_prep_balanced100_availaudio_20260430T120219Z/ICLISTENHF6016_20251105T100000.000Z.flac,,,,,,10.000000,onc_primary_adjacent_gap,candidate_primary_adjacent_gap,/project/6070467/merileo/data/finwhales/final2025_resnet_20260423/multispecies_calltype_experiments/prep_runs/multispecies_prep_balanced100_availaudio_20260430T120219Z/ICLISTENHF6016_20251105T100000.000Z.flac,,,,1,train,,,,,/project/6070467/merileo/data/finwhales/final2025_resnet_20260423/multispecies_calltype_experiments/prep_runs/multispecies_prep_balanced100_availaudio_20260430T120219Z/ICLISTENHF6016_20251105T100000.000Z.flac,/project/6070467/merileo/data/finwhales/final2025_resnet_20260423/multispecies_calltype_experiments/prep_runs/multispecies_prep_balanced100_availaudio_20260430T120219Z/ICLISTENHF6016_20251105T100000.000Z.flac,30.000000,40.000000,,,,,,,,,,,,,,,,,,,,,,,,,primary_adjacent_gap,primary_adjacent_gap,ONC
ICLISTENHF6016_20251105T100000.000Z_gap_0002_60.0s_70.0s,/project/6070467/merileo/data/finwhales/final2025_resnet_20260423/multispecies_calltype_experiments/prep_runs/multispecies_prep_balanced100_availaudio_20260430T120219Z/ICLISTENHF6016_20251105T100000.000Z.flac,,,,,,10.000000,onc_primary_adjacent_gap,candidate_primary_adjacent_gap,/project/6070467/merileo/data/finwhales/final2025_resnet_20260423/multispecies_calltype_experiments/prep_runs/multispecies_prep_balanced100_availaudio_20260430T120219Z/ICLISTENHF6016_20251105T100000.000Z.flac,,,,1,train,,,,,/project/6070467/merileo/data/finwhales/final2025_resnet_20260423/multispecies_calltype_experiments/prep_runs/multispecies_prep_balanced100_availaudio_20260430T120219Z/ICLISTENHF6016_20251105T100000.000Z.flac,/project/6070467/merileo/data/finwhales/final2025_resnet_20260423/multispecies_calltype_experiments/prep_runs/multispecies_prep_balanced100_availaudio_20260430T120219Z/ICLISTENHF6016_20251105T100000.000Z.flac,60.000000,70.000000,,,,,,,,,,,,,,,,,,,,,,,,,primary_adjacent_gap,primary_adjacent_gap,ONC
ICLISTENHF6016_20251105T120000.000Z_gap_0000_30.4s_40.4s,/project/6070467/merileo/data/finwhales/final2025_resnet_20260423/multispecies_calltype_experiments/prep_runs/multispecies_prep_balanced100_availaudio_20260430T120219Z/ICLISTENHF6016_20251105T120000.000Z.flac,,,,,,10.000000,onc_primary_adjacent_gap,candidate_primary_adjacent_gap,/project/6070467/merileo/data/finwhales/final2025_resnet_20260423/multispecies_calltype_experiments/prep_runs/multispecies_prep_balanced100_availaudio_20260430T120219Z/ICLISTENHF6016_20251105T120000.000Z.flac,,,,1,val,,,,,/project/6070467/merileo/data/finwhales/final2025_resnet_20260423/multispecies_calltype_experiments/prep_runs/multispecies_prep_balanced100_availaudio_20260430T120219Z/ICLISTENHF6016_20251105T120000.000Z.flac,/project/6070467/merileo/data/finwhales/final2025_resnet_20260423/multispecies_calltype_experiments/prep_runs/multispecies_prep_balanced100_availaudio_20260430T120219Z/ICLISTENHF6016_20251105T120000.000Z.flac,30.400000,40.400000,,,,,,,,,,,,,,,,,,,,,,,,,primary_adjacent_gap,primary_adjacent_gap,ONC
ICLISTENHF6016_20251105T120000.000Z_gap_0001_60.4s_70.4s,/project/6070467/merileo/data/finwhales/final2025_resnet_20260423/multispecies_calltype_experiments/prep_runs/multispecies_prep_balanced100_availaudio_20260430T120219Z/ICLISTENHF6016_20251105T120000.000Z.flac,,,,,,10.000000,onc_primary_adjacent_gap,candidate_primary_adjacent_gap,/project/6070467/merileo/data/finwhales/final2025_resnet_20260423/multispecies_calltype_experiments/prep_runs/multispecies_prep_balanced100_availaudio_20260430T120219Z/ICLISTENHF6016_20251105T120000.000Z.flac,,,,1,val,,,,,/project/6070467/merileo/data/finwhales/final2025_resnet_20260423/multispecies_calltype_experiments/prep_runs/multispecies_prep_balanced100_availaudio_20260430T120219Z/ICLISTENHF6016_20251105T120000.000Z.flac,/project/6070467/merileo/data/finwhales/final2025_resnet_20260423/multispecies_calltype_experiments/prep_runs/multispecies_prep_balanced100_availaudio_20260430T120219Z/ICLISTENHF6016_20251105T120000.000Z.flac,60.400000,70.400000,,,,,,,,,,,,,,,,,,,,,,,,,primary_adjacent_gap,primary_adjacent_gap,ONC
ICLISTENHF6016_20251105T120000.000Z_gap_0002_90.4s_100.4s,/project/6070467/merileo/data/finwhales/final2025_resnet_20260423/multispecies_calltype_experiments/prep_runs/multispecies_prep_balanced100_availaudio_20260430T120219Z/ICLISTENHF6016_20251105T120000.000Z.flac,,,,,,10.000000,onc_primary_adjacent_gap,candidate_primary_adjacent_gap,/project/6070467/merileo/data/finwhales/final2025_resnet_20260423/multispecies_calltype_experiments/prep_runs/multispecies_prep_balanced100_availaudio_20260430T120219Z/ICLISTENHF6016_20251105T120000.000Z.flac,,,,1,val,,,,,/project/6070467/merileo/data/finwhales/final2025_resnet_20260423/multispecies_calltype_experiments/prep_runs/multispecies_prep_balanced100_availaudio_20260430T120219Z/ICLISTENHF6016_20251105T120000.000Z.flac,/project/6070467/merileo/data/finwhales/final2025_resnet_20260423/multispecies_calltype_experiments/prep_runs/multispecies_prep_balanced100_availaudio_20260430T120219Z/ICLISTENHF6016_20251105T120000.000Z.flac,90.400000,100.400000,,,,,,,,,,,,,,,,,,,,,,,,,primary_adjacent_gap,primary_adjacent_gap,ONC
ICLISTENHF6016_20251105T130000.000Z_gap_0000_0.0s_10.0s,/project/6070467/merileo/data/finwhales/final2025_resnet_20260423/multispecies_calltype_experiments/prep_runs/multispecies_prep_balanced100_availaudio_20260430T120219Z/ICLISTENHF6016_20251105T130000.000Z.flac,,,,,,10.000000,onc_primary_adjacent_gap,candidate_primary_adjacent_gap,/project/6070467/merileo/data/finwhales/final2025_resnet_20260423/multispecies_calltype_experiments/prep_runs/multispecies_prep_balanced100_availaudio_20260430T120219Z/ICLISTENHF6016_20251105T130000.000Z.flac,,,,1,train,,,,,/project/6070467/merileo/data/finwhales/final2025_resnet_20260423/multispecies_calltype_experiments/prep_runs/multispecies_prep_balanced100_availaudio_20260430T120219Z/ICLISTENHF6016_20251105T130000.000Z.flac,/project/6070467/merileo/data/finwhales/final2025_resnet_20260423/multispecies_calltype_experiments/prep_runs/multispecies_prep_balanced100_availaudio_20260430T120219Z/ICLISTENHF6016_20251105T130000.000Z.flac,0.000000,10.000000,,,,,,,,,,,,,,,,,,,,,,,,,primary_adjacent_gap,primary_adjacent_gap,ONC
ICLISTENHF6016_20251105T130000.000Z_gap_0001_6.6s_16.6s,/project/6070467/merileo/data/finwhales/final2025_resnet_20260423/multispecies_calltype_experiments/prep_runs/multispecies_prep_balanced100_availaudio_20260430T120219Z/ICLISTENHF6016_20251105T130000.000Z.flac,,,,,,10.000000,onc_primary_adjacent_gap,candidate_primary_adjacent_gap,/project/6070467/merileo/data/finwhales/final2025_resnet_20260423/multispecies_calltype_experiments/prep_runs/multispecies_prep_balanced100_availaudio_20260430T120219Z/ICLISTENHF6016_20251105T130000.000Z.flac,,,,1,train,,,,,/project/6070467/merileo/data/finwhales/final2025_resnet_20260423/multispecies_calltype_experiments/prep_runs/multispecies_prep_balanced100_availaudio_20260430T120219Z/ICLISTENHF6016_20251105T130000.000Z.flac,/project/6070467/merileo/data/finwhales/final2025_resnet_20260423/multispecies_calltype_experiments/prep_runs/multispecies_prep_balanced100_availaudio_20260430T120219Z/ICLISTENHF6016_20251105T130000.000Z.flac,6.600000,16.600000,,,,,,,,,,,,,,,,,,,,,,,,,primary_adjacent_gap,primary_adjacent_gap,ONC
ICLISTENHF6016_20251105T130000.000Z_gap_0002_48.5s_58.5s,/project/6070467/merileo/data/finwhales/final2025_resnet_20260423/multispecies_calltype_experiments/prep_runs/multispecies_prep_balanced100_availaudio_20260430T120219Z/ICLISTENHF6016_20251105T130000.000Z.flac,,,,,,10.000000,onc_primary_adjacent_gap,candidate_primary_adjacent_gap,/project/6070467/merileo/data/finwhales/final2025_resnet_20260423/multispecies_calltype_experiments/prep_runs/multispecies_prep_balanced100_availaudio_20260430T120219Z/ICLISTENHF6016_20251105T130000.000Z.flac,,,,1,train,,,,,/project/6070467/merileo/data/finwhales/final2025_resnet_20260423/multispecies_calltype_experiments/prep_runs/multispecies_prep_balanced100_availaudio_20260430T120219Z/ICLISTENHF6016_20251105T130000.000Z.flac,/project/6070467/merileo/data/finwhales/final2025_resnet_20260423/multispecies_calltype_experiments/prep_runs/multispecies_prep_balanced100_availaudio_20260430T120219Z/ICLISTENHF6016_20251105T130000.000Z.flac,48.500000,58.500000,,,,,,,,,,,,,,,,,,,,,,,,,primary_adjacent_gap,primary_adjacent_gap,ONC
ICLISTENHF6016_20251105T140000.000Z_gap_0000_0.0s_10.0s,/project/6070467/merileo/data/finwhales/final2025_resnet_20260423/multispecies_calltype_experiments/prep_runs/multispecies_prep_balanced100_availaudio_20260430T120219Z/ICLISTENHF6016_20251105T140000.000Z.flac,,,,,,10.000000,onc_primary_adjacent_gap,candidate_primary_adjacent_gap,/project/6070467/merileo/data/finwhales/final2025_resnet_20260423/multispecies_calltype_experiments/prep_runs/multispecies_prep_balanced100_availaudio_20260430T120219Z/ICLISTENHF6016_20251105T140000.000Z.flac,,,,1,train,,,,,/project/6070467/merileo/data/finwhales/final2025_resnet_20260423/multispecies_calltype_experiments/prep_runs/multispecies_prep_balanced100_availaudio_20260430T120219Z/ICLISTENHF6016_20251105T140000.000Z.flac,/project/6070467/merileo/data/finwhales/final2025_resnet_20260423/multispecies_calltype_experiments/prep_runs/multispecies_prep_balanced100_availaudio_20260430T120219Z/ICLISTENHF6016_20251105T140000.000Z.flac,0.000000,10.000000,,,,,,,,,,,,,,,,,,,,,,,,,primary_adjacent_gap,primary_adjacent_gap,ONC
ICLISTENHF6016_20251105T140000.000Z_gap_0001_30.0s_40.0s,/project/6070467/merileo/data/finwhales/final2025_resnet_20260423/multispecies_calltype_experiments/prep_runs/multispecies_prep_balanced100_availaudio_20260430T120219Z/ICLISTENHF6016_20251105T140000.000Z.flac,,,,,,10.000000,onc_primary_adjacent_gap,candidate_primary_adjacent_gap,/project/6070467/merileo/data/finwhales/final2025_resnet_20260423/multispecies_calltype_experiments/prep_runs/multispecies_prep_balanced100_availaudio_20260430T120219Z/ICLISTENHF6016_20251105T140000.000Z.flac,,,,1,train,,,,,/project/6070467/merileo/data/finwhales/final2025_resnet_20260423/multispecies_calltype_experiments/prep_runs/multispecies_prep_balanced100_availaudio_20260430T120219Z/ICLISTENHF6016_20251105T140000.000Z.flac,/project/6070467/merileo/data/finwhales/final2025_resnet_20260423/multispecies_calltype_experiments/prep_runs/multispecies_prep_balanced100_availaudio_20260430T120219Z/ICLISTENHF6016_20251105T140000.000Z.flac,30.000000,40.000000,,,,,,,,,,,,,,,,,,,,,,,,,primary_adjacent_gap,primary_adjacent_gap,ONC
ICLISTENHF6016_20251105T140000.000Z_gap_0002_60.0s_70.0s,/project/6070467/merileo/data/finwhales/final2025_resnet_20260423/multispecies_calltype_experiments/prep_runs/multispecies_prep_balanced100_availaudio_20260430T120219Z/ICLISTENHF6016_20251105T140000.000Z.flac,,,,,,10.000000,onc_primary_adjacent_gap,candidate_primary_adjacent_gap,/project/6070467/merileo/data/finwhales/final2025_resnet_20260423/multispecies_calltype_experiments/prep_runs/multispecies_prep_balanced100_availaudio_20260430T120219Z/ICLISTENHF6016_20251105T140000.000Z.flac,,,,1,train,,,,,/project/6070467/merileo/data/finwhales/final2025_resnet_20260423/multispecies_calltype_experiments/prep_runs/multispecies_prep_balanced100_availaudio_20260430T120219Z/ICLISTENHF6016_20251105T140000.000Z.flac,/project/6070467/merileo/data/finwhales/final2025_resnet_20260423/multispecies_calltype_experiments/prep_runs/multispecies_prep_balanced100_availaudio_20260430T120219Z/ICLISTENHF6016_20251105T140000.000Z.flac,60.000000,70.000000,,,,,,,,,,,,,,,,,,,,,,,,,primary_adjacent_gap,primary_adjacent_gap,ONC
ICLISTENHF6016_20251105T160000.000Z_gap_0000_0.0s_10.0s,/project/6070467/merileo/data/finwhales/final2025_resnet_20260423/multispecies_calltype_experiments/prep_runs/multispecies_prep_balanced100_availaudio_20260430T120219Z/ICLISTENHF6016_20251105T160000.000Z.flac,,,,,,10.000000,onc_primary_adjacent_gap,candidate_primary_adjacent_gap,/project/6070467/merileo/data/finwhales/final2025_resnet_20260423/multispecies_calltype_experiments/prep_runs/multispecies_prep_balanced100_availaudio_20260430T120219Z/ICLISTENHF6016_20251105T160000.000Z.flac,,,,1,train,,,,,/project/6070467/merileo/data/finwhales/final2025_resnet_20260423/multispecies_calltype_experiments/prep_runs/multispecies_prep_balanced100_availaudio_20260430T120219Z/ICLISTENHF6016_20251105T160000.000Z.flac,/project/6070467/merileo/data/finwhales/final2025_resnet_20260423/multispecies_calltype_experiments/prep_runs/multispecies_prep_balanced100_availaudio_20260430T120219Z/ICLISTENHF6016_20251105T160000.000Z.flac,0.000000,10.000000,,,,,,,,,,,,,,,,,,,,,,,,,primary_adjacent_gap,primary_adjacent_gap,ONC
ICLISTENHF6016_20251105T160000.000Z_gap_0001_30.0s_40.0s,/project/6070467/merileo/data/finwhales/final2025_resnet_20260423/multispecies_calltype_experiments/prep_runs/multispecies_prep_balanced100_availaudio_20260430T120219Z/ICLISTENHF6016_20251105T160000.000Z.flac,,,,,,10.000000,onc_primary_adjacent_gap,candidate_primary_adjacent_gap,/project/6070467/merileo/data/finwhales/final2025_resnet_20260423/multispecies_calltype_experiments/prep_runs/multispecies_prep_balanced100_availaudio_20260430T120219Z/ICLISTENHF6016_20251105T160000.000Z.flac,,,,1,train,,,,,/project/6070467/merileo/data/finwhales/final2025_resnet_20260423/multispecies_calltype_experiments/prep_runs/multispecies_prep_balanced100_availaudio_20260430T120219Z/ICLISTENHF6016_20251105T160000.000Z.flac,/project/6070467/merileo/data/finwhales/final2025_resnet_20260423/multispecies_calltype_experiments/prep_runs/multispecies_prep_balanced100_availaudio_20260430T120219Z/ICLISTENHF6016_20251105T160000.000Z.flac,30.000000,40.000000,,,,,,,,,,,,,,,,,,,,,,,,,primary_adjacent_gap,primary_adjacent_gap,ONC
ICLISTENHF6016_20251105T160000.000Z_gap_0002_60.0s_70.0s,/project/6070467/merileo/data/finwhales/final2025_resnet_20260423/multispecies_calltype_experiments/prep_runs/multispecies_prep_balanced100_availaudio_20260430T120219Z/ICLISTENHF6016_20251105T160000.000Z.flac,,,,,,10.000000,onc_primary_adjacent_gap,candidate_primary_adjacent_gap,/project/6070467/merileo/data/finwhales/final2025_resnet_20260423/multispecies_calltype_experiments/prep_runs/multispecies_prep_balanced100_availaudio_20260430T120219Z/ICLISTENHF6016_20251105T160000.000Z.flac,,,,1,train,,,,,/project/6070467/merileo/data/finwhales/final2025_resnet_20260423/multispecies_calltype_experiments/prep_runs/multispecies_prep_balanced100_availaudio_20260430T120219Z/ICLISTENHF6016_20251105T160000.000Z.flac,/project/6070467/merileo/data/finwhales/final2025_resnet_20260423/multispecies_calltype_experiments/prep_runs/multispecies_prep_balanced100_availaudio_20260430T120219Z/ICLISTENHF6016_20251105T160000.000Z.flac,60.000000,70.000000,,,,,,,,,,,,,,,,,,,,,,,,,primary_adjacent_gap,primary_adjacent_gap,ONC
ICLISTENHF6016_20251105T170000.000Z_gap_0000_0.0s_10.0s,/project/6070467/merileo/data/finwhales/final2025_resnet_20260423/multispecies_calltype_experiments/prep_runs/multispecies_prep_balanced100_availaudio_20260430T120219Z/ICLISTENHF6016_20251105T170000.000Z.flac,,,,,,10.000000,onc_primary_adjacent_gap,candidate_primary_adjacent_gap,/project/6070467/merileo/data/finwhales/final2025_resnet_20260423/multispecies_calltype_experiments/prep_runs/multispecies_prep_balanced100_availaudio_20260430T120219Z/ICLISTENHF6016_20251105T170000.000Z.flac,,,,1,train,,,,,/project/6070467/merileo/data/finwhales/final2025_resnet_20260423/multispecies_calltype_experiments/prep_runs/multispecies_prep_balanced100_availaudio_20260430T120219Z/ICLISTENHF6016_20251105T170000.000Z.flac,/project/6070467/merileo/data/finwhales/final2025_resnet_20260423/multispecies_calltype_experiments/prep_runs/multispecies_prep_balanced100_availaudio_20260430T120219Z/ICLISTENHF6016_20251105T170000.000Z.flac,0.000000,10.000000,,,,,,,,,,,,,,,,,,,,,,,,,primary_adjacent_gap,primary_adjacent_gap,ONC
ICLISTENHF6016_20251105T170000.000Z_gap_0001_30.0s_40.0s,/project/6070467/merileo/data/finwhales/final2025_resnet_20260423/multispecies_calltype_experiments/prep_runs/multispecies_prep_balanced100_availaudio_20260430T120219Z/ICLISTENHF6016_20251105T170000.000Z.flac,,,,,,10.000000,onc_primary_adjacent_gap,candidate_primary_adjacent_gap,/project/6070467/merileo/data/finwhales/final2025_resnet_20260423/multispecies_calltype_experiments/prep_runs/multispecies_prep_balanced100_availaudio_20260430T120219Z/ICLISTENHF6016_20251105T170000.000Z.flac,,,,1,train,,,,,/project/6070467/merileo/data/finwhales/final2025_resnet_20260423/multispecies_calltype_experiments/prep_runs/multispecies_prep_balanced100_availaudio_20260430T120219Z/ICLISTENHF6016_20251105T170000.000Z.flac,/project/6070467/merileo/data/finwhales/final2025_resnet_20260423/multispecies_calltype_experiments/prep_runs/multispecies_prep_balanced100_availaudio_20260430T120219Z/ICLISTENHF6016_20251105T170000.000Z.flac,30.000000,40.000000,,,,,,,,,,,,,,,,,,,,,,,,,primary_adjacent_gap,primary_adjacent_gap,ONC
ICLISTENHF6016_20251105T170000.000Z_gap_0002_47.0s_57.0s,/project/6070467/merileo/data/finwhales/final2025_resnet_20260423/multispecies_calltype_experiments/prep_runs/multispecies_prep_balanced100_availaudio_20260430T120219Z/ICLISTENHF6016_20251105T170000.000Z.flac,,,,,,10.000000,onc_primary_adjacent_gap,candidate_primary_adjacent_gap,/project/6070467/merileo/data/finwhales/final2025_resnet_20260423/multispecies_calltype_experiments/prep_runs/multispecies_prep_balanced100_availaudio_20260430T120219Z/ICLISTENHF6016_20251105T170000.000Z.flac,,,,1,train,,,,,/project/6070467/merileo/data/finwhales/final2025_resnet_20260423/multispecies_calltype_experiments/prep_runs/multispecies_prep_balanced100_availaudio_20260430T120219Z/ICLISTENHF6016_20251105T170000.000Z.flac,/project/6070467/merileo/data/finwhales/final2025_resnet_20260423/multispecies_calltype_experiments/prep_runs/multispecies_prep_balanced100_availaudio_20260430T120219Z/ICLISTENHF6016_20251105T170000.000Z.flac,47.000000,57.000000,,,,,,,,,,,,,,,,,,,,,,,,,primary_adjacent_gap,primary_adjacent_gap,ONC
ICLISTENHF6016_20251105T180000.000Z_gap_0000_0.0s_10.0s,/project/6070467/merileo/data/finwhales/final2025_resnet_20260423/multispecies_calltype_experiments/prep_runs/multispecies_prep_balanced100_availaudio_20260430T120219Z/ICLISTENHF6016_20251105T180000.000Z.flac,,,,,,10.000000,onc_primary_adjacent_gap,candidate_primary_adjacent_gap,/project/6070467/merileo/data/finwhales/final2025_resnet_20260423/multispecies_calltype_experiments/prep_runs/multispecies_prep_balanced100_availaudio_20260430T120219Z/ICLISTENHF6016_20251105T180000.000Z.flac,,,,1,train,,,,,/project/6070467/merileo/data/finwhales/final2025_resnet_20260423/multispecies_calltype_experiments/prep_runs/multispecies_prep_balanced100_availaudio_20260430T120219Z/ICLISTENHF6016_20251105T180000.000Z.flac,/project/6070467/merileo/data/finwhales/final2025_resnet_20260423/multispecies_calltype_experiments/prep_runs/multispecies_prep_balanced100_availaudio_20260430T120219Z/ICLISTENHF6016_20251105T180000.000Z.flac,0.000000,10.000000,,,,,,,,,,,,,,,,,,,,,,,,,primary_adjacent_gap,primary_adjacent_gap,ONC
ICLISTENHF6016_20251105T180000.000Z_gap_0001_30.0s_40.0s,/project/6070467/merileo/data/finwhales/final2025_resnet_20260423/multispecies_calltype_experiments/prep_runs/multispecies_prep_balanced100_availaudio_20260430T120219Z/ICLISTENHF6016_20251105T180000.000Z.flac,,,,,,10.000000,onc_primary_adjacent_gap,candidate_primary_adjacent_gap,/project/6070467/merileo/data/finwhales/final2025_resnet_20260423/multispecies_calltype_experiments/prep_runs/multispecies_prep_balanced100_availaudio_20260430T120219Z/ICLISTENHF6016_20251105T180000.000Z.flac,,,,1,train,,,,,/project/6070467/merileo/data/finwhales/final2025_resnet_20260423/multispecies_calltype_experiments/prep_runs/multispecies_prep_balanced100_availaudio_20260430T120219Z/ICLISTENHF6016_20251105T180000.000Z.flac,/project/6070467/merileo/data/finwhales/final2025_resnet_20260423/multispecies_calltype_experiments/prep_runs/multispecies_prep_balanced100_availaudio_20260430T120219Z/ICLISTENHF6016_20251105T180000.000Z.flac,30.000000,40.000000,,,,,,,,,,,,,,,,,,,,,,,,,primary_adjacent_gap,primary_adjacent_gap,ONC
ICLISTENHF6016_20251105T180000.000Z_gap_0002_60.0s_70.0s,/project/6070467/merileo/data/finwhales/final2025_resnet_20260423/multispecies_calltype_experiments/prep_runs/multispecies_prep_balanced100_availaudio_20260430T120219Z/ICLISTENHF6016_20251105T180000.000Z.flac,,,,,,10.000000,onc_primary_adjacent_gap,candidate_primary_adjacent_gap,/project/6070467/merileo/data/finwhales/final2025_resnet_20260423/multispecies_calltype_experiments/prep_runs/multispecies_prep_balanced100_availaudio_20260430T120219Z/ICLISTENHF6016_20251105T180000.000Z.flac,,,,1,train,,,,,/project/6070467/merileo/data/finwhales/final2025_resnet_20260423/multispecies_calltype_experiments/prep_runs/multispecies_prep_balanced100_availaudio_20260430T120219Z/ICLISTENHF6016_20251105T180000.000Z.flac,/project/6070467/merileo/data/finwhales/final2025_resnet_20260423/multispecies_calltype_experiments/prep_runs/multispecies_prep_balanced100_availaudio_20260430T120219Z/ICLISTENHF6016_20251105T180000.000Z.flac,60.000000,70.000000,,,,,,,,,,,,,,,,,,,,,,,,,primary_adjacent_gap,primary_adjacent_gap,ONC
ICLISTENHF6016_20251105T190000.000Z_gap_0000_0.0s_10.0s,/project/6070467/merileo/data/finwhales/final2025_resnet_20260423/multispecies_calltype_experiments/prep_runs/multispecies_prep_balanced100_availaudio_20260430T120219Z/ICLISTENHF6016_20251105T190000.000Z.flac,,,,,,10.000000,onc_primary_adjacent_gap,candidate_primary_adjacent_gap,/project/6070467/merileo/data/finwhales/final2025_resnet_20260423/multispecies_calltype_experiments/prep_runs/multispecies_prep_balanced100_availaudio_20260430T120219Z/ICLISTENHF6016_20251105T190000.000Z.flac,,,,1,test,,,,,/project/6070467/merileo/data/finwhales/final2025_resnet_20260423/multispecies_calltype_experiments/prep_runs/multispecies_prep_balanced100_availaudio_20260430T120219Z/ICLISTENHF6016_20251105T190000.000Z.flac,/project/6070467/merileo/data/finwhales/final2025_resnet_20260423/multispecies_calltype_experiments/prep_runs/multispecies_prep_balanced100_availaudio_20260430T120219Z/ICLISTENHF6016_20251105T190000.000Z.flac,0.000000,10.000000,,,,,,,,,,,,,,,,,,,,,,,,,primary_adjacent_gap,primary_adjacent_gap,ONC
ICLISTENHF6016_20251105T190000.000Z_gap_0001_30.0s_40.0s,/project/6070467/merileo/data/finwhales/final2025_resnet_20260423/multispecies_calltype_experiments/prep_runs/multispecies_prep_balanced100_availaudio_20260430T120219Z/ICLISTENHF6016_20251105T190000.000Z.flac,,,,,,10.000000,onc_primary_adjacent_gap,candidate_primary_adjacent_gap,/project/6070467/merileo/data/finwhales/final2025_resnet_20260423/multispecies_calltype_experiments/prep_runs/multispecies_prep_balanced100_availaudio_20260430T120219Z/ICLISTENHF6016_20251105T190000.000Z.flac,,,,1,test,,,,,/project/6070467/merileo/data/finwhales/final2025_resnet_20260423/multispecies_calltype_experiments/prep_runs/multispecies_prep_balanced100_availaudio_20260430T120219Z/ICLISTENHF6016_20251105T190000.000Z.flac,/project/6070467/merileo/data/finwhales/final2025_resnet_20260423/multispecies_calltype_experiments/prep_runs/multispecies_prep_balanced100_availaudio_20260430T120219Z/ICLISTENHF6016_20251105T190000.000Z.flac,30.000000,40.000000,,,,,,,,,,,,,,,,,,,,,,,,,primary_adjacent_gap,primary_adjacent_gap,ONC
ICLISTENHF6016_20251105T190000.000Z_gap_0002_60.0s_70.0s,/project/6070467/merileo/data/finwhales/final2025_resnet_20260423/multispecies_calltype_experiments/prep_runs/multispecies_prep_balanced100_availaudio_20260430T120219Z/ICLISTENHF6016_20251105T190000.000Z.flac,,,,,,10.000000,onc_primary_adjacent_gap,candidate_primary_adjacent_gap,/project/6070467/merileo/data/finwhales/final2025_resnet_20260423/multispecies_calltype_experiments/prep_runs/multispecies_prep_balanced100_availaudio_20260430T120219Z/ICLISTENHF6016_20251105T190000.000Z.flac,,,,1,test,,,,,/project/6070467/merileo/data/finwhales/final2025_resnet_20260423/multispecies_calltype_experiments/prep_runs/multispecies_prep_balanced100_availaudio_20260430T120219Z/ICLISTENHF6016_20251105T190000.000Z.flac,/project/6070467/merileo/data/finwhales/final2025_resnet_20260423/multispecies_calltype_experiments/prep_runs/multispecies_prep_balanced100_availaudio_20260430T120219Z/ICLISTENHF6016_20251105T190000.000Z.flac,60.000000,70.000000,,,,,,,,,,,,,,,,,,,,,,,,,primary_adjacent_gap,primary_adjacent_gap,ONC
ICLISTENHF6016_20251105T210000.000Z_gap_0000_0.0s_10.0s,/project/6070467/merileo/data/finwhales/final2025_resnet_20260423/multispecies_calltype_experiments/prep_runs/multispecies_prep_balanced100_availaudio_20260430T120219Z/ICLISTENHF6016_20251105T210000.000Z.flac,,,,,,10.000000,onc_primary_adjacent_gap,candidate_primary_adjacent_gap,/project/6070467/merileo/data/finwhales/final2025_resnet_20260423/multispecies_calltype_experiments/prep_runs/multispecies_prep_balanced100_availaudio_20260430T120219Z/ICLISTENHF6016_20251105T210000.000Z.flac,,,,1,train,,,,,/project/6070467/merileo/data/finwhales/final2025_resnet_20260423/multispecies_calltype_experiments/prep_runs/multispecies_prep_balanced100_availaudio_20260430T120219Z/ICLISTENHF6016_20251105T210000.000Z.flac,/project/6070467/merileo/data/finwhales/final2025_resnet_20260423/multispecies_calltype_experiments/prep_runs/multispecies_prep_balanced100_availaudio_20260430T120219Z/ICLISTENHF6016_20251105T210000.000Z.flac,0.000000,10.000000,,,,,,,,,,,,,,,,,,,,,,,,,primary_adjacent_gap,primary_adjacent_gap,ONC
ICLISTENHF6016_20251105T210000.000Z_gap_0001_30.0s_40.0s,/project/6070467/merileo/data/finwhales/final2025_resnet_20260423/multispecies_calltype_experiments/prep_runs/multispecies_prep_balanced100_availaudio_20260430T120219Z/ICLISTENHF6016_20251105T210000.000Z.flac,,,,,,10.000000,onc_primary_adjacent_gap,candidate_primary_adjacent_gap,/project/6070467/merileo/data/finwhales/final2025_resnet_20260423/multispecies_calltype_experiments/prep_runs/multispecies_prep_balanced100_availaudio_20260430T120219Z/ICLISTENHF6016_20251105T210000.000Z.flac,,,,1,train,,,,,/project/6070467/merileo/data/finwhales/final2025_resnet_20260423/multispecies_calltype_experiments/prep_runs/multispecies_prep_balanced100_availaudio_20260430T120219Z/ICLISTENHF6016_20251105T210000.000Z.flac,/project/6070467/merileo/data/finwhales/final2025_resnet_20260423/multispecies_calltype_experiments/prep_runs/multispecies_prep_balanced100_availaudio_20260430T120219Z/ICLISTENHF6016_20251105T210000.000Z.flac,30.000000,40.000000,,,,,,,,,,,,,,,,,,,,,,,,,primary_adjacent_gap,primary_adjacent_gap,ONC
ICLISTENHF6016_20251105T210000.000Z_gap_0002_60.0s_70.0s,/project/6070467/merileo/data/finwhales/final2025_resnet_20260423/multispecies_calltype_experiments/prep_runs/multispecies_prep_balanced100_availaudio_20260430T120219Z/ICLISTENHF6016_20251105T210000.000Z.flac,,,,,,10.000000,onc_primary_adjacent_gap,candidate_primary_adjacent_gap,/project/6070467/merileo/data/finwhales/final2025_resnet_20260423/multispecies_calltype_experiments/prep_runs/multispecies_prep_balanced100_availaudio_20260430T120219Z/ICLISTENHF6016_20251105T210000.000Z.flac,,,,1,train,,,,,/project/6070467/merileo/data/finwhales/final2025_resnet_20260423/multispecies_calltype_experiments/prep_runs/multispecies_prep_balanced100_availaudio_20260430T120219Z/ICLISTENHF6016_20251105T210000.000Z.flac,/project/6070467/merileo/data/finwhales/final2025_resnet_20260423/multispecies_calltype_experiments/prep_runs/multispecies_prep_balanced100_availaudio_20260430T120219Z/ICLISTENHF6016_20251105T210000.000Z.flac,60.000000,70.000000,,,,,,,,,,,,,,,,,,,,,,,,,primary_adjacent_gap,primary_adjacent_gap,ONC
ICLISTENHF6016_20251110T020000.000Z_gap_0000_0.0s_10.0s,/project/6070467/merileo/data/finwhales/final2025_resnet_20260423/multispecies_calltype_experiments/prep_runs/multispecies_prep_balanced100_availaudio_20260430T120219Z/ICLISTENHF6016_20251110T020000.000Z.flac,,,,,,10.000000,onc_primary_adjacent_gap,candidate_primary_adjacent_gap,/project/6070467/merileo/data/finwhales/final2025_resnet_20260423/multispecies_calltype_experiments/prep_runs/multispecies_prep_balanced100_availaudio_20260430T120219Z/ICLISTENHF6016_20251110T020000.000Z.flac,,,,1,train,,,,,/project/6070467/merileo/data/finwhales/final2025_resnet_20260423/multispecies_calltype_experiments/prep_runs/multispecies_prep_balanced100_availaudio_20260430T120219Z/ICLISTENHF6016_20251110T020000.000Z.flac,/project/6070467/merileo/data/finwhales/final2025_resnet_20260423/multispecies_calltype_experiments/prep_runs/multispecies_prep_balanced100_availaudio_20260430T120219Z/ICLISTENHF6016_20251110T020000.000Z.flac,0.000000,10.000000,,,,,,,,,,,,,,,,,,,,,,,,,primary_adjacent_gap,primary_adjacent_gap,ONC
ICLISTENHF6016_20251110T020000.000Z_gap_0001_30.0s_40.0s,/project/6070467/merileo/data/finwhales/final2025_resnet_20260423/multispecies_calltype_experiments/prep_runs/multispecies_prep_balanced100_availaudio_20260430T120219Z/ICLISTENHF6016_20251110T020000.000Z.flac,,,,,,10.000000,onc_primary_adjacent_gap,candidate_primary_adjacent_gap,/project/6070467/merileo/data/finwhales/final2025_resnet_20260423/multispecies_calltype_experiments/prep_runs/multispecies_prep_balanced100_availaudio_20260430T120219Z/ICLISTENHF6016_20251110T020000.000Z.flac,,,,1,train,,,,,/project/6070467/merileo/data/finwhales/final2025_resnet_20260423/multispecies_calltype_experiments/prep_runs/multispecies_prep_balanced100_availaudio_20260430T120219Z/ICLISTENHF6016_20251110T020000.000Z.flac,/project/6070467/merileo/data/finwhales/final2025_resnet_20260423/multispecies_calltype_experiments/prep_runs/multispecies_prep_balanced100_availaudio_20260430T120219Z/ICLISTENHF6016_20251110T020000.000Z.flac,30.000000,40.000000,,,,,,,,,,,,,,,,,,,,,,,,,primary_adjacent_gap,primary_adjacent_gap,ONC
ICLISTENHF6016_20251110T020000.000Z_gap_0002_37.2s_47.2s,/project/6070467/merileo/data/finwhales/final2025_resnet_20260423/multispecies_calltype_experiments/prep_runs/multispecies_prep_balanced100_availaudio_20260430T120219Z/ICLISTENHF6016_20251110T020000.000Z.flac,,,,,,10.000000,onc_primary_adjacent_gap,candidate_primary_adjacent_gap,/project/6070467/merileo/data/finwhales/final2025_resnet_20260423/multispecies_calltype_experiments/prep_runs/multispecies_prep_balanced100_availaudio_20260430T120219Z/ICLISTENHF6016_20251110T020000.000Z.flac,,,,1,train,,,,,/project/6070467/merileo/data/finwhales/final2025_resnet_20260423/multispecies_calltype_experiments/prep_runs/multispecies_prep_balanced100_availaudio_20260430T120219Z/ICLISTENHF6016_20251110T020000.000Z.flac,/project/6070467/merileo/data/finwhales/final2025_resnet_20260423/multispecies_calltype_experiments/prep_runs/multispecies_prep_balanced100_availaudio_20260430T120219Z/ICLISTENHF6016_20251110T020000.000Z.flac,37.200000,47.200000,,,,,,,,,,,,,,,,,,,,,,,,,primary_adjacent_gap,primary_adjacent_gap,ONC
ICLISTENHF6016_20251110T030000.000Z_gap_0000_0.0s_10.0s,/project/6070467/merileo/data/finwhales/final2025_resnet_20260423/multispecies_calltype_experiments/prep_runs/multispecies_prep_balanced100_availaudio_20260430T120219Z/ICLISTENHF6016_20251110T030000.000Z.flac,,,,,,10.000000,onc_primary_adjacent_gap,candidate_primary_adjacent_gap,/project/6070467/merileo/data/finwhales/final2025_resnet_20260423/multispecies_calltype_experiments/prep_runs/multispecies_prep_balanced100_availaudio_20260430T120219Z/ICLISTENHF6016_20251110T030000.000Z.flac,,,,1,train,,,,,/project/6070467/merileo/data/finwhales/final2025_resnet_20260423/multispecies_calltype_experiments/prep_runs/multispecies_prep_balanced100_availaudio_20260430T120219Z/ICLISTENHF6016_20251110T030000.000Z.flac,/project/6070467/merileo/data/finwhales/final2025_resnet_20260423/multispecies_calltype_experiments/prep_runs/multispecies_prep_balanced100_availaudio_20260430T120219Z/ICLISTENHF6016_20251110T030000.000Z.flac,0.000000,10.000000,,,,,,,,,,,,,,,,,,,,,,,,,primary_adjacent_gap,primary_adjacent_gap,ONC
ICLISTENHF6016_20251110T030000.000Z_gap_0001_30.0s_40.0s,/project/6070467/merileo/data/finwhales/final2025_resnet_20260423/multispecies_calltype_experiments/prep_runs/multispecies_prep_balanced100_availaudio_20260430T120219Z/ICLISTENHF6016_20251110T030000.000Z.flac,,,,,,10.000000,onc_primary_adjacent_gap,candidate_primary_adjacent_gap,/project/6070467/merileo/data/finwhales/final2025_resnet_20260423/multispecies_calltype_experiments/prep_runs/multispecies_prep_balanced100_availaudio_20260430T120219Z/ICLISTENHF6016_20251110T030000.000Z.flac,,,,1,train,,,,,/project/6070467/merileo/data/finwhales/final2025_resnet_20260423/multispecies_calltype_experiments/prep_runs/multispecies_prep_balanced100_availaudio_20260430T120219Z/ICLISTENHF6016_20251110T030000.000Z.flac,/project/6070467/merileo/data/finwhales/final2025_resnet_20260423/multispecies_calltype_experiments/prep_runs/multispecies_prep_balanced100_availaudio_20260430T120219Z/ICLISTENHF6016_20251110T030000.000Z.flac,30.000000,40.000000,,,,,,,,,,,,,,,,,,,,,,,,,primary_adjacent_gap,primary_adjacent_gap,ONC
ICLISTENHF6016_20251110T030000.000Z_gap_0002_60.0s_70.0s,/project/6070467/merileo/data/finwhales/final2025_resnet_20260423/multispecies_calltype_experiments/prep_runs/multispecies_prep_balanced100_availaudio_20260430T120219Z/ICLISTENHF6016_20251110T030000.000Z.flac,,,,,,10.000000,onc_primary_adjacent_gap,candidate_primary_adjacent_gap,/project/6070467/merileo/data/finwhales/final2025_resnet_20260423/multispecies_calltype_experiments/prep_runs/multispecies_prep_balanced100_availaudio_20260430T120219Z/ICLISTENHF6016_20251110T030000.000Z.flac,,,,1,train,,,,,/project/6070467/merileo/data/finwhales/final2025_resnet_20260423/multispecies_calltype_experiments/prep_runs/multispecies_prep_balanced100_availaudio_20260430T120219Z/ICLISTENHF6016_20251110T030000.000Z.flac,/project/6070467/merileo/data/finwhales/final2025_resnet_20260423/multispecies_calltype_experiments/prep_runs/multispecies_prep_balanced100_availaudio_20260430T120219Z/ICLISTENHF6016_20251110T030000.000Z.flac,60.000000,70.000000,,,,,,,,,,,,,,,,,,,,,,,,,primary_adjacent_gap,primary_adjacent_gap,ONC
ICLISTENHF6016_20251110T050000.000Z_gap_0000_0.0s_10.0s,/project/6070467/merileo/data/finwhales/final2025_resnet_20260423/multispecies_calltype_experiments/prep_runs/multispecies_prep_balanced100_availaudio_20260430T120219Z/ICLISTENHF6016_20251110T050000.000Z.flac,,,,,,10.000000,onc_primary_adjacent_gap,candidate_primary_adjacent_gap,/project/6070467/merileo/data/finwhales/final2025_resnet_20260423/multispecies_calltype_experiments/prep_runs/multispecies_prep_balanced100_availaudio_20260430T120219Z/ICLISTENHF6016_20251110T050000.000Z.flac,,,,1,val,,,,,/project/6070467/merileo/data/finwhales/final2025_resnet_20260423/multispecies_calltype_experiments/prep_runs/multispecies_prep_balanced100_availaudio_20260430T120219Z/ICLISTENHF6016_20251110T050000.000Z.flac,/project/6070467/merileo/data/finwhales/final2025_resnet_20260423/multispecies_calltype_experiments/prep_runs/multispecies_prep_balanced100_availaudio_20260430T120219Z/ICLISTENHF6016_20251110T050000.000Z.flac,0.000000,10.000000,,,,,,,,,,,,,,,,,,,,,,,,,primary_adjacent_gap,primary_adjacent_gap,ONC
ICLISTENHF6016_20251110T050000.000Z_gap_0001_30.0s_40.0s,/project/6070467/merileo/data/finwhales/final2025_resnet_20260423/multispecies_calltype_experiments/prep_runs/multispecies_prep_balanced100_availaudio_20260430T120219Z/ICLISTENHF6016_20251110T050000.000Z.flac,,,,,,10.000000,onc_primary_adjacent_gap,candidate_primary_adjacent_gap,/project/6070467/merileo/data/finwhales/final2025_resnet_20260423/multispecies_calltype_experiments/prep_runs/multispecies_prep_balanced100_availaudio_20260430T120219Z/ICLISTENHF6016_20251110T050000.000Z.flac,,,,1,val,,,,,/project/6070467/merileo/data/finwhales/final2025_resnet_20260423/multispecies_calltype_experiments/prep_runs/multispecies_prep_balanced100_availaudio_20260430T120219Z/ICLISTENHF6016_20251110T050000.000Z.flac,/project/6070467/merileo/data/finwhales/final2025_resnet_20260423/multispecies_calltype_experiments/prep_runs/multispecies_prep_balanced100_availaudio_20260430T120219Z/ICLISTENHF6016_20251110T050000.000Z.flac,30.000000,40.000000,,,,,,,,,,,,,,,,,,,,,,,,,primary_adjacent_gap,primary_adjacent_gap,ONC
ICLISTENHF6016_20251110T050000.000Z_gap_0002_60.0s_70.0s,/project/6070467/merileo/data/finwhales/final2025_resnet_20260423/multispecies_calltype_experiments/prep_runs/multispecies_prep_balanced100_availaudio_20260430T120219Z/ICLISTENHF6016_20251110T050000.000Z.flac,,,,,,10.000000,onc_primary_adjacent_gap,candidate_primary_adjacent_gap,/project/6070467/merileo/data/finwhales/final2025_resnet_20260423/multispecies_calltype_experiments/prep_runs/multispecies_prep_balanced100_availaudio_20260430T120219Z/ICLISTENHF6016_20251110T050000.000Z.flac,,,,1,val,,,,,/project/6070467/merileo/data/finwhales/final2025_resnet_20260423/multispecies_calltype_experiments/prep_runs/multispecies_prep_balanced100_availaudio_20260430T120219Z/ICLISTENHF6016_20251110T050000.000Z.flac,/project/6070467/merileo/data/finwhales/final2025_resnet_20260423/multispecies_calltype_experiments/prep_runs/multispecies_prep_balanced100_availaudio_20260430T120219Z/ICLISTENHF6016_20251110T050000.000Z.flac,60.000000,70.000000,,,,,,,,,,,,,,,,,,,,,,,,,primary_adjacent_gap,primary_adjacent_gap,ONC
ICLISTENHF6016_20251110T070000.000Z_gap_0000_0.0s_10.0s,/project/6070467/merileo/data/finwhales/final2025_resnet_20260423/multispecies_calltype_experiments/prep_runs/multispecies_prep_balanced100_availaudio_20260430T120219Z/ICLISTENHF6016_20251110T070000.000Z.flac,,,,,,10.000000,onc_primary_adjacent_gap,candidate_primary_adjacent_gap,/project/6070467/merileo/data/finwhales/final2025_resnet_20260423/multispecies_calltype_experiments/prep_runs/multispecies_prep_balanced100_availaudio_20260430T120219Z/ICLISTENHF6016_20251110T070000.000Z.flac,,,,1,train,,,,,/project/6070467/merileo/data/finwhales/final2025_resnet_20260423/multispecies_calltype_experiments/prep_runs/multispecies_prep_balanced100_availaudio_20260430T120219Z/ICLISTENHF6016_20251110T070000.000Z.flac,/project/6070467/merileo/data/finwhales/final2025_resnet_20260423/multispecies_calltype_experiments/prep_runs/multispecies_prep_balanced100_availaudio_20260430T120219Z/ICLISTENHF6016_20251110T070000.000Z.flac,0.000000,10.000000,,,,,,,,,,,,,,,,,,,,,,,,,primary_adjacent_gap,primary_adjacent_gap,ONC
ICLISTENHF6016_20251110T070000.000Z_gap_0001_30.0s_40.0s,/project/6070467/merileo/data/finwhales/final2025_resnet_20260423/multispecies_calltype_experiments/prep_runs/multispecies_prep_balanced100_availaudio_20260430T120219Z/ICLISTENHF6016_20251110T070000.000Z.flac,,,,,,10.000000,onc_primary_adjacent_gap,candidate_primary_adjacent_gap,/project/6070467/merileo/data/finwhales/final2025_resnet_20260423/multispecies_calltype_experiments/prep_runs/multispecies_prep_balanced100_availaudio_20260430T120219Z/ICLISTENHF6016_20251110T070000.000Z.flac,,,,1,train,,,,,/project/6070467/merileo/data/finwhales/final2025_resnet_20260423/multispecies_calltype_experiments/prep_runs/multispecies_prep_balanced100_availaudio_20260430T120219Z/ICLISTENHF6016_20251110T070000.000Z.flac,/project/6070467/merileo/data/finwhales/final2025_resnet_20260423/multispecies_calltype_experiments/prep_runs/multispecies_prep_balanced100_availaudio_20260430T120219Z/ICLISTENHF6016_20251110T070000.000Z.flac,30.000000,40.000000,,,,,,,,,,,,,,,,,,,,,,,,,primary_adjacent_gap,primary_adjacent_gap,ONC
ICLISTENHF6016_20251110T070000.000Z_gap_0002_60.0s_70.0s,/project/6070467/merileo/data/finwhales/final2025_resnet_20260423/multispecies_calltype_experiments/prep_runs/multispecies_prep_balanced100_availaudio_20260430T120219Z/ICLISTENHF6016_20251110T070000.000Z.flac,,,,,,10.000000,onc_primary_adjacent_gap,candidate_primary_adjacent_gap,/project/6070467/merileo/data/finwhales/final2025_resnet_20260423/multispecies_calltype_experiments/prep_runs/multispecies_prep_balanced100_availaudio_20260430T120219Z/ICLISTENHF6016_20251110T070000.000Z.flac,,,,1,train,,,,,/project/6070467/merileo/data/finwhales/final2025_resnet_20260423/multispecies_calltype_experiments/prep_runs/multispecies_prep_balanced100_availaudio_20260430T120219Z/ICLISTENHF6016_20251110T070000.000Z.flac,/project/6070467/merileo/data/finwhales/final2025_resnet_20260423/multispecies_calltype_experiments/prep_runs/multispecies_prep_balanced100_availaudio_20260430T120219Z/ICLISTENHF6016_20251110T070000.000Z.flac,60.000000,70.000000,,,,,,,,,,,,,,,,,,,,,,,,,primary_adjacent_gap,primary_adjacent_gap,ONC
ICLISTENHF6016_20251110T090000.000Z_gap_0000_0.0s_10.0s,/project/6070467/merileo/data/finwhales/final2025_resnet_20260423/multispecies_calltype_experiments/prep_runs/multispecies_prep_balanced100_availaudio_20260430T120219Z/ICLISTENHF6016_20251110T090000.000Z.flac,,,,,,10.000000,onc_primary_adjacent_gap,candidate_primary_adjacent_gap,/project/6070467/merileo/data/finwhales/final2025_resnet_20260423/multispecies_calltype_experiments/prep_runs/multispecies_prep_balanced100_availaudio_20260430T120219Z/ICLISTENHF6016_20251110T090000.000Z.flac,,,,1,train,,,,,/project/6070467/merileo/data/finwhales/final2025_resnet_20260423/multispecies_calltype_experiments/prep_runs/multispecies_prep_balanced100_availaudio_20260430T120219Z/ICLISTENHF6016_20251110T090000.000Z.flac,/project/6070467/merileo/data/finwhales/final2025_resnet_20260423/multispecies_calltype_experiments/prep_runs/multispecies_prep_balanced100_availaudio_20260430T120219Z/ICLISTENHF6016_20251110T090000.000Z.flac,0.000000,10.000000,,,,,,,,,,,,,,,,,,,,,,,,,primary_adjacent_gap,primary_adjacent_gap,ONC
ICLISTENHF6016_20251110T090000.000Z_gap_0001_30.0s_40.0s,/project/6070467/merileo/data/finwhales/final2025_resnet_20260423/multispecies_calltype_experiments/prep_runs/multispecies_prep_balanced100_availaudio_20260430T120219Z/ICLISTENHF6016_20251110T090000.000Z.flac,,,,,,10.000000,onc_primary_adjacent_gap,candidate_primary_adjacent_gap,/project/6070467/merileo/data/finwhales/final2025_resnet_20260423/multispecies_calltype_experiments/prep_runs/multispecies_prep_balanced100_availaudio_20260430T120219Z/ICLISTENHF6016_20251110T090000.000Z.flac,,,,1,train,,,,,/project/6070467/merileo/data/finwhales/final2025_resnet_20260423/multispecies_calltype_experiments/prep_runs/multispecies_prep_balanced100_availaudio_20260430T120219Z/ICLISTENHF6016_20251110T090000.000Z.flac,/project/6070467/merileo/data/finwhales/final2025_resnet_20260423/multispecies_calltype_experiments/prep_runs/multispecies_prep_balanced100_availaudio_20260430T120219Z/ICLISTENHF6016_20251110T090000.000Z.flac,30.000000,40.000000,,,,,,,,,,,,,,,,,,,,,,,,,primary_adjacent_gap,primary_adjacent_gap,ONC
ICLISTENHF6016_20251110T090000.000Z_gap_0002_60.0s_70.0s,/project/6070467/merileo/data/finwhales/final2025_resnet_20260423/multispecies_calltype_experiments/prep_runs/multispecies_prep_balanced100_availaudio_20260430T120219Z/ICLISTENHF6016_20251110T090000.000Z.flac,,,,,,10.000000,onc_primary_adjacent_gap,candidate_primary_adjacent_gap,/project/6070467/merileo/data/finwhales/final2025_resnet_20260423/multispecies_calltype_experiments/prep_runs/multispecies_prep_balanced100_availaudio_20260430T120219Z/ICLISTENHF6016_20251110T090000.000Z.flac,,,,1,train,,,,,/project/6070467/merileo/data/finwhales/final2025_resnet_20260423/multispecies_calltype_experiments/prep_runs/multispecies_prep_balanced100_availaudio_20260430T120219Z/ICLISTENHF6016_20251110T090000.000Z.flac,/project/6070467/merileo/data/finwhales/final2025_resnet_20260423/multispecies_calltype_experiments/prep_runs/multispecies_prep_balanced100_availaudio_20260430T120219Z/ICLISTENHF6016_20251110T090000.000Z.flac,60.000000,70.000000,,,,,,,,,,,,,,,,,,,,,,,,,primary_adjacent_gap,primary_adjacent_gap,ONC
ICLISTENHF6016_20251110T130000.000Z_gap_0000_17.9s_27.9s,/project/6070467/merileo/data/finwhales/final2025_resnet_20260423/multispecies_calltype_experiments/prep_runs/multispecies_prep_balanced100_availaudio_20260430T120219Z/ICLISTENHF6016_20251110T130000.000Z.flac,,,,,,10.000000,onc_primary_adjacent_gap,candidate_primary_adjacent_gap,/project/6070467/merileo/data/finwhales/final2025_resnet_20260423/multispecies_calltype_experiments/prep_runs/multispecies_prep_balanced100_availaudio_20260430T120219Z/ICLISTENHF6016_20251110T130000.000Z.flac,,,,1,train,,,,,/project/6070467/merileo/data/finwhales/final2025_resnet_20260423/multispecies_calltype_experiments/prep_runs/multispecies_prep_balanced100_availaudio_20260430T120219Z/ICLISTENHF6016_20251110T130000.000Z.flac,/project/6070467/merileo/data/finwhales/final2025_resnet_20260423/multispecies_calltype_experiments/prep_runs/multispecies_prep_balanced100_availaudio_20260430T120219Z/ICLISTENHF6016_20251110T130000.000Z.flac,17.900000,27.900000,,,,,,,,,,,,,,,,,,,,,,,,,primary_adjacent_gap,primary_adjacent_gap,ONC
ICLISTENHF6016_20251110T130000.000Z_gap_0001_47.9s_57.9s,/project/6070467/merileo/data/finwhales/final2025_resnet_20260423/multispecies_calltype_experiments/prep_runs/multispecies_prep_balanced100_availaudio_20260430T120219Z/ICLISTENHF6016_20251110T130000.000Z.flac,,,,,,10.000000,onc_primary_adjacent_gap,candidate_primary_adjacent_gap,/project/6070467/merileo/data/finwhales/final2025_resnet_20260423/multispecies_calltype_experiments/prep_runs/multispecies_prep_balanced100_availaudio_20260430T120219Z/ICLISTENHF6016_20251110T130000.000Z.flac,,,,1,train,,,,,/project/6070467/merileo/data/finwhales/final2025_resnet_20260423/multispecies_calltype_experiments/prep_runs/multispecies_prep_balanced100_availaudio_20260430T120219Z/ICLISTENHF6016_20251110T130000.000Z.flac,/project/6070467/merileo/data/finwhales/final2025_resnet_20260423/multispecies_calltype_experiments/prep_runs/multispecies_prep_balanced100_availaudio_20260430T120219Z/ICLISTENHF6016_20251110T130000.000Z.flac,47.900000,57.900000,,,,,,,,,,,,,,,,,,,,,,,,,primary_adjacent_gap,primary_adjacent_gap,ONC
ICLISTENHF6016_20251110T130000.000Z_gap_0002_77.9s_87.9s,/project/6070467/merileo/data/finwhales/final2025_resnet_20260423/multispecies_calltype_experiments/prep_runs/multispecies_prep_balanced100_availaudio_20260430T120219Z/ICLISTENHF6016_20251110T130000.000Z.flac,,,,,,10.000000,onc_primary_adjacent_gap,candidate_primary_adjacent_gap,/project/6070467/merileo/data/finwhales/final2025_resnet_20260423/multispecies_calltype_experiments/prep_runs/multispecies_prep_balanced100_availaudio_20260430T120219Z/ICLISTENHF6016_20251110T130000.000Z.flac,,,,1,train,,,,,/project/6070467/merileo/data/finwhales/final2025_resnet_20260423/multispecies_calltype_experiments/prep_runs/multispecies_prep_balanced100_availaudio_20260430T120219Z/ICLISTENHF6016_20251110T130000.000Z.flac,/project/6070467/merileo/data/finwhales/final2025_resnet_20260423/multispecies_calltype_experiments/prep_runs/multispecies_prep_balanced100_availaudio_20260430T120219Z/ICLISTENHF6016_20251110T130000.000Z.flac,77.900000,87.900000,,,,,,,,,,,,,,,,,,,,,,,,,primary_adjacent_gap,primary_adjacent_gap,ONC
ICLISTENHF6016_20251110T180000.000Z_gap_0000_0.0s_10.0s,/project/6070467/merileo/data/finwhales/final2025_resnet_20260423/multispecies_calltype_experiments/prep_runs/multispecies_prep_balanced100_availaudio_20260430T120219Z/ICLISTENHF6016_20251110T180000.000Z.flac,,,,,,10.000000,onc_primary_adjacent_gap,candidate_primary_adjacent_gap,/project/6070467/merileo/data/finwhales/final2025_resnet_20260423/multispecies_calltype_experiments/prep_runs/multispecies_prep_balanced100_availaudio_20260430T120219Z/ICLISTENHF6016_20251110T180000.000Z.flac,,,,1,train,,,,,/project/6070467/merileo/data/finwhales/final2025_resnet_20260423/multispecies_calltype_experiments/prep_runs/multispecies_prep_balanced100_availaudio_20260430T120219Z/ICLISTENHF6016_20251110T180000.000Z.flac,/project/6070467/merileo/data/finwhales/final2025_resnet_20260423/multispecies_calltype_experiments/prep_runs/multispecies_prep_balanced100_availaudio_20260430T120219Z/ICLISTENHF6016_20251110T180000.000Z.flac,0.000000,10.000000,,,,,,,,,,,,,,,,,,,,,,,,,primary_adjacent_gap,primary_adjacent_gap,ONC
ICLISTENHF6016_20251110T180000.000Z_gap_0001_30.0s_40.0s,/project/6070467/merileo/data/finwhales/final2025_resnet_20260423/multispecies_calltype_experiments/prep_runs/multispecies_prep_balanced100_availaudio_20260430T120219Z/ICLISTENHF6016_20251110T180000.000Z.flac,,,,,,10.000000,onc_primary_adjacent_gap,candidate_primary_adjacent_gap,/project/6070467/merileo/data/finwhales/final2025_resnet_20260423/multispecies_calltype_experiments/prep_runs/multispecies_prep_balanced100_availaudio_20260430T120219Z/ICLISTENHF6016_20251110T180000.000Z.flac,,,,1,train,,,,,/project/6070467/merileo/data/finwhales/final2025_resnet_20260423/multispecies_calltype_experiments/prep_runs/multispecies_prep_balanced100_availaudio_20260430T120219Z/ICLISTENHF6016_20251110T180000.000Z.flac,/project/6070467/merileo/data/finwhales/final2025_resnet_20260423/multispecies_calltype_experiments/prep_runs/multispecies_prep_balanced100_availaudio_20260430T120219Z/ICLISTENHF6016_20251110T180000.000Z.flac,30.000000,40.000000,,,,,,,,,,,,,,,,,,,,,,,,,primary_adjacent_gap,primary_adjacent_gap,ONC
ICLISTENHF6016_20251110T180000.000Z_gap_0002_60.0s_70.0s,/project/6070467/merileo/data/finwhales/final2025_resnet_20260423/multispecies_calltype_experiments/prep_runs/multispecies_prep_balanced100_availaudio_20260430T120219Z/ICLISTENHF6016_20251110T180000.000Z.flac,,,,,,10.000000,onc_primary_adjacent_gap,candidate_primary_adjacent_gap,/project/6070467/merileo/data/finwhales/final2025_resnet_20260423/multispecies_calltype_experiments/prep_runs/multispecies_prep_balanced100_availaudio_20260430T120219Z/ICLISTENHF6016_20251110T180000.000Z.flac,,,,1,train,,,,,/project/6070467/merileo/data/finwhales/final2025_resnet_20260423/multispecies_calltype_experiments/prep_runs/multispecies_prep_balanced100_availaudio_20260430T120219Z/ICLISTENHF6016_20251110T180000.000Z.flac,/project/6070467/merileo/data/finwhales/final2025_resnet_20260423/multispecies_calltype_experiments/prep_runs/multispecies_prep_balanced100_availaudio_20260430T120219Z/ICLISTENHF6016_20251110T180000.000Z.flac,60.000000,70.000000,,,,,,,,,,,,,,,,,,,,,,,,,primary_adjacent_gap,primary_adjacent_gap,ONC
ICLISTENHF6016_20251110T230000.000Z_gap_0000_0.0s_10.0s,/project/6070467/merileo/data/finwhales/final2025_resnet_20260423/multispecies_calltype_experiments/prep_runs/multispecies_prep_balanced100_availaudio_20260430T120219Z/ICLISTENHF6016_20251110T230000.000Z.flac,,,,,,10.000000,onc_primary_adjacent_gap,candidate_primary_adjacent_gap,/project/6070467/merileo/data/finwhales/final2025_resnet_20260423/multispecies_calltype_experiments/prep_runs/multispecies_prep_balanced100_availaudio_20260430T120219Z/ICLISTENHF6016_20251110T230000.000Z.flac,,,,1,train,,,,,/project/6070467/merileo/data/finwhales/final2025_resnet_20260423/multispecies_calltype_experiments/prep_runs/multispecies_prep_balanced100_availaudio_20260430T120219Z/ICLISTENHF6016_20251110T230000.000Z.flac,/project/6070467/merileo/data/finwhales/final2025_resnet_20260423/multispecies_calltype_experiments/prep_runs/multispecies_prep_balanced100_availaudio_20260430T120219Z/ICLISTENHF6016_20251110T230000.000Z.flac,0.000000,10.000000,,,,,,,,,,,,,,,,,,,,,,,,,primary_adjacent_gap,primary_adjacent_gap,ONC
ICLISTENHF6016_20251110T230000.000Z_gap_0001_30.0s_40.0s,/project/6070467/merileo/data/finwhales/final2025_resnet_20260423/multispecies_calltype_experiments/prep_runs/multispecies_prep_balanced100_availaudio_20260430T120219Z/ICLISTENHF6016_20251110T230000.000Z.flac,,,,,,10.000000,onc_primary_adjacent_gap,candidate_primary_adjacent_gap,/project/6070467/merileo/data/finwhales/final2025_resnet_20260423/multispecies_calltype_experiments/prep_runs/multispecies_prep_balanced100_availaudio_20260430T120219Z/ICLISTENHF6016_20251110T230000.000Z.flac,,,,1,train,,,,,/project/6070467/merileo/data/finwhales/final2025_resnet_20260423/multispecies_calltype_experiments/prep_runs/multispecies_prep_balanced100_availaudio_20260430T120219Z/ICLISTENHF6016_20251110T230000.000Z.flac,/project/6070467/merileo/data/finwhales/final2025_resnet_20260423/multispecies_calltype_experiments/prep_runs/multispecies_prep_balanced100_availaudio_20260430T120219Z/ICLISTENHF6016_20251110T230000.000Z.flac,30.000000,40.000000,,,,,,,,,,,,,,,,,,,,,,,,,primary_adjacent_gap,primary_adjacent_gap,ONC
ICLISTENHF6016_20251110T230000.000Z_gap_0002_60.0s_70.0s,/project/6070467/merileo/data/finwhales/final2025_resnet_20260423/multispecies_calltype_experiments/prep_runs/multispecies_prep_balanced100_availaudio_20260430T120219Z/ICLISTENHF6016_20251110T230000.000Z.flac,,,,,,10.000000,onc_primary_adjacent_gap,candidate_primary_adjacent_gap,/project/6070467/merileo/data/finwhales/final2025_resnet_20260423/multispecies_calltype_experiments/prep_runs/multispecies_prep_balanced100_availaudio_20260430T120219Z/ICLISTENHF6016_20251110T230000.000Z.flac,,,,1,train,,,,,/project/6070467/merileo/data/finwhales/final2025_resnet_20260423/multispecies_calltype_experiments/prep_runs/multispecies_prep_balanced100_availaudio_20260430T120219Z/ICLISTENHF6016_20251110T230000.000Z.flac,/project/6070467/merileo/data/finwhales/final2025_resnet_20260423/multispecies_calltype_experiments/prep_runs/multispecies_prep_balanced100_availaudio_20260430T120219Z/ICLISTENHF6016_20251110T230000.000Z.flac,60.000000,70.000000,,,,,,,,,,,,,,,,,,,,,,,,,primary_adjacent_gap,primary_adjacent_gap,ONC
ICLISTENHF6016_20251115T010000.000Z_gap_0000_0.0s_10.0s,/project/6070467/merileo/data/finwhales/final2025_resnet_20260423/multispecies_calltype_experiments/prep_runs/multispecies_prep_balanced100_availaudio_20260430T120219Z/ICLISTENHF6016_20251115T010000.000Z.flac,,,,,,10.000000,onc_primary_adjacent_gap,candidate_primary_adjacent_gap,/project/6070467/merileo/data/finwhales/final2025_resnet_20260423/multispecies_calltype_experiments/prep_runs/multispecies_prep_balanced100_availaudio_20260430T120219Z/ICLISTENHF6016_20251115T010000.000Z.flac,,,,1,train,,,,,/project/6070467/merileo/data/finwhales/final2025_resnet_20260423/multispecies_calltype_experiments/prep_runs/multispecies_prep_balanced100_availaudio_20260430T120219Z/ICLISTENHF6016_20251115T010000.000Z.flac,/project/6070467/merileo/data/finwhales/final2025_resnet_20260423/multispecies_calltype_experiments/prep_runs/multispecies_prep_balanced100_availaudio_20260430T120219Z/ICLISTENHF6016_20251115T010000.000Z.flac,0.000000,10.000000,,,,,,,,,,,,,,,,,,,,,,,,,primary_adjacent_gap,primary_adjacent_gap,ONC
ICLISTENHF6016_20251115T010000.000Z_gap_0001_30.0s_40.0s,/project/6070467/merileo/data/finwhales/final2025_resnet_20260423/multispecies_calltype_experiments/prep_runs/multispecies_prep_balanced100_availaudio_20260430T120219Z/ICLISTENHF6016_20251115T010000.000Z.flac,,,,,,10.000000,onc_primary_adjacent_gap,candidate_primary_adjacent_gap,/project/6070467/merileo/data/finwhales/final2025_resnet_20260423/multispecies_calltype_experiments/prep_runs/multispecies_prep_balanced100_availaudio_20260430T120219Z/ICLISTENHF6016_20251115T010000.000Z.flac,,,,1,train,,,,,/project/6070467/merileo/data/finwhales/final2025_resnet_20260423/multispecies_calltype_experiments/prep_runs/multispecies_prep_balanced100_availaudio_20260430T120219Z/ICLISTENHF6016_20251115T010000.000Z.flac,/project/6070467/merileo/data/finwhales/final2025_resnet_20260423/multispecies_calltype_experiments/prep_runs/multispecies_prep_balanced100_availaudio_20260430T120219Z/ICLISTENHF6016_20251115T010000.000Z.flac,30.000000,40.000000,,,,,,,,,,,,,,,,,,,,,,,,,primary_adjacent_gap,primary_adjacent_gap,ONC
ICLISTENHF6016_20251115T010000.000Z_gap_0002_60.0s_70.0s,/project/6070467/merileo/data/finwhales/final2025_resnet_20260423/multispecies_calltype_experiments/prep_runs/multispecies_prep_balanced100_availaudio_20260430T120219Z/ICLISTENHF6016_20251115T010000.000Z.flac,,,,,,10.000000,onc_primary_adjacent_gap,candidate_primary_adjacent_gap,/project/6070467/merileo/data/finwhales/final2025_resnet_20260423/multispecies_calltype_experiments/prep_runs/multispecies_prep_balanced100_availaudio_20260430T120219Z/ICLISTENHF6016_20251115T010000.000Z.flac,,,,1,train,,,,,/project/6070467/merileo/data/finwhales/final2025_resnet_20260423/multispecies_calltype_experiments/prep_runs/multispecies_prep_balanced100_availaudio_20260430T120219Z/ICLISTENHF6016_20251115T010000.000Z.flac,/project/6070467/merileo/data/finwhales/final2025_resnet_20260423/multispecies_calltype_experiments/prep_runs/multispecies_prep_balanced100_availaudio_20260430T120219Z/ICLISTENHF6016_20251115T010000.000Z.flac,60.000000,70.000000,,,,,,,,,,,,,,,,,,,,,,,,,primary_adjacent_gap,primary_adjacent_gap,ONC
ICLISTENHF6016_20251115T020000.000Z_gap_0000_0.0s_10.0s,/project/6070467/merileo/data/finwhales/final2025_resnet_20260423/multispecies_calltype_experiments/prep_runs/multispecies_prep_balanced100_availaudio_20260430T120219Z/ICLISTENHF6016_20251115T020000.000Z.flac,,,,,,10.000000,onc_primary_adjacent_gap,candidate_primary_adjacent_gap,/project/6070467/merileo/data/finwhales/final2025_resnet_20260423/multispecies_calltype_experiments/prep_runs/multispecies_prep_balanced100_availaudio_20260430T120219Z/ICLISTENHF6016_20251115T020000.000Z.flac,,,,1,train,,,,,/project/6070467/merileo/data/finwhales/final2025_resnet_20260423/multispecies_calltype_experiments/prep_runs/multispecies_prep_balanced100_availaudio_20260430T120219Z/ICLISTENHF6016_20251115T020000.000Z.flac,/project/6070467/merileo/data/finwhales/final2025_resnet_20260423/multispecies_calltype_experiments/prep_runs/multispecies_prep_balanced100_availaudio_20260430T120219Z/ICLISTENHF6016_20251115T020000.000Z.flac,0.000000,10.000000,,,,,,,,,,,,,,,,,,,,,,,,,primary_adjacent_gap,primary_adjacent_gap,ONC
ICLISTENHF6016_20251115T020000.000Z_gap_0001_23.8s_33.8s,/project/6070467/merileo/data/finwhales/final2025_resnet_20260423/multispecies_calltype_experiments/prep_runs/multispecies_prep_balanced100_availaudio_20260430T120219Z/ICLISTENHF6016_20251115T020000.000Z.flac,,,,,,10.000000,onc_primary_adjacent_gap,candidate_primary_adjacent_gap,/project/6070467/merileo/data/finwhales/final2025_resnet_20260423/multispecies_calltype_experiments/prep_runs/multispecies_prep_balanced100_availaudio_20260430T120219Z/ICLISTENHF6016_20251115T020000.000Z.flac,,,,1,train,,,,,/project/6070467/merileo/data/finwhales/final2025_resnet_20260423/multispecies_calltype_experiments/prep_runs/multispecies_prep_balanced100_availaudio_20260430T120219Z/ICLISTENHF6016_20251115T020000.000Z.flac,/project/6070467/merileo/data/finwhales/final2025_resnet_20260423/multispecies_calltype_experiments/prep_runs/multispecies_prep_balanced100_availaudio_20260430T120219Z/ICLISTENHF6016_20251115T020000.000Z.flac,23.800000,33.800000,,,,,,,,,,,,,,,,,,,,,,,,,primary_adjacent_gap,primary_adjacent_gap,ONC
ICLISTENHF6016_20251115T020000.000Z_gap_0002_64.5s_74.5s,/project/6070467/merileo/data/finwhales/final2025_resnet_20260423/multispecies_calltype_experiments/prep_runs/multispecies_prep_balanced100_availaudio_20260430T120219Z/ICLISTENHF6016_20251115T020000.000Z.flac,,,,,,10.000000,onc_primary_adjacent_gap,candidate_primary_adjacent_gap,/project/6070467/merileo/data/finwhales/final2025_resnet_20260423/multispecies_calltype_experiments/prep_runs/multispecies_prep_balanced100_availaudio_20260430T120219Z/ICLISTENHF6016_20251115T020000.000Z.flac,,,,1,train,,,,,/project/6070467/merileo/data/finwhales/final2025_resnet_20260423/multispecies_calltype_experiments/prep_runs/multispecies_prep_balanced100_availaudio_20260430T120219Z/ICLISTENHF6016_20251115T020000.000Z.flac,/project/6070467/merileo/data/finwhales/final2025_resnet_20260423/multispecies_calltype_experiments/prep_runs/multispecies_prep_balanced100_availaudio_20260430T120219Z/ICLISTENHF6016_20251115T020000.000Z.flac,64.500000,74.500000,,,,,,,,,,,,,,,,,,,,,,,,,primary_adjacent_gap,primary_adjacent_gap,ONC
ICLISTENHF6016_20251115T030000.000Z_gap_0000_0.0s_10.0s,/project/6070467/merileo/data/finwhales/final2025_resnet_20260423/multispecies_calltype_experiments/prep_runs/multispecies_prep_balanced100_availaudio_20260430T120219Z/ICLISTENHF6016_20251115T030000.000Z.flac,,,,,,10.000000,onc_primary_adjacent_gap,candidate_primary_adjacent_gap,/project/6070467/merileo/data/finwhales/final2025_resnet_20260423/multispecies_calltype_experiments/prep_runs/multispecies_prep_balanced100_availaudio_20260430T120219Z/ICLISTENHF6016_20251115T030000.000Z.flac,,,,1,train,,,,,/project/6070467/merileo/data/finwhales/final2025_resnet_20260423/multispecies_calltype_experiments/prep_runs/multispecies_prep_balanced100_availaudio_20260430T120219Z/ICLISTENHF6016_20251115T030000.000Z.flac,/project/6070467/merileo/data/finwhales/final2025_resnet_20260423/multispecies_calltype_experiments/prep_runs/multispecies_prep_balanced100_availaudio_20260430T120219Z/ICLISTENHF6016_20251115T030000.000Z.flac,0.000000,10.000000,,,,,,,,,,,,,,,,,,,,,,,,,primary_adjacent_gap,primary_adjacent_gap,ONC
ICLISTENHF6016_20251115T030000.000Z_gap_0001_8.6s_18.6s,/project/6070467/merileo/data/finwhales/final2025_resnet_20260423/multispecies_calltype_experiments/prep_runs/multispecies_prep_balanced100_availaudio_20260430T120219Z/ICLISTENHF6016_20251115T030000.000Z.flac,,,,,,10.000000,onc_primary_adjacent_gap,candidate_primary_adjacent_gap,/project/6070467/merileo/data/finwhales/final2025_resnet_20260423/multispecies_calltype_experiments/prep_runs/multispecies_prep_balanced100_availaudio_20260430T120219Z/ICLISTENHF6016_20251115T030000.000Z.flac,,,,1,train,,,,,/project/6070467/merileo/data/finwhales/final2025_resnet_20260423/multispecies_calltype_experiments/prep_runs/multispecies_prep_balanced100_availaudio_20260430T120219Z/ICLISTENHF6016_20251115T030000.000Z.flac,/project/6070467/merileo/data/finwhales/final2025_resnet_20260423/multispecies_calltype_experiments/prep_runs/multispecies_prep_balanced100_availaudio_20260430T120219Z/ICLISTENHF6016_20251115T030000.000Z.flac,8.600000,18.600000,,,,,,,,,,,,,,,,,,,,,,,,,primary_adjacent_gap,primary_adjacent_gap,ONC
ICLISTENHF6016_20251115T030000.000Z_gap_0002_50.7s_60.7s,/project/6070467/merileo/data/finwhales/final2025_resnet_20260423/multispecies_calltype_experiments/prep_runs/multispecies_prep_balanced100_availaudio_20260430T120219Z/ICLISTENHF6016_20251115T030000.000Z.flac,,,,,,10.000000,onc_primary_adjacent_gap,candidate_primary_adjacent_gap,/project/6070467/merileo/data/finwhales/final2025_resnet_20260423/multispecies_calltype_experiments/prep_runs/multispecies_prep_balanced100_availaudio_20260430T120219Z/ICLISTENHF6016_20251115T030000.000Z.flac,,,,1,train,,,,,/project/6070467/merileo/data/finwhales/final2025_resnet_20260423/multispecies_calltype_experiments/prep_runs/multispecies_prep_balanced100_availaudio_20260430T120219Z/ICLISTENHF6016_20251115T030000.000Z.flac,/project/6070467/merileo/data/finwhales/final2025_resnet_20260423/multispecies_calltype_experiments/prep_runs/multispecies_prep_balanced100_availaudio_20260430T120219Z/ICLISTENHF6016_20251115T030000.000Z.flac,50.700000,60.700000,,,,,,,,,,,,,,,,,,,,,,,,,primary_adjacent_gap,primary_adjacent_gap,ONC
ICLISTENHF6016_20251115T040000.000Z_gap_0000_0.0s_10.0s,/project/6070467/merileo/data/finwhales/final2025_resnet_20260423/multispecies_calltype_experiments/prep_runs/multispecies_prep_balanced100_availaudio_20260430T120219Z/ICLISTENHF6016_20251115T040000.000Z.flac,,,,,,10.000000,onc_primary_adjacent_gap,candidate_primary_adjacent_gap,/project/6070467/merileo/data/finwhales/final2025_resnet_20260423/multispecies_calltype_experiments/prep_runs/multispecies_prep_balanced100_availaudio_20260430T120219Z/ICLISTENHF6016_20251115T040000.000Z.flac,,,,1,train,,,,,/project/6070467/merileo/data/finwhales/final2025_resnet_20260423/multispecies_calltype_experiments/prep_runs/multispecies_prep_balanced100_availaudio_20260430T120219Z/ICLISTENHF6016_20251115T040000.000Z.flac,/project/6070467/merileo/data/finwhales/final2025_resnet_20260423/multispecies_calltype_experiments/prep_runs/multispecies_prep_balanced100_availaudio_20260430T120219Z/ICLISTENHF6016_20251115T040000.000Z.flac,0.000000,10.000000,,,,,,,,,,,,,,,,,,,,,,,,,primary_adjacent_gap,primary_adjacent_gap,ONC
ICLISTENHF6016_20251115T040000.000Z_gap_0001_30.0s_40.0s,/project/6070467/merileo/data/finwhales/final2025_resnet_20260423/multispecies_calltype_experiments/prep_runs/multispecies_prep_balanced100_availaudio_20260430T120219Z/ICLISTENHF6016_20251115T040000.000Z.flac,,,,,,10.000000,onc_primary_adjacent_gap,candidate_primary_adjacent_gap,/project/6070467/merileo/data/finwhales/final2025_resnet_20260423/multispecies_calltype_experiments/prep_runs/multispecies_prep_balanced100_availaudio_20260430T120219Z/ICLISTENHF6016_20251115T040000.000Z.flac,,,,1,train,,,,,/project/6070467/merileo/data/finwhales/final2025_resnet_20260423/multispecies_calltype_experiments/prep_runs/multispecies_prep_balanced100_availaudio_20260430T120219Z/ICLISTENHF6016_20251115T040000.000Z.flac,/project/6070467/merileo/data/finwhales/final2025_resnet_20260423/multispecies_calltype_experiments/prep_runs/multispecies_prep_balanced100_availaudio_20260430T120219Z/ICLISTENHF6016_20251115T040000.000Z.flac,30.000000,40.000000,,,,,,,,,,,,,,,,,,,,,,,,,primary_adjacent_gap,primary_adjacent_gap,ONC
ICLISTENHF6016_20251115T040000.000Z_gap_0002_60.0s_70.0s,/project/6070467/merileo/data/finwhales/final2025_resnet_20260423/multispecies_calltype_experiments/prep_runs/multispecies_prep_balanced100_availaudio_20260430T120219Z/ICLISTENHF6016_20251115T040000.000Z.flac,,,,,,10.000000,onc_primary_adjacent_gap,candidate_primary_adjacent_gap,/project/6070467/merileo/data/finwhales/final2025_resnet_20260423/multispecies_calltype_experiments/prep_runs/multispecies_prep_balanced100_availaudio_20260430T120219Z/ICLISTENHF6016_20251115T040000.000Z.flac,,,,1,train,,,,,/project/6070467/merileo/data/finwhales/final2025_resnet_20260423/multispecies_calltype_experiments/prep_runs/multispecies_prep_balanced100_availaudio_20260430T120219Z/ICLISTENHF6016_20251115T040000.000Z.flac,/project/6070467/merileo/data/finwhales/final2025_resnet_20260423/multispecies_calltype_experiments/prep_runs/multispecies_prep_balanced100_availaudio_20260430T120219Z/ICLISTENHF6016_20251115T040000.000Z.flac,60.000000,70.000000,,,,,,,,,,,,,,,,,,,,,,,,,primary_adjacent_gap,primary_adjacent_gap,ONC
ICLISTENHF6016_20251115T050000.000Z_gap_0000_35.3s_45.3s,/project/6070467/merileo/data/finwhales/final2025_resnet_20260423/multispecies_calltype_experiments/prep_runs/multispecies_prep_balanced100_availaudio_20260430T120219Z/ICLISTENHF6016_20251115T050000.000Z.flac,,,,,,10.000000,onc_primary_adjacent_gap,candidate_primary_adjacent_gap,/project/6070467/merileo/data/finwhales/final2025_resnet_20260423/multispecies_calltype_experiments/prep_runs/multispecies_prep_balanced100_availaudio_20260430T120219Z/ICLISTENHF6016_20251115T050000.000Z.flac,,,,1,train,,,,,/project/6070467/merileo/data/finwhales/final2025_resnet_20260423/multispecies_calltype_experiments/prep_runs/multispecies_prep_balanced100_availaudio_20260430T120219Z/ICLISTENHF6016_20251115T050000.000Z.flac,/project/6070467/merileo/data/finwhales/final2025_resnet_20260423/multispecies_calltype_experiments/prep_runs/multispecies_prep_balanced100_availaudio_20260430T120219Z/ICLISTENHF6016_20251115T050000.000Z.flac,35.300000,45.300000,,,,,,,,,,,,,,,,,,,,,,,,,primary_adjacent_gap,primary_adjacent_gap,ONC
ICLISTENHF6016_20251115T050000.000Z_gap_0001_49.3s_59.3s,/project/6070467/merileo/data/finwhales/final2025_resnet_20260423/multispecies_calltype_experiments/prep_runs/multispecies_prep_balanced100_availaudio_20260430T120219Z/ICLISTENHF6016_20251115T050000.000Z.flac,,,,,,10.000000,onc_primary_adjacent_gap,candidate_primary_adjacent_gap,/project/6070467/merileo/data/finwhales/final2025_resnet_20260423/multispecies_calltype_experiments/prep_runs/multispecies_prep_balanced100_availaudio_20260430T120219Z/ICLISTENHF6016_20251115T050000.000Z.flac,,,,1,train,,,,,/project/6070467/merileo/data/finwhales/final2025_resnet_20260423/multispecies_calltype_experiments/prep_runs/multispecies_prep_balanced100_availaudio_20260430T120219Z/ICLISTENHF6016_20251115T050000.000Z.flac,/project/6070467/merileo/data/finwhales/final2025_resnet_20260423/multispecies_calltype_experiments/prep_runs/multispecies_prep_balanced100_availaudio_20260430T120219Z/ICLISTENHF6016_20251115T050000.000Z.flac,49.300000,59.300000,,,,,,,,,,,,,,,,,,,,,,,,,primary_adjacent_gap,primary_adjacent_gap,ONC
ICLISTENHF6016_20251115T050000.000Z_gap_0002_92.0s_102.0s,/project/6070467/merileo/data/finwhales/final2025_resnet_20260423/multispecies_calltype_experiments/prep_runs/multispecies_prep_balanced100_availaudio_20260430T120219Z/ICLISTENHF6016_20251115T050000.000Z.flac,,,,,,10.000000,onc_primary_adjacent_gap,candidate_primary_adjacent_gap,/project/6070467/merileo/data/finwhales/final2025_resnet_20260423/multispecies_calltype_experiments/prep_runs/multispecies_prep_balanced100_availaudio_20260430T120219Z/ICLISTENHF6016_20251115T050000.000Z.flac,,,,1,train,,,,,/project/6070467/merileo/data/finwhales/final2025_resnet_20260423/multispecies_calltype_experiments/prep_runs/multispecies_prep_balanced100_availaudio_20260430T120219Z/ICLISTENHF6016_20251115T050000.000Z.flac,/project/6070467/merileo/data/finwhales/final2025_resnet_20260423/multispecies_calltype_experiments/prep_runs/multispecies_prep_balanced100_availaudio_20260430T120219Z/ICLISTENHF6016_20251115T050000.000Z.flac,92.000000,102.000000,,,,,,,,,,,,,,,,,,,,,,,,,primary_adjacent_gap,primary_adjacent_gap,ONC
ICLISTENHF6016_20251115T060000.000Z_gap_0000_0.0s_10.0s,/project/6070467/merileo/data/finwhales/final2025_resnet_20260423/multispecies_calltype_experiments/prep_runs/multispecies_prep_balanced100_availaudio_20260430T120219Z/ICLISTENHF6016_20251115T060000.000Z.flac,,,,,,10.000000,onc_primary_adjacent_gap,candidate_primary_adjacent_gap,/project/6070467/merileo/data/finwhales/final2025_resnet_20260423/multispecies_calltype_experiments/prep_runs/multispecies_prep_balanced100_availaudio_20260430T120219Z/ICLISTENHF6016_20251115T060000.000Z.flac,,,,1,train,,,,,/project/6070467/merileo/data/finwhales/final2025_resnet_20260423/multispecies_calltype_experiments/prep_runs/multispecies_prep_balanced100_availaudio_20260430T120219Z/ICLISTENHF6016_20251115T060000.000Z.flac,/project/6070467/merileo/data/finwhales/final2025_resnet_20260423/multispecies_calltype_experiments/prep_runs/multispecies_prep_balanced100_availaudio_20260430T120219Z/ICLISTENHF6016_20251115T060000.000Z.flac,0.000000,10.000000,,,,,,,,,,,,,,,,,,,,,,,,,primary_adjacent_gap,primary_adjacent_gap,ONC
ICLISTENHF6016_20251115T060000.000Z_gap_0001_8.5s_18.5s,/project/6070467/merileo/data/finwhales/final2025_resnet_20260423/multispecies_calltype_experiments/prep_runs/multispecies_prep_balanced100_availaudio_20260430T120219Z/ICLISTENHF6016_20251115T060000.000Z.flac,,,,,,10.000000,onc_primary_adjacent_gap,candidate_primary_adjacent_gap,/project/6070467/merileo/data/finwhales/final2025_resnet_20260423/multispecies_calltype_experiments/prep_runs/multispecies_prep_balanced100_availaudio_20260430T120219Z/ICLISTENHF6016_20251115T060000.000Z.flac,,,,1,train,,,,,/project/6070467/merileo/data/finwhales/final2025_resnet_20260423/multispecies_calltype_experiments/prep_runs/multispecies_prep_balanced100_availaudio_20260430T120219Z/ICLISTENHF6016_20251115T060000.000Z.flac,/project/6070467/merileo/data/finwhales/final2025_resnet_20260423/multispecies_calltype_experiments/prep_runs/multispecies_prep_balanced100_availaudio_20260430T120219Z/ICLISTENHF6016_20251115T060000.000Z.flac,8.500000,18.500000,,,,,,,,,,,,,,,,,,,,,,,,,primary_adjacent_gap,primary_adjacent_gap,ONC
ICLISTENHF6016_20251115T060000.000Z_gap_0002_51.2s_61.2s,/project/6070467/merileo/data/finwhales/final2025_resnet_20260423/multispecies_calltype_experiments/prep_runs/multispecies_prep_balanced100_availaudio_20260430T120219Z/ICLISTENHF6016_20251115T060000.000Z.flac,,,,,,10.000000,onc_primary_adjacent_gap,candidate_primary_adjacent_gap,/project/6070467/merileo/data/finwhales/final2025_resnet_20260423/multispecies_calltype_experiments/prep_runs/multispecies_prep_balanced100_availaudio_20260430T120219Z/ICLISTENHF6016_20251115T060000.000Z.flac,,,,1,train,,,,,/project/6070467/merileo/data/finwhales/final2025_resnet_20260423/multispecies_calltype_experiments/prep_runs/multispecies_prep_balanced100_availaudio_20260430T120219Z/ICLISTENHF6016_20251115T060000.000Z.flac,/project/6070467/merileo/data/finwhales/final2025_resnet_20260423/multispecies_calltype_experiments/prep_runs/multispecies_prep_balanced100_availaudio_20260430T120219Z/ICLISTENHF6016_20251115T060000.000Z.flac,51.200000,61.200000,,,,,,,,,,,,,,,,,,,,,,,,,primary_adjacent_gap,primary_adjacent_gap,ONC
ICLISTENHF6016_20251115T070000.000Z_gap_0000_6.1s_16.1s,/project/6070467/merileo/data/finwhales/final2025_resnet_20260423/multispecies_calltype_experiments/prep_runs/multispecies_prep_balanced100_availaudio_20260430T120219Z/ICLISTENHF6016_20251115T070000.000Z.flac,,,,,,10.000000,onc_primary_adjacent_gap,candidate_primary_adjacent_gap,/project/6070467/merileo/data/finwhales/final2025_resnet_20260423/multispecies_calltype_experiments/prep_runs/multispecies_prep_balanced100_availaudio_20260430T120219Z/ICLISTENHF6016_20251115T070000.000Z.flac,,,,1,test,,,,,/project/6070467/merileo/data/finwhales/final2025_resnet_20260423/multispecies_calltype_experiments/prep_runs/multispecies_prep_balanced100_availaudio_20260430T120219Z/ICLISTENHF6016_20251115T070000.000Z.flac,/project/6070467/merileo/data/finwhales/final2025_resnet_20260423/multispecies_calltype_experiments/prep_runs/multispecies_prep_balanced100_availaudio_20260430T120219Z/ICLISTENHF6016_20251115T070000.000Z.flac,6.100000,16.100000,,,,,,,,,,,,,,,,,,,,,,,,,primary_adjacent_gap,primary_adjacent_gap,ONC
ICLISTENHF6016_20251115T070000.000Z_gap_0001_9.9s_19.9s,/project/6070467/merileo/data/finwhales/final2025_resnet_20260423/multispecies_calltype_experiments/prep_runs/multispecies_prep_balanced100_availaudio_20260430T120219Z/ICLISTENHF6016_20251115T070000.000Z.flac,,,,,,10.000000,onc_primary_adjacent_gap,candidate_primary_adjacent_gap,/project/6070467/merileo/data/finwhales/final2025_resnet_20260423/multispecies_calltype_experiments/prep_runs/multispecies_prep_balanced100_availaudio_20260430T120219Z/ICLISTENHF6016_20251115T070000.000Z.flac,,,,1,test,,,,,/project/6070467/merileo/data/finwhales/final2025_resnet_20260423/multispecies_calltype_experiments/prep_runs/multispecies_prep_balanced100_availaudio_20260430T120219Z/ICLISTENHF6016_20251115T070000.000Z.flac,/project/6070467/merileo/data/finwhales/final2025_resnet_20260423/multispecies_calltype_experiments/prep_runs/multispecies_prep_balanced100_availaudio_20260430T120219Z/ICLISTENHF6016_20251115T070000.000Z.flac,9.900000,19.900000,,,,,,,,,,,,,,,,,,,,,,,,,primary_adjacent_gap,primary_adjacent_gap,ONC
ICLISTENHF6016_20251115T070000.000Z_gap_0002_41.0s_51.0s,/project/6070467/merileo/data/finwhales/final2025_resnet_20260423/multispecies_calltype_experiments/prep_runs/multispecies_prep_balanced100_availaudio_20260430T120219Z/ICLISTENHF6016_20251115T070000.000Z.flac,,,,,,10.000000,onc_primary_adjacent_gap,candidate_primary_adjacent_gap,/project/6070467/merileo/data/finwhales/final2025_resnet_20260423/multispecies_calltype_experiments/prep_runs/multispecies_prep_balanced100_availaudio_20260430T120219Z/ICLISTENHF6016_20251115T070000.000Z.flac,,,,1,test,,,,,/project/6070467/merileo/data/finwhales/final2025_resnet_20260423/multispecies_calltype_experiments/prep_runs/multispecies_prep_balanced100_availaudio_20260430T120219Z/ICLISTENHF6016_20251115T070000.000Z.flac,/project/6070467/merileo/data/finwhales/final2025_resnet_20260423/multispecies_calltype_experiments/prep_runs/multispecies_prep_balanced100_availaudio_20260430T120219Z/ICLISTENHF6016_20251115T070000.000Z.flac,41.000000,51.000000,,,,,,,,,,,,,,,,,,,,,,,,,primary_adjacent_gap,primary_adjacent_gap,ONC
ICLISTENHF6016_20251115T080000.000Z_gap_0000_27.3s_37.3s,/project/6070467/merileo/data/finwhales/final2025_resnet_20260423/multispecies_calltype_experiments/prep_runs/multispecies_prep_balanced100_availaudio_20260430T120219Z/ICLISTENHF6016_20251115T080000.000Z.flac,,,,,,10.000000,onc_primary_adjacent_gap,candidate_primary_adjacent_gap,/project/6070467/merileo/data/finwhales/final2025_resnet_20260423/multispecies_calltype_experiments/prep_runs/multispecies_prep_balanced100_availaudio_20260430T120219Z/ICLISTENHF6016_20251115T080000.000Z.flac,,,,1,train,,,,,/project/6070467/merileo/data/finwhales/final2025_resnet_20260423/multispecies_calltype_experiments/prep_runs/multispecies_prep_balanced100_availaudio_20260430T120219Z/ICLISTENHF6016_20251115T080000.000Z.flac,/project/6070467/merileo/data/finwhales/final2025_resnet_20260423/multispecies_calltype_experiments/prep_runs/multispecies_prep_balanced100_availaudio_20260430T120219Z/ICLISTENHF6016_20251115T080000.000Z.flac,27.300000,37.300000,,,,,,,,,,,,,,,,,,,,,,,,,primary_adjacent_gap,primary_adjacent_gap,ONC
ICLISTENHF6016_20251115T080000.000Z_gap_0001_57.3s_67.3s,/project/6070467/merileo/data/finwhales/final2025_resnet_20260423/multispecies_calltype_experiments/prep_runs/multispecies_prep_balanced100_availaudio_20260430T120219Z/ICLISTENHF6016_20251115T080000.000Z.flac,,,,,,10.000000,onc_primary_adjacent_gap,candidate_primary_adjacent_gap,/project/6070467/merileo/data/finwhales/final2025_resnet_20260423/multispecies_calltype_experiments/prep_runs/multispecies_prep_balanced100_availaudio_20260430T120219Z/ICLISTENHF6016_20251115T080000.000Z.flac,,,,1,train,,,,,/project/6070467/merileo/data/finwhales/final2025_resnet_20260423/multispecies_calltype_experiments/prep_runs/multispecies_prep_balanced100_availaudio_20260430T120219Z/ICLISTENHF6016_20251115T080000.000Z.flac,/project/6070467/merileo/data/finwhales/final2025_resnet_20260423/multispecies_calltype_experiments/prep_runs/multispecies_prep_balanced100_availaudio_20260430T120219Z/ICLISTENHF6016_20251115T080000.000Z.flac,57.300000,67.300000,,,,,,,,,,,,,,,,,,,,,,,,,primary_adjacent_gap,primary_adjacent_gap,ONC
ICLISTENHF6016_20251115T080000.000Z_gap_0002_87.3s_97.3s,/project/6070467/merileo/data/finwhales/final2025_resnet_20260423/multispecies_calltype_experiments/prep_runs/multispecies_prep_balanced100_availaudio_20260430T120219Z/ICLISTENHF6016_20251115T080000.000Z.flac,,,,,,10.000000,onc_primary_adjacent_gap,candidate_primary_adjacent_gap,/project/6070467/merileo/data/finwhales/final2025_resnet_20260423/multispecies_calltype_experiments/prep_runs/multispecies_prep_balanced100_availaudio_20260430T120219Z/ICLISTENHF6016_20251115T080000.000Z.flac,,,,1,train,,,,,/project/6070467/merileo/data/finwhales/final2025_resnet_20260423/multispecies_calltype_experiments/prep_runs/multispecies_prep_balanced100_availaudio_20260430T120219Z/ICLISTENHF6016_20251115T080000.000Z.flac,/project/6070467/merileo/data/finwhales/final2025_resnet_20260423/multispecies_calltype_experiments/prep_runs/multispecies_prep_balanced100_availaudio_20260430T120219Z/ICLISTENHF6016_20251115T080000.000Z.flac,87.300000,97.300000,,,,,,,,,,,,,,,,,,,,,,,,,primary_adjacent_gap,primary_adjacent_gap,ONC
ICLISTENHF6016_20251115T090000.000Z_gap_0000_0.0s_10.0s,/project/6070467/merileo/data/finwhales/final2025_resnet_20260423/multispecies_calltype_experiments/prep_runs/multispecies_prep_balanced100_availaudio_20260430T120219Z/ICLISTENHF6016_20251115T090000.000Z.flac,,,,,,10.000000,onc_primary_adjacent_gap,candidate_primary_adjacent_gap,/project/6070467/merileo/data/finwhales/final2025_resnet_20260423/multispecies_calltype_experiments/prep_runs/multispecies_prep_balanced100_availaudio_20260430T120219Z/ICLISTENHF6016_20251115T090000.000Z.flac,,,,1,test,,,,,/project/6070467/merileo/data/finwhales/final2025_resnet_20260423/multispecies_calltype_experiments/prep_runs/multispecies_prep_balanced100_availaudio_20260430T120219Z/ICLISTENHF6016_20251115T090000.000Z.flac,/project/6070467/merileo/data/finwhales/final2025_resnet_20260423/multispecies_calltype_experiments/prep_runs/multispecies_prep_balanced100_availaudio_20260430T120219Z/ICLISTENHF6016_20251115T090000.000Z.flac,0.000000,10.000000,,,,,,,,,,,,,,,,,,,,,,,,,primary_adjacent_gap,primary_adjacent_gap,ONC
ICLISTENHF6016_20251115T090000.000Z_gap_0001_30.0s_40.0s,/project/6070467/merileo/data/finwhales/final2025_resnet_20260423/multispecies_calltype_experiments/prep_runs/multispecies_prep_balanced100_availaudio_20260430T120219Z/ICLISTENHF6016_20251115T090000.000Z.flac,,,,,,10.000000,onc_primary_adjacent_gap,candidate_primary_adjacent_gap,/project/6070467/merileo/data/finwhales/final2025_resnet_20260423/multispecies_calltype_experiments/prep_runs/multispecies_prep_balanced100_availaudio_20260430T120219Z/ICLISTENHF6016_20251115T090000.000Z.flac,,,,1,test,,,,,/project/6070467/merileo/data/finwhales/final2025_resnet_20260423/multispecies_calltype_experiments/prep_runs/multispecies_prep_balanced100_availaudio_20260430T120219Z/ICLISTENHF6016_20251115T090000.000Z.flac,/project/6070467/merileo/data/finwhales/final2025_resnet_20260423/multispecies_calltype_experiments/prep_runs/multispecies_prep_balanced100_availaudio_20260430T120219Z/ICLISTENHF6016_20251115T090000.000Z.flac,30.000000,40.000000,,,,,,,,,,,,,,,,,,,,,,,,,primary_adjacent_gap,primary_adjacent_gap,ONC
ICLISTENHF6016_20251115T090000.000Z_gap_0002_60.0s_70.0s,/project/6070467/merileo/data/finwhales/final2025_resnet_20260423/multispecies_calltype_experiments/prep_runs/multispecies_prep_balanced100_availaudio_20260430T120219Z/ICLISTENHF6016_20251115T090000.000Z.flac,,,,,,10.000000,onc_primary_adjacent_gap,candidate_primary_adjacent_gap,/project/6070467/merileo/data/finwhales/final2025_resnet_20260423/multispecies_calltype_experiments/prep_runs/multispecies_prep_balanced100_availaudio_20260430T120219Z/ICLISTENHF6016_20251115T090000.000Z.flac,,,,1,test,,,,,/project/6070467/merileo/data/finwhales/final2025_resnet_20260423/multispecies_calltype_experiments/prep_runs/multispecies_prep_balanced100_availaudio_20260430T120219Z/ICLISTENHF6016_20251115T090000.000Z.flac,/project/6070467/merileo/data/finwhales/final2025_resnet_20260423/multispecies_calltype_experiments/prep_runs/multispecies_prep_balanced100_availaudio_20260430T120219Z/ICLISTENHF6016_20251115T090000.000Z.flac,60.000000,70.000000,,,,,,,,,,,,,,,,,,,,,,,,,primary_adjacent_gap,primary_adjacent_gap,ONC
ICLISTENHF6016_20251115T100000.000Z_gap_0000_0.0s_10.0s,/project/6070467/merileo/data/finwhales/final2025_resnet_20260423/multispecies_calltype_experiments/prep_runs/multispecies_prep_balanced100_availaudio_20260430T120219Z/ICLISTENHF6016_20251115T100000.000Z.flac,,,,,,10.000000,onc_primary_adjacent_gap,candidate_primary_adjacent_gap,/project/6070467/merileo/data/finwhales/final2025_resnet_20260423/multispecies_calltype_experiments/prep_runs/multispecies_prep_balanced100_availaudio_20260430T120219Z/ICLISTENHF6016_20251115T100000.000Z.flac,,,,1,train,,,,,/project/6070467/merileo/data/finwhales/final2025_resnet_20260423/multispecies_calltype_experiments/prep_runs/multispecies_prep_balanced100_availaudio_20260430T120219Z/ICLISTENHF6016_20251115T100000.000Z.flac,/project/6070467/merileo/data/finwhales/final2025_resnet_20260423/multispecies_calltype_experiments/prep_runs/multispecies_prep_balanced100_availaudio_20260430T120219Z/ICLISTENHF6016_20251115T100000.000Z.flac,0.000000,10.000000,,,,,,,,,,,,,,,,,,,,,,,,,primary_adjacent_gap,primary_adjacent_gap,ONC
ICLISTENHF6016_20251115T100000.000Z_gap_0001_30.0s_40.0s,/project/6070467/merileo/data/finwhales/final2025_resnet_20260423/multispecies_calltype_experiments/prep_runs/multispecies_prep_balanced100_availaudio_20260430T120219Z/ICLISTENHF6016_20251115T100000.000Z.flac,,,,,,10.000000,onc_primary_adjacent_gap,candidate_primary_adjacent_gap,/project/6070467/merileo/data/finwhales/final2025_resnet_20260423/multispecies_calltype_experiments/prep_runs/multispecies_prep_balanced100_availaudio_20260430T120219Z/ICLISTENHF6016_20251115T100000.000Z.flac,,,,1,train,,,,,/project/6070467/merileo/data/finwhales/final2025_resnet_20260423/multispecies_calltype_experiments/prep_runs/multispecies_prep_balanced100_availaudio_20260430T120219Z/ICLISTENHF6016_20251115T100000.000Z.flac,/project/6070467/merileo/data/finwhales/final2025_resnet_20260423/multispecies_calltype_experiments/prep_runs/multispecies_prep_balanced100_availaudio_20260430T120219Z/ICLISTENHF6016_20251115T100000.000Z.flac,30.000000,40.000000,,,,,,,,,,,,,,,,,,,,,,,,,primary_adjacent_gap,primary_adjacent_gap,ONC
ICLISTENHF6016_20251115T100000.000Z_gap_0002_60.0s_70.0s,/project/6070467/merileo/data/finwhales/final2025_resnet_20260423/multispecies_calltype_experiments/prep_runs/multispecies_prep_balanced100_availaudio_20260430T120219Z/ICLISTENHF6016_20251115T100000.000Z.flac,,,,,,10.000000,onc_primary_adjacent_gap,candidate_primary_adjacent_gap,/project/6070467/merileo/data/finwhales/final2025_resnet_20260423/multispecies_calltype_experiments/prep_runs/multispecies_prep_balanced100_availaudio_20260430T120219Z/ICLISTENHF6016_20251115T100000.000Z.flac,,,,1,train,,,,,/project/6070467/merileo/data/finwhales/final2025_resnet_20260423/multispecies_calltype_experiments/prep_runs/multispecies_prep_balanced100_availaudio_20260430T120219Z/ICLISTENHF6016_20251115T100000.000Z.flac,/project/6070467/merileo/data/finwhales/final2025_resnet_20260423/multispecies_calltype_experiments/prep_runs/multispecies_prep_balanced100_availaudio_20260430T120219Z/ICLISTENHF6016_20251115T100000.000Z.flac,60.000000,70.000000,,,,,,,,,,,,,,,,,,,,,,,,,primary_adjacent_gap,primary_adjacent_gap,ONC
ICLISTENHF6016_20251115T110000.000Z_gap_0000_0.0s_10.0s,/project/6070467/merileo/data/finwhales/final2025_resnet_20260423/multispecies_calltype_experiments/prep_runs/multispecies_prep_balanced100_availaudio_20260430T120219Z/ICLISTENHF6016_20251115T110000.000Z.flac,,,,,,10.000000,onc_primary_adjacent_gap,candidate_primary_adjacent_gap,/project/6070467/merileo/data/finwhales/final2025_resnet_20260423/multispecies_calltype_experiments/prep_runs/multispecies_prep_balanced100_availaudio_20260430T120219Z/ICLISTENHF6016_20251115T110000.000Z.flac,,,,1,train,,,,,/project/6070467/merileo/data/finwhales/final2025_resnet_20260423/multispecies_calltype_experiments/prep_runs/multispecies_prep_balanced100_availaudio_20260430T120219Z/ICLISTENHF6016_20251115T110000.000Z.flac,/project/6070467/merileo/data/finwhales/final2025_resnet_20260423/multispecies_calltype_experiments/prep_runs/multispecies_prep_balanced100_availaudio_20260430T120219Z/ICLISTENHF6016_20251115T110000.000Z.flac,0.000000,10.000000,,,,,,,,,,,,,,,,,,,,,,,,,primary_adjacent_gap,primary_adjacent_gap,ONC
ICLISTENHF6016_20251115T110000.000Z_gap_0001_30.0s_40.0s,/project/6070467/merileo/data/finwhales/final2025_resnet_20260423/multispecies_calltype_experiments/prep_runs/multispecies_prep_balanced100_availaudio_20260430T120219Z/ICLISTENHF6016_20251115T110000.000Z.flac,,,,,,10.000000,onc_primary_adjacent_gap,candidate_primary_adjacent_gap,/project/6070467/merileo/data/finwhales/final2025_resnet_20260423/multispecies_calltype_experiments/prep_runs/multispecies_prep_balanced100_availaudio_20260430T120219Z/ICLISTENHF6016_20251115T110000.000Z.flac,,,,1,train,,,,,/project/6070467/merileo/data/finwhales/final2025_resnet_20260423/multispecies_calltype_experiments/prep_runs/multispecies_prep_balanced100_availaudio_20260430T120219Z/ICLISTENHF6016_20251115T110000.000Z.flac,/project/6070467/merileo/data/finwhales/final2025_resnet_20260423/multispecies_calltype_experiments/prep_runs/multispecies_prep_balanced100_availaudio_20260430T120219Z/ICLISTENHF6016_20251115T110000.000Z.flac,30.000000,40.000000,,,,,,,,,,,,,,,,,,,,,,,,,primary_adjacent_gap,primary_adjacent_gap,ONC
ICLISTENHF6016_20251115T110000.000Z_gap_0002_42.6s_52.6s,/project/6070467/merileo/data/finwhales/final2025_resnet_20260423/multispecies_calltype_experiments/prep_runs/multispecies_prep_balanced100_availaudio_20260430T120219Z/ICLISTENHF6016_20251115T110000.000Z.flac,,,,,,10.000000,onc_primary_adjacent_gap,candidate_primary_adjacent_gap,/project/6070467/merileo/data/finwhales/final2025_resnet_20260423/multispecies_calltype_experiments/prep_runs/multispecies_prep_balanced100_availaudio_20260430T120219Z/ICLISTENHF6016_20251115T110000.000Z.flac,,,,1,train,,,,,/project/6070467/merileo/data/finwhales/final2025_resnet_20260423/multispecies_calltype_experiments/prep_runs/multispecies_prep_balanced100_availaudio_20260430T120219Z/ICLISTENHF6016_20251115T110000.000Z.flac,/project/6070467/merileo/data/finwhales/final2025_resnet_20260423/multispecies_calltype_experiments/prep_runs/multispecies_prep_balanced100_availaudio_20260430T120219Z/ICLISTENHF6016_20251115T110000.000Z.flac,42.600000,52.600000,,,,,,,,,,,,,,,,,,,,,,,,,primary_adjacent_gap,primary_adjacent_gap,ONC
ICLISTENHF6016_20251115T120000.000Z_gap_0000_0.0s_10.0s,/project/6070467/merileo/data/finwhales/final2025_resnet_20260423/multispecies_calltype_experiments/prep_runs/multispecies_prep_balanced100_availaudio_20260430T120219Z/ICLISTENHF6016_20251115T120000.000Z.flac,,,,,,10.000000,onc_primary_adjacent_gap,candidate_primary_adjacent_gap,/project/6070467/merileo/data/finwhales/final2025_resnet_20260423/multispecies_calltype_experiments/prep_runs/multispecies_prep_balanced100_availaudio_20260430T120219Z/ICLISTENHF6016_20251115T120000.000Z.flac,,,,1,train,,,,,/project/6070467/merileo/data/finwhales/final2025_resnet_20260423/multispecies_calltype_experiments/prep_runs/multispecies_prep_balanced100_availaudio_20260430T120219Z/ICLISTENHF6016_20251115T120000.000Z.flac,/project/6070467/merileo/data/finwhales/final2025_resnet_20260423/multispecies_calltype_experiments/prep_runs/multispecies_prep_balanced100_availaudio_20260430T120219Z/ICLISTENHF6016_20251115T120000.000Z.flac,0.000000,10.000000,,,,,,,,,,,,,,,,,,,,,,,,,primary_adjacent_gap,primary_adjacent_gap,ONC
ICLISTENHF6016_20251115T120000.000Z_gap_0001_30.0s_40.0s,/project/6070467/merileo/data/finwhales/final2025_resnet_20260423/multispecies_calltype_experiments/prep_runs/multispecies_prep_balanced100_availaudio_20260430T120219Z/ICLISTENHF6016_20251115T120000.000Z.flac,,,,,,10.000000,onc_primary_adjacent_gap,candidate_primary_adjacent_gap,/project/6070467/merileo/data/finwhales/final2025_resnet_20260423/multispecies_calltype_experiments/prep_runs/multispecies_prep_balanced100_availaudio_20260430T120219Z/ICLISTENHF6016_20251115T120000.000Z.flac,,,,1,train,,,,,/project/6070467/merileo/data/finwhales/final2025_resnet_20260423/multispecies_calltype_experiments/prep_runs/multispecies_prep_balanced100_availaudio_20260430T120219Z/ICLISTENHF6016_20251115T120000.000Z.flac,/project/6070467/merileo/data/finwhales/final2025_resnet_20260423/multispecies_calltype_experiments/prep_runs/multispecies_prep_balanced100_availaudio_20260430T120219Z/ICLISTENHF6016_20251115T120000.000Z.flac,30.000000,40.000000,,,,,,,,,,,,,,,,,,,,,,,,,primary_adjacent_gap,primary_adjacent_gap,ONC
ICLISTENHF6016_20251115T120000.000Z_gap_0002_60.0s_70.0s,/project/6070467/merileo/data/finwhales/final2025_resnet_20260423/multispecies_calltype_experiments/prep_runs/multispecies_prep_balanced100_availaudio_20260430T120219Z/ICLISTENHF6016_20251115T120000.000Z.flac,,,,,,10.000000,onc_primary_adjacent_gap,candidate_primary_adjacent_gap,/project/6070467/merileo/data/finwhales/final2025_resnet_20260423/multispecies_calltype_experiments/prep_runs/multispecies_prep_balanced100_availaudio_20260430T120219Z/ICLISTENHF6016_20251115T120000.000Z.flac,,,,1,train,,,,,/project/6070467/merileo/data/finwhales/final2025_resnet_20260423/multispecies_calltype_experiments/prep_runs/multispecies_prep_balanced100_availaudio_20260430T120219Z/ICLISTENHF6016_20251115T120000.000Z.flac,/project/6070467/merileo/data/finwhales/final2025_resnet_20260423/multispecies_calltype_experiments/prep_runs/multispecies_prep_balanced100_availaudio_20260430T120219Z/ICLISTENHF6016_20251115T120000.000Z.flac,60.000000,70.000000,,,,,,,,,,,,,,,,,,,,,,,,,primary_adjacent_gap,primary_adjacent_gap,ONC
ICLISTENHF6016_20251115T130000.000Z_gap_0000_31.4s_41.4s,/project/6070467/merileo/data/finwhales/final2025_resnet_20260423/multispecies_calltype_experiments/prep_runs/multispecies_prep_balanced100_availaudio_20260430T120219Z/ICLISTENHF6016_20251115T130000.000Z.flac,,,,,,10.000000,onc_primary_adjacent_gap,candidate_primary_adjacent_gap,/project/6070467/merileo/data/finwhales/final2025_resnet_20260423/multispecies_calltype_experiments/prep_runs/multispecies_prep_balanced100_availaudio_20260430T120219Z/ICLISTENHF6016_20251115T130000.000Z.flac,,,,1,val,,,,,/project/6070467/merileo/data/finwhales/final2025_resnet_20260423/multispecies_calltype_experiments/prep_runs/multispecies_prep_balanced100_availaudio_20260430T120219Z/ICLISTENHF6016_20251115T130000.000Z.flac,/project/6070467/merileo/data/finwhales/final2025_resnet_20260423/multispecies_calltype_experiments/prep_runs/multispecies_prep_balanced100_availaudio_20260430T120219Z/ICLISTENHF6016_20251115T130000.000Z.flac,31.400000,41.400000,,,,,,,,,,,,,,,,,,,,,,,,,primary_adjacent_gap,primary_adjacent_gap,ONC
ICLISTENHF6016_20251115T130000.000Z_gap_0001_61.4s_71.4s,/project/6070467/merileo/data/finwhales/final2025_resnet_20260423/multispecies_calltype_experiments/prep_runs/multispecies_prep_balanced100_availaudio_20260430T120219Z/ICLISTENHF6016_20251115T130000.000Z.flac,,,,,,10.000000,onc_primary_adjacent_gap,candidate_primary_adjacent_gap,/project/6070467/merileo/data/finwhales/final2025_resnet_20260423/multispecies_calltype_experiments/prep_runs/multispecies_prep_balanced100_availaudio_20260430T120219Z/ICLISTENHF6016_20251115T130000.000Z.flac,,,,1,val,,,,,/project/6070467/merileo/data/finwhales/final2025_resnet_20260423/multispecies_calltype_experiments/prep_runs/multispecies_prep_balanced100_availaudio_20260430T120219Z/ICLISTENHF6016_20251115T130000.000Z.flac,/project/6070467/merileo/data/finwhales/final2025_resnet_20260423/multispecies_calltype_experiments/prep_runs/multispecies_prep_balanced100_availaudio_20260430T120219Z/ICLISTENHF6016_20251115T130000.000Z.flac,61.400000,71.400000,,,,,,,,,,,,,,,,,,,,,,,,,primary_adjacent_gap,primary_adjacent_gap,ONC
ICLISTENHF6016_20251115T130000.000Z_gap_0002_91.4s_101.4s,/project/6070467/merileo/data/finwhales/final2025_resnet_20260423/multispecies_calltype_experiments/prep_runs/multispecies_prep_balanced100_availaudio_20260430T120219Z/ICLISTENHF6016_20251115T130000.000Z.flac,,,,,,10.000000,onc_primary_adjacent_gap,candidate_primary_adjacent_gap,/project/6070467/merileo/data/finwhales/final2025_resnet_20260423/multispecies_calltype_experiments/prep_runs/multispecies_prep_balanced100_availaudio_20260430T120219Z/ICLISTENHF6016_20251115T130000.000Z.flac,,,,1,val,,,,,/project/6070467/merileo/data/finwhales/final2025_resnet_20260423/multispecies_calltype_experiments/prep_runs/multispecies_prep_balanced100_availaudio_20260430T120219Z/ICLISTENHF6016_20251115T130000.000Z.flac,/project/6070467/merileo/data/finwhales/final2025_resnet_20260423/multispecies_calltype_experiments/prep_runs/multispecies_prep_balanced100_availaudio_20260430T120219Z/ICLISTENHF6016_20251115T130000.000Z.flac,91.400000,101.400000,,,,,,,,,,,,,,,,,,,,,,,,,primary_adjacent_gap,primary_adjacent_gap,ONC
ICLISTENHF6016_20251115T140000.000Z_gap_0000_0.0s_10.0s,/project/6070467/merileo/data/finwhales/final2025_resnet_20260423/multispecies_calltype_experiments/prep_runs/multispecies_prep_balanced100_availaudio_20260430T120219Z/ICLISTENHF6016_20251115T140000.000Z.flac,,,,,,10.000000,onc_primary_adjacent_gap,candidate_primary_adjacent_gap,/project/6070467/merileo/data/finwhales/final2025_resnet_20260423/multispecies_calltype_experiments/prep_runs/multispecies_prep_balanced100_availaudio_20260430T120219Z/ICLISTENHF6016_20251115T140000.000Z.flac,,,,1,val,,,,,/project/6070467/merileo/data/finwhales/final2025_resnet_20260423/multispecies_calltype_experiments/prep_runs/multispecies_prep_balanced100_availaudio_20260430T120219Z/ICLISTENHF6016_20251115T140000.000Z.flac,/project/6070467/merileo/data/finwhales/final2025_resnet_20260423/multispecies_calltype_experiments/prep_runs/multispecies_prep_balanced100_availaudio_20260430T120219Z/ICLISTENHF6016_20251115T140000.000Z.flac,0.000000,10.000000,,,,,,,,,,,,,,,,,,,,,,,,,primary_adjacent_gap,primary_adjacent_gap,ONC
ICLISTENHF6016_20251115T140000.000Z_gap_0001_22.1s_32.1s,/project/6070467/merileo/data/finwhales/final2025_resnet_20260423/multispecies_calltype_experiments/prep_runs/multispecies_prep_balanced100_availaudio_20260430T120219Z/ICLISTENHF6016_20251115T140000.000Z.flac,,,,,,10.000000,onc_primary_adjacent_gap,candidate_primary_adjacent_gap,/project/6070467/merileo/data/finwhales/final2025_resnet_20260423/multispecies_calltype_experiments/prep_runs/multispecies_prep_balanced100_availaudio_20260430T120219Z/ICLISTENHF6016_20251115T140000.000Z.flac,,,,1,val,,,,,/project/6070467/merileo/data/finwhales/final2025_resnet_20260423/multispecies_calltype_experiments/prep_runs/multispecies_prep_balanced100_availaudio_20260430T120219Z/ICLISTENHF6016_20251115T140000.000Z.flac,/project/6070467/merileo/data/finwhales/final2025_resnet_20260423/multispecies_calltype_experiments/prep_runs/multispecies_prep_balanced100_availaudio_20260430T120219Z/ICLISTENHF6016_20251115T140000.000Z.flac,22.100000,32.100000,,,,,,,,,,,,,,,,,,,,,,,,,primary_adjacent_gap,primary_adjacent_gap,ONC
ICLISTENHF6016_20251115T140000.000Z_gap_0002_59.4s_69.4s,/project/6070467/merileo/data/finwhales/final2025_resnet_20260423/multispecies_calltype_experiments/prep_runs/multispecies_prep_balanced100_availaudio_20260430T120219Z/ICLISTENHF6016_20251115T140000.000Z.flac,,,,,,10.000000,onc_primary_adjacent_gap,candidate_primary_adjacent_gap,/project/6070467/merileo/data/finwhales/final2025_resnet_20260423/multispecies_calltype_experiments/prep_runs/multispecies_prep_balanced100_availaudio_20260430T120219Z/ICLISTENHF6016_20251115T140000.000Z.flac,,,,1,val,,,,,/project/6070467/merileo/data/finwhales/final2025_resnet_20260423/multispecies_calltype_experiments/prep_runs/multispecies_prep_balanced100_availaudio_20260430T120219Z/ICLISTENHF6016_20251115T140000.000Z.flac,/project/6070467/merileo/data/finwhales/final2025_resnet_20260423/multispecies_calltype_experiments/prep_runs/multispecies_prep_balanced100_availaudio_20260430T120219Z/ICLISTENHF6016_20251115T140000.000Z.flac,59.400000,69.400000,,,,,,,,,,,,,,,,,,,,,,,,,primary_adjacent_gap,primary_adjacent_gap,ONC
ICLISTENHF6016_20251115T150000.000Z_gap_0000_0.0s_10.0s,/project/6070467/merileo/data/finwhales/final2025_resnet_20260423/multispecies_calltype_experiments/prep_runs/multispecies_prep_balanced100_availaudio_20260430T120219Z/ICLISTENHF6016_20251115T150000.000Z.flac,,,,,,10.000000,onc_primary_adjacent_gap,candidate_primary_adjacent_gap,/project/6070467/merileo/data/finwhales/final2025_resnet_20260423/multispecies_calltype_experiments/prep_runs/multispecies_prep_balanced100_availaudio_20260430T120219Z/ICLISTENHF6016_20251115T150000.000Z.flac,,,,1,train,,,,,/project/6070467/merileo/data/finwhales/final2025_resnet_20260423/multispecies_calltype_experiments/prep_runs/multispecies_prep_balanced100_availaudio_20260430T120219Z/ICLISTENHF6016_20251115T150000.000Z.flac,/project/6070467/merileo/data/finwhales/final2025_resnet_20260423/multispecies_calltype_experiments/prep_runs/multispecies_prep_balanced100_availaudio_20260430T120219Z/ICLISTENHF6016_20251115T150000.000Z.flac,0.000000,10.000000,,,,,,,,,,,,,,,,,,,,,,,,,primary_adjacent_gap,primary_adjacent_gap,ONC
ICLISTENHF6016_20251115T150000.000Z_gap_0001_30.0s_40.0s,/project/6070467/merileo/data/finwhales/final2025_resnet_20260423/multispecies_calltype_experiments/prep_runs/multispecies_prep_balanced100_availaudio_20260430T120219Z/ICLISTENHF6016_20251115T150000.000Z.flac,,,,,,10.000000,onc_primary_adjacent_gap,candidate_primary_adjacent_gap,/project/6070467/merileo/data/finwhales/final2025_resnet_20260423/multispecies_calltype_experiments/prep_runs/multispecies_prep_balanced100_availaudio_20260430T120219Z/ICLISTENHF6016_20251115T150000.000Z.flac,,,,1,train,,,,,/project/6070467/merileo/data/finwhales/final2025_resnet_20260423/multispecies_calltype_experiments/prep_runs/multispecies_prep_balanced100_availaudio_20260430T120219Z/ICLISTENHF6016_20251115T150000.000Z.flac,/project/6070467/merileo/data/finwhales/final2025_resnet_20260423/multispecies_calltype_experiments/prep_runs/multispecies_prep_balanced100_availaudio_20260430T120219Z/ICLISTENHF6016_20251115T150000.000Z.flac,30.000000,40.000000,,,,,,,,,,,,,,,,,,,,,,,,,primary_adjacent_gap,primary_adjacent_gap,ONC
ICLISTENHF6016_20251115T150000.000Z_gap_0002_60.0s_70.0s,/project/6070467/merileo/data/finwhales/final2025_resnet_20260423/multispecies_calltype_experiments/prep_runs/multispecies_prep_balanced100_availaudio_20260430T120219Z/ICLISTENHF6016_20251115T150000.000Z.flac,,,,,,10.000000,onc_primary_adjacent_gap,candidate_primary_adjacent_gap,/project/6070467/merileo/data/finwhales/final2025_resnet_20260423/multispecies_calltype_experiments/prep_runs/multispecies_prep_balanced100_availaudio_20260430T120219Z/ICLISTENHF6016_20251115T150000.000Z.flac,,,,1,train,,,,,/project/6070467/merileo/data/finwhales/final2025_resnet_20260423/multispecies_calltype_experiments/prep_runs/multispecies_prep_balanced100_availaudio_20260430T120219Z/ICLISTENHF6016_20251115T150000.000Z.flac,/project/6070467/merileo/data/finwhales/final2025_resnet_20260423/multispecies_calltype_experiments/prep_runs/multispecies_prep_balanced100_availaudio_20260430T120219Z/ICLISTENHF6016_20251115T150000.000Z.flac,60.000000,70.000000,,,,,,,,,,,,,,,,,,,,,,,,,primary_adjacent_gap,primary_adjacent_gap,ONC
ICLISTENHF6016_20251120T000000.000Z_gap_0000_0.0s_10.0s,/project/6070467/merileo/data/finwhales/final2025_resnet_20260423/multispecies_calltype_experiments/prep_runs/multispecies_prep_balanced100_availaudio_20260430T120219Z/ICLISTENHF6016_20251120T000000.000Z.flac,,,,,,10.000000,onc_primary_adjacent_gap,candidate_primary_adjacent_gap,/project/6070467/merileo/data/finwhales/final2025_resnet_20260423/multispecies_calltype_experiments/prep_runs/multispecies_prep_balanced100_availaudio_20260430T120219Z/ICLISTENHF6016_20251120T000000.000Z.flac,,,,1,val,,,,,/project/6070467/merileo/data/finwhales/final2025_resnet_20260423/multispecies_calltype_experiments/prep_runs/multispecies_prep_balanced100_availaudio_20260430T120219Z/ICLISTENHF6016_20251120T000000.000Z.flac,/project/6070467/merileo/data/finwhales/final2025_resnet_20260423/multispecies_calltype_experiments/prep_runs/multispecies_prep_balanced100_availaudio_20260430T120219Z/ICLISTENHF6016_20251120T000000.000Z.flac,0.000000,10.000000,,,,,,,,,,,,,,,,,,,,,,,,,primary_adjacent_gap,primary_adjacent_gap,ONC
ICLISTENHF6016_20251120T000000.000Z_gap_0001_30.0s_40.0s,/project/6070467/merileo/data/finwhales/final2025_resnet_20260423/multispecies_calltype_experiments/prep_runs/multispecies_prep_balanced100_availaudio_20260430T120219Z/ICLISTENHF6016_20251120T000000.000Z.flac,,,,,,10.000000,onc_primary_adjacent_gap,candidate_primary_adjacent_gap,/project/6070467/merileo/data/finwhales/final2025_resnet_20260423/multispecies_calltype_experiments/prep_runs/multispecies_prep_balanced100_availaudio_20260430T120219Z/ICLISTENHF6016_20251120T000000.000Z.flac,,,,1,val,,,,,/project/6070467/merileo/data/finwhales/final2025_resnet_20260423/multispecies_calltype_experiments/prep_runs/multispecies_prep_balanced100_availaudio_20260430T120219Z/ICLISTENHF6016_20251120T000000.000Z.flac,/project/6070467/merileo/data/finwhales/final2025_resnet_20260423/multispecies_calltype_experiments/prep_runs/multispecies_prep_balanced100_availaudio_20260430T120219Z/ICLISTENHF6016_20251120T000000.000Z.flac,30.000000,40.000000,,,,,,,,,,,,,,,,,,,,,,,,,primary_adjacent_gap,primary_adjacent_gap,ONC
ICLISTENHF6016_20251120T000000.000Z_gap_0002_60.0s_70.0s,/project/6070467/merileo/data/finwhales/final2025_resnet_20260423/multispecies_calltype_experiments/prep_runs/multispecies_prep_balanced100_availaudio_20260430T120219Z/ICLISTENHF6016_20251120T000000.000Z.flac,,,,,,10.000000,onc_primary_adjacent_gap,candidate_primary_adjacent_gap,/project/6070467/merileo/data/finwhales/final2025_resnet_20260423/multispecies_calltype_experiments/prep_runs/multispecies_prep_balanced100_availaudio_20260430T120219Z/ICLISTENHF6016_20251120T000000.000Z.flac,,,,1,val,,,,,/project/6070467/merileo/data/finwhales/final2025_resnet_20260423/multispecies_calltype_experiments/prep_runs/multispecies_prep_balanced100_availaudio_20260430T120219Z/ICLISTENHF6016_20251120T000000.000Z.flac,/project/6070467/merileo/data/finwhales/final2025_resnet_20260423/multispecies_calltype_experiments/prep_runs/multispecies_prep_balanced100_availaudio_20260430T120219Z/ICLISTENHF6016_20251120T000000.000Z.flac,60.000000,70.000000,,,,,,,,,,,,,,,,,,,,,,,,,primary_adjacent_gap,primary_adjacent_gap,ONC
ICLISTENHF6016_20251120T010000.000Z_gap_0000_0.0s_10.0s,/project/6070467/merileo/data/finwhales/final2025_resnet_20260423/multispecies_calltype_experiments/prep_runs/multispecies_prep_balanced100_availaudio_20260430T120219Z/ICLISTENHF6016_20251120T010000.000Z.flac,,,,,,10.000000,onc_primary_adjacent_gap,candidate_primary_adjacent_gap,/project/6070467/merileo/data/finwhales/final2025_resnet_20260423/multispecies_calltype_experiments/prep_runs/multispecies_prep_balanced100_availaudio_20260430T120219Z/ICLISTENHF6016_20251120T010000.000Z.flac,,,,1,train,,,,,/project/6070467/merileo/data/finwhales/final2025_resnet_20260423/multispecies_calltype_experiments/prep_runs/multispecies_prep_balanced100_availaudio_20260430T120219Z/ICLISTENHF6016_20251120T010000.000Z.flac,/project/6070467/merileo/data/finwhales/final2025_resnet_20260423/multispecies_calltype_experiments/prep_runs/multispecies_prep_balanced100_availaudio_20260430T120219Z/ICLISTENHF6016_20251120T010000.000Z.flac,0.000000,10.000000,,,,,,,,,,,,,,,,,,,,,,,,,primary_adjacent_gap,primary_adjacent_gap,ONC
ICLISTENHF6016_20251120T010000.000Z_gap_0001_30.0s_40.0s,/project/6070467/merileo/data/finwhales/final2025_resnet_20260423/multispecies_calltype_experiments/prep_runs/multispecies_prep_balanced100_availaudio_20260430T120219Z/ICLISTENHF6016_20251120T010000.000Z.flac,,,,,,10.000000,onc_primary_adjacent_gap,candidate_primary_adjacent_gap,/project/6070467/merileo/data/finwhales/final2025_resnet_20260423/multispecies_calltype_experiments/prep_runs/multispecies_prep_balanced100_availaudio_20260430T120219Z/ICLISTENHF6016_20251120T010000.000Z.flac,,,,1,train,,,,,/project/6070467/merileo/data/finwhales/final2025_resnet_20260423/multispecies_calltype_experiments/prep_runs/multispecies_prep_balanced100_availaudio_20260430T120219Z/ICLISTENHF6016_20251120T010000.000Z.flac,/project/6070467/merileo/data/finwhales/final2025_resnet_20260423/multispecies_calltype_experiments/prep_runs/multispecies_prep_balanced100_availaudio_20260430T120219Z/ICLISTENHF6016_20251120T010000.000Z.flac,30.000000,40.000000,,,,,,,,,,,,,,,,,,,,,,,,,primary_adjacent_gap,primary_adjacent_gap,ONC
ICLISTENHF6016_20251120T010000.000Z_gap_0002_60.0s_70.0s,/project/6070467/merileo/data/finwhales/final2025_resnet_20260423/multispecies_calltype_experiments/prep_runs/multispecies_prep_balanced100_availaudio_20260430T120219Z/ICLISTENHF6016_20251120T010000.000Z.flac,,,,,,10.000000,onc_primary_adjacent_gap,candidate_primary_adjacent_gap,/project/6070467/merileo/data/finwhales/final2025_resnet_20260423/multispecies_calltype_experiments/prep_runs/multispecies_prep_balanced100_availaudio_20260430T120219Z/ICLISTENHF6016_20251120T010000.000Z.flac,,,,1,train,,,,,/project/6070467/merileo/data/finwhales/final2025_resnet_20260423/multispecies_calltype_experiments/prep_runs/multispecies_prep_balanced100_availaudio_20260430T120219Z/ICLISTENHF6016_20251120T010000.000Z.flac,/project/6070467/merileo/data/finwhales/final2025_resnet_20260423/multispecies_calltype_experiments/prep_runs/multispecies_prep_balanced100_availaudio_20260430T120219Z/ICLISTENHF6016_20251120T010000.000Z.flac,60.000000,70.000000,,,,,,,,,,,,,,,,,,,,,,,,,primary_adjacent_gap,primary_adjacent_gap,ONC
ICLISTENHF6016_20251120T050000.000Z_gap_0000_0.0s_10.0s,/project/6070467/merileo/data/finwhales/final2025_resnet_20260423/multispecies_calltype_experiments/prep_runs/multispecies_prep_balanced100_availaudio_20260430T120219Z/ICLISTENHF6016_20251120T050000.000Z.flac,,,,,,10.000000,onc_primary_adjacent_gap,candidate_primary_adjacent_gap,/project/6070467/merileo/data/finwhales/final2025_resnet_20260423/multispecies_calltype_experiments/prep_runs/multispecies_prep_balanced100_availaudio_20260430T120219Z/ICLISTENHF6016_20251120T050000.000Z.flac,,,,1,val,,,,,/project/6070467/merileo/data/finwhales/final2025_resnet_20260423/multispecies_calltype_experiments/prep_runs/multispecies_prep_balanced100_availaudio_20260430T120219Z/ICLISTENHF6016_20251120T050000.000Z.flac,/project/6070467/merileo/data/finwhales/final2025_resnet_20260423/multispecies_calltype_experiments/prep_runs/multispecies_prep_balanced100_availaudio_20260430T120219Z/ICLISTENHF6016_20251120T050000.000Z.flac,0.000000,10.000000,,,,,,,,,,,,,,,,,,,,,,,,,primary_adjacent_gap,primary_adjacent_gap,ONC
ICLISTENHF6016_20251120T050000.000Z_gap_0001_30.0s_40.0s,/project/6070467/merileo/data/finwhales/final2025_resnet_20260423/multispecies_calltype_experiments/prep_runs/multispecies_prep_balanced100_availaudio_20260430T120219Z/ICLISTENHF6016_20251120T050000.000Z.flac,,,,,,10.000000,onc_primary_adjacent_gap,candidate_primary_adjacent_gap,/project/6070467/merileo/data/finwhales/final2025_resnet_20260423/multispecies_calltype_experiments/prep_runs/multispecies_prep_balanced100_availaudio_20260430T120219Z/ICLISTENHF6016_20251120T050000.000Z.flac,,,,1,val,,,,,/project/6070467/merileo/data/finwhales/final2025_resnet_20260423/multispecies_calltype_experiments/prep_runs/multispecies_prep_balanced100_availaudio_20260430T120219Z/ICLISTENHF6016_20251120T050000.000Z.flac,/project/6070467/merileo/data/finwhales/final2025_resnet_20260423/multispecies_calltype_experiments/prep_runs/multispecies_prep_balanced100_availaudio_20260430T120219Z/ICLISTENHF6016_20251120T050000.000Z.flac,30.000000,40.000000,,,,,,,,,,,,,,,,,,,,,,,,,primary_adjacent_gap,primary_adjacent_gap,ONC
ICLISTENHF6016_20251120T050000.000Z_gap_0002_46.8s_56.8s,/project/6070467/merileo/data/finwhales/final2025_resnet_20260423/multispecies_calltype_experiments/prep_runs/multispecies_prep_balanced100_availaudio_20260430T120219Z/ICLISTENHF6016_20251120T050000.000Z.flac,,,,,,10.000000,onc_primary_adjacent_gap,candidate_primary_adjacent_gap,/project/6070467/merileo/data/finwhales/final2025_resnet_20260423/multispecies_calltype_experiments/prep_runs/multispecies_prep_balanced100_availaudio_20260430T120219Z/ICLISTENHF6016_20251120T050000.000Z.flac,,,,1,val,,,,,/project/6070467/merileo/data/finwhales/final2025_resnet_20260423/multispecies_calltype_experiments/prep_runs/multispecies_prep_balanced100_availaudio_20260430T120219Z/ICLISTENHF6016_20251120T050000.000Z.flac,/project/6070467/merileo/data/finwhales/final2025_resnet_20260423/multispecies_calltype_experiments/prep_runs/multispecies_prep_balanced100_availaudio_20260430T120219Z/ICLISTENHF6016_20251120T050000.000Z.flac,46.800000,56.800000,,,,,,,,,,,,,,,,,,,,,,,,,primary_adjacent_gap,primary_adjacent_gap,ONC
ICLISTENHF6016_20251120T070000.000Z_gap_0000_0.0s_10.0s,/project/6070467/merileo/data/finwhales/final2025_resnet_20260423/multispecies_calltype_experiments/prep_runs/multispecies_prep_balanced100_availaudio_20260430T120219Z/ICLISTENHF6016_20251120T070000.000Z.flac,,,,,,10.000000,onc_primary_adjacent_gap,candidate_primary_adjacent_gap,/project/6070467/merileo/data/finwhales/final2025_resnet_20260423/multispecies_calltype_experiments/prep_runs/multispecies_prep_balanced100_availaudio_20260430T120219Z/ICLISTENHF6016_20251120T070000.000Z.flac,,,,1,train,,,,,/project/6070467/merileo/data/finwhales/final2025_resnet_20260423/multispecies_calltype_experiments/prep_runs/multispecies_prep_balanced100_availaudio_20260430T120219Z/ICLISTENHF6016_20251120T070000.000Z.flac,/project/6070467/merileo/data/finwhales/final2025_resnet_20260423/multispecies_calltype_experiments/prep_runs/multispecies_prep_balanced100_availaudio_20260430T120219Z/ICLISTENHF6016_20251120T070000.000Z.flac,0.000000,10.000000,,,,,,,,,,,,,,,,,,,,,,,,,primary_adjacent_gap,primary_adjacent_gap,ONC
ICLISTENHF6016_20251120T070000.000Z_gap_0001_15.9s_25.9s,/project/6070467/merileo/data/finwhales/final2025_resnet_20260423/multispecies_calltype_experiments/prep_runs/multispecies_prep_balanced100_availaudio_20260430T120219Z/ICLISTENHF6016_20251120T070000.000Z.flac,,,,,,10.000000,onc_primary_adjacent_gap,candidate_primary_adjacent_gap,/project/6070467/merileo/data/finwhales/final2025_resnet_20260423/multispecies_calltype_experiments/prep_runs/multispecies_prep_balanced100_availaudio_20260430T120219Z/ICLISTENHF6016_20251120T070000.000Z.flac,,,,1,train,,,,,/project/6070467/merileo/data/finwhales/final2025_resnet_20260423/multispecies_calltype_experiments/prep_runs/multispecies_prep_balanced100_availaudio_20260430T120219Z/ICLISTENHF6016_20251120T070000.000Z.flac,/project/6070467/merileo/data/finwhales/final2025_resnet_20260423/multispecies_calltype_experiments/prep_runs/multispecies_prep_balanced100_availaudio_20260430T120219Z/ICLISTENHF6016_20251120T070000.000Z.flac,15.900000,25.900000,,,,,,,,,,,,,,,,,,,,,,,,,primary_adjacent_gap,primary_adjacent_gap,ONC
ICLISTENHF6016_20251120T070000.000Z_gap_0002_113.4s_123.4s,/project/6070467/merileo/data/finwhales/final2025_resnet_20260423/multispecies_calltype_experiments/prep_runs/multispecies_prep_balanced100_availaudio_20260430T120219Z/ICLISTENHF6016_20251120T070000.000Z.flac,,,,,,10.000000,onc_primary_adjacent_gap,candidate_primary_adjacent_gap,/project/6070467/merileo/data/finwhales/final2025_resnet_20260423/multispecies_calltype_experiments/prep_runs/multispecies_prep_balanced100_availaudio_20260430T120219Z/ICLISTENHF6016_20251120T070000.000Z.flac,,,,1,train,,,,,/project/6070467/merileo/data/finwhales/final2025_resnet_20260423/multispecies_calltype_experiments/prep_runs/multispecies_prep_balanced100_availaudio_20260430T120219Z/ICLISTENHF6016_20251120T070000.000Z.flac,/project/6070467/merileo/data/finwhales/final2025_resnet_20260423/multispecies_calltype_experiments/prep_runs/multispecies_prep_balanced100_availaudio_20260430T120219Z/ICLISTENHF6016_20251120T070000.000Z.flac,113.400000,123.400000,,,,,,,,,,,,,,,,,,,,,,,,,primary_adjacent_gap,primary_adjacent_gap,ONC
ICLISTENHF6016_20251120T080000.000Z_gap_0000_0.0s_10.0s,/project/6070467/merileo/data/finwhales/final2025_resnet_20260423/multispecies_calltype_experiments/prep_runs/multispecies_prep_balanced100_availaudio_20260430T120219Z/ICLISTENHF6016_20251120T080000.000Z.flac,,,,,,10.000000,onc_primary_adjacent_gap,candidate_primary_adjacent_gap,/project/6070467/merileo/data/finwhales/final2025_resnet_20260423/multispecies_calltype_experiments/prep_runs/multispecies_prep_balanced100_availaudio_20260430T120219Z/ICLISTENHF6016_20251120T080000.000Z.flac,,,,1,train,,,,,/project/6070467/merileo/data/finwhales/final2025_resnet_20260423/multispecies_calltype_experiments/prep_runs/multispecies_prep_balanced100_availaudio_20260430T120219Z/ICLISTENHF6016_20251120T080000.000Z.flac,/project/6070467/merileo/data/finwhales/final2025_resnet_20260423/multispecies_calltype_experiments/prep_runs/multispecies_prep_balanced100_availaudio_20260430T120219Z/ICLISTENHF6016_20251120T080000.000Z.flac,0.000000,10.000000,,,,,,,,,,,,,,,,,,,,,,,,,primary_adjacent_gap,primary_adjacent_gap,ONC
ICLISTENHF6016_20251120T080000.000Z_gap_0001_26.3s_36.3s,/project/6070467/merileo/data/finwhales/final2025_resnet_20260423/multispecies_calltype_experiments/prep_runs/multispecies_prep_balanced100_availaudio_20260430T120219Z/ICLISTENHF6016_20251120T080000.000Z.flac,,,,,,10.000000,onc_primary_adjacent_gap,candidate_primary_adjacent_gap,/project/6070467/merileo/data/finwhales/final2025_resnet_20260423/multispecies_calltype_experiments/prep_runs/multispecies_prep_balanced100_availaudio_20260430T120219Z/ICLISTENHF6016_20251120T080000.000Z.flac,,,,1,train,,,,,/project/6070467/merileo/data/finwhales/final2025_resnet_20260423/multispecies_calltype_experiments/prep_runs/multispecies_prep_balanced100_availaudio_20260430T120219Z/ICLISTENHF6016_20251120T080000.000Z.flac,/project/6070467/merileo/data/finwhales/final2025_resnet_20260423/multispecies_calltype_experiments/prep_runs/multispecies_prep_balanced100_availaudio_20260430T120219Z/ICLISTENHF6016_20251120T080000.000Z.flac,26.300000,36.300000,,,,,,,,,,,,,,,,,,,,,,,,,primary_adjacent_gap,primary_adjacent_gap,ONC
ICLISTENHF6016_20251120T080000.000Z_gap_0002_68.7s_78.7s,/project/6070467/merileo/data/finwhales/final2025_resnet_20260423/multispecies_calltype_experiments/prep_runs/multispecies_prep_balanced100_availaudio_20260430T120219Z/ICLISTENHF6016_20251120T080000.000Z.flac,,,,,,10.000000,onc_primary_adjacent_gap,candidate_primary_adjacent_gap,/project/6070467/merileo/data/finwhales/final2025_resnet_20260423/multispecies_calltype_experiments/prep_runs/multispecies_prep_balanced100_availaudio_20260430T120219Z/ICLISTENHF6016_20251120T080000.000Z.flac,,,,1,train,,,,,/project/6070467/merileo/data/finwhales/final2025_resnet_20260423/multispecies_calltype_experiments/prep_runs/multispecies_prep_balanced100_availaudio_20260430T120219Z/ICLISTENHF6016_20251120T080000.000Z.flac,/project/6070467/merileo/data/finwhales/final2025_resnet_20260423/multispecies_calltype_experiments/prep_runs/multispecies_prep_balanced100_availaudio_20260430T120219Z/ICLISTENHF6016_20251120T080000.000Z.flac,68.700000,78.700000,,,,,,,,,,,,,,,,,,,,,,,,,primary_adjacent_gap,primary_adjacent_gap,ONC
ICLISTENHF6016_20251120T120000.000Z_gap_0000_0.0s_10.0s,/project/6070467/merileo/data/finwhales/final2025_resnet_20260423/multispecies_calltype_experiments/prep_runs/multispecies_prep_balanced100_availaudio_20260430T120219Z/ICLISTENHF6016_20251120T120000.000Z.flac,,,,,,10.000000,onc_primary_adjacent_gap,candidate_primary_adjacent_gap,/project/6070467/merileo/data/finwhales/final2025_resnet_20260423/multispecies_calltype_experiments/prep_runs/multispecies_prep_balanced100_availaudio_20260430T120219Z/ICLISTENHF6016_20251120T120000.000Z.flac,,,,1,train,,,,,/project/6070467/merileo/data/finwhales/final2025_resnet_20260423/multispecies_calltype_experiments/prep_runs/multispecies_prep_balanced100_availaudio_20260430T120219Z/ICLISTENHF6016_20251120T120000.000Z.flac,/project/6070467/merileo/data/finwhales/final2025_resnet_20260423/multispecies_calltype_experiments/prep_runs/multispecies_prep_balanced100_availaudio_20260430T120219Z/ICLISTENHF6016_20251120T120000.000Z.flac,0.000000,10.000000,,,,,,,,,,,,,,,,,,,,,,,,,primary_adjacent_gap,primary_adjacent_gap,ONC
ICLISTENHF6016_20251120T120000.000Z_gap_0001_30.0s_40.0s,/project/6070467/merileo/data/finwhales/final2025_resnet_20260423/multispecies_calltype_experiments/prep_runs/multispecies_prep_balanced100_availaudio_20260430T120219Z/ICLISTENHF6016_20251120T120000.000Z.flac,,,,,,10.000000,onc_primary_adjacent_gap,candidate_primary_adjacent_gap,/project/6070467/merileo/data/finwhales/final2025_resnet_20260423/multispecies_calltype_experiments/prep_runs/multispecies_prep_balanced100_availaudio_20260430T120219Z/ICLISTENHF6016_20251120T120000.000Z.flac,,,,1,train,,,,,/project/6070467/merileo/data/finwhales/final2025_resnet_20260423/multispecies_calltype_experiments/prep_runs/multispecies_prep_balanced100_availaudio_20260430T120219Z/ICLISTENHF6016_20251120T120000.000Z.flac,/project/6070467/merileo/data/finwhales/final2025_resnet_20260423/multispecies_calltype_experiments/prep_runs/multispecies_prep_balanced100_availaudio_20260430T120219Z/ICLISTENHF6016_20251120T120000.000Z.flac,30.000000,40.000000,,,,,,,,,,,,,,,,,,,,,,,,,primary_adjacent_gap,primary_adjacent_gap,ONC
ICLISTENHF6016_20251120T120000.000Z_gap_0002_60.0s_70.0s,/project/6070467/merileo/data/finwhales/final2025_resnet_20260423/multispecies_calltype_experiments/prep_runs/multispecies_prep_balanced100_availaudio_20260430T120219Z/ICLISTENHF6016_20251120T120000.000Z.flac,,,,,,10.000000,onc_primary_adjacent_gap,candidate_primary_adjacent_gap,/project/6070467/merileo/data/finwhales/final2025_resnet_20260423/multispecies_calltype_experiments/prep_runs/multispecies_prep_balanced100_availaudio_20260430T120219Z/ICLISTENHF6016_20251120T120000.000Z.flac,,,,1,train,,,,,/project/6070467/merileo/data/finwhales/final2025_resnet_20260423/multispecies_calltype_experiments/prep_runs/multispecies_prep_balanced100_availaudio_20260430T120219Z/ICLISTENHF6016_20251120T120000.000Z.flac,/project/6070467/merileo/data/finwhales/final2025_resnet_20260423/multispecies_calltype_experiments/prep_runs/multispecies_prep_balanced100_availaudio_20260430T120219Z/ICLISTENHF6016_20251120T120000.000Z.flac,60.000000,70.000000,,,,,,,,,,,,,,,,,,,,,,,,,primary_adjacent_gap,primary_adjacent_gap,ONC
ICLISTENHF6016_20251120T140000.000Z_gap_0000_0.0s_10.0s,/project/6070467/merileo/data/finwhales/final2025_resnet_20260423/multispecies_calltype_experiments/prep_runs/multispecies_prep_balanced100_availaudio_20260430T120219Z/ICLISTENHF6016_20251120T140000.000Z.flac,,,,,,10.000000,onc_primary_adjacent_gap,candidate_primary_adjacent_gap,/project/6070467/merileo/data/finwhales/final2025_resnet_20260423/multispecies_calltype_experiments/prep_runs/multispecies_prep_balanced100_availaudio_20260430T120219Z/ICLISTENHF6016_20251120T140000.000Z.flac,,,,1,test,,,,,/project/6070467/merileo/data/finwhales/final2025_resnet_20260423/multispecies_calltype_experiments/prep_runs/multispecies_prep_balanced100_availaudio_20260430T120219Z/ICLISTENHF6016_20251120T140000.000Z.flac,/project/6070467/merileo/data/finwhales/final2025_resnet_20260423/multispecies_calltype_experiments/prep_runs/multispecies_prep_balanced100_availaudio_20260430T120219Z/ICLISTENHF6016_20251120T140000.000Z.flac,0.000000,10.000000,,,,,,,,,,,,,,,,,,,,,,,,,primary_adjacent_gap,primary_adjacent_gap,ONC
ICLISTENHF6016_20251120T140000.000Z_gap_0001_30.0s_40.0s,/project/6070467/merileo/data/finwhales/final2025_resnet_20260423/multispecies_calltype_experiments/prep_runs/multispecies_prep_balanced100_availaudio_20260430T120219Z/ICLISTENHF6016_20251120T140000.000Z.flac,,,,,,10.000000,onc_primary_adjacent_gap,candidate_primary_adjacent_gap,/project/6070467/merileo/data/finwhales/final2025_resnet_20260423/multispecies_calltype_experiments/prep_runs/multispecies_prep_balanced100_availaudio_20260430T120219Z/ICLISTENHF6016_20251120T140000.000Z.flac,,,,1,test,,,,,/project/6070467/merileo/data/finwhales/final2025_resnet_20260423/multispecies_calltype_experiments/prep_runs/multispecies_prep_balanced100_availaudio_20260430T120219Z/ICLISTENHF6016_20251120T140000.000Z.flac,/project/6070467/merileo/data/finwhales/final2025_resnet_20260423/multispecies_calltype_experiments/prep_runs/multispecies_prep_balanced100_availaudio_20260430T120219Z/ICLISTENHF6016_20251120T140000.000Z.flac,30.000000,40.000000,,,,,,,,,,,,,,,,,,,,,,,,,primary_adjacent_gap,primary_adjacent_gap,ONC
ICLISTENHF6016_20251120T140000.000Z_gap_0002_54.6s_64.6s,/project/6070467/merileo/data/finwhales/final2025_resnet_20260423/multispecies_calltype_experiments/prep_runs/multispecies_prep_balanced100_availaudio_20260430T120219Z/ICLISTENHF6016_20251120T140000.000Z.flac,,,,,,10.000000,onc_primary_adjacent_gap,candidate_primary_adjacent_gap,/project/6070467/merileo/data/finwhales/final2025_resnet_20260423/multispecies_calltype_experiments/prep_runs/multispecies_prep_balanced100_availaudio_20260430T120219Z/ICLISTENHF6016_20251120T140000.000Z.flac,,,,1,test,,,,,/project/6070467/merileo/data/finwhales/final2025_resnet_20260423/multispecies_calltype_experiments/prep_runs/multispecies_prep_balanced100_availaudio_20260430T120219Z/ICLISTENHF6016_20251120T140000.000Z.flac,/project/6070467/merileo/data/finwhales/final2025_resnet_20260423/multispecies_calltype_experiments/prep_runs/multispecies_prep_balanced100_availaudio_20260430T120219Z/ICLISTENHF6016_20251120T140000.000Z.flac,54.600000,64.600000,,,,,,,,,,,,,,,,,,,,,,,,,primary_adjacent_gap,primary_adjacent_gap,ONC
ICLISTENHF6016_20251120T150000.000Z_gap_0000_0.0s_10.0s,/project/6070467/merileo/data/finwhales/final2025_resnet_20260423/multispecies_calltype_experiments/prep_runs/multispecies_prep_balanced100_availaudio_20260430T120219Z/ICLISTENHF6016_20251120T150000.000Z.flac,,,,,,10.000000,onc_primary_adjacent_gap,candidate_primary_adjacent_gap,/project/6070467/merileo/data/finwhales/final2025_resnet_20260423/multispecies_calltype_experiments/prep_runs/multispecies_prep_balanced100_availaudio_20260430T120219Z/ICLISTENHF6016_20251120T150000.000Z.flac,,,,1,train,,,,,/project/6070467/merileo/data/finwhales/final2025_resnet_20260423/multispecies_calltype_experiments/prep_runs/multispecies_prep_balanced100_availaudio_20260430T120219Z/ICLISTENHF6016_20251120T150000.000Z.flac,/project/6070467/merileo/data/finwhales/final2025_resnet_20260423/multispecies_calltype_experiments/prep_runs/multispecies_prep_balanced100_availaudio_20260430T120219Z/ICLISTENHF6016_20251120T150000.000Z.flac,0.000000,10.000000,,,,,,,,,,,,,,,,,,,,,,,,,primary_adjacent_gap,primary_adjacent_gap,ONC
ICLISTENHF6016_20251120T150000.000Z_gap_0001_2.7s_12.7s,/project/6070467/merileo/data/finwhales/final2025_resnet_20260423/multispecies_calltype_experiments/prep_runs/multispecies_prep_balanced100_availaudio_20260430T120219Z/ICLISTENHF6016_20251120T150000.000Z.flac,,,,,,10.000000,onc_primary_adjacent_gap,candidate_primary_adjacent_gap,/project/6070467/merileo/data/finwhales/final2025_resnet_20260423/multispecies_calltype_experiments/prep_runs/multispecies_prep_balanced100_availaudio_20260430T120219Z/ICLISTENHF6016_20251120T150000.000Z.flac,,,,1,train,,,,,/project/6070467/merileo/data/finwhales/final2025_resnet_20260423/multispecies_calltype_experiments/prep_runs/multispecies_prep_balanced100_availaudio_20260430T120219Z/ICLISTENHF6016_20251120T150000.000Z.flac,/project/6070467/merileo/data/finwhales/final2025_resnet_20260423/multispecies_calltype_experiments/prep_runs/multispecies_prep_balanced100_availaudio_20260430T120219Z/ICLISTENHF6016_20251120T150000.000Z.flac,2.700000,12.700000,,,,,,,,,,,,,,,,,,,,,,,,,primary_adjacent_gap,primary_adjacent_gap,ONC
ICLISTENHF6016_20251120T150000.000Z_gap_0002_32.6s_42.6s,/project/6070467/merileo/data/finwhales/final2025_resnet_20260423/multispecies_calltype_experiments/prep_runs/multispecies_prep_balanced100_availaudio_20260430T120219Z/ICLISTENHF6016_20251120T150000.000Z.flac,,,,,,10.000000,onc_primary_adjacent_gap,candidate_primary_adjacent_gap,/project/6070467/merileo/data/finwhales/final2025_resnet_20260423/multispecies_calltype_experiments/prep_runs/multispecies_prep_balanced100_availaudio_20260430T120219Z/ICLISTENHF6016_20251120T150000.000Z.flac,,,,1,train,,,,,/project/6070467/merileo/data/finwhales/final2025_resnet_20260423/multispecies_calltype_experiments/prep_runs/multispecies_prep_balanced100_availaudio_20260430T120219Z/ICLISTENHF6016_20251120T150000.000Z.flac,/project/6070467/merileo/data/finwhales/final2025_resnet_20260423/multispecies_calltype_experiments/prep_runs/multispecies_prep_balanced100_availaudio_20260430T120219Z/ICLISTENHF6016_20251120T150000.000Z.flac,32.600000,42.600000,,,,,,,,,,,,,,,,,,,,,,,,,primary_adjacent_gap,primary_adjacent_gap,ONC
ICLISTENHF6016_20251120T170000.000Z_gap_0000_0.0s_10.0s,/project/6070467/merileo/data/finwhales/final2025_resnet_20260423/multispecies_calltype_experiments/prep_runs/multispecies_prep_balanced100_availaudio_20260430T120219Z/ICLISTENHF6016_20251120T170000.000Z.flac,,,,,,10.000000,onc_primary_adjacent_gap,candidate_primary_adjacent_gap,/project/6070467/merileo/data/finwhales/final2025_resnet_20260423/multispecies_calltype_experiments/prep_runs/multispecies_prep_balanced100_availaudio_20260430T120219Z/ICLISTENHF6016_20251120T170000.000Z.flac,,,,1,train,,,,,/project/6070467/merileo/data/finwhales/final2025_resnet_20260423/multispecies_calltype_experiments/prep_runs/multispecies_prep_balanced100_availaudio_20260430T120219Z/ICLISTENHF6016_20251120T170000.000Z.flac,/project/6070467/merileo/data/finwhales/final2025_resnet_20260423/multispecies_calltype_experiments/prep_runs/multispecies_prep_balanced100_availaudio_20260430T120219Z/ICLISTENHF6016_20251120T170000.000Z.flac,0.000000,10.000000,,,,,,,,,,,,,,,,,,,,,,,,,primary_adjacent_gap,primary_adjacent_gap,ONC
ICLISTENHF6016_20251120T170000.000Z_gap_0001_30.0s_40.0s,/project/6070467/merileo/data/finwhales/final2025_resnet_20260423/multispecies_calltype_experiments/prep_runs/multispecies_prep_balanced100_availaudio_20260430T120219Z/ICLISTENHF6016_20251120T170000.000Z.flac,,,,,,10.000000,onc_primary_adjacent_gap,candidate_primary_adjacent_gap,/project/6070467/merileo/data/finwhales/final2025_resnet_20260423/multispecies_calltype_experiments/prep_runs/multispecies_prep_balanced100_availaudio_20260430T120219Z/ICLISTENHF6016_20251120T170000.000Z.flac,,,,1,train,,,,,/project/6070467/merileo/data/finwhales/final2025_resnet_20260423/multispecies_calltype_experiments/prep_runs/multispecies_prep_balanced100_availaudio_20260430T120219Z/ICLISTENHF6016_20251120T170000.000Z.flac,/project/6070467/merileo/data/finwhales/final2025_resnet_20260423/multispecies_calltype_experiments/prep_runs/multispecies_prep_balanced100_availaudio_20260430T120219Z/ICLISTENHF6016_20251120T170000.000Z.flac,30.000000,40.000000,,,,,,,,,,,,,,,,,,,,,,,,,primary_adjacent_gap,primary_adjacent_gap,ONC
ICLISTENHF6016_20251120T170000.000Z_gap_0002_60.0s_70.0s,/project/6070467/merileo/data/finwhales/final2025_resnet_20260423/multispecies_calltype_experiments/prep_runs/multispecies_prep_balanced100_availaudio_20260430T120219Z/ICLISTENHF6016_20251120T170000.000Z.flac,,,,,,10.000000,onc_primary_adjacent_gap,candidate_primary_adjacent_gap,/project/6070467/merileo/data/finwhales/final2025_resnet_20260423/multispecies_calltype_experiments/prep_runs/multispecies_prep_balanced100_availaudio_20260430T120219Z/ICLISTENHF6016_20251120T170000.000Z.flac,,,,1,train,,,,,/project/6070467/merileo/data/finwhales/final2025_resnet_20260423/multispecies_calltype_experiments/prep_runs/multispecies_prep_balanced100_availaudio_20260430T120219Z/ICLISTENHF6016_20251120T170000.000Z.flac,/project/6070467/merileo/data/finwhales/final2025_resnet_20260423/multispecies_calltype_experiments/prep_runs/multispecies_prep_balanced100_availaudio_20260430T120219Z/ICLISTENHF6016_20251120T170000.000Z.flac,60.000000,70.000000,,,,,,,,,,,,,,,,,,,,,,,,,primary_adjacent_gap,primary_adjacent_gap,ONC
ICLISTENHF6016_20251125T010000.000Z_gap_0000_0.0s_10.0s,/project/6070467/merileo/data/finwhales/final2025_resnet_20260423/multispecies_calltype_experiments/prep_runs/multispecies_prep_balanced100_availaudio_20260430T120219Z/ICLISTENHF6016_20251125T010000.000Z.flac,,,,,,10.000000,onc_primary_adjacent_gap,candidate_primary_adjacent_gap,/project/6070467/merileo/data/finwhales/final2025_resnet_20260423/multispecies_calltype_experiments/prep_runs/multispecies_prep_balanced100_availaudio_20260430T120219Z/ICLISTENHF6016_20251125T010000.000Z.flac,,,,1,train,,,,,/project/6070467/merileo/data/finwhales/final2025_resnet_20260423/multispecies_calltype_experiments/prep_runs/multispecies_prep_balanced100_availaudio_20260430T120219Z/ICLISTENHF6016_20251125T010000.000Z.flac,/project/6070467/merileo/data/finwhales/final2025_resnet_20260423/multispecies_calltype_experiments/prep_runs/multispecies_prep_balanced100_availaudio_20260430T120219Z/ICLISTENHF6016_20251125T010000.000Z.flac,0.000000,10.000000,,,,,,,,,,,,,,,,,,,,,,,,,primary_adjacent_gap,primary_adjacent_gap,ONC
ICLISTENHF6016_20251125T010000.000Z_gap_0001_30.0s_40.0s,/project/6070467/merileo/data/finwhales/final2025_resnet_20260423/multispecies_calltype_experiments/prep_runs/multispecies_prep_balanced100_availaudio_20260430T120219Z/ICLISTENHF6016_20251125T010000.000Z.flac,,,,,,10.000000,onc_primary_adjacent_gap,candidate_primary_adjacent_gap,/project/6070467/merileo/data/finwhales/final2025_resnet_20260423/multispecies_calltype_experiments/prep_runs/multispecies_prep_balanced100_availaudio_20260430T120219Z/ICLISTENHF6016_20251125T010000.000Z.flac,,,,1,train,,,,,/project/6070467/merileo/data/finwhales/final2025_resnet_20260423/multispecies_calltype_experiments/prep_runs/multispecies_prep_balanced100_availaudio_20260430T120219Z/ICLISTENHF6016_20251125T010000.000Z.flac,/project/6070467/merileo/data/finwhales/final2025_resnet_20260423/multispecies_calltype_experiments/prep_runs/multispecies_prep_balanced100_availaudio_20260430T120219Z/ICLISTENHF6016_20251125T010000.000Z.flac,30.000000,40.000000,,,,,,,,,,,,,,,,,,,,,,,,,primary_adjacent_gap,primary_adjacent_gap,ONC
ICLISTENHF6016_20251125T010000.000Z_gap_0002_60.0s_70.0s,/project/6070467/merileo/data/finwhales/final2025_resnet_20260423/multispecies_calltype_experiments/prep_runs/multispecies_prep_balanced100_availaudio_20260430T120219Z/ICLISTENHF6016_20251125T010000.000Z.flac,,,,,,10.000000,onc_primary_adjacent_gap,candidate_primary_adjacent_gap,/project/6070467/merileo/data/finwhales/final2025_resnet_20260423/multispecies_calltype_experiments/prep_runs/multispecies_prep_balanced100_availaudio_20260430T120219Z/ICLISTENHF6016_20251125T010000.000Z.flac,,,,1,train,,,,,/project/6070467/merileo/data/finwhales/final2025_resnet_20260423/multispecies_calltype_experiments/prep_runs/multispecies_prep_balanced100_availaudio_20260430T120219Z/ICLISTENHF6016_20251125T010000.000Z.flac,/project/6070467/merileo/data/finwhales/final2025_resnet_20260423/multispecies_calltype_experiments/prep_runs/multispecies_prep_balanced100_availaudio_20260430T120219Z/ICLISTENHF6016_20251125T010000.000Z.flac,60.000000,70.000000,,,,,,,,,,,,,,,,,,,,,,,,,primary_adjacent_gap,primary_adjacent_gap,ONC
ICLISTENHF6016_20251125T020000.000Z_gap_0000_0.0s_10.0s,/project/6070467/merileo/data/finwhales/final2025_resnet_20260423/multispecies_calltype_experiments/prep_runs/multispecies_prep_balanced100_availaudio_20260430T120219Z/ICLISTENHF6016_20251125T020000.000Z.flac,,,,,,10.000000,onc_primary_adjacent_gap,candidate_primary_adjacent_gap,/project/6070467/merileo/data/finwhales/final2025_resnet_20260423/multispecies_calltype_experiments/prep_runs/multispecies_prep_balanced100_availaudio_20260430T120219Z/ICLISTENHF6016_20251125T020000.000Z.flac,,,,1,test,,,,,/project/6070467/merileo/data/finwhales/final2025_resnet_20260423/multispecies_calltype_experiments/prep_runs/multispecies_prep_balanced100_availaudio_20260430T120219Z/ICLISTENHF6016_20251125T020000.000Z.flac,/project/6070467/merileo/data/finwhales/final2025_resnet_20260423/multispecies_calltype_experiments/prep_runs/multispecies_prep_balanced100_availaudio_20260430T120219Z/ICLISTENHF6016_20251125T020000.000Z.flac,0.000000,10.000000,,,,,,,,,,,,,,,,,,,,,,,,,primary_adjacent_gap,primary_adjacent_gap,ONC
ICLISTENHF6016_20251125T020000.000Z_gap_0001_30.0s_40.0s,/project/6070467/merileo/data/finwhales/final2025_resnet_20260423/multispecies_calltype_experiments/prep_runs/multispecies_prep_balanced100_availaudio_20260430T120219Z/ICLISTENHF6016_20251125T020000.000Z.flac,,,,,,10.000000,onc_primary_adjacent_gap,candidate_primary_adjacent_gap,/project/6070467/merileo/data/finwhales/final2025_resnet_20260423/multispecies_calltype_experiments/prep_runs/multispecies_prep_balanced100_availaudio_20260430T120219Z/ICLISTENHF6016_20251125T020000.000Z.flac,,,,1,test,,,,,/project/6070467/merileo/data/finwhales/final2025_resnet_20260423/multispecies_calltype_experiments/prep_runs/multispecies_prep_balanced100_availaudio_20260430T120219Z/ICLISTENHF6016_20251125T020000.000Z.flac,/project/6070467/merileo/data/finwhales/final2025_resnet_20260423/multispecies_calltype_experiments/prep_runs/multispecies_prep_balanced100_availaudio_20260430T120219Z/ICLISTENHF6016_20251125T020000.000Z.flac,30.000000,40.000000,,,,,,,,,,,,,,,,,,,,,,,,,primary_adjacent_gap,primary_adjacent_gap,ONC
ICLISTENHF6016_20251125T020000.000Z_gap_0002_60.0s_70.0s,/project/6070467/merileo/data/finwhales/final2025_resnet_20260423/multispecies_calltype_experiments/prep_runs/multispecies_prep_balanced100_availaudio_20260430T120219Z/ICLISTENHF6016_20251125T020000.000Z.flac,,,,,,10.000000,onc_primary_adjacent_gap,candidate_primary_adjacent_gap,/project/6070467/merileo/data/finwhales/final2025_resnet_20260423/multispecies_calltype_experiments/prep_runs/multispecies_prep_balanced100_availaudio_20260430T120219Z/ICLISTENHF6016_20251125T020000.000Z.flac,,,,1,test,,,,,/project/6070467/merileo/data/finwhales/final2025_resnet_20260423/multispecies_calltype_experiments/prep_runs/multispecies_prep_balanced100_availaudio_20260430T120219Z/ICLISTENHF6016_20251125T020000.000Z.flac,/project/6070467/merileo/data/finwhales/final2025_resnet_20260423/multispecies_calltype_experiments/prep_runs/multispecies_prep_balanced100_availaudio_20260430T120219Z/ICLISTENHF6016_20251125T020000.000Z.flac,60.000000,70.000000,,,,,,,,,,,,,,,,,,,,,,,,,primary_adjacent_gap,primary_adjacent_gap,ONC
ICLISTENHF6016_20251125T050000.000Z_gap_0000_0.0s_10.0s,/project/6070467/merileo/data/finwhales/final2025_resnet_20260423/multispecies_calltype_experiments/prep_runs/multispecies_prep_balanced100_availaudio_20260430T120219Z/ICLISTENHF6016_20251125T050000.000Z.flac,,,,,,10.000000,onc_primary_adjacent_gap,candidate_primary_adjacent_gap,/project/6070467/merileo/data/finwhales/final2025_resnet_20260423/multispecies_calltype_experiments/prep_runs/multispecies_prep_balanced100_availaudio_20260430T120219Z/ICLISTENHF6016_20251125T050000.000Z.flac,,,,1,val,,,,,/project/6070467/merileo/data/finwhales/final2025_resnet_20260423/multispecies_calltype_experiments/prep_runs/multispecies_prep_balanced100_availaudio_20260430T120219Z/ICLISTENHF6016_20251125T050000.000Z.flac,/project/6070467/merileo/data/finwhales/final2025_resnet_20260423/multispecies_calltype_experiments/prep_runs/multispecies_prep_balanced100_availaudio_20260430T120219Z/ICLISTENHF6016_20251125T050000.000Z.flac,0.000000,10.000000,,,,,,,,,,,,,,,,,,,,,,,,,primary_adjacent_gap,primary_adjacent_gap,ONC
ICLISTENHF6016_20251125T050000.000Z_gap_0001_30.0s_40.0s,/project/6070467/merileo/data/finwhales/final2025_resnet_20260423/multispecies_calltype_experiments/prep_runs/multispecies_prep_balanced100_availaudio_20260430T120219Z/ICLISTENHF6016_20251125T050000.000Z.flac,,,,,,10.000000,onc_primary_adjacent_gap,candidate_primary_adjacent_gap,/project/6070467/merileo/data/finwhales/final2025_resnet_20260423/multispecies_calltype_experiments/prep_runs/multispecies_prep_balanced100_availaudio_20260430T120219Z/ICLISTENHF6016_20251125T050000.000Z.flac,,,,1,val,,,,,/project/6070467/merileo/data/finwhales/final2025_resnet_20260423/multispecies_calltype_experiments/prep_runs/multispecies_prep_balanced100_availaudio_20260430T120219Z/ICLISTENHF6016_20251125T050000.000Z.flac,/project/6070467/merileo/data/finwhales/final2025_resnet_20260423/multispecies_calltype_experiments/prep_runs/multispecies_prep_balanced100_availaudio_20260430T120219Z/ICLISTENHF6016_20251125T050000.000Z.flac,30.000000,40.000000,,,,,,,,,,,,,,,,,,,,,,,,,primary_adjacent_gap,primary_adjacent_gap,ONC
ICLISTENHF6016_20251125T050000.000Z_gap_0002_60.0s_70.0s,/project/6070467/merileo/data/finwhales/final2025_resnet_20260423/multispecies_calltype_experiments/prep_runs/multispecies_prep_balanced100_availaudio_20260430T120219Z/ICLISTENHF6016_20251125T050000.000Z.flac,,,,,,10.000000,onc_primary_adjacent_gap,candidate_primary_adjacent_gap,/project/6070467/merileo/data/finwhales/final2025_resnet_20260423/multispecies_calltype_experiments/prep_runs/multispecies_prep_balanced100_availaudio_20260430T120219Z/ICLISTENHF6016_20251125T050000.000Z.flac,,,,1,val,,,,,/project/6070467/merileo/data/finwhales/final2025_resnet_20260423/multispecies_calltype_experiments/prep_runs/multispecies_prep_balanced100_availaudio_20260430T120219Z/ICLISTENHF6016_20251125T050000.000Z.flac,/project/6070467/merileo/data/finwhales/final2025_resnet_20260423/multispecies_calltype_experiments/prep_runs/multispecies_prep_balanced100_availaudio_20260430T120219Z/ICLISTENHF6016_20251125T050000.000Z.flac,60.000000,70.000000,,,,,,,,,,,,,,,,,,,,,,,,,primary_adjacent_gap,primary_adjacent_gap,ONC
ICLISTENHF6016_20251125T060000.000Z_gap_0000_0.0s_10.0s,/project/6070467/merileo/data/finwhales/final2025_resnet_20260423/multispecies_calltype_experiments/prep_runs/multispecies_prep_balanced100_availaudio_20260430T120219Z/ICLISTENHF6016_20251125T060000.000Z.flac,,,,,,10.000000,onc_primary_adjacent_gap,candidate_primary_adjacent_gap,/project/6070467/merileo/data/finwhales/final2025_resnet_20260423/multispecies_calltype_experiments/prep_runs/multispecies_prep_balanced100_availaudio_20260430T120219Z/ICLISTENHF6016_20251125T060000.000Z.flac,,,,1,test,,,,,/project/6070467/merileo/data/finwhales/final2025_resnet_20260423/multispecies_calltype_experiments/prep_runs/multispecies_prep_balanced100_availaudio_20260430T120219Z/ICLISTENHF6016_20251125T060000.000Z.flac,/project/6070467/merileo/data/finwhales/final2025_resnet_20260423/multispecies_calltype_experiments/prep_runs/multispecies_prep_balanced100_availaudio_20260430T120219Z/ICLISTENHF6016_20251125T060000.000Z.flac,0.000000,10.000000,,,,,,,,,,,,,,,,,,,,,,,,,primary_adjacent_gap,primary_adjacent_gap,ONC
ICLISTENHF6016_20251125T060000.000Z_gap_0001_30.0s_40.0s,/project/6070467/merileo/data/finwhales/final2025_resnet_20260423/multispecies_calltype_experiments/prep_runs/multispecies_prep_balanced100_availaudio_20260430T120219Z/ICLISTENHF6016_20251125T060000.000Z.flac,,,,,,10.000000,onc_primary_adjacent_gap,candidate_primary_adjacent_gap,/project/6070467/merileo/data/finwhales/final2025_resnet_20260423/multispecies_calltype_experiments/prep_runs/multispecies_prep_balanced100_availaudio_20260430T120219Z/ICLISTENHF6016_20251125T060000.000Z.flac,,,,1,test,,,,,/project/6070467/merileo/data/finwhales/final2025_resnet_20260423/multispecies_calltype_experiments/prep_runs/multispecies_prep_balanced100_availaudio_20260430T120219Z/ICLISTENHF6016_20251125T060000.000Z.flac,/project/6070467/merileo/data/finwhales/final2025_resnet_20260423/multispecies_calltype_experiments/prep_runs/multispecies_prep_balanced100_availaudio_20260430T120219Z/ICLISTENHF6016_20251125T060000.000Z.flac,30.000000,40.000000,,,,,,,,,,,,,,,,,,,,,,,,,primary_adjacent_gap,primary_adjacent_gap,ONC
ICLISTENHF6016_20251125T060000.000Z_gap_0002_41.7s_51.7s,/project/6070467/merileo/data/finwhales/final2025_resnet_20260423/multispecies_calltype_experiments/prep_runs/multispecies_prep_balanced100_availaudio_20260430T120219Z/ICLISTENHF6016_20251125T060000.000Z.flac,,,,,,10.000000,onc_primary_adjacent_gap,candidate_primary_adjacent_gap,/project/6070467/merileo/data/finwhales/final2025_resnet_20260423/multispecies_calltype_experiments/prep_runs/multispecies_prep_balanced100_availaudio_20260430T120219Z/ICLISTENHF6016_20251125T060000.000Z.flac,,,,1,test,,,,,/project/6070467/merileo/data/finwhales/final2025_resnet_20260423/multispecies_calltype_experiments/prep_runs/multispecies_prep_balanced100_availaudio_20260430T120219Z/ICLISTENHF6016_20251125T060000.000Z.flac,/project/6070467/merileo/data/finwhales/final2025_resnet_20260423/multispecies_calltype_experiments/prep_runs/multispecies_prep_balanced100_availaudio_20260430T120219Z/ICLISTENHF6016_20251125T060000.000Z.flac,41.700000,51.700000,,,,,,,,,,,,,,,,,,,,,,,,,primary_adjacent_gap,primary_adjacent_gap,ONC
ICLISTENHF6016_20251125T110000.000Z_gap_0000_0.0s_10.0s,/project/6070467/merileo/data/finwhales/final2025_resnet_20260423/multispecies_calltype_experiments/prep_runs/multispecies_prep_balanced100_availaudio_20260430T120219Z/ICLISTENHF6016_20251125T110000.000Z.flac,,,,,,10.000000,onc_primary_adjacent_gap,candidate_primary_adjacent_gap,/project/6070467/merileo/data/finwhales/final2025_resnet_20260423/multispecies_calltype_experiments/prep_runs/multispecies_prep_balanced100_availaudio_20260430T120219Z/ICLISTENHF6016_20251125T110000.000Z.flac,,,,1,train,,,,,/project/6070467/merileo/data/finwhales/final2025_resnet_20260423/multispecies_calltype_experiments/prep_runs/multispecies_prep_balanced100_availaudio_20260430T120219Z/ICLISTENHF6016_20251125T110000.000Z.flac,/project/6070467/merileo/data/finwhales/final2025_resnet_20260423/multispecies_calltype_experiments/prep_runs/multispecies_prep_balanced100_availaudio_20260430T120219Z/ICLISTENHF6016_20251125T110000.000Z.flac,0.000000,10.000000,,,,,,,,,,,,,,,,,,,,,,,,,primary_adjacent_gap,primary_adjacent_gap,ONC
ICLISTENHF6016_20251125T110000.000Z_gap_0001_30.0s_40.0s,/project/6070467/merileo/data/finwhales/final2025_resnet_20260423/multispecies_calltype_experiments/prep_runs/multispecies_prep_balanced100_availaudio_20260430T120219Z/ICLISTENHF6016_20251125T110000.000Z.flac,,,,,,10.000000,onc_primary_adjacent_gap,candidate_primary_adjacent_gap,/project/6070467/merileo/data/finwhales/final2025_resnet_20260423/multispecies_calltype_experiments/prep_runs/multispecies_prep_balanced100_availaudio_20260430T120219Z/ICLISTENHF6016_20251125T110000.000Z.flac,,,,1,train,,,,,/project/6070467/merileo/data/finwhales/final2025_resnet_20260423/multispecies_calltype_experiments/prep_runs/multispecies_prep_balanced100_availaudio_20260430T120219Z/ICLISTENHF6016_20251125T110000.000Z.flac,/project/6070467/merileo/data/finwhales/final2025_resnet_20260423/multispecies_calltype_experiments/prep_runs/multispecies_prep_balanced100_availaudio_20260430T120219Z/ICLISTENHF6016_20251125T110000.000Z.flac,30.000000,40.000000,,,,,,,,,,,,,,,,,,,,,,,,,primary_adjacent_gap,primary_adjacent_gap,ONC
ICLISTENHF6016_20251125T110000.000Z_gap_0002_58.0s_68.0s,/project/6070467/merileo/data/finwhales/final2025_resnet_20260423/multispecies_calltype_experiments/prep_runs/multispecies_prep_balanced100_availaudio_20260430T120219Z/ICLISTENHF6016_20251125T110000.000Z.flac,,,,,,10.000000,onc_primary_adjacent_gap,candidate_primary_adjacent_gap,/project/6070467/merileo/data/finwhales/final2025_resnet_20260423/multispecies_calltype_experiments/prep_runs/multispecies_prep_balanced100_availaudio_20260430T120219Z/ICLISTENHF6016_20251125T110000.000Z.flac,,,,1,train,,,,,/project/6070467/merileo/data/finwhales/final2025_resnet_20260423/multispecies_calltype_experiments/prep_runs/multispecies_prep_balanced100_availaudio_20260430T120219Z/ICLISTENHF6016_20251125T110000.000Z.flac,/project/6070467/merileo/data/finwhales/final2025_resnet_20260423/multispecies_calltype_experiments/prep_runs/multispecies_prep_balanced100_availaudio_20260430T120219Z/ICLISTENHF6016_20251125T110000.000Z.flac,58.000000,68.000000,,,,,,,,,,,,,,,,,,,,,,,,,primary_adjacent_gap,primary_adjacent_gap,ONC
ICLISTENHF6016_20251125T190000.000Z_gap_0000_0.0s_10.0s,/project/6070467/merileo/data/finwhales/final2025_resnet_20260423/multispecies_calltype_experiments/prep_runs/multispecies_prep_balanced100_availaudio_20260430T120219Z/ICLISTENHF6016_20251125T190000.000Z.flac,,,,,,10.000000,onc_primary_adjacent_gap,candidate_primary_adjacent_gap,/project/6070467/merileo/data/finwhales/final2025_resnet_20260423/multispecies_calltype_experiments/prep_runs/multispecies_prep_balanced100_availaudio_20260430T120219Z/ICLISTENHF6016_20251125T190000.000Z.flac,,,,1,train,,,,,/project/6070467/merileo/data/finwhales/final2025_resnet_20260423/multispecies_calltype_experiments/prep_runs/multispecies_prep_balanced100_availaudio_20260430T120219Z/ICLISTENHF6016_20251125T190000.000Z.flac,/project/6070467/merileo/data/finwhales/final2025_resnet_20260423/multispecies_calltype_experiments/prep_runs/multispecies_prep_balanced100_availaudio_20260430T120219Z/ICLISTENHF6016_20251125T190000.000Z.flac,0.000000,10.000000,,,,,,,,,,,,,,,,,,,,,,,,,primary_adjacent_gap,primary_adjacent_gap,ONC
ICLISTENHF6016_20251125T190000.000Z_gap_0001_30.0s_40.0s,/project/6070467/merileo/data/finwhales/final2025_resnet_20260423/multispecies_calltype_experiments/prep_runs/multispecies_prep_balanced100_availaudio_20260430T120219Z/ICLISTENHF6016_20251125T190000.000Z.flac,,,,,,10.000000,onc_primary_adjacent_gap,candidate_primary_adjacent_gap,/project/6070467/merileo/data/finwhales/final2025_resnet_20260423/multispecies_calltype_experiments/prep_runs/multispecies_prep_balanced100_availaudio_20260430T120219Z/ICLISTENHF6016_20251125T190000.000Z.flac,,,,1,train,,,,,/project/6070467/merileo/data/finwhales/final2025_resnet_20260423/multispecies_calltype_experiments/prep_runs/multispecies_prep_balanced100_availaudio_20260430T120219Z/ICLISTENHF6016_20251125T190000.000Z.flac,/project/6070467/merileo/data/finwhales/final2025_resnet_20260423/multispecies_calltype_experiments/prep_runs/multispecies_prep_balanced100_availaudio_20260430T120219Z/ICLISTENHF6016_20251125T190000.000Z.flac,30.000000,40.000000,,,,,,,,,,,,,,,,,,,,,,,,,primary_adjacent_gap,primary_adjacent_gap,ONC
ICLISTENHF6016_20251125T190000.000Z_gap_0002_60.0s_70.0s,/project/6070467/merileo/data/finwhales/final2025_resnet_20260423/multispecies_calltype_experiments/prep_runs/multispecies_prep_balanced100_availaudio_20260430T120219Z/ICLISTENHF6016_20251125T190000.000Z.flac,,,,,,10.000000,onc_primary_adjacent_gap,candidate_primary_adjacent_gap,/project/6070467/merileo/data/finwhales/final2025_resnet_20260423/multispecies_calltype_experiments/prep_runs/multispecies_prep_balanced100_availaudio_20260430T120219Z/ICLISTENHF6016_20251125T190000.000Z.flac,,,,1,train,,,,,/project/6070467/merileo/data/finwhales/final2025_resnet_20260423/multispecies_calltype_experiments/prep_runs/multispecies_prep_balanced100_availaudio_20260430T120219Z/ICLISTENHF6016_20251125T190000.000Z.flac,/project/6070467/merileo/data/finwhales/final2025_resnet_20260423/multispecies_calltype_experiments/prep_runs/multispecies_prep_balanced100_availaudio_20260430T120219Z/ICLISTENHF6016_20251125T190000.000Z.flac,60.000000,70.000000,,,,,,,,,,,,,,,,,,,,,,,,,primary_adjacent_gap,primary_adjacent_gap,ONC
ICLISTENHF6016_20251130T010000.000Z_gap_0000_0.0s_10.0s,/project/6070467/merileo/data/finwhales/final2025_resnet_20260423/multispecies_calltype_experiments/prep_runs/multispecies_prep_balanced100_availaudio_20260430T120219Z/ICLISTENHF6016_20251130T010000.000Z.flac,,,,,,10.000000,onc_primary_adjacent_gap,candidate_primary_adjacent_gap,/project/6070467/merileo/data/finwhales/final2025_resnet_20260423/multispecies_calltype_experiments/prep_runs/multispecies_prep_balanced100_availaudio_20260430T120219Z/ICLISTENHF6016_20251130T010000.000Z.flac,,,,1,train,,,,,/project/6070467/merileo/data/finwhales/final2025_resnet_20260423/multispecies_calltype_experiments/prep_runs/multispecies_prep_balanced100_availaudio_20260430T120219Z/ICLISTENHF6016_20251130T010000.000Z.flac,/project/6070467/merileo/data/finwhales/final2025_resnet_20260423/multispecies_calltype_experiments/prep_runs/multispecies_prep_balanced100_availaudio_20260430T120219Z/ICLISTENHF6016_20251130T010000.000Z.flac,0.000000,10.000000,,,,,,,,,,,,,,,,,,,,,,,,,primary_adjacent_gap,primary_adjacent_gap,ONC
ICLISTENHF6016_20251130T010000.000Z_gap_0001_30.0s_40.0s,/project/6070467/merileo/data/finwhales/final2025_resnet_20260423/multispecies_calltype_experiments/prep_runs/multispecies_prep_balanced100_availaudio_20260430T120219Z/ICLISTENHF6016_20251130T010000.000Z.flac,,,,,,10.000000,onc_primary_adjacent_gap,candidate_primary_adjacent_gap,/project/6070467/merileo/data/finwhales/final2025_resnet_20260423/multispecies_calltype_experiments/prep_runs/multispecies_prep_balanced100_availaudio_20260430T120219Z/ICLISTENHF6016_20251130T010000.000Z.flac,,,,1,train,,,,,/project/6070467/merileo/data/finwhales/final2025_resnet_20260423/multispecies_calltype_experiments/prep_runs/multispecies_prep_balanced100_availaudio_20260430T120219Z/ICLISTENHF6016_20251130T010000.000Z.flac,/project/6070467/merileo/data/finwhales/final2025_resnet_20260423/multispecies_calltype_experiments/prep_runs/multispecies_prep_balanced100_availaudio_20260430T120219Z/ICLISTENHF6016_20251130T010000.000Z.flac,30.000000,40.000000,,,,,,,,,,,,,,,,,,,,,,,,,primary_adjacent_gap,primary_adjacent_gap,ONC
ICLISTENHF6016_20251130T010000.000Z_gap_0002_56.1s_66.1s,/project/6070467/merileo/data/finwhales/final2025_resnet_20260423/multispecies_calltype_experiments/prep_runs/multispecies_prep_balanced100_availaudio_20260430T120219Z/ICLISTENHF6016_20251130T010000.000Z.flac,,,,,,10.000000,onc_primary_adjacent_gap,candidate_primary_adjacent_gap,/project/6070467/merileo/data/finwhales/final2025_resnet_20260423/multispecies_calltype_experiments/prep_runs/multispecies_prep_balanced100_availaudio_20260430T120219Z/ICLISTENHF6016_20251130T010000.000Z.flac,,,,1,train,,,,,/project/6070467/merileo/data/finwhales/final2025_resnet_20260423/multispecies_calltype_experiments/prep_runs/multispecies_prep_balanced100_availaudio_20260430T120219Z/ICLISTENHF6016_20251130T010000.000Z.flac,/project/6070467/merileo/data/finwhales/final2025_resnet_20260423/multispecies_calltype_experiments/prep_runs/multispecies_prep_balanced100_availaudio_20260430T120219Z/ICLISTENHF6016_20251130T010000.000Z.flac,56.100000,66.100000,,,,,,,,,,,,,,,,,,,,,,,,,primary_adjacent_gap,primary_adjacent_gap,ONC
ICLISTENHF6016_20251130T040000.000Z_gap_0000_23.1s_33.1s,/project/6070467/merileo/data/finwhales/final2025_resnet_20260423/multispecies_calltype_experiments/prep_runs/multispecies_prep_balanced100_availaudio_20260430T120219Z/ICLISTENHF6016_20251130T040000.000Z.flac,,,,,,10.000000,onc_primary_adjacent_gap,candidate_primary_adjacent_gap,/project/6070467/merileo/data/finwhales/final2025_resnet_20260423/multispecies_calltype_experiments/prep_runs/multispecies_prep_balanced100_availaudio_20260430T120219Z/ICLISTENHF6016_20251130T040000.000Z.flac,,,,1,train,,,,,/project/6070467/merileo/data/finwhales/final2025_resnet_20260423/multispecies_calltype_experiments/prep_runs/multispecies_prep_balanced100_availaudio_20260430T120219Z/ICLISTENHF6016_20251130T040000.000Z.flac,/project/6070467/merileo/data/finwhales/final2025_resnet_20260423/multispecies_calltype_experiments/prep_runs/multispecies_prep_balanced100_availaudio_20260430T120219Z/ICLISTENHF6016_20251130T040000.000Z.flac,23.100000,33.100000,,,,,,,,,,,,,,,,,,,,,,,,,primary_adjacent_gap,primary_adjacent_gap,ONC
ICLISTENHF6016_20251130T040000.000Z_gap_0001_53.1s_63.1s,/project/6070467/merileo/data/finwhales/final2025_resnet_20260423/multispecies_calltype_experiments/prep_runs/multispecies_prep_balanced100_availaudio_20260430T120219Z/ICLISTENHF6016_20251130T040000.000Z.flac,,,,,,10.000000,onc_primary_adjacent_gap,candidate_primary_adjacent_gap,/project/6070467/merileo/data/finwhales/final2025_resnet_20260423/multispecies_calltype_experiments/prep_runs/multispecies_prep_balanced100_availaudio_20260430T120219Z/ICLISTENHF6016_20251130T040000.000Z.flac,,,,1,train,,,,,/project/6070467/merileo/data/finwhales/final2025_resnet_20260423/multispecies_calltype_experiments/prep_runs/multispecies_prep_balanced100_availaudio_20260430T120219Z/ICLISTENHF6016_20251130T040000.000Z.flac,/project/6070467/merileo/data/finwhales/final2025_resnet_20260423/multispecies_calltype_experiments/prep_runs/multispecies_prep_balanced100_availaudio_20260430T120219Z/ICLISTENHF6016_20251130T040000.000Z.flac,53.100000,63.100000,,,,,,,,,,,,,,,,,,,,,,,,,primary_adjacent_gap,primary_adjacent_gap,ONC
ICLISTENHF6016_20251130T040000.000Z_gap_0002_83.1s_93.1s,/project/6070467/merileo/data/finwhales/final2025_resnet_20260423/multispecies_calltype_experiments/prep_runs/multispecies_prep_balanced100_availaudio_20260430T120219Z/ICLISTENHF6016_20251130T040000.000Z.flac,,,,,,10.000000,onc_primary_adjacent_gap,candidate_primary_adjacent_gap,/project/6070467/merileo/data/finwhales/final2025_resnet_20260423/multispecies_calltype_experiments/prep_runs/multispecies_prep_balanced100_availaudio_20260430T120219Z/ICLISTENHF6016_20251130T040000.000Z.flac,,,,1,train,,,,,/project/6070467/merileo/data/finwhales/final2025_resnet_20260423/multispecies_calltype_experiments/prep_runs/multispecies_prep_balanced100_availaudio_20260430T120219Z/ICLISTENHF6016_20251130T040000.000Z.flac,/project/6070467/merileo/data/finwhales/final2025_resnet_20260423/multispecies_calltype_experiments/prep_runs/multispecies_prep_balanced100_availaudio_20260430T120219Z/ICLISTENHF6016_20251130T040000.000Z.flac,83.100000,93.100000,,,,,,,,,,,,,,,,,,,,,,,,,primary_adjacent_gap,primary_adjacent_gap,ONC
ICLISTENHF6016_20251130T050000.000Z_gap_0000_0.0s_10.0s,/project/6070467/merileo/data/finwhales/final2025_resnet_20260423/multispecies_calltype_experiments/prep_runs/multispecies_prep_balanced100_availaudio_20260430T120219Z/ICLISTENHF6016_20251130T050000.000Z.flac,,,,,,10.000000,onc_primary_adjacent_gap,candidate_primary_adjacent_gap,/project/6070467/merileo/data/finwhales/final2025_resnet_20260423/multispecies_calltype_experiments/prep_runs/multispecies_prep_balanced100_availaudio_20260430T120219Z/ICLISTENHF6016_20251130T050000.000Z.flac,,,,1,train,,,,,/project/6070467/merileo/data/finwhales/final2025_resnet_20260423/multispecies_calltype_experiments/prep_runs/multispecies_prep_balanced100_availaudio_20260430T120219Z/ICLISTENHF6016_20251130T050000.000Z.flac,/project/6070467/merileo/data/finwhales/final2025_resnet_20260423/multispecies_calltype_experiments/prep_runs/multispecies_prep_balanced100_availaudio_20260430T120219Z/ICLISTENHF6016_20251130T050000.000Z.flac,0.000000,10.000000,,,,,,,,,,,,,,,,,,,,,,,,,primary_adjacent_gap,primary_adjacent_gap,ONC
ICLISTENHF6016_20251130T050000.000Z_gap_0001_30.0s_40.0s,/project/6070467/merileo/data/finwhales/final2025_resnet_20260423/multispecies_calltype_experiments/prep_runs/multispecies_prep_balanced100_availaudio_20260430T120219Z/ICLISTENHF6016_20251130T050000.000Z.flac,,,,,,10.000000,onc_primary_adjacent_gap,candidate_primary_adjacent_gap,/project/6070467/merileo/data/finwhales/final2025_resnet_20260423/multispecies_calltype_experiments/prep_runs/multispecies_prep_balanced100_availaudio_20260430T120219Z/ICLISTENHF6016_20251130T050000.000Z.flac,,,,1,train,,,,,/project/6070467/merileo/data/finwhales/final2025_resnet_20260423/multispecies_calltype_experiments/prep_runs/multispecies_prep_balanced100_availaudio_20260430T120219Z/ICLISTENHF6016_20251130T050000.000Z.flac,/project/6070467/merileo/data/finwhales/final2025_resnet_20260423/multispecies_calltype_experiments/prep_runs/multispecies_prep_balanced100_availaudio_20260430T120219Z/ICLISTENHF6016_20251130T050000.000Z.flac,30.000000,40.000000,,,,,,,,,,,,,,,,,,,,,,,,,primary_adjacent_gap,primary_adjacent_gap,ONC
ICLISTENHF6016_20251130T050000.000Z_gap_0002_60.0s_70.0s,/project/6070467/merileo/data/finwhales/final2025_resnet_20260423/multispecies_calltype_experiments/prep_runs/multispecies_prep_balanced100_availaudio_20260430T120219Z/ICLISTENHF6016_20251130T050000.000Z.flac,,,,,,10.000000,onc_primary_adjacent_gap,candidate_primary_adjacent_gap,/project/6070467/merileo/data/finwhales/final2025_resnet_20260423/multispecies_calltype_experiments/prep_runs/multispecies_prep_balanced100_availaudio_20260430T120219Z/ICLISTENHF6016_20251130T050000.000Z.flac,,,,1,train,,,,,/project/6070467/merileo/data/finwhales/final2025_resnet_20260423/multispecies_calltype_experiments/prep_runs/multispecies_prep_balanced100_availaudio_20260430T120219Z/ICLISTENHF6016_20251130T050000.000Z.flac,/project/6070467/merileo/data/finwhales/final2025_resnet_20260423/multispecies_calltype_experiments/prep_runs/multispecies_prep_balanced100_availaudio_20260430T120219Z/ICLISTENHF6016_20251130T050000.000Z.flac,60.000000,70.000000,,,,,,,,,,,,,,,,,,,,,,,,,primary_adjacent_gap,primary_adjacent_gap,ONC
ICLISTENHF6016_20251130T070000.000Z_gap_0000_0.0s_10.0s,/project/6070467/merileo/data/finwhales/final2025_resnet_20260423/multispecies_calltype_experiments/prep_runs/multispecies_prep_balanced100_availaudio_20260430T120219Z/ICLISTENHF6016_20251130T070000.000Z.flac,,,,,,10.000000,onc_primary_adjacent_gap,candidate_primary_adjacent_gap,/project/6070467/merileo/data/finwhales/final2025_resnet_20260423/multispecies_calltype_experiments/prep_runs/multispecies_prep_balanced100_availaudio_20260430T120219Z/ICLISTENHF6016_20251130T070000.000Z.flac,,,,1,test,,,,,/project/6070467/merileo/data/finwhales/final2025_resnet_20260423/multispecies_calltype_experiments/prep_runs/multispecies_prep_balanced100_availaudio_20260430T120219Z/ICLISTENHF6016_20251130T070000.000Z.flac,/project/6070467/merileo/data/finwhales/final2025_resnet_20260423/multispecies_calltype_experiments/prep_runs/multispecies_prep_balanced100_availaudio_20260430T120219Z/ICLISTENHF6016_20251130T070000.000Z.flac,0.000000,10.000000,,,,,,,,,,,,,,,,,,,,,,,,,primary_adjacent_gap,primary_adjacent_gap,ONC
ICLISTENHF6016_20251130T070000.000Z_gap_0001_30.0s_40.0s,/project/6070467/merileo/data/finwhales/final2025_resnet_20260423/multispecies_calltype_experiments/prep_runs/multispecies_prep_balanced100_availaudio_20260430T120219Z/ICLISTENHF6016_20251130T070000.000Z.flac,,,,,,10.000000,onc_primary_adjacent_gap,candidate_primary_adjacent_gap,/project/6070467/merileo/data/finwhales/final2025_resnet_20260423/multispecies_calltype_experiments/prep_runs/multispecies_prep_balanced100_availaudio_20260430T120219Z/ICLISTENHF6016_20251130T070000.000Z.flac,,,,1,test,,,,,/project/6070467/merileo/data/finwhales/final2025_resnet_20260423/multispecies_calltype_experiments/prep_runs/multispecies_prep_balanced100_availaudio_20260430T120219Z/ICLISTENHF6016_20251130T070000.000Z.flac,/project/6070467/merileo/data/finwhales/final2025_resnet_20260423/multispecies_calltype_experiments/prep_runs/multispecies_prep_balanced100_availaudio_20260430T120219Z/ICLISTENHF6016_20251130T070000.000Z.flac,30.000000,40.000000,,,,,,,,,,,,,,,,,,,,,,,,,primary_adjacent_gap,primary_adjacent_gap,ONC
ICLISTENHF6016_20251130T070000.000Z_gap_0002_60.0s_70.0s,/project/6070467/merileo/data/finwhales/final2025_resnet_20260423/multispecies_calltype_experiments/prep_runs/multispecies_prep_balanced100_availaudio_20260430T120219Z/ICLISTENHF6016_20251130T070000.000Z.flac,,,,,,10.000000,onc_primary_adjacent_gap,candidate_primary_adjacent_gap,/project/6070467/merileo/data/finwhales/final2025_resnet_20260423/multispecies_calltype_experiments/prep_runs/multispecies_prep_balanced100_availaudio_20260430T120219Z/ICLISTENHF6016_20251130T070000.000Z.flac,,,,1,test,,,,,/project/6070467/merileo/data/finwhales/final2025_resnet_20260423/multispecies_calltype_experiments/prep_runs/multispecies_prep_balanced100_availaudio_20260430T120219Z/ICLISTENHF6016_20251130T070000.000Z.flac,/project/6070467/merileo/data/finwhales/final2025_resnet_20260423/multispecies_calltype_experiments/prep_runs/multispecies_prep_balanced100_availaudio_20260430T120219Z/ICLISTENHF6016_20251130T070000.000Z.flac,60.000000,70.000000,,,,,,,,,,,,,,,,,,,,,,,,,primary_adjacent_gap,primary_adjacent_gap,ONC
ICLISTENHF6016_20251130T080000.000Z_gap_0000_0.0s_10.0s,/project/6070467/merileo/data/finwhales/final2025_resnet_20260423/multispecies_calltype_experiments/prep_runs/multispecies_prep_balanced100_availaudio_20260430T120219Z/ICLISTENHF6016_20251130T080000.000Z.flac,,,,,,10.000000,onc_primary_adjacent_gap,candidate_primary_adjacent_gap,/project/6070467/merileo/data/finwhales/final2025_resnet_20260423/multispecies_calltype_experiments/prep_runs/multispecies_prep_balanced100_availaudio_20260430T120219Z/ICLISTENHF6016_20251130T080000.000Z.flac,,,,1,train,,,,,/project/6070467/merileo/data/finwhales/final2025_resnet_20260423/multispecies_calltype_experiments/prep_runs/multispecies_prep_balanced100_availaudio_20260430T120219Z/ICLISTENHF6016_20251130T080000.000Z.flac,/project/6070467/merileo/data/finwhales/final2025_resnet_20260423/multispecies_calltype_experiments/prep_runs/multispecies_prep_balanced100_availaudio_20260430T120219Z/ICLISTENHF6016_20251130T080000.000Z.flac,0.000000,10.000000,,,,,,,,,,,,,,,,,,,,,,,,,primary_adjacent_gap,primary_adjacent_gap,ONC
ICLISTENHF6016_20251130T080000.000Z_gap_0001_30.0s_40.0s,/project/6070467/merileo/data/finwhales/final2025_resnet_20260423/multispecies_calltype_experiments/prep_runs/multispecies_prep_balanced100_availaudio_20260430T120219Z/ICLISTENHF6016_20251130T080000.000Z.flac,,,,,,10.000000,onc_primary_adjacent_gap,candidate_primary_adjacent_gap,/project/6070467/merileo/data/finwhales/final2025_resnet_20260423/multispecies_calltype_experiments/prep_runs/multispecies_prep_balanced100_availaudio_20260430T120219Z/ICLISTENHF6016_20251130T080000.000Z.flac,,,,1,train,,,,,/project/6070467/merileo/data/finwhales/final2025_resnet_20260423/multispecies_calltype_experiments/prep_runs/multispecies_prep_balanced100_availaudio_20260430T120219Z/ICLISTENHF6016_20251130T080000.000Z.flac,/project/6070467/merileo/data/finwhales/final2025_resnet_20260423/multispecies_calltype_experiments/prep_runs/multispecies_prep_balanced100_availaudio_20260430T120219Z/ICLISTENHF6016_20251130T080000.000Z.flac,30.000000,40.000000,,,,,,,,,,,,,,,,,,,,,,,,,primary_adjacent_gap,primary_adjacent_gap,ONC
ICLISTENHF6016_20251130T080000.000Z_gap_0002_59.3s_69.3s,/project/6070467/merileo/data/finwhales/final2025_resnet_20260423/multispecies_calltype_experiments/prep_runs/multispecies_prep_balanced100_availaudio_20260430T120219Z/ICLISTENHF6016_20251130T080000.000Z.flac,,,,,,10.000000,onc_primary_adjacent_gap,candidate_primary_adjacent_gap,/project/6070467/merileo/data/finwhales/final2025_resnet_20260423/multispecies_calltype_experiments/prep_runs/multispecies_prep_balanced100_availaudio_20260430T120219Z/ICLISTENHF6016_20251130T080000.000Z.flac,,,,1,train,,,,,/project/6070467/merileo/data/finwhales/final2025_resnet_20260423/multispecies_calltype_experiments/prep_runs/multispecies_prep_balanced100_availaudio_20260430T120219Z/ICLISTENHF6016_20251130T080000.000Z.flac,/project/6070467/merileo/data/finwhales/final2025_resnet_20260423/multispecies_calltype_experiments/prep_runs/multispecies_prep_balanced100_availaudio_20260430T120219Z/ICLISTENHF6016_20251130T080000.000Z.flac,59.300000,69.300000,,,,,,,,,,,,,,,,,,,,,,,,,primary_adjacent_gap,primary_adjacent_gap,ONC
ICLISTENHF6016_20251130T100000.000Z_gap_0000_0.0s_10.0s,/project/6070467/merileo/data/finwhales/final2025_resnet_20260423/multispecies_calltype_experiments/prep_runs/multispecies_prep_balanced100_availaudio_20260430T120219Z/ICLISTENHF6016_20251130T100000.000Z.flac,,,,,,10.000000,onc_primary_adjacent_gap,candidate_primary_adjacent_gap,/project/6070467/merileo/data/finwhales/final2025_resnet_20260423/multispecies_calltype_experiments/prep_runs/multispecies_prep_balanced100_availaudio_20260430T120219Z/ICLISTENHF6016_20251130T100000.000Z.flac,,,,1,train,,,,,/project/6070467/merileo/data/finwhales/final2025_resnet_20260423/multispecies_calltype_experiments/prep_runs/multispecies_prep_balanced100_availaudio_20260430T120219Z/ICLISTENHF6016_20251130T100000.000Z.flac,/project/6070467/merileo/data/finwhales/final2025_resnet_20260423/multispecies_calltype_experiments/prep_runs/multispecies_prep_balanced100_availaudio_20260430T120219Z/ICLISTENHF6016_20251130T100000.000Z.flac,0.000000,10.000000,,,,,,,,,,,,,,,,,,,,,,,,,primary_adjacent_gap,primary_adjacent_gap,ONC
ICLISTENHF6016_20251130T100000.000Z_gap_0001_30.0s_40.0s,/project/6070467/merileo/data/finwhales/final2025_resnet_20260423/multispecies_calltype_experiments/prep_runs/multispecies_prep_balanced100_availaudio_20260430T120219Z/ICLISTENHF6016_20251130T100000.000Z.flac,,,,,,10.000000,onc_primary_adjacent_gap,candidate_primary_adjacent_gap,/project/6070467/merileo/data/finwhales/final2025_resnet_20260423/multispecies_calltype_experiments/prep_runs/multispecies_prep_balanced100_availaudio_20260430T120219Z/ICLISTENHF6016_20251130T100000.000Z.flac,,,,1,train,,,,,/project/6070467/merileo/data/finwhales/final2025_resnet_20260423/multispecies_calltype_experiments/prep_runs/multispecies_prep_balanced100_availaudio_20260430T120219Z/ICLISTENHF6016_20251130T100000.000Z.flac,/project/6070467/merileo/data/finwhales/final2025_resnet_20260423/multispecies_calltype_experiments/prep_runs/multispecies_prep_balanced100_availaudio_20260430T120219Z/ICLISTENHF6016_20251130T100000.000Z.flac,30.000000,40.000000,,,,,,,,,,,,,,,,,,,,,,,,,primary_adjacent_gap,primary_adjacent_gap,ONC
ICLISTENHF6016_20251130T100000.000Z_gap_0002_60.0s_70.0s,/project/6070467/merileo/data/finwhales/final2025_resnet_20260423/multispecies_calltype_experiments/prep_runs/multispecies_prep_balanced100_availaudio_20260430T120219Z/ICLISTENHF6016_20251130T100000.000Z.flac,,,,,,10.000000,onc_primary_adjacent_gap,candidate_primary_adjacent_gap,/project/6070467/merileo/data/finwhales/final2025_resnet_20260423/multispecies_calltype_experiments/prep_runs/multispecies_prep_balanced100_availaudio_20260430T120219Z/ICLISTENHF6016_20251130T100000.000Z.flac,,,,1,train,,,,,/project/6070467/merileo/data/finwhales/final2025_resnet_20260423/multispecies_calltype_experiments/prep_runs/multispecies_prep_balanced100_availaudio_20260430T120219Z/ICLISTENHF6016_20251130T100000.000Z.flac,/project/6070467/merileo/data/finwhales/final2025_resnet_20260423/multispecies_calltype_experiments/prep_runs/multispecies_prep_balanced100_availaudio_20260430T120219Z/ICLISTENHF6016_20251130T100000.000Z.flac,60.000000,70.000000,,,,,,,,,,,,,,,,,,,,,,,,,primary_adjacent_gap,primary_adjacent_gap,ONC
ICLISTENHF6016_20251130T120000.000Z_gap_0000_0.0s_10.0s,/project/6070467/merileo/data/finwhales/final2025_resnet_20260423/multispecies_calltype_experiments/prep_runs/multispecies_prep_balanced100_availaudio_20260430T120219Z/ICLISTENHF6016_20251130T120000.000Z.flac,,,,,,10.000000,onc_primary_adjacent_gap,candidate_primary_adjacent_gap,/project/6070467/merileo/data/finwhales/final2025_resnet_20260423/multispecies_calltype_experiments/prep_runs/multispecies_prep_balanced100_availaudio_20260430T120219Z/ICLISTENHF6016_20251130T120000.000Z.flac,,,,1,train,,,,,/project/6070467/merileo/data/finwhales/final2025_resnet_20260423/multispecies_calltype_experiments/prep_runs/multispecies_prep_balanced100_availaudio_20260430T120219Z/ICLISTENHF6016_20251130T120000.000Z.flac,/project/6070467/merileo/data/finwhales/final2025_resnet_20260423/multispecies_calltype_experiments/prep_runs/multispecies_prep_balanced100_availaudio_20260430T120219Z/ICLISTENHF6016_20251130T120000.000Z.flac,0.000000,10.000000,,,,,,,,,,,,,,,,,,,,,,,,,primary_adjacent_gap,primary_adjacent_gap,ONC
ICLISTENHF6016_20251130T120000.000Z_gap_0001_20.5s_30.5s,/project/6070467/merileo/data/finwhales/final2025_resnet_20260423/multispecies_calltype_experiments/prep_runs/multispecies_prep_balanced100_availaudio_20260430T120219Z/ICLISTENHF6016_20251130T120000.000Z.flac,,,,,,10.000000,onc_primary_adjacent_gap,candidate_primary_adjacent_gap,/project/6070467/merileo/data/finwhales/final2025_resnet_20260423/multispecies_calltype_experiments/prep_runs/multispecies_prep_balanced100_availaudio_20260430T120219Z/ICLISTENHF6016_20251130T120000.000Z.flac,,,,1,train,,,,,/project/6070467/merileo/data/finwhales/final2025_resnet_20260423/multispecies_calltype_experiments/prep_runs/multispecies_prep_balanced100_availaudio_20260430T120219Z/ICLISTENHF6016_20251130T120000.000Z.flac,/project/6070467/merileo/data/finwhales/final2025_resnet_20260423/multispecies_calltype_experiments/prep_runs/multispecies_prep_balanced100_availaudio_20260430T120219Z/ICLISTENHF6016_20251130T120000.000Z.flac,20.500000,30.500000,,,,,,,,,,,,,,,,,,,,,,,,,primary_adjacent_gap,primary_adjacent_gap,ONC
ICLISTENHF6016_20251130T120000.000Z_gap_0002_66.5s_76.5s,/project/6070467/merileo/data/finwhales/final2025_resnet_20260423/multispecies_calltype_experiments/prep_runs/multispecies_prep_balanced100_availaudio_20260430T120219Z/ICLISTENHF6016_20251130T120000.000Z.flac,,,,,,10.000000,onc_primary_adjacent_gap,candidate_primary_adjacent_gap,/project/6070467/merileo/data/finwhales/final2025_resnet_20260423/multispecies_calltype_experiments/prep_runs/multispecies_prep_balanced100_availaudio_20260430T120219Z/ICLISTENHF6016_20251130T120000.000Z.flac,,,,1,train,,,,,/project/6070467/merileo/data/finwhales/final2025_resnet_20260423/multispecies_calltype_experiments/prep_runs/multispecies_prep_balanced100_availaudio_20260430T120219Z/ICLISTENHF6016_20251130T120000.000Z.flac,/project/6070467/merileo/data/finwhales/final2025_resnet_20260423/multispecies_calltype_experiments/prep_runs/multispecies_prep_balanced100_availaudio_20260430T120219Z/ICLISTENHF6016_20251130T120000.000Z.flac,66.500000,76.500000,,,,,,,,,,,,,,,,,,,,,,,,,primary_adjacent_gap,primary_adjacent_gap,ONC
ICLISTENHF6016_20251130T140000.000Z_gap_0000_11.4s_21.4s,/project/6070467/merileo/data/finwhales/final2025_resnet_20260423/multispecies_calltype_experiments/prep_runs/multispecies_prep_balanced100_availaudio_20260430T120219Z/ICLISTENHF6016_20251130T140000.000Z.flac,,,,,,10.000000,onc_primary_adjacent_gap,candidate_primary_adjacent_gap,/project/6070467/merileo/data/finwhales/final2025_resnet_20260423/multispecies_calltype_experiments/prep_runs/multispecies_prep_balanced100_availaudio_20260430T120219Z/ICLISTENHF6016_20251130T140000.000Z.flac,,,,1,train,,,,,/project/6070467/merileo/data/finwhales/final2025_resnet_20260423/multispecies_calltype_experiments/prep_runs/multispecies_prep_balanced100_availaudio_20260430T120219Z/ICLISTENHF6016_20251130T140000.000Z.flac,/project/6070467/merileo/data/finwhales/final2025_resnet_20260423/multispecies_calltype_experiments/prep_runs/multispecies_prep_balanced100_availaudio_20260430T120219Z/ICLISTENHF6016_20251130T140000.000Z.flac,11.400000,21.400000,,,,,,,,,,,,,,,,,,,,,,,,,primary_adjacent_gap,primary_adjacent_gap,ONC
ICLISTENHF6016_20251130T140000.000Z_gap_0001_41.4s_51.4s,/project/6070467/merileo/data/finwhales/final2025_resnet_20260423/multispecies_calltype_experiments/prep_runs/multispecies_prep_balanced100_availaudio_20260430T120219Z/ICLISTENHF6016_20251130T140000.000Z.flac,,,,,,10.000000,onc_primary_adjacent_gap,candidate_primary_adjacent_gap,/project/6070467/merileo/data/finwhales/final2025_resnet_20260423/multispecies_calltype_experiments/prep_runs/multispecies_prep_balanced100_availaudio_20260430T120219Z/ICLISTENHF6016_20251130T140000.000Z.flac,,,,1,train,,,,,/project/6070467/merileo/data/finwhales/final2025_resnet_20260423/multispecies_calltype_experiments/prep_runs/multispecies_prep_balanced100_availaudio_20260430T120219Z/ICLISTENHF6016_20251130T140000.000Z.flac,/project/6070467/merileo/data/finwhales/final2025_resnet_20260423/multispecies_calltype_experiments/prep_runs/multispecies_prep_balanced100_availaudio_20260430T120219Z/ICLISTENHF6016_20251130T140000.000Z.flac,41.400000,51.400000,,,,,,,,,,,,,,,,,,,,,,,,,primary_adjacent_gap,primary_adjacent_gap,ONC
ICLISTENHF6016_20251130T140000.000Z_gap_0002_71.4s_81.4s,/project/6070467/merileo/data/finwhales/final2025_resnet_20260423/multispecies_calltype_experiments/prep_runs/multispecies_prep_balanced100_availaudio_20260430T120219Z/ICLISTENHF6016_20251130T140000.000Z.flac,,,,,,10.000000,onc_primary_adjacent_gap,candidate_primary_adjacent_gap,/project/6070467/merileo/data/finwhales/final2025_resnet_20260423/multispecies_calltype_experiments/prep_runs/multispecies_prep_balanced100_availaudio_20260430T120219Z/ICLISTENHF6016_20251130T140000.000Z.flac,,,,1,train,,,,,/project/6070467/merileo/data/finwhales/final2025_resnet_20260423/multispecies_calltype_experiments/prep_runs/multispecies_prep_balanced100_availaudio_20260430T120219Z/ICLISTENHF6016_20251130T140000.000Z.flac,/project/6070467/merileo/data/finwhales/final2025_resnet_20260423/multispecies_calltype_experiments/prep_runs/multispecies_prep_balanced100_availaudio_20260430T120219Z/ICLISTENHF6016_20251130T140000.000Z.flac,71.400000,81.400000,,,,,,,,,,,,,,,,,,,,,,,,,primary_adjacent_gap,primary_adjacent_gap,ONC
ICLISTENHF6016_20251130T160000.000Z_gap_0000_0.0s_10.0s,/project/6070467/merileo/data/finwhales/final2025_resnet_20260423/multispecies_calltype_experiments/prep_runs/multispecies_prep_balanced100_availaudio_20260430T120219Z/ICLISTENHF6016_20251130T160000.000Z.flac,,,,,,10.000000,onc_primary_adjacent_gap,candidate_primary_adjacent_gap,/project/6070467/merileo/data/finwhales/final2025_resnet_20260423/multispecies_calltype_experiments/prep_runs/multispecies_prep_balanced100_availaudio_20260430T120219Z/ICLISTENHF6016_20251130T160000.000Z.flac,,,,1,train,,,,,/project/6070467/merileo/data/finwhales/final2025_resnet_20260423/multispecies_calltype_experiments/prep_runs/multispecies_prep_balanced100_availaudio_20260430T120219Z/ICLISTENHF6016_20251130T160000.000Z.flac,/project/6070467/merileo/data/finwhales/final2025_resnet_20260423/multispecies_calltype_experiments/prep_runs/multispecies_prep_balanced100_availaudio_20260430T120219Z/ICLISTENHF6016_20251130T160000.000Z.flac,0.000000,10.000000,,,,,,,,,,,,,,,,,,,,,,,,,primary_adjacent_gap,primary_adjacent_gap,ONC
ICLISTENHF6016_20251130T160000.000Z_gap_0001_30.0s_40.0s,/project/6070467/merileo/data/finwhales/final2025_resnet_20260423/multispecies_calltype_experiments/prep_runs/multispecies_prep_balanced100_availaudio_20260430T120219Z/ICLISTENHF6016_20251130T160000.000Z.flac,,,,,,10.000000,onc_primary_adjacent_gap,candidate_primary_adjacent_gap,/project/6070467/merileo/data/finwhales/final2025_resnet_20260423/multispecies_calltype_experiments/prep_runs/multispecies_prep_balanced100_availaudio_20260430T120219Z/ICLISTENHF6016_20251130T160000.000Z.flac,,,,1,train,,,,,/project/6070467/merileo/data/finwhales/final2025_resnet_20260423/multispecies_calltype_experiments/prep_runs/multispecies_prep_balanced100_availaudio_20260430T120219Z/ICLISTENHF6016_20251130T160000.000Z.flac,/project/6070467/merileo/data/finwhales/final2025_resnet_20260423/multispecies_calltype_experiments/prep_runs/multispecies_prep_balanced100_availaudio_20260430T120219Z/ICLISTENHF6016_20251130T160000.000Z.flac,30.000000,40.000000,,,,,,,,,,,,,,,,,,,,,,,,,primary_adjacent_gap,primary_adjacent_gap,ONC
ICLISTENHF6016_20251130T160000.000Z_gap_0002_60.0s_70.0s,/project/6070467/merileo/data/finwhales/final2025_resnet_20260423/multispecies_calltype_experiments/prep_runs/multispecies_prep_balanced100_availaudio_20260430T120219Z/ICLISTENHF6016_20251130T160000.000Z.flac,,,,,,10.000000,onc_primary_adjacent_gap,candidate_primary_adjacent_gap,/project/6070467/merileo/data/finwhales/final2025_resnet_20260423/multispecies_calltype_experiments/prep_runs/multispecies_prep_balanced100_availaudio_20260430T120219Z/ICLISTENHF6016_20251130T160000.000Z.flac,,,,1,train,,,,,/project/6070467/merileo/data/finwhales/final2025_resnet_20260423/multispecies_calltype_experiments/prep_runs/multispecies_prep_balanced100_availaudio_20260430T120219Z/ICLISTENHF6016_20251130T160000.000Z.flac,/project/6070467/merileo/data/finwhales/final2025_resnet_20260423/multispecies_calltype_experiments/prep_runs/multispecies_prep_balanced100_availaudio_20260430T120219Z/ICLISTENHF6016_20251130T160000.000Z.flac,60.000000,70.000000,,,,,,,,,,,,,,,,,,,,,,,,,primary_adjacent_gap,primary_adjacent_gap,ONC
ICLISTENHF6016_20251130T170000.000Z_gap_0000_0.0s_10.0s,/project/6070467/merileo/data/finwhales/final2025_resnet_20260423/multispecies_calltype_experiments/prep_runs/multispecies_prep_balanced100_availaudio_20260430T120219Z/ICLISTENHF6016_20251130T170000.000Z.flac,,,,,,10.000000,onc_primary_adjacent_gap,candidate_primary_adjacent_gap,/project/6070467/merileo/data/finwhales/final2025_resnet_20260423/multispecies_calltype_experiments/prep_runs/multispecies_prep_balanced100_availaudio_20260430T120219Z/ICLISTENHF6016_20251130T170000.000Z.flac,,,,1,train,,,,,/project/6070467/merileo/data/finwhales/final2025_resnet_20260423/multispecies_calltype_experiments/prep_runs/multispecies_prep_balanced100_availaudio_20260430T120219Z/ICLISTENHF6016_20251130T170000.000Z.flac,/project/6070467/merileo/data/finwhales/final2025_resnet_20260423/multispecies_calltype_experiments/prep_runs/multispecies_prep_balanced100_availaudio_20260430T120219Z/ICLISTENHF6016_20251130T170000.000Z.flac,0.000000,10.000000,,,,,,,,,,,,,,,,,,,,,,,,,primary_adjacent_gap,primary_adjacent_gap,ONC
ICLISTENHF6016_20251130T170000.000Z_gap_0001_30.0s_40.0s,/project/6070467/merileo/data/finwhales/final2025_resnet_20260423/multispecies_calltype_experiments/prep_runs/multispecies_prep_balanced100_availaudio_20260430T120219Z/ICLISTENHF6016_20251130T170000.000Z.flac,,,,,,10.000000,onc_primary_adjacent_gap,candidate_primary_adjacent_gap,/project/6070467/merileo/data/finwhales/final2025_resnet_20260423/multispecies_calltype_experiments/prep_runs/multispecies_prep_balanced100_availaudio_20260430T120219Z/ICLISTENHF6016_20251130T170000.000Z.flac,,,,1,train,,,,,/project/6070467/merileo/data/finwhales/final2025_resnet_20260423/multispecies_calltype_experiments/prep_runs/multispecies_prep_balanced100_availaudio_20260430T120219Z/ICLISTENHF6016_20251130T170000.000Z.flac,/project/6070467/merileo/data/finwhales/final2025_resnet_20260423/multispecies_calltype_experiments/prep_runs/multispecies_prep_balanced100_availaudio_20260430T120219Z/ICLISTENHF6016_20251130T170000.000Z.flac,30.000000,40.000000,,,,,,,,,,,,,,,,,,,,,,,,,primary_adjacent_gap,primary_adjacent_gap,ONC
ICLISTENHF6016_20251130T170000.000Z_gap_0002_60.0s_70.0s,/project/6070467/merileo/data/finwhales/final2025_resnet_20260423/multispecies_calltype_experiments/prep_runs/multispecies_prep_balanced100_availaudio_20260430T120219Z/ICLISTENHF6016_20251130T170000.000Z.flac,,,,,,10.000000,onc_primary_adjacent_gap,candidate_primary_adjacent_gap,/project/6070467/merileo/data/finwhales/final2025_resnet_20260423/multispecies_calltype_experiments/prep_runs/multispecies_prep_balanced100_availaudio_20260430T120219Z/ICLISTENHF6016_20251130T170000.000Z.flac,,,,1,train,,,,,/project/6070467/merileo/data/finwhales/final2025_resnet_20260423/multispecies_calltype_experiments/prep_runs/multispecies_prep_balanced100_availaudio_20260430T120219Z/ICLISTENHF6016_20251130T170000.000Z.flac,/project/6070467/merileo/data/finwhales/final2025_resnet_20260423/multispecies_calltype_experiments/prep_runs/multispecies_prep_balanced100_availaudio_20260430T120219Z/ICLISTENHF6016_20251130T170000.000Z.flac,60.000000,70.000000,,,,,,,,,,,,,,,,,,,,,,,,,primary_adjacent_gap,primary_adjacent_gap,ONC
ICLISTENHF6016_20251130T200000.000Z_gap_0000_0.0s_10.0s,/project/6070467/merileo/data/finwhales/final2025_resnet_20260423/multispecies_calltype_experiments/prep_runs/multispecies_prep_balanced100_availaudio_20260430T120219Z/ICLISTENHF6016_20251130T200000.000Z.flac,,,,,,10.000000,onc_primary_adjacent_gap,candidate_primary_adjacent_gap,/project/6070467/merileo/data/finwhales/final2025_resnet_20260423/multispecies_calltype_experiments/prep_runs/multispecies_prep_balanced100_availaudio_20260430T120219Z/ICLISTENHF6016_20251130T200000.000Z.flac,,,,1,val,,,,,/project/6070467/merileo/data/finwhales/final2025_resnet_20260423/multispecies_calltype_experiments/prep_runs/multispecies_prep_balanced100_availaudio_20260430T120219Z/ICLISTENHF6016_20251130T200000.000Z.flac,/project/6070467/merileo/data/finwhales/final2025_resnet_20260423/multispecies_calltype_experiments/prep_runs/multispecies_prep_balanced100_availaudio_20260430T120219Z/ICLISTENHF6016_20251130T200000.000Z.flac,0.000000,10.000000,,,,,,,,,,,,,,,,,,,,,,,,,primary_adjacent_gap,primary_adjacent_gap,ONC
ICLISTENHF6016_20251130T200000.000Z_gap_0001_30.0s_40.0s,/project/6070467/merileo/data/finwhales/final2025_resnet_20260423/multispecies_calltype_experiments/prep_runs/multispecies_prep_balanced100_availaudio_20260430T120219Z/ICLISTENHF6016_20251130T200000.000Z.flac,,,,,,10.000000,onc_primary_adjacent_gap,candidate_primary_adjacent_gap,/project/6070467/merileo/data/finwhales/final2025_resnet_20260423/multispecies_calltype_experiments/prep_runs/multispecies_prep_balanced100_availaudio_20260430T120219Z/ICLISTENHF6016_20251130T200000.000Z.flac,,,,1,val,,,,,/project/6070467/merileo/data/finwhales/final2025_resnet_20260423/multispecies_calltype_experiments/prep_runs/multispecies_prep_balanced100_availaudio_20260430T120219Z/ICLISTENHF6016_20251130T200000.000Z.flac,/project/6070467/merileo/data/finwhales/final2025_resnet_20260423/multispecies_calltype_experiments/prep_runs/multispecies_prep_balanced100_availaudio_20260430T120219Z/ICLISTENHF6016_20251130T200000.000Z.flac,30.000000,40.000000,,,,,,,,,,,,,,,,,,,,,,,,,primary_adjacent_gap,primary_adjacent_gap,ONC
ICLISTENHF6016_20251130T200000.000Z_gap_0002_60.0s_70.0s,/project/6070467/merileo/data/finwhales/final2025_resnet_20260423/multispecies_calltype_experiments/prep_runs/multispecies_prep_balanced100_availaudio_20260430T120219Z/ICLISTENHF6016_20251130T200000.000Z.flac,,,,,,10.000000,onc_primary_adjacent_gap,candidate_primary_adjacent_gap,/project/6070467/merileo/data/finwhales/final2025_resnet_20260423/multispecies_calltype_experiments/prep_runs/multispecies_prep_balanced100_availaudio_20260430T120219Z/ICLISTENHF6016_20251130T200000.000Z.flac,,,,1,val,,,,,/project/6070467/merileo/data/finwhales/final2025_resnet_20260423/multispecies_calltype_experiments/prep_runs/multispecies_prep_balanced100_availaudio_20260430T120219Z/ICLISTENHF6016_20251130T200000.000Z.flac,/project/6070467/merileo/data/finwhales/final2025_resnet_20260423/multispecies_calltype_experiments/prep_runs/multispecies_prep_balanced100_availaudio_20260430T120219Z/ICLISTENHF6016_20251130T200000.000Z.flac,60.000000,70.000000,,,,,,,,,,,,,,,,,,,,,,,,,primary_adjacent_gap,primary_adjacent_gap,ONC
ICLISTENHF6016_20251205T000000.000Z_gap_0000_0.0s_10.0s,/project/6070467/merileo/data/finwhales/final2025_resnet_20260423/multispecies_calltype_experiments/prep_runs/multispecies_prep_balanced100_availaudio_20260430T120219Z/ICLISTENHF6016_20251205T000000.000Z.flac,,,,,,10.000000,onc_primary_adjacent_gap,candidate_primary_adjacent_gap,/project/6070467/merileo/data/finwhales/final2025_resnet_20260423/multispecies_calltype_experiments/prep_runs/multispecies_prep_balanced100_availaudio_20260430T120219Z/ICLISTENHF6016_20251205T000000.000Z.flac,,,,1,train,,,,,/project/6070467/merileo/data/finwhales/final2025_resnet_20260423/multispecies_calltype_experiments/prep_runs/multispecies_prep_balanced100_availaudio_20260430T120219Z/ICLISTENHF6016_20251205T000000.000Z.flac,/project/6070467/merileo/data/finwhales/final2025_resnet_20260423/multispecies_calltype_experiments/prep_runs/multispecies_prep_balanced100_availaudio_20260430T120219Z/ICLISTENHF6016_20251205T000000.000Z.flac,0.000000,10.000000,,,,,,,,,,,,,,,,,,,,,,,,,primary_adjacent_gap,primary_adjacent_gap,ONC
ICLISTENHF6016_20251205T000000.000Z_gap_0001_30.0s_40.0s,/project/6070467/merileo/data/finwhales/final2025_resnet_20260423/multispecies_calltype_experiments/prep_runs/multispecies_prep_balanced100_availaudio_20260430T120219Z/ICLISTENHF6016_20251205T000000.000Z.flac,,,,,,10.000000,onc_primary_adjacent_gap,candidate_primary_adjacent_gap,/project/6070467/merileo/data/finwhales/final2025_resnet_20260423/multispecies_calltype_experiments/prep_runs/multispecies_prep_balanced100_availaudio_20260430T120219Z/ICLISTENHF6016_20251205T000000.000Z.flac,,,,1,train,,,,,/project/6070467/merileo/data/finwhales/final2025_resnet_20260423/multispecies_calltype_experiments/prep_runs/multispecies_prep_balanced100_availaudio_20260430T120219Z/ICLISTENHF6016_20251205T000000.000Z.flac,/project/6070467/merileo/data/finwhales/final2025_resnet_20260423/multispecies_calltype_experiments/prep_runs/multispecies_prep_balanced100_availaudio_20260430T120219Z/ICLISTENHF6016_20251205T000000.000Z.flac,30.000000,40.000000,,,,,,,,,,,,,,,,,,,,,,,,,primary_adjacent_gap,primary_adjacent_gap,ONC
ICLISTENHF6016_20251205T000000.000Z_gap_0002_34.9s_44.9s,/project/6070467/merileo/data/finwhales/final2025_resnet_20260423/multispecies_calltype_experiments/prep_runs/multispecies_prep_balanced100_availaudio_20260430T120219Z/ICLISTENHF6016_20251205T000000.000Z.flac,,,,,,10.000000,onc_primary_adjacent_gap,candidate_primary_adjacent_gap,/project/6070467/merileo/data/finwhales/final2025_resnet_20260423/multispecies_calltype_experiments/prep_runs/multispecies_prep_balanced100_availaudio_20260430T120219Z/ICLISTENHF6016_20251205T000000.000Z.flac,,,,1,train,,,,,/project/6070467/merileo/data/finwhales/final2025_resnet_20260423/multispecies_calltype_experiments/prep_runs/multispecies_prep_balanced100_availaudio_20260430T120219Z/ICLISTENHF6016_20251205T000000.000Z.flac,/project/6070467/merileo/data/finwhales/final2025_resnet_20260423/multispecies_calltype_experiments/prep_runs/multispecies_prep_balanced100_availaudio_20260430T120219Z/ICLISTENHF6016_20251205T000000.000Z.flac,34.900000,44.900000,,,,,,,,,,,,,,,,,,,,,,,,,primary_adjacent_gap,primary_adjacent_gap,ONC
ICLISTENHF6016_20251205T020000.000Z_gap_0000_0.0s_10.0s,/project/6070467/merileo/data/finwhales/final2025_resnet_20260423/multispecies_calltype_experiments/prep_runs/multispecies_prep_balanced100_availaudio_20260430T120219Z/ICLISTENHF6016_20251205T020000.000Z.flac,,,,,,10.000000,onc_primary_adjacent_gap,candidate_primary_adjacent_gap,/project/6070467/merileo/data/finwhales/final2025_resnet_20260423/multispecies_calltype_experiments/prep_runs/multispecies_prep_balanced100_availaudio_20260430T120219Z/ICLISTENHF6016_20251205T020000.000Z.flac,,,,1,train,,,,,/project/6070467/merileo/data/finwhales/final2025_resnet_20260423/multispecies_calltype_experiments/prep_runs/multispecies_prep_balanced100_availaudio_20260430T120219Z/ICLISTENHF6016_20251205T020000.000Z.flac,/project/6070467/merileo/data/finwhales/final2025_resnet_20260423/multispecies_calltype_experiments/prep_runs/multispecies_prep_balanced100_availaudio_20260430T120219Z/ICLISTENHF6016_20251205T020000.000Z.flac,0.000000,10.000000,,,,,,,,,,,,,,,,,,,,,,,,,primary_adjacent_gap,primary_adjacent_gap,ONC
ICLISTENHF6016_20251205T020000.000Z_gap_0001_30.0s_40.0s,/project/6070467/merileo/data/finwhales/final2025_resnet_20260423/multispecies_calltype_experiments/prep_runs/multispecies_prep_balanced100_availaudio_20260430T120219Z/ICLISTENHF6016_20251205T020000.000Z.flac,,,,,,10.000000,onc_primary_adjacent_gap,candidate_primary_adjacent_gap,/project/6070467/merileo/data/finwhales/final2025_resnet_20260423/multispecies_calltype_experiments/prep_runs/multispecies_prep_balanced100_availaudio_20260430T120219Z/ICLISTENHF6016_20251205T020000.000Z.flac,,,,1,train,,,,,/project/6070467/merileo/data/finwhales/final2025_resnet_20260423/multispecies_calltype_experiments/prep_runs/multispecies_prep_balanced100_availaudio_20260430T120219Z/ICLISTENHF6016_20251205T020000.000Z.flac,/project/6070467/merileo/data/finwhales/final2025_resnet_20260423/multispecies_calltype_experiments/prep_runs/multispecies_prep_balanced100_availaudio_20260430T120219Z/ICLISTENHF6016_20251205T020000.000Z.flac,30.000000,40.000000,,,,,,,,,,,,,,,,,,,,,,,,,primary_adjacent_gap,primary_adjacent_gap,ONC
ICLISTENHF6016_20251205T020000.000Z_gap_0002_60.0s_70.0s,/project/6070467/merileo/data/finwhales/final2025_resnet_20260423/multispecies_calltype_experiments/prep_runs/multispecies_prep_balanced100_availaudio_20260430T120219Z/ICLISTENHF6016_20251205T020000.000Z.flac,,,,,,10.000000,onc_primary_adjacent_gap,candidate_primary_adjacent_gap,/project/6070467/merileo/data/finwhales/final2025_resnet_20260423/multispecies_calltype_experiments/prep_runs/multispecies_prep_balanced100_availaudio_20260430T120219Z/ICLISTENHF6016_20251205T020000.000Z.flac,,,,1,train,,,,,/project/6070467/merileo/data/finwhales/final2025_resnet_20260423/multispecies_calltype_experiments/prep_runs/multispecies_prep_balanced100_availaudio_20260430T120219Z/ICLISTENHF6016_20251205T020000.000Z.flac,/project/6070467/merileo/data/finwhales/final2025_resnet_20260423/multispecies_calltype_experiments/prep_runs/multispecies_prep_balanced100_availaudio_20260430T120219Z/ICLISTENHF6016_20251205T020000.000Z.flac,60.000000,70.000000,,,,,,,,,,,,,,,,,,,,,,,,,primary_adjacent_gap,primary_adjacent_gap,ONC
ICLISTENHF6016_20251205T050000.000Z_gap_0000_0.0s_10.0s,/project/6070467/merileo/data/finwhales/final2025_resnet_20260423/multispecies_calltype_experiments/prep_runs/multispecies_prep_balanced100_availaudio_20260430T120219Z/ICLISTENHF6016_20251205T050000.000Z.flac,,,,,,10.000000,onc_primary_adjacent_gap,candidate_primary_adjacent_gap,/project/6070467/merileo/data/finwhales/final2025_resnet_20260423/multispecies_calltype_experiments/prep_runs/multispecies_prep_balanced100_availaudio_20260430T120219Z/ICLISTENHF6016_20251205T050000.000Z.flac,,,,1,train,,,,,/project/6070467/merileo/data/finwhales/final2025_resnet_20260423/multispecies_calltype_experiments/prep_runs/multispecies_prep_balanced100_availaudio_20260430T120219Z/ICLISTENHF6016_20251205T050000.000Z.flac,/project/6070467/merileo/data/finwhales/final2025_resnet_20260423/multispecies_calltype_experiments/prep_runs/multispecies_prep_balanced100_availaudio_20260430T120219Z/ICLISTENHF6016_20251205T050000.000Z.flac,0.000000,10.000000,,,,,,,,,,,,,,,,,,,,,,,,,primary_adjacent_gap,primary_adjacent_gap,ONC
ICLISTENHF6016_20251205T050000.000Z_gap_0001_30.0s_40.0s,/project/6070467/merileo/data/finwhales/final2025_resnet_20260423/multispecies_calltype_experiments/prep_runs/multispecies_prep_balanced100_availaudio_20260430T120219Z/ICLISTENHF6016_20251205T050000.000Z.flac,,,,,,10.000000,onc_primary_adjacent_gap,candidate_primary_adjacent_gap,/project/6070467/merileo/data/finwhales/final2025_resnet_20260423/multispecies_calltype_experiments/prep_runs/multispecies_prep_balanced100_availaudio_20260430T120219Z/ICLISTENHF6016_20251205T050000.000Z.flac,,,,1,train,,,,,/project/6070467/merileo/data/finwhales/final2025_resnet_20260423/multispecies_calltype_experiments/prep_runs/multispecies_prep_balanced100_availaudio_20260430T120219Z/ICLISTENHF6016_20251205T050000.000Z.flac,/project/6070467/merileo/data/finwhales/final2025_resnet_20260423/multispecies_calltype_experiments/prep_runs/multispecies_prep_balanced100_availaudio_20260430T120219Z/ICLISTENHF6016_20251205T050000.000Z.flac,30.000000,40.000000,,,,,,,,,,,,,,,,,,,,,,,,,primary_adjacent_gap,primary_adjacent_gap,ONC
ICLISTENHF6016_20251205T050000.000Z_gap_0002_60.0s_70.0s,/project/6070467/merileo/data/finwhales/final2025_resnet_20260423/multispecies_calltype_experiments/prep_runs/multispecies_prep_balanced100_availaudio_20260430T120219Z/ICLISTENHF6016_20251205T050000.000Z.flac,,,,,,10.000000,onc_primary_adjacent_gap,candidate_primary_adjacent_gap,/project/6070467/merileo/data/finwhales/final2025_resnet_20260423/multispecies_calltype_experiments/prep_runs/multispecies_prep_balanced100_availaudio_20260430T120219Z/ICLISTENHF6016_20251205T050000.000Z.flac,,,,1,train,,,,,/project/6070467/merileo/data/finwhales/final2025_resnet_20260423/multispecies_calltype_experiments/prep_runs/multispecies_prep_balanced100_availaudio_20260430T120219Z/ICLISTENHF6016_20251205T050000.000Z.flac,/project/6070467/merileo/data/finwhales/final2025_resnet_20260423/multispecies_calltype_experiments/prep_runs/multispecies_prep_balanced100_availaudio_20260430T120219Z/ICLISTENHF6016_20251205T050000.000Z.flac,60.000000,70.000000,,,,,,,,,,,,,,,,,,,,,,,,,primary_adjacent_gap,primary_adjacent_gap,ONC
ICLISTENHF6016_20251205T080000.000Z_gap_0000_0.0s_10.0s,/project/6070467/merileo/data/finwhales/final2025_resnet_20260423/multispecies_calltype_experiments/prep_runs/multispecies_prep_balanced100_availaudio_20260430T120219Z/ICLISTENHF6016_20251205T080000.000Z.flac,,,,,,10.000000,onc_primary_adjacent_gap,candidate_primary_adjacent_gap,/project/6070467/merileo/data/finwhales/final2025_resnet_20260423/multispecies_calltype_experiments/prep_runs/multispecies_prep_balanced100_availaudio_20260430T120219Z/ICLISTENHF6016_20251205T080000.000Z.flac,,,,1,val,,,,,/project/6070467/merileo/data/finwhales/final2025_resnet_20260423/multispecies_calltype_experiments/prep_runs/multispecies_prep_balanced100_availaudio_20260430T120219Z/ICLISTENHF6016_20251205T080000.000Z.flac,/project/6070467/merileo/data/finwhales/final2025_resnet_20260423/multispecies_calltype_experiments/prep_runs/multispecies_prep_balanced100_availaudio_20260430T120219Z/ICLISTENHF6016_20251205T080000.000Z.flac,0.000000,10.000000,,,,,,,,,,,,,,,,,,,,,,,,,primary_adjacent_gap,primary_adjacent_gap,ONC
ICLISTENHF6016_20251205T080000.000Z_gap_0001_30.0s_40.0s,/project/6070467/merileo/data/finwhales/final2025_resnet_20260423/multispecies_calltype_experiments/prep_runs/multispecies_prep_balanced100_availaudio_20260430T120219Z/ICLISTENHF6016_20251205T080000.000Z.flac,,,,,,10.000000,onc_primary_adjacent_gap,candidate_primary_adjacent_gap,/project/6070467/merileo/data/finwhales/final2025_resnet_20260423/multispecies_calltype_experiments/prep_runs/multispecies_prep_balanced100_availaudio_20260430T120219Z/ICLISTENHF6016_20251205T080000.000Z.flac,,,,1,val,,,,,/project/6070467/merileo/data/finwhales/final2025_resnet_20260423/multispecies_calltype_experiments/prep_runs/multispecies_prep_balanced100_availaudio_20260430T120219Z/ICLISTENHF6016_20251205T080000.000Z.flac,/project/6070467/merileo/data/finwhales/final2025_resnet_20260423/multispecies_calltype_experiments/prep_runs/multispecies_prep_balanced100_availaudio_20260430T120219Z/ICLISTENHF6016_20251205T080000.000Z.flac,30.000000,40.000000,,,,,,,,,,,,,,,,,,,,,,,,,primary_adjacent_gap,primary_adjacent_gap,ONC
ICLISTENHF6016_20251205T080000.000Z_gap_0002_60.0s_70.0s,/project/6070467/merileo/data/finwhales/final2025_resnet_20260423/multispecies_calltype_experiments/prep_runs/multispecies_prep_balanced100_availaudio_20260430T120219Z/ICLISTENHF6016_20251205T080000.000Z.flac,,,,,,10.000000,onc_primary_adjacent_gap,candidate_primary_adjacent_gap,/project/6070467/merileo/data/finwhales/final2025_resnet_20260423/multispecies_calltype_experiments/prep_runs/multispecies_prep_balanced100_availaudio_20260430T120219Z/ICLISTENHF6016_20251205T080000.000Z.flac,,,,1,val,,,,,/project/6070467/merileo/data/finwhales/final2025_resnet_20260423/multispecies_calltype_experiments/prep_runs/multispecies_prep_balanced100_availaudio_20260430T120219Z/ICLISTENHF6016_20251205T080000.000Z.flac,/project/6070467/merileo/data/finwhales/final2025_resnet_20260423/multispecies_calltype_experiments/prep_runs/multispecies_prep_balanced100_availaudio_20260430T120219Z/ICLISTENHF6016_20251205T080000.000Z.flac,60.000000,70.000000,,,,,,,,,,,,,,,,,,,,,,,,,primary_adjacent_gap,primary_adjacent_gap,ONC
ICLISTENHF6016_20251205T110000.000Z_gap_0000_0.0s_10.0s,/project/6070467/merileo/data/finwhales/final2025_resnet_20260423/multispecies_calltype_experiments/prep_runs/multispecies_prep_balanced100_availaudio_20260430T120219Z/ICLISTENHF6016_20251205T110000.000Z.flac,,,,,,10.000000,onc_primary_adjacent_gap,candidate_primary_adjacent_gap,/project/6070467/merileo/data/finwhales/final2025_resnet_20260423/multispecies_calltype_experiments/prep_runs/multispecies_prep_balanced100_availaudio_20260430T120219Z/ICLISTENHF6016_20251205T110000.000Z.flac,,,,1,train,,,,,/project/6070467/merileo/data/finwhales/final2025_resnet_20260423/multispecies_calltype_experiments/prep_runs/multispecies_prep_balanced100_availaudio_20260430T120219Z/ICLISTENHF6016_20251205T110000.000Z.flac,/project/6070467/merileo/data/finwhales/final2025_resnet_20260423/multispecies_calltype_experiments/prep_runs/multispecies_prep_balanced100_availaudio_20260430T120219Z/ICLISTENHF6016_20251205T110000.000Z.flac,0.000000,10.000000,,,,,,,,,,,,,,,,,,,,,,,,,primary_adjacent_gap,primary_adjacent_gap,ONC
ICLISTENHF6016_20251205T110000.000Z_gap_0001_30.0s_40.0s,/project/6070467/merileo/data/finwhales/final2025_resnet_20260423/multispecies_calltype_experiments/prep_runs/multispecies_prep_balanced100_availaudio_20260430T120219Z/ICLISTENHF6016_20251205T110000.000Z.flac,,,,,,10.000000,onc_primary_adjacent_gap,candidate_primary_adjacent_gap,/project/6070467/merileo/data/finwhales/final2025_resnet_20260423/multispecies_calltype_experiments/prep_runs/multispecies_prep_balanced100_availaudio_20260430T120219Z/ICLISTENHF6016_20251205T110000.000Z.flac,,,,1,train,,,,,/project/6070467/merileo/data/finwhales/final2025_resnet_20260423/multispecies_calltype_experiments/prep_runs/multispecies_prep_balanced100_availaudio_20260430T120219Z/ICLISTENHF6016_20251205T110000.000Z.flac,/project/6070467/merileo/data/finwhales/final2025_resnet_20260423/multispecies_calltype_experiments/prep_runs/multispecies_prep_balanced100_availaudio_20260430T120219Z/ICLISTENHF6016_20251205T110000.000Z.flac,30.000000,40.000000,,,,,,,,,,,,,,,,,,,,,,,,,primary_adjacent_gap,primary_adjacent_gap,ONC
ICLISTENHF6016_20251205T110000.000Z_gap_0002_60.0s_70.0s,/project/6070467/merileo/data/finwhales/final2025_resnet_20260423/multispecies_calltype_experiments/prep_runs/multispecies_prep_balanced100_availaudio_20260430T120219Z/ICLISTENHF6016_20251205T110000.000Z.flac,,,,,,10.000000,onc_primary_adjacent_gap,candidate_primary_adjacent_gap,/project/6070467/merileo/data/finwhales/final2025_resnet_20260423/multispecies_calltype_experiments/prep_runs/multispecies_prep_balanced100_availaudio_20260430T120219Z/ICLISTENHF6016_20251205T110000.000Z.flac,,,,1,train,,,,,/project/6070467/merileo/data/finwhales/final2025_resnet_20260423/multispecies_calltype_experiments/prep_runs/multispecies_prep_balanced100_availaudio_20260430T120219Z/ICLISTENHF6016_20251205T110000.000Z.flac,/project/6070467/merileo/data/finwhales/final2025_resnet_20260423/multispecies_calltype_experiments/prep_runs/multispecies_prep_balanced100_availaudio_20260430T120219Z/ICLISTENHF6016_20251205T110000.000Z.flac,60.000000,70.000000,,,,,,,,,,,,,,,,,,,,,,,,,primary_adjacent_gap,primary_adjacent_gap,ONC
ICLISTENHF6016_20251205T140000.000Z_gap_0000_0.0s_10.0s,/project/6070467/merileo/data/finwhales/final2025_resnet_20260423/multispecies_calltype_experiments/prep_runs/multispecies_prep_balanced100_availaudio_20260430T120219Z/ICLISTENHF6016_20251205T140000.000Z.flac,,,,,,10.000000,onc_primary_adjacent_gap,candidate_primary_adjacent_gap,/project/6070467/merileo/data/finwhales/final2025_resnet_20260423/multispecies_calltype_experiments/prep_runs/multispecies_prep_balanced100_availaudio_20260430T120219Z/ICLISTENHF6016_20251205T140000.000Z.flac,,,,1,train,,,,,/project/6070467/merileo/data/finwhales/final2025_resnet_20260423/multispecies_calltype_experiments/prep_runs/multispecies_prep_balanced100_availaudio_20260430T120219Z/ICLISTENHF6016_20251205T140000.000Z.flac,/project/6070467/merileo/data/finwhales/final2025_resnet_20260423/multispecies_calltype_experiments/prep_runs/multispecies_prep_balanced100_availaudio_20260430T120219Z/ICLISTENHF6016_20251205T140000.000Z.flac,0.000000,10.000000,,,,,,,,,,,,,,,,,,,,,,,,,primary_adjacent_gap,primary_adjacent_gap,ONC
ICLISTENHF6016_20251205T140000.000Z_gap_0001_30.0s_40.0s,/project/6070467/merileo/data/finwhales/final2025_resnet_20260423/multispecies_calltype_experiments/prep_runs/multispecies_prep_balanced100_availaudio_20260430T120219Z/ICLISTENHF6016_20251205T140000.000Z.flac,,,,,,10.000000,onc_primary_adjacent_gap,candidate_primary_adjacent_gap,/project/6070467/merileo/data/finwhales/final2025_resnet_20260423/multispecies_calltype_experiments/prep_runs/multispecies_prep_balanced100_availaudio_20260430T120219Z/ICLISTENHF6016_20251205T140000.000Z.flac,,,,1,train,,,,,/project/6070467/merileo/data/finwhales/final2025_resnet_20260423/multispecies_calltype_experiments/prep_runs/multispecies_prep_balanced100_availaudio_20260430T120219Z/ICLISTENHF6016_20251205T140000.000Z.flac,/project/6070467/merileo/data/finwhales/final2025_resnet_20260423/multispecies_calltype_experiments/prep_runs/multispecies_prep_balanced100_availaudio_20260430T120219Z/ICLISTENHF6016_20251205T140000.000Z.flac,30.000000,40.000000,,,,,,,,,,,,,,,,,,,,,,,,,primary_adjacent_gap,primary_adjacent_gap,ONC
ICLISTENHF6016_20251205T140000.000Z_gap_0002_60.0s_70.0s,/project/6070467/merileo/data/finwhales/final2025_resnet_20260423/multispecies_calltype_experiments/prep_runs/multispecies_prep_balanced100_availaudio_20260430T120219Z/ICLISTENHF6016_20251205T140000.000Z.flac,,,,,,10.000000,onc_primary_adjacent_gap,candidate_primary_adjacent_gap,/project/6070467/merileo/data/finwhales/final2025_resnet_20260423/multispecies_calltype_experiments/prep_runs/multispecies_prep_balanced100_availaudio_20260430T120219Z/ICLISTENHF6016_20251205T140000.000Z.flac,,,,1,train,,,,,/project/6070467/merileo/data/finwhales/final2025_resnet_20260423/multispecies_calltype_experiments/prep_runs/multispecies_prep_balanced100_availaudio_20260430T120219Z/ICLISTENHF6016_20251205T140000.000Z.flac,/project/6070467/merileo/data/finwhales/final2025_resnet_20260423/multispecies_calltype_experiments/prep_runs/multispecies_prep_balanced100_availaudio_20260430T120219Z/ICLISTENHF6016_20251205T140000.000Z.flac,60.000000,70.000000,,,,,,,,,,,,,,,,,,,,,,,,,primary_adjacent_gap,primary_adjacent_gap,ONC
ICLISTENHF6016_20251205T160000.000Z_gap_0000_0.0s_10.0s,/project/6070467/merileo/data/finwhales/final2025_resnet_20260423/multispecies_calltype_experiments/prep_runs/multispecies_prep_balanced100_availaudio_20260430T120219Z/ICLISTENHF6016_20251205T160000.000Z.flac,,,,,,10.000000,onc_primary_adjacent_gap,candidate_primary_adjacent_gap,/project/6070467/merileo/data/finwhales/final2025_resnet_20260423/multispecies_calltype_experiments/prep_runs/multispecies_prep_balanced100_availaudio_20260430T120219Z/ICLISTENHF6016_20251205T160000.000Z.flac,,,,1,val,,,,,/project/6070467/merileo/data/finwhales/final2025_resnet_20260423/multispecies_calltype_experiments/prep_runs/multispecies_prep_balanced100_availaudio_20260430T120219Z/ICLISTENHF6016_20251205T160000.000Z.flac,/project/6070467/merileo/data/finwhales/final2025_resnet_20260423/multispecies_calltype_experiments/prep_runs/multispecies_prep_balanced100_availaudio_20260430T120219Z/ICLISTENHF6016_20251205T160000.000Z.flac,0.000000,10.000000,,,,,,,,,,,,,,,,,,,,,,,,,primary_adjacent_gap,primary_adjacent_gap,ONC
ICLISTENHF6016_20251205T160000.000Z_gap_0001_30.0s_40.0s,/project/6070467/merileo/data/finwhales/final2025_resnet_20260423/multispecies_calltype_experiments/prep_runs/multispecies_prep_balanced100_availaudio_20260430T120219Z/ICLISTENHF6016_20251205T160000.000Z.flac,,,,,,10.000000,onc_primary_adjacent_gap,candidate_primary_adjacent_gap,/project/6070467/merileo/data/finwhales/final2025_resnet_20260423/multispecies_calltype_experiments/prep_runs/multispecies_prep_balanced100_availaudio_20260430T120219Z/ICLISTENHF6016_20251205T160000.000Z.flac,,,,1,val,,,,,/project/6070467/merileo/data/finwhales/final2025_resnet_20260423/multispecies_calltype_experiments/prep_runs/multispecies_prep_balanced100_availaudio_20260430T120219Z/ICLISTENHF6016_20251205T160000.000Z.flac,/project/6070467/merileo/data/finwhales/final2025_resnet_20260423/multispecies_calltype_experiments/prep_runs/multispecies_prep_balanced100_availaudio_20260430T120219Z/ICLISTENHF6016_20251205T160000.000Z.flac,30.000000,40.000000,,,,,,,,,,,,,,,,,,,,,,,,,primary_adjacent_gap,primary_adjacent_gap,ONC
ICLISTENHF6016_20251205T160000.000Z_gap_0002_60.0s_70.0s,/project/6070467/merileo/data/finwhales/final2025_resnet_20260423/multispecies_calltype_experiments/prep_runs/multispecies_prep_balanced100_availaudio_20260430T120219Z/ICLISTENHF6016_20251205T160000.000Z.flac,,,,,,10.000000,onc_primary_adjacent_gap,candidate_primary_adjacent_gap,/project/6070467/merileo/data/finwhales/final2025_resnet_20260423/multispecies_calltype_experiments/prep_runs/multispecies_prep_balanced100_availaudio_20260430T120219Z/ICLISTENHF6016_20251205T160000.000Z.flac,,,,1,val,,,,,/project/6070467/merileo/data/finwhales/final2025_resnet_20260423/multispecies_calltype_experiments/prep_runs/multispecies_prep_balanced100_availaudio_20260430T120219Z/ICLISTENHF6016_20251205T160000.000Z.flac,/project/6070467/merileo/data/finwhales/final2025_resnet_20260423/multispecies_calltype_experiments/prep_runs/multispecies_prep_balanced100_availaudio_20260430T120219Z/ICLISTENHF6016_20251205T160000.000Z.flac,60.000000,70.000000,,,,,,,,,,,,,,,,,,,,,,,,,primary_adjacent_gap,primary_adjacent_gap,ONC
ICLISTENHF6016_20251205T190000.000Z_gap_0000_0.0s_10.0s,/project/6070467/merileo/data/finwhales/final2025_resnet_20260423/multispecies_calltype_experiments/prep_runs/multispecies_prep_balanced100_availaudio_20260430T120219Z/ICLISTENHF6016_20251205T190000.000Z.flac,,,,,,10.000000,onc_primary_adjacent_gap,candidate_primary_adjacent_gap,/project/6070467/merileo/data/finwhales/final2025_resnet_20260423/multispecies_calltype_experiments/prep_runs/multispecies_prep_balanced100_availaudio_20260430T120219Z/ICLISTENHF6016_20251205T190000.000Z.flac,,,,1,test,,,,,/project/6070467/merileo/data/finwhales/final2025_resnet_20260423/multispecies_calltype_experiments/prep_runs/multispecies_prep_balanced100_availaudio_20260430T120219Z/ICLISTENHF6016_20251205T190000.000Z.flac,/project/6070467/merileo/data/finwhales/final2025_resnet_20260423/multispecies_calltype_experiments/prep_runs/multispecies_prep_balanced100_availaudio_20260430T120219Z/ICLISTENHF6016_20251205T190000.000Z.flac,0.000000,10.000000,,,,,,,,,,,,,,,,,,,,,,,,,primary_adjacent_gap,primary_adjacent_gap,ONC
ICLISTENHF6016_20251205T190000.000Z_gap_0001_29.6s_39.6s,/project/6070467/merileo/data/finwhales/final2025_resnet_20260423/multispecies_calltype_experiments/prep_runs/multispecies_prep_balanced100_availaudio_20260430T120219Z/ICLISTENHF6016_20251205T190000.000Z.flac,,,,,,10.000000,onc_primary_adjacent_gap,candidate_primary_adjacent_gap,/project/6070467/merileo/data/finwhales/final2025_resnet_20260423/multispecies_calltype_experiments/prep_runs/multispecies_prep_balanced100_availaudio_20260430T120219Z/ICLISTENHF6016_20251205T190000.000Z.flac,,,,1,test,,,,,/project/6070467/merileo/data/finwhales/final2025_resnet_20260423/multispecies_calltype_experiments/prep_runs/multispecies_prep_balanced100_availaudio_20260430T120219Z/ICLISTENHF6016_20251205T190000.000Z.flac,/project/6070467/merileo/data/finwhales/final2025_resnet_20260423/multispecies_calltype_experiments/prep_runs/multispecies_prep_balanced100_availaudio_20260430T120219Z/ICLISTENHF6016_20251205T190000.000Z.flac,29.600000,39.600000,,,,,,,,,,,,,,,,,,,,,,,,,primary_adjacent_gap,primary_adjacent_gap,ONC
ICLISTENHF6016_20251205T190000.000Z_gap_0002_50.3s_60.3s,/project/6070467/merileo/data/finwhales/final2025_resnet_20260423/multispecies_calltype_experiments/prep_runs/multispecies_prep_balanced100_availaudio_20260430T120219Z/ICLISTENHF6016_20251205T190000.000Z.flac,,,,,,10.000000,onc_primary_adjacent_gap,candidate_primary_adjacent_gap,/project/6070467/merileo/data/finwhales/final2025_resnet_20260423/multispecies_calltype_experiments/prep_runs/multispecies_prep_balanced100_availaudio_20260430T120219Z/ICLISTENHF6016_20251205T190000.000Z.flac,,,,1,test,,,,,/project/6070467/merileo/data/finwhales/final2025_resnet_20260423/multispecies_calltype_experiments/prep_runs/multispecies_prep_balanced100_availaudio_20260430T120219Z/ICLISTENHF6016_20251205T190000.000Z.flac,/project/6070467/merileo/data/finwhales/final2025_resnet_20260423/multispecies_calltype_experiments/prep_runs/multispecies_prep_balanced100_availaudio_20260430T120219Z/ICLISTENHF6016_20251205T190000.000Z.flac,50.300000,60.300000,,,,,,,,,,,,,,,,,,,,,,,,,primary_adjacent_gap,primary_adjacent_gap,ONC
ICLISTENHF6016_20251205T210000.000Z_gap_0000_0.0s_10.0s,/project/6070467/merileo/data/finwhales/final2025_resnet_20260423/multispecies_calltype_experiments/prep_runs/multispecies_prep_balanced100_availaudio_20260430T120219Z/ICLISTENHF6016_20251205T210000.000Z.flac,,,,,,10.000000,onc_primary_adjacent_gap,candidate_primary_adjacent_gap,/project/6070467/merileo/data/finwhales/final2025_resnet_20260423/multispecies_calltype_experiments/prep_runs/multispecies_prep_balanced100_availaudio_20260430T120219Z/ICLISTENHF6016_20251205T210000.000Z.flac,,,,1,train,,,,,/project/6070467/merileo/data/finwhales/final2025_resnet_20260423/multispecies_calltype_experiments/prep_runs/multispecies_prep_balanced100_availaudio_20260430T120219Z/ICLISTENHF6016_20251205T210000.000Z.flac,/project/6070467/merileo/data/finwhales/final2025_resnet_20260423/multispecies_calltype_experiments/prep_runs/multispecies_prep_balanced100_availaudio_20260430T120219Z/ICLISTENHF6016_20251205T210000.000Z.flac,0.000000,10.000000,,,,,,,,,,,,,,,,,,,,,,,,,primary_adjacent_gap,primary_adjacent_gap,ONC
ICLISTENHF6016_20251205T210000.000Z_gap_0001_30.0s_40.0s,/project/6070467/merileo/data/finwhales/final2025_resnet_20260423/multispecies_calltype_experiments/prep_runs/multispecies_prep_balanced100_availaudio_20260430T120219Z/ICLISTENHF6016_20251205T210000.000Z.flac,,,,,,10.000000,onc_primary_adjacent_gap,candidate_primary_adjacent_gap,/project/6070467/merileo/data/finwhales/final2025_resnet_20260423/multispecies_calltype_experiments/prep_runs/multispecies_prep_balanced100_availaudio_20260430T120219Z/ICLISTENHF6016_20251205T210000.000Z.flac,,,,1,train,,,,,/project/6070467/merileo/data/finwhales/final2025_resnet_20260423/multispecies_calltype_experiments/prep_runs/multispecies_prep_balanced100_availaudio_20260430T120219Z/ICLISTENHF6016_20251205T210000.000Z.flac,/project/6070467/merileo/data/finwhales/final2025_resnet_20260423/multispecies_calltype_experiments/prep_runs/multispecies_prep_balanced100_availaudio_20260430T120219Z/ICLISTENHF6016_20251205T210000.000Z.flac,30.000000,40.000000,,,,,,,,,,,,,,,,,,,,,,,,,primary_adjacent_gap,primary_adjacent_gap,ONC
ICLISTENHF6016_20251205T210000.000Z_gap_0002_60.0s_70.0s,/project/6070467/merileo/data/finwhales/final2025_resnet_20260423/multispecies_calltype_experiments/prep_runs/multispecies_prep_balanced100_availaudio_20260430T120219Z/ICLISTENHF6016_20251205T210000.000Z.flac,,,,,,10.000000,onc_primary_adjacent_gap,candidate_primary_adjacent_gap,/project/6070467/merileo/data/finwhales/final2025_resnet_20260423/multispecies_calltype_experiments/prep_runs/multispecies_prep_balanced100_availaudio_20260430T120219Z/ICLISTENHF6016_20251205T210000.000Z.flac,,,,1,train,,,,,/project/6070467/merileo/data/finwhales/final2025_resnet_20260423/multispecies_calltype_experiments/prep_runs/multispecies_prep_balanced100_availaudio_20260430T120219Z/ICLISTENHF6016_20251205T210000.000Z.flac,/project/6070467/merileo/data/finwhales/final2025_resnet_20260423/multispecies_calltype_experiments/prep_runs/multispecies_prep_balanced100_availaudio_20260430T120219Z/ICLISTENHF6016_20251205T210000.000Z.flac,60.000000,70.000000,,,,,,,,,,,,,,,,,,,,,,,,,primary_adjacent_gap,primary_adjacent_gap,ONC
ICLISTENHF6016_20251205T220000.000Z_gap_0000_0.0s_10.0s,/project/6070467/merileo/data/finwhales/final2025_resnet_20260423/multispecies_calltype_experiments/prep_runs/multispecies_prep_balanced100_availaudio_20260430T120219Z/ICLISTENHF6016_20251205T220000.000Z.flac,,,,,,10.000000,onc_primary_adjacent_gap,candidate_primary_adjacent_gap,/project/6070467/merileo/data/finwhales/final2025_resnet_20260423/multispecies_calltype_experiments/prep_runs/multispecies_prep_balanced100_availaudio_20260430T120219Z/ICLISTENHF6016_20251205T220000.000Z.flac,,,,1,test,,,,,/project/6070467/merileo/data/finwhales/final2025_resnet_20260423/multispecies_calltype_experiments/prep_runs/multispecies_prep_balanced100_availaudio_20260430T120219Z/ICLISTENHF6016_20251205T220000.000Z.flac,/project/6070467/merileo/data/finwhales/final2025_resnet_20260423/multispecies_calltype_experiments/prep_runs/multispecies_prep_balanced100_availaudio_20260430T120219Z/ICLISTENHF6016_20251205T220000.000Z.flac,0.000000,10.000000,,,,,,,,,,,,,,,,,,,,,,,,,primary_adjacent_gap,primary_adjacent_gap,ONC
ICLISTENHF6016_20251205T220000.000Z_gap_0001_30.0s_40.0s,/project/6070467/merileo/data/finwhales/final2025_resnet_20260423/multispecies_calltype_experiments/prep_runs/multispecies_prep_balanced100_availaudio_20260430T120219Z/ICLISTENHF6016_20251205T220000.000Z.flac,,,,,,10.000000,onc_primary_adjacent_gap,candidate_primary_adjacent_gap,/project/6070467/merileo/data/finwhales/final2025_resnet_20260423/multispecies_calltype_experiments/prep_runs/multispecies_prep_balanced100_availaudio_20260430T120219Z/ICLISTENHF6016_20251205T220000.000Z.flac,,,,1,test,,,,,/project/6070467/merileo/data/finwhales/final2025_resnet_20260423/multispecies_calltype_experiments/prep_runs/multispecies_prep_balanced100_availaudio_20260430T120219Z/ICLISTENHF6016_20251205T220000.000Z.flac,/project/6070467/merileo/data/finwhales/final2025_resnet_20260423/multispecies_calltype_experiments/prep_runs/multispecies_prep_balanced100_availaudio_20260430T120219Z/ICLISTENHF6016_20251205T220000.000Z.flac,30.000000,40.000000,,,,,,,,,,,,,,,,,,,,,,,,,primary_adjacent_gap,primary_adjacent_gap,ONC
ICLISTENHF6016_20251205T220000.000Z_gap_0002_60.0s_70.0s,/project/6070467/merileo/data/finwhales/final2025_resnet_20260423/multispecies_calltype_experiments/prep_runs/multispecies_prep_balanced100_availaudio_20260430T120219Z/ICLISTENHF6016_20251205T220000.000Z.flac,,,,,,10.000000,onc_primary_adjacent_gap,candidate_primary_adjacent_gap,/project/6070467/merileo/data/finwhales/final2025_resnet_20260423/multispecies_calltype_experiments/prep_runs/multispecies_prep_balanced100_availaudio_20260430T120219Z/ICLISTENHF6016_20251205T220000.000Z.flac,,,,1,test,,,,,/project/6070467/merileo/data/finwhales/final2025_resnet_20260423/multispecies_calltype_experiments/prep_runs/multispecies_prep_balanced100_availaudio_20260430T120219Z/ICLISTENHF6016_20251205T220000.000Z.flac,/project/6070467/merileo/data/finwhales/final2025_resnet_20260423/multispecies_calltype_experiments/prep_runs/multispecies_prep_balanced100_availaudio_20260430T120219Z/ICLISTENHF6016_20251205T220000.000Z.flac,60.000000,70.000000,,,,,,,,,,,,,,,,,,,,,,,,,primary_adjacent_gap,primary_adjacent_gap,ONC
ICLISTENHF6016_20251210T010000.000Z_gap_0000_0.0s_10.0s,/project/6070467/merileo/data/finwhales/final2025_resnet_20260423/multispecies_calltype_experiments/prep_runs/multispecies_prep_balanced100_availaudio_20260430T120219Z/ICLISTENHF6016_20251210T010000.000Z.flac,,,,,,10.000000,onc_primary_adjacent_gap,candidate_primary_adjacent_gap,/project/6070467/merileo/data/finwhales/final2025_resnet_20260423/multispecies_calltype_experiments/prep_runs/multispecies_prep_balanced100_availaudio_20260430T120219Z/ICLISTENHF6016_20251210T010000.000Z.flac,,,,1,train,,,,,/project/6070467/merileo/data/finwhales/final2025_resnet_20260423/multispecies_calltype_experiments/prep_runs/multispecies_prep_balanced100_availaudio_20260430T120219Z/ICLISTENHF6016_20251210T010000.000Z.flac,/project/6070467/merileo/data/finwhales/final2025_resnet_20260423/multispecies_calltype_experiments/prep_runs/multispecies_prep_balanced100_availaudio_20260430T120219Z/ICLISTENHF6016_20251210T010000.000Z.flac,0.000000,10.000000,,,,,,,,,,,,,,,,,,,,,,,,,primary_adjacent_gap,primary_adjacent_gap,ONC
ICLISTENHF6016_20251210T010000.000Z_gap_0001_30.0s_40.0s,/project/6070467/merileo/data/finwhales/final2025_resnet_20260423/multispecies_calltype_experiments/prep_runs/multispecies_prep_balanced100_availaudio_20260430T120219Z/ICLISTENHF6016_20251210T010000.000Z.flac,,,,,,10.000000,onc_primary_adjacent_gap,candidate_primary_adjacent_gap,/project/6070467/merileo/data/finwhales/final2025_resnet_20260423/multispecies_calltype_experiments/prep_runs/multispecies_prep_balanced100_availaudio_20260430T120219Z/ICLISTENHF6016_20251210T010000.000Z.flac,,,,1,train,,,,,/project/6070467/merileo/data/finwhales/final2025_resnet_20260423/multispecies_calltype_experiments/prep_runs/multispecies_prep_balanced100_availaudio_20260430T120219Z/ICLISTENHF6016_20251210T010000.000Z.flac,/project/6070467/merileo/data/finwhales/final2025_resnet_20260423/multispecies_calltype_experiments/prep_runs/multispecies_prep_balanced100_availaudio_20260430T120219Z/ICLISTENHF6016_20251210T010000.000Z.flac,30.000000,40.000000,,,,,,,,,,,,,,,,,,,,,,,,,primary_adjacent_gap,primary_adjacent_gap,ONC
ICLISTENHF6016_20251210T010000.000Z_gap_0002_60.0s_70.0s,/project/6070467/merileo/data/finwhales/final2025_resnet_20260423/multispecies_calltype_experiments/prep_runs/multispecies_prep_balanced100_availaudio_20260430T120219Z/ICLISTENHF6016_20251210T010000.000Z.flac,,,,,,10.000000,onc_primary_adjacent_gap,candidate_primary_adjacent_gap,/project/6070467/merileo/data/finwhales/final2025_resnet_20260423/multispecies_calltype_experiments/prep_runs/multispecies_prep_balanced100_availaudio_20260430T120219Z/ICLISTENHF6016_20251210T010000.000Z.flac,,,,1,train,,,,,/project/6070467/merileo/data/finwhales/final2025_resnet_20260423/multispecies_calltype_experiments/prep_runs/multispecies_prep_balanced100_availaudio_20260430T120219Z/ICLISTENHF6016_20251210T010000.000Z.flac,/project/6070467/merileo/data/finwhales/final2025_resnet_20260423/multispecies_calltype_experiments/prep_runs/multispecies_prep_balanced100_availaudio_20260430T120219Z/ICLISTENHF6016_20251210T010000.000Z.flac,60.000000,70.000000,,,,,,,,,,,,,,,,,,,,,,,,,primary_adjacent_gap,primary_adjacent_gap,ONC
ICLISTENHF6016_20251210T030000.000Z_gap_0000_0.0s_10.0s,/project/6070467/merileo/data/finwhales/final2025_resnet_20260423/multispecies_calltype_experiments/prep_runs/multispecies_prep_balanced100_availaudio_20260430T120219Z/ICLISTENHF6016_20251210T030000.000Z.flac,,,,,,10.000000,onc_primary_adjacent_gap,candidate_primary_adjacent_gap,/project/6070467/merileo/data/finwhales/final2025_resnet_20260423/multispecies_calltype_experiments/prep_runs/multispecies_prep_balanced100_availaudio_20260430T120219Z/ICLISTENHF6016_20251210T030000.000Z.flac,,,,1,train,,,,,/project/6070467/merileo/data/finwhales/final2025_resnet_20260423/multispecies_calltype_experiments/prep_runs/multispecies_prep_balanced100_availaudio_20260430T120219Z/ICLISTENHF6016_20251210T030000.000Z.flac,/project/6070467/merileo/data/finwhales/final2025_resnet_20260423/multispecies_calltype_experiments/prep_runs/multispecies_prep_balanced100_availaudio_20260430T120219Z/ICLISTENHF6016_20251210T030000.000Z.flac,0.000000,10.000000,,,,,,,,,,,,,,,,,,,,,,,,,primary_adjacent_gap,primary_adjacent_gap,ONC
ICLISTENHF6016_20251210T030000.000Z_gap_0001_30.0s_40.0s,/project/6070467/merileo/data/finwhales/final2025_resnet_20260423/multispecies_calltype_experiments/prep_runs/multispecies_prep_balanced100_availaudio_20260430T120219Z/ICLISTENHF6016_20251210T030000.000Z.flac,,,,,,10.000000,onc_primary_adjacent_gap,candidate_primary_adjacent_gap,/project/6070467/merileo/data/finwhales/final2025_resnet_20260423/multispecies_calltype_experiments/prep_runs/multispecies_prep_balanced100_availaudio_20260430T120219Z/ICLISTENHF6016_20251210T030000.000Z.flac,,,,1,train,,,,,/project/6070467/merileo/data/finwhales/final2025_resnet_20260423/multispecies_calltype_experiments/prep_runs/multispecies_prep_balanced100_availaudio_20260430T120219Z/ICLISTENHF6016_20251210T030000.000Z.flac,/project/6070467/merileo/data/finwhales/final2025_resnet_20260423/multispecies_calltype_experiments/prep_runs/multispecies_prep_balanced100_availaudio_20260430T120219Z/ICLISTENHF6016_20251210T030000.000Z.flac,30.000000,40.000000,,,,,,,,,,,,,,,,,,,,,,,,,primary_adjacent_gap,primary_adjacent_gap,ONC
ICLISTENHF6016_20251210T030000.000Z_gap_0002_60.0s_70.0s,/project/6070467/merileo/data/finwhales/final2025_resnet_20260423/multispecies_calltype_experiments/prep_runs/multispecies_prep_balanced100_availaudio_20260430T120219Z/ICLISTENHF6016_20251210T030000.000Z.flac,,,,,,10.000000,onc_primary_adjacent_gap,candidate_primary_adjacent_gap,/project/6070467/merileo/data/finwhales/final2025_resnet_20260423/multispecies_calltype_experiments/prep_runs/multispecies_prep_balanced100_availaudio_20260430T120219Z/ICLISTENHF6016_20251210T030000.000Z.flac,,,,1,train,,,,,/project/6070467/merileo/data/finwhales/final2025_resnet_20260423/multispecies_calltype_experiments/prep_runs/multispecies_prep_balanced100_availaudio_20260430T120219Z/ICLISTENHF6016_20251210T030000.000Z.flac,/project/6070467/merileo/data/finwhales/final2025_resnet_20260423/multispecies_calltype_experiments/prep_runs/multispecies_prep_balanced100_availaudio_20260430T120219Z/ICLISTENHF6016_20251210T030000.000Z.flac,60.000000,70.000000,,,,,,,,,,,,,,,,,,,,,,,,,primary_adjacent_gap,primary_adjacent_gap,ONC
ICLISTENHF6016_20251210T080000.000Z_gap_0000_0.0s_10.0s,/project/6070467/merileo/data/finwhales/final2025_resnet_20260423/multispecies_calltype_experiments/prep_runs/multispecies_prep_balanced100_availaudio_20260430T120219Z/ICLISTENHF6016_20251210T080000.000Z.flac,,,,,,10.000000,onc_primary_adjacent_gap,candidate_primary_adjacent_gap,/project/6070467/merileo/data/finwhales/final2025_resnet_20260423/multispecies_calltype_experiments/prep_runs/multispecies_prep_balanced100_availaudio_20260430T120219Z/ICLISTENHF6016_20251210T080000.000Z.flac,,,,1,test,,,,,/project/6070467/merileo/data/finwhales/final2025_resnet_20260423/multispecies_calltype_experiments/prep_runs/multispecies_prep_balanced100_availaudio_20260430T120219Z/ICLISTENHF6016_20251210T080000.000Z.flac,/project/6070467/merileo/data/finwhales/final2025_resnet_20260423/multispecies_calltype_experiments/prep_runs/multispecies_prep_balanced100_availaudio_20260430T120219Z/ICLISTENHF6016_20251210T080000.000Z.flac,0.000000,10.000000,,,,,,,,,,,,,,,,,,,,,,,,,primary_adjacent_gap,primary_adjacent_gap,ONC
ICLISTENHF6016_20251210T080000.000Z_gap_0001_30.0s_40.0s,/project/6070467/merileo/data/finwhales/final2025_resnet_20260423/multispecies_calltype_experiments/prep_runs/multispecies_prep_balanced100_availaudio_20260430T120219Z/ICLISTENHF6016_20251210T080000.000Z.flac,,,,,,10.000000,onc_primary_adjacent_gap,candidate_primary_adjacent_gap,/project/6070467/merileo/data/finwhales/final2025_resnet_20260423/multispecies_calltype_experiments/prep_runs/multispecies_prep_balanced100_availaudio_20260430T120219Z/ICLISTENHF6016_20251210T080000.000Z.flac,,,,1,test,,,,,/project/6070467/merileo/data/finwhales/final2025_resnet_20260423/multispecies_calltype_experiments/prep_runs/multispecies_prep_balanced100_availaudio_20260430T120219Z/ICLISTENHF6016_20251210T080000.000Z.flac,/project/6070467/merileo/data/finwhales/final2025_resnet_20260423/multispecies_calltype_experiments/prep_runs/multispecies_prep_balanced100_availaudio_20260430T120219Z/ICLISTENHF6016_20251210T080000.000Z.flac,30.000000,40.000000,,,,,,,,,,,,,,,,,,,,,,,,,primary_adjacent_gap,primary_adjacent_gap,ONC
ICLISTENHF6016_20251210T080000.000Z_gap_0002_40.4s_50.4s,/project/6070467/merileo/data/finwhales/final2025_resnet_20260423/multispecies_calltype_experiments/prep_runs/multispecies_prep_balanced100_availaudio_20260430T120219Z/ICLISTENHF6016_20251210T080000.000Z.flac,,,,,,10.000000,onc_primary_adjacent_gap,candidate_primary_adjacent_gap,/project/6070467/merileo/data/finwhales/final2025_resnet_20260423/multispecies_calltype_experiments/prep_runs/multispecies_prep_balanced100_availaudio_20260430T120219Z/ICLISTENHF6016_20251210T080000.000Z.flac,,,,1,test,,,,,/project/6070467/merileo/data/finwhales/final2025_resnet_20260423/multispecies_calltype_experiments/prep_runs/multispecies_prep_balanced100_availaudio_20260430T120219Z/ICLISTENHF6016_20251210T080000.000Z.flac,/project/6070467/merileo/data/finwhales/final2025_resnet_20260423/multispecies_calltype_experiments/prep_runs/multispecies_prep_balanced100_availaudio_20260430T120219Z/ICLISTENHF6016_20251210T080000.000Z.flac,40.400000,50.400000,,,,,,,,,,,,,,,,,,,,,,,,,primary_adjacent_gap,primary_adjacent_gap,ONC
ICLISTENHF6016_20251210T110000.000Z_gap_0000_0.0s_10.0s,/project/6070467/merileo/data/finwhales/final2025_resnet_20260423/multispecies_calltype_experiments/prep_runs/multispecies_prep_balanced100_availaudio_20260430T120219Z/ICLISTENHF6016_20251210T110000.000Z.flac,,,,,,10.000000,onc_primary_adjacent_gap,candidate_primary_adjacent_gap,/project/6070467/merileo/data/finwhales/final2025_resnet_20260423/multispecies_calltype_experiments/prep_runs/multispecies_prep_balanced100_availaudio_20260430T120219Z/ICLISTENHF6016_20251210T110000.000Z.flac,,,,1,val,,,,,/project/6070467/merileo/data/finwhales/final2025_resnet_20260423/multispecies_calltype_experiments/prep_runs/multispecies_prep_balanced100_availaudio_20260430T120219Z/ICLISTENHF6016_20251210T110000.000Z.flac,/project/6070467/merileo/data/finwhales/final2025_resnet_20260423/multispecies_calltype_experiments/prep_runs/multispecies_prep_balanced100_availaudio_20260430T120219Z/ICLISTENHF6016_20251210T110000.000Z.flac,0.000000,10.000000,,,,,,,,,,,,,,,,,,,,,,,,,primary_adjacent_gap,primary_adjacent_gap,ONC
ICLISTENHF6016_20251210T110000.000Z_gap_0001_2.6s_12.6s,/project/6070467/merileo/data/finwhales/final2025_resnet_20260423/multispecies_calltype_experiments/prep_runs/multispecies_prep_balanced100_availaudio_20260430T120219Z/ICLISTENHF6016_20251210T110000.000Z.flac,,,,,,10.000000,onc_primary_adjacent_gap,candidate_primary_adjacent_gap,/project/6070467/merileo/data/finwhales/final2025_resnet_20260423/multispecies_calltype_experiments/prep_runs/multispecies_prep_balanced100_availaudio_20260430T120219Z/ICLISTENHF6016_20251210T110000.000Z.flac,,,,1,val,,,,,/project/6070467/merileo/data/finwhales/final2025_resnet_20260423/multispecies_calltype_experiments/prep_runs/multispecies_prep_balanced100_availaudio_20260430T120219Z/ICLISTENHF6016_20251210T110000.000Z.flac,/project/6070467/merileo/data/finwhales/final2025_resnet_20260423/multispecies_calltype_experiments/prep_runs/multispecies_prep_balanced100_availaudio_20260430T120219Z/ICLISTENHF6016_20251210T110000.000Z.flac,2.600000,12.600000,,,,,,,,,,,,,,,,,,,,,,,,,primary_adjacent_gap,primary_adjacent_gap,ONC
ICLISTENHF6016_20251210T110000.000Z_gap_0002_24.1s_34.1s,/project/6070467/merileo/data/finwhales/final2025_resnet_20260423/multispecies_calltype_experiments/prep_runs/multispecies_prep_balanced100_availaudio_20260430T120219Z/ICLISTENHF6016_20251210T110000.000Z.flac,,,,,,10.000000,onc_primary_adjacent_gap,candidate_primary_adjacent_gap,/project/6070467/merileo/data/finwhales/final2025_resnet_20260423/multispecies_calltype_experiments/prep_runs/multispecies_prep_balanced100_availaudio_20260430T120219Z/ICLISTENHF6016_20251210T110000.000Z.flac,,,,1,val,,,,,/project/6070467/merileo/data/finwhales/final2025_resnet_20260423/multispecies_calltype_experiments/prep_runs/multispecies_prep_balanced100_availaudio_20260430T120219Z/ICLISTENHF6016_20251210T110000.000Z.flac,/project/6070467/merileo/data/finwhales/final2025_resnet_20260423/multispecies_calltype_experiments/prep_runs/multispecies_prep_balanced100_availaudio_20260430T120219Z/ICLISTENHF6016_20251210T110000.000Z.flac,24.100000,34.100000,,,,,,,,,,,,,,,,,,,,,,,,,primary_adjacent_gap,primary_adjacent_gap,ONC
ICLISTENHF6016_20251210T130000.000Z_gap_0000_0.0s_10.0s,/project/6070467/merileo/data/finwhales/final2025_resnet_20260423/multispecies_calltype_experiments/prep_runs/multispecies_prep_balanced100_availaudio_20260430T120219Z/ICLISTENHF6016_20251210T130000.000Z.flac,,,,,,10.000000,onc_primary_adjacent_gap,candidate_primary_adjacent_gap,/project/6070467/merileo/data/finwhales/final2025_resnet_20260423/multispecies_calltype_experiments/prep_runs/multispecies_prep_balanced100_availaudio_20260430T120219Z/ICLISTENHF6016_20251210T130000.000Z.flac,,,,1,train,,,,,/project/6070467/merileo/data/finwhales/final2025_resnet_20260423/multispecies_calltype_experiments/prep_runs/multispecies_prep_balanced100_availaudio_20260430T120219Z/ICLISTENHF6016_20251210T130000.000Z.flac,/project/6070467/merileo/data/finwhales/final2025_resnet_20260423/multispecies_calltype_experiments/prep_runs/multispecies_prep_balanced100_availaudio_20260430T120219Z/ICLISTENHF6016_20251210T130000.000Z.flac,0.000000,10.000000,,,,,,,,,,,,,,,,,,,,,,,,,primary_adjacent_gap,primary_adjacent_gap,ONC
ICLISTENHF6016_20251210T130000.000Z_gap_0001_30.0s_40.0s,/project/6070467/merileo/data/finwhales/final2025_resnet_20260423/multispecies_calltype_experiments/prep_runs/multispecies_prep_balanced100_availaudio_20260430T120219Z/ICLISTENHF6016_20251210T130000.000Z.flac,,,,,,10.000000,onc_primary_adjacent_gap,candidate_primary_adjacent_gap,/project/6070467/merileo/data/finwhales/final2025_resnet_20260423/multispecies_calltype_experiments/prep_runs/multispecies_prep_balanced100_availaudio_20260430T120219Z/ICLISTENHF6016_20251210T130000.000Z.flac,,,,1,train,,,,,/project/6070467/merileo/data/finwhales/final2025_resnet_20260423/multispecies_calltype_experiments/prep_runs/multispecies_prep_balanced100_availaudio_20260430T120219Z/ICLISTENHF6016_20251210T130000.000Z.flac,/project/6070467/merileo/data/finwhales/final2025_resnet_20260423/multispecies_calltype_experiments/prep_runs/multispecies_prep_balanced100_availaudio_20260430T120219Z/ICLISTENHF6016_20251210T130000.000Z.flac,30.000000,40.000000,,,,,,,,,,,,,,,,,,,,,,,,,primary_adjacent_gap,primary_adjacent_gap,ONC
ICLISTENHF6016_20251210T130000.000Z_gap_0002_60.0s_70.0s,/project/6070467/merileo/data/finwhales/final2025_resnet_20260423/multispecies_calltype_experiments/prep_runs/multispecies_prep_balanced100_availaudio_20260430T120219Z/ICLISTENHF6016_20251210T130000.000Z.flac,,,,,,10.000000,onc_primary_adjacent_gap,candidate_primary_adjacent_gap,/project/6070467/merileo/data/finwhales/final2025_resnet_20260423/multispecies_calltype_experiments/prep_runs/multispecies_prep_balanced100_availaudio_20260430T120219Z/ICLISTENHF6016_20251210T130000.000Z.flac,,,,1,train,,,,,/project/6070467/merileo/data/finwhales/final2025_resnet_20260423/multispecies_calltype_experiments/prep_runs/multispecies_prep_balanced100_availaudio_20260430T120219Z/ICLISTENHF6016_20251210T130000.000Z.flac,/project/6070467/merileo/data/finwhales/final2025_resnet_20260423/multispecies_calltype_experiments/prep_runs/multispecies_prep_balanced100_availaudio_20260430T120219Z/ICLISTENHF6016_20251210T130000.000Z.flac,60.000000,70.000000,,,,,,,,,,,,,,,,,,,,,,,,,primary_adjacent_gap,primary_adjacent_gap,ONC
ICLISTENHF6016_20251210T150000.000Z_gap_0000_0.0s_10.0s,/project/6070467/merileo/data/finwhales/final2025_resnet_20260423/multispecies_calltype_experiments/prep_runs/multispecies_prep_balanced100_availaudio_20260430T120219Z/ICLISTENHF6016_20251210T150000.000Z.flac,,,,,,10.000000,onc_primary_adjacent_gap,candidate_primary_adjacent_gap,/project/6070467/merileo/data/finwhales/final2025_resnet_20260423/multispecies_calltype_experiments/prep_runs/multispecies_prep_balanced100_availaudio_20260430T120219Z/ICLISTENHF6016_20251210T150000.000Z.flac,,,,1,train,,,,,/project/6070467/merileo/data/finwhales/final2025_resnet_20260423/multispecies_calltype_experiments/prep_runs/multispecies_prep_balanced100_availaudio_20260430T120219Z/ICLISTENHF6016_20251210T150000.000Z.flac,/project/6070467/merileo/data/finwhales/final2025_resnet_20260423/multispecies_calltype_experiments/prep_runs/multispecies_prep_balanced100_availaudio_20260430T120219Z/ICLISTENHF6016_20251210T150000.000Z.flac,0.000000,10.000000,,,,,,,,,,,,,,,,,,,,,,,,,primary_adjacent_gap,primary_adjacent_gap,ONC
ICLISTENHF6016_20251210T150000.000Z_gap_0001_19.7s_29.7s,/project/6070467/merileo/data/finwhales/final2025_resnet_20260423/multispecies_calltype_experiments/prep_runs/multispecies_prep_balanced100_availaudio_20260430T120219Z/ICLISTENHF6016_20251210T150000.000Z.flac,,,,,,10.000000,onc_primary_adjacent_gap,candidate_primary_adjacent_gap,/project/6070467/merileo/data/finwhales/final2025_resnet_20260423/multispecies_calltype_experiments/prep_runs/multispecies_prep_balanced100_availaudio_20260430T120219Z/ICLISTENHF6016_20251210T150000.000Z.flac,,,,1,train,,,,,/project/6070467/merileo/data/finwhales/final2025_resnet_20260423/multispecies_calltype_experiments/prep_runs/multispecies_prep_balanced100_availaudio_20260430T120219Z/ICLISTENHF6016_20251210T150000.000Z.flac,/project/6070467/merileo/data/finwhales/final2025_resnet_20260423/multispecies_calltype_experiments/prep_runs/multispecies_prep_balanced100_availaudio_20260430T120219Z/ICLISTENHF6016_20251210T150000.000Z.flac,19.700000,29.700000,,,,,,,,,,,,,,,,,,,,,,,,,primary_adjacent_gap,primary_adjacent_gap,ONC
ICLISTENHF6016_20251210T150000.000Z_gap_0002_56.9s_66.9s,/project/6070467/merileo/data/finwhales/final2025_resnet_20260423/multispecies_calltype_experiments/prep_runs/multispecies_prep_balanced100_availaudio_20260430T120219Z/ICLISTENHF6016_20251210T150000.000Z.flac,,,,,,10.000000,onc_primary_adjacent_gap,candidate_primary_adjacent_gap,/project/6070467/merileo/data/finwhales/final2025_resnet_20260423/multispecies_calltype_experiments/prep_runs/multispecies_prep_balanced100_availaudio_20260430T120219Z/ICLISTENHF6016_20251210T150000.000Z.flac,,,,1,train,,,,,/project/6070467/merileo/data/finwhales/final2025_resnet_20260423/multispecies_calltype_experiments/prep_runs/multispecies_prep_balanced100_availaudio_20260430T120219Z/ICLISTENHF6016_20251210T150000.000Z.flac,/project/6070467/merileo/data/finwhales/final2025_resnet_20260423/multispecies_calltype_experiments/prep_runs/multispecies_prep_balanced100_availaudio_20260430T120219Z/ICLISTENHF6016_20251210T150000.000Z.flac,56.900000,66.900000,,,,,,,,,,,,,,,,,,,,,,,,,primary_adjacent_gap,primary_adjacent_gap,ONC
ICLISTENHF6016_20251210T180000.000Z_gap_0000_0.0s_10.0s,/project/6070467/merileo/data/finwhales/final2025_resnet_20260423/multispecies_calltype_experiments/prep_runs/multispecies_prep_balanced100_availaudio_20260430T120219Z/ICLISTENHF6016_20251210T180000.000Z.flac,,,,,,10.000000,onc_primary_adjacent_gap,candidate_primary_adjacent_gap,/project/6070467/merileo/data/finwhales/final2025_resnet_20260423/multispecies_calltype_experiments/prep_runs/multispecies_prep_balanced100_availaudio_20260430T120219Z/ICLISTENHF6016_20251210T180000.000Z.flac,,,,1,val,,,,,/project/6070467/merileo/data/finwhales/final2025_resnet_20260423/multispecies_calltype_experiments/prep_runs/multispecies_prep_balanced100_availaudio_20260430T120219Z/ICLISTENHF6016_20251210T180000.000Z.flac,/project/6070467/merileo/data/finwhales/final2025_resnet_20260423/multispecies_calltype_experiments/prep_runs/multispecies_prep_balanced100_availaudio_20260430T120219Z/ICLISTENHF6016_20251210T180000.000Z.flac,0.000000,10.000000,,,,,,,,,,,,,,,,,,,,,,,,,primary_adjacent_gap,primary_adjacent_gap,ONC
ICLISTENHF6016_20251210T180000.000Z_gap_0001_30.0s_40.0s,/project/6070467/merileo/data/finwhales/final2025_resnet_20260423/multispecies_calltype_experiments/prep_runs/multispecies_prep_balanced100_availaudio_20260430T120219Z/ICLISTENHF6016_20251210T180000.000Z.flac,,,,,,10.000000,onc_primary_adjacent_gap,candidate_primary_adjacent_gap,/project/6070467/merileo/data/finwhales/final2025_resnet_20260423/multispecies_calltype_experiments/prep_runs/multispecies_prep_balanced100_availaudio_20260430T120219Z/ICLISTENHF6016_20251210T180000.000Z.flac,,,,1,val,,,,,/project/6070467/merileo/data/finwhales/final2025_resnet_20260423/multispecies_calltype_experiments/prep_runs/multispecies_prep_balanced100_availaudio_20260430T120219Z/ICLISTENHF6016_20251210T180000.000Z.flac,/project/6070467/merileo/data/finwhales/final2025_resnet_20260423/multispecies_calltype_experiments/prep_runs/multispecies_prep_balanced100_availaudio_20260430T120219Z/ICLISTENHF6016_20251210T180000.000Z.flac,30.000000,40.000000,,,,,,,,,,,,,,,,,,,,,,,,,primary_adjacent_gap,primary_adjacent_gap,ONC
ICLISTENHF6016_20251210T180000.000Z_gap_0002_60.0s_70.0s,/project/6070467/merileo/data/finwhales/final2025_resnet_20260423/multispecies_calltype_experiments/prep_runs/multispecies_prep_balanced100_availaudio_20260430T120219Z/ICLISTENHF6016_20251210T180000.000Z.flac,,,,,,10.000000,onc_primary_adjacent_gap,candidate_primary_adjacent_gap,/project/6070467/merileo/data/finwhales/final2025_resnet_20260423/multispecies_calltype_experiments/prep_runs/multispecies_prep_balanced100_availaudio_20260430T120219Z/ICLISTENHF6016_20251210T180000.000Z.flac,,,,1,val,,,,,/project/6070467/merileo/data/finwhales/final2025_resnet_20260423/multispecies_calltype_experiments/prep_runs/multispecies_prep_balanced100_availaudio_20260430T120219Z/ICLISTENHF6016_20251210T180000.000Z.flac,/project/6070467/merileo/data/finwhales/final2025_resnet_20260423/multispecies_calltype_experiments/prep_runs/multispecies_prep_balanced100_availaudio_20260430T120219Z/ICLISTENHF6016_20251210T180000.000Z.flac,60.000000,70.000000,,,,,,,,,,,,,,,,,,,,,,,,,primary_adjacent_gap,primary_adjacent_gap,ONC
ICLISTENHF6016_20251210T190000.000Z_gap_0000_0.0s_10.0s,/project/6070467/merileo/data/finwhales/final2025_resnet_20260423/multispecies_calltype_experiments/prep_runs/multispecies_prep_balanced100_availaudio_20260430T120219Z/ICLISTENHF6016_20251210T190000.000Z.flac,,,,,,10.000000,onc_primary_adjacent_gap,candidate_primary_adjacent_gap,/project/6070467/merileo/data/finwhales/final2025_resnet_20260423/multispecies_calltype_experiments/prep_runs/multispecies_prep_balanced100_availaudio_20260430T120219Z/ICLISTENHF6016_20251210T190000.000Z.flac,,,,1,train,,,,,/project/6070467/merileo/data/finwhales/final2025_resnet_20260423/multispecies_calltype_experiments/prep_runs/multispecies_prep_balanced100_availaudio_20260430T120219Z/ICLISTENHF6016_20251210T190000.000Z.flac,/project/6070467/merileo/data/finwhales/final2025_resnet_20260423/multispecies_calltype_experiments/prep_runs/multispecies_prep_balanced100_availaudio_20260430T120219Z/ICLISTENHF6016_20251210T190000.000Z.flac,0.000000,10.000000,,,,,,,,,,,,,,,,,,,,,,,,,primary_adjacent_gap,primary_adjacent_gap,ONC
ICLISTENHF6016_20251210T190000.000Z_gap_0001_30.0s_40.0s,/project/6070467/merileo/data/finwhales/final2025_resnet_20260423/multispecies_calltype_experiments/prep_runs/multispecies_prep_balanced100_availaudio_20260430T120219Z/ICLISTENHF6016_20251210T190000.000Z.flac,,,,,,10.000000,onc_primary_adjacent_gap,candidate_primary_adjacent_gap,/project/6070467/merileo/data/finwhales/final2025_resnet_20260423/multispecies_calltype_experiments/prep_runs/multispecies_prep_balanced100_availaudio_20260430T120219Z/ICLISTENHF6016_20251210T190000.000Z.flac,,,,1,train,,,,,/project/6070467/merileo/data/finwhales/final2025_resnet_20260423/multispecies_calltype_experiments/prep_runs/multispecies_prep_balanced100_availaudio_20260430T120219Z/ICLISTENHF6016_20251210T190000.000Z.flac,/project/6070467/merileo/data/finwhales/final2025_resnet_20260423/multispecies_calltype_experiments/prep_runs/multispecies_prep_balanced100_availaudio_20260430T120219Z/ICLISTENHF6016_20251210T190000.000Z.flac,30.000000,40.000000,,,,,,,,,,,,,,,,,,,,,,,,,primary_adjacent_gap,primary_adjacent_gap,ONC
ICLISTENHF6016_20251210T190000.000Z_gap_0002_60.0s_70.0s,/project/6070467/merileo/data/finwhales/final2025_resnet_20260423/multispecies_calltype_experiments/prep_runs/multispecies_prep_balanced100_availaudio_20260430T120219Z/ICLISTENHF6016_20251210T190000.000Z.flac,,,,,,10.000000,onc_primary_adjacent_gap,candidate_primary_adjacent_gap,/project/6070467/merileo/data/finwhales/final2025_resnet_20260423/multispecies_calltype_experiments/prep_runs/multispecies_prep_balanced100_availaudio_20260430T120219Z/ICLISTENHF6016_20251210T190000.000Z.flac,,,,1,train,,,,,/project/6070467/merileo/data/finwhales/final2025_resnet_20260423/multispecies_calltype_experiments/prep_runs/multispecies_prep_balanced100_availaudio_20260430T120219Z/ICLISTENHF6016_20251210T190000.000Z.flac,/project/6070467/merileo/data/finwhales/final2025_resnet_20260423/multispecies_calltype_experiments/prep_runs/multispecies_prep_balanced100_availaudio_20260430T120219Z/ICLISTENHF6016_20251210T190000.000Z.flac,60.000000,70.000000,,,,,,,,,,,,,,,,,,,,,,,,,primary_adjacent_gap,primary_adjacent_gap,ONC
ICLISTENHF6016_20251210T200000.000Z_gap_0000_0.0s_10.0s,/project/6070467/merileo/data/finwhales/final2025_resnet_20260423/multispecies_calltype_experiments/prep_runs/multispecies_prep_balanced100_availaudio_20260430T120219Z/ICLISTENHF6016_20251210T200000.000Z.flac,,,,,,10.000000,onc_primary_adjacent_gap,candidate_primary_adjacent_gap,/project/6070467/merileo/data/finwhales/final2025_resnet_20260423/multispecies_calltype_experiments/prep_runs/multispecies_prep_balanced100_availaudio_20260430T120219Z/ICLISTENHF6016_20251210T200000.000Z.flac,,,,1,val,,,,,/project/6070467/merileo/data/finwhales/final2025_resnet_20260423/multispecies_calltype_experiments/prep_runs/multispecies_prep_balanced100_availaudio_20260430T120219Z/ICLISTENHF6016_20251210T200000.000Z.flac,/project/6070467/merileo/data/finwhales/final2025_resnet_20260423/multispecies_calltype_experiments/prep_runs/multispecies_prep_balanced100_availaudio_20260430T120219Z/ICLISTENHF6016_20251210T200000.000Z.flac,0.000000,10.000000,,,,,,,,,,,,,,,,,,,,,,,,,primary_adjacent_gap,primary_adjacent_gap,ONC
ICLISTENHF6016_20251210T200000.000Z_gap_0001_6.1s_16.1s,/project/6070467/merileo/data/finwhales/final2025_resnet_20260423/multispecies_calltype_experiments/prep_runs/multispecies_prep_balanced100_availaudio_20260430T120219Z/ICLISTENHF6016_20251210T200000.000Z.flac,,,,,,10.000000,onc_primary_adjacent_gap,candidate_primary_adjacent_gap,/project/6070467/merileo/data/finwhales/final2025_resnet_20260423/multispecies_calltype_experiments/prep_runs/multispecies_prep_balanced100_availaudio_20260430T120219Z/ICLISTENHF6016_20251210T200000.000Z.flac,,,,1,val,,,,,/project/6070467/merileo/data/finwhales/final2025_resnet_20260423/multispecies_calltype_experiments/prep_runs/multispecies_prep_balanced100_availaudio_20260430T120219Z/ICLISTENHF6016_20251210T200000.000Z.flac,/project/6070467/merileo/data/finwhales/final2025_resnet_20260423/multispecies_calltype_experiments/prep_runs/multispecies_prep_balanced100_availaudio_20260430T120219Z/ICLISTENHF6016_20251210T200000.000Z.flac,6.100000,16.100000,,,,,,,,,,,,,,,,,,,,,,,,,primary_adjacent_gap,primary_adjacent_gap,ONC
ICLISTENHF6016_20251210T200000.000Z_gap_0002_52.6s_62.6s,/project/6070467/merileo/data/finwhales/final2025_resnet_20260423/multispecies_calltype_experiments/prep_runs/multispecies_prep_balanced100_availaudio_20260430T120219Z/ICLISTENHF6016_20251210T200000.000Z.flac,,,,,,10.000000,onc_primary_adjacent_gap,candidate_primary_adjacent_gap,/project/6070467/merileo/data/finwhales/final2025_resnet_20260423/multispecies_calltype_experiments/prep_runs/multispecies_prep_balanced100_availaudio_20260430T120219Z/ICLISTENHF6016_20251210T200000.000Z.flac,,,,1,val,,,,,/project/6070467/merileo/data/finwhales/final2025_resnet_20260423/multispecies_calltype_experiments/prep_runs/multispecies_prep_balanced100_availaudio_20260430T120219Z/ICLISTENHF6016_20251210T200000.000Z.flac,/project/6070467/merileo/data/finwhales/final2025_resnet_20260423/multispecies_calltype_experiments/prep_runs/multispecies_prep_balanced100_availaudio_20260430T120219Z/ICLISTENHF6016_20251210T200000.000Z.flac,52.600000,62.600000,,,,,,,,,,,,,,,,,,,,,,,,,primary_adjacent_gap,primary_adjacent_gap,ONC
ICLISTENHF6016_20251210T210000.000Z_gap_0000_0.0s_10.0s,/project/6070467/merileo/data/finwhales/final2025_resnet_20260423/multispecies_calltype_experiments/prep_runs/multispecies_prep_balanced100_availaudio_20260430T120219Z/ICLISTENHF6016_20251210T210000.000Z.flac,,,,,,10.000000,onc_primary_adjacent_gap,candidate_primary_adjacent_gap,/project/6070467/merileo/data/finwhales/final2025_resnet_20260423/multispecies_calltype_experiments/prep_runs/multispecies_prep_balanced100_availaudio_20260430T120219Z/ICLISTENHF6016_20251210T210000.000Z.flac,,,,1,train,,,,,/project/6070467/merileo/data/finwhales/final2025_resnet_20260423/multispecies_calltype_experiments/prep_runs/multispecies_prep_balanced100_availaudio_20260430T120219Z/ICLISTENHF6016_20251210T210000.000Z.flac,/project/6070467/merileo/data/finwhales/final2025_resnet_20260423/multispecies_calltype_experiments/prep_runs/multispecies_prep_balanced100_availaudio_20260430T120219Z/ICLISTENHF6016_20251210T210000.000Z.flac,0.000000,10.000000,,,,,,,,,,,,,,,,,,,,,,,,,primary_adjacent_gap,primary_adjacent_gap,ONC
ICLISTENHF6016_20251210T210000.000Z_gap_0001_30.0s_40.0s,/project/6070467/merileo/data/finwhales/final2025_resnet_20260423/multispecies_calltype_experiments/prep_runs/multispecies_prep_balanced100_availaudio_20260430T120219Z/ICLISTENHF6016_20251210T210000.000Z.flac,,,,,,10.000000,onc_primary_adjacent_gap,candidate_primary_adjacent_gap,/project/6070467/merileo/data/finwhales/final2025_resnet_20260423/multispecies_calltype_experiments/prep_runs/multispecies_prep_balanced100_availaudio_20260430T120219Z/ICLISTENHF6016_20251210T210000.000Z.flac,,,,1,train,,,,,/project/6070467/merileo/data/finwhales/final2025_resnet_20260423/multispecies_calltype_experiments/prep_runs/multispecies_prep_balanced100_availaudio_20260430T120219Z/ICLISTENHF6016_20251210T210000.000Z.flac,/project/6070467/merileo/data/finwhales/final2025_resnet_20260423/multispecies_calltype_experiments/prep_runs/multispecies_prep_balanced100_availaudio_20260430T120219Z/ICLISTENHF6016_20251210T210000.000Z.flac,30.000000,40.000000,,,,,,,,,,,,,,,,,,,,,,,,,primary_adjacent_gap,primary_adjacent_gap,ONC
ICLISTENHF6016_20251210T210000.000Z_gap_0002_60.0s_70.0s,/project/6070467/merileo/data/finwhales/final2025_resnet_20260423/multispecies_calltype_experiments/prep_runs/multispecies_prep_balanced100_availaudio_20260430T120219Z/ICLISTENHF6016_20251210T210000.000Z.flac,,,,,,10.000000,onc_primary_adjacent_gap,candidate_primary_adjacent_gap,/project/6070467/merileo/data/finwhales/final2025_resnet_20260423/multispecies_calltype_experiments/prep_runs/multispecies_prep_balanced100_availaudio_20260430T120219Z/ICLISTENHF6016_20251210T210000.000Z.flac,,,,1,train,,,,,/project/6070467/merileo/data/finwhales/final2025_resnet_20260423/multispecies_calltype_experiments/prep_runs/multispecies_prep_balanced100_availaudio_20260430T120219Z/ICLISTENHF6016_20251210T210000.000Z.flac,/project/6070467/merileo/data/finwhales/final2025_resnet_20260423/multispecies_calltype_experiments/prep_runs/multispecies_prep_balanced100_availaudio_20260430T120219Z/ICLISTENHF6016_20251210T210000.000Z.flac,60.000000,70.000000,,,,,,,,,,,,,,,,,,,,,,,,,primary_adjacent_gap,primary_adjacent_gap,ONC
ICLISTENHF6016_20251210T220000.000Z_gap_0000_0.0s_10.0s,/project/6070467/merileo/data/finwhales/final2025_resnet_20260423/multispecies_calltype_experiments/prep_runs/multispecies_prep_balanced100_availaudio_20260430T120219Z/ICLISTENHF6016_20251210T220000.000Z.flac,,,,,,10.000000,onc_primary_adjacent_gap,candidate_primary_adjacent_gap,/project/6070467/merileo/data/finwhales/final2025_resnet_20260423/multispecies_calltype_experiments/prep_runs/multispecies_prep_balanced100_availaudio_20260430T120219Z/ICLISTENHF6016_20251210T220000.000Z.flac,,,,1,val,,,,,/project/6070467/merileo/data/finwhales/final2025_resnet_20260423/multispecies_calltype_experiments/prep_runs/multispecies_prep_balanced100_availaudio_20260430T120219Z/ICLISTENHF6016_20251210T220000.000Z.flac,/project/6070467/merileo/data/finwhales/final2025_resnet_20260423/multispecies_calltype_experiments/prep_runs/multispecies_prep_balanced100_availaudio_20260430T120219Z/ICLISTENHF6016_20251210T220000.000Z.flac,0.000000,10.000000,,,,,,,,,,,,,,,,,,,,,,,,,primary_adjacent_gap,primary_adjacent_gap,ONC
ICLISTENHF6016_20251210T220000.000Z_gap_0001_24.8s_34.8s,/project/6070467/merileo/data/finwhales/final2025_resnet_20260423/multispecies_calltype_experiments/prep_runs/multispecies_prep_balanced100_availaudio_20260430T120219Z/ICLISTENHF6016_20251210T220000.000Z.flac,,,,,,10.000000,onc_primary_adjacent_gap,candidate_primary_adjacent_gap,/project/6070467/merileo/data/finwhales/final2025_resnet_20260423/multispecies_calltype_experiments/prep_runs/multispecies_prep_balanced100_availaudio_20260430T120219Z/ICLISTENHF6016_20251210T220000.000Z.flac,,,,1,val,,,,,/project/6070467/merileo/data/finwhales/final2025_resnet_20260423/multispecies_calltype_experiments/prep_runs/multispecies_prep_balanced100_availaudio_20260430T120219Z/ICLISTENHF6016_20251210T220000.000Z.flac,/project/6070467/merileo/data/finwhales/final2025_resnet_20260423/multispecies_calltype_experiments/prep_runs/multispecies_prep_balanced100_availaudio_20260430T120219Z/ICLISTENHF6016_20251210T220000.000Z.flac,24.800000,34.800000,,,,,,,,,,,,,,,,,,,,,,,,,primary_adjacent_gap,primary_adjacent_gap,ONC
ICLISTENHF6016_20251210T220000.000Z_gap_0002_68.7s_78.7s,/project/6070467/merileo/data/finwhales/final2025_resnet_20260423/multispecies_calltype_experiments/prep_runs/multispecies_prep_balanced100_availaudio_20260430T120219Z/ICLISTENHF6016_20251210T220000.000Z.flac,,,,,,10.000000,onc_primary_adjacent_gap,candidate_primary_adjacent_gap,/project/6070467/merileo/data/finwhales/final2025_resnet_20260423/multispecies_calltype_experiments/prep_runs/multispecies_prep_balanced100_availaudio_20260430T120219Z/ICLISTENHF6016_20251210T220000.000Z.flac,,,,1,val,,,,,/project/6070467/merileo/data/finwhales/final2025_resnet_20260423/multispecies_calltype_experiments/prep_runs/multispecies_prep_balanced100_availaudio_20260430T120219Z/ICLISTENHF6016_20251210T220000.000Z.flac,/project/6070467/merileo/data/finwhales/final2025_resnet_20260423/multispecies_calltype_experiments/prep_runs/multispecies_prep_balanced100_availaudio_20260430T120219Z/ICLISTENHF6016_20251210T220000.000Z.flac,68.700000,78.700000,,,,,,,,,,,,,,,,,,,,,,,,,primary_adjacent_gap,primary_adjacent_gap,ONC
ICLISTENHF6016_20251210T230000.000Z_gap_0000_0.0s_10.0s,/project/6070467/merileo/data/finwhales/final2025_resnet_20260423/multispecies_calltype_experiments/prep_runs/multispecies_prep_balanced100_availaudio_20260430T120219Z/ICLISTENHF6016_20251210T230000.000Z.flac,,,,,,10.000000,onc_primary_adjacent_gap,candidate_primary_adjacent_gap,/project/6070467/merileo/data/finwhales/final2025_resnet_20260423/multispecies_calltype_experiments/prep_runs/multispecies_prep_balanced100_availaudio_20260430T120219Z/ICLISTENHF6016_20251210T230000.000Z.flac,,,,1,train,,,,,/project/6070467/merileo/data/finwhales/final2025_resnet_20260423/multispecies_calltype_experiments/prep_runs/multispecies_prep_balanced100_availaudio_20260430T120219Z/ICLISTENHF6016_20251210T230000.000Z.flac,/project/6070467/merileo/data/finwhales/final2025_resnet_20260423/multispecies_calltype_experiments/prep_runs/multispecies_prep_balanced100_availaudio_20260430T120219Z/ICLISTENHF6016_20251210T230000.000Z.flac,0.000000,10.000000,,,,,,,,,,,,,,,,,,,,,,,,,primary_adjacent_gap,primary_adjacent_gap,ONC
ICLISTENHF6016_20251210T230000.000Z_gap_0001_26.5s_36.5s,/project/6070467/merileo/data/finwhales/final2025_resnet_20260423/multispecies_calltype_experiments/prep_runs/multispecies_prep_balanced100_availaudio_20260430T120219Z/ICLISTENHF6016_20251210T230000.000Z.flac,,,,,,10.000000,onc_primary_adjacent_gap,candidate_primary_adjacent_gap,/project/6070467/merileo/data/finwhales/final2025_resnet_20260423/multispecies_calltype_experiments/prep_runs/multispecies_prep_balanced100_availaudio_20260430T120219Z/ICLISTENHF6016_20251210T230000.000Z.flac,,,,1,train,,,,,/project/6070467/merileo/data/finwhales/final2025_resnet_20260423/multispecies_calltype_experiments/prep_runs/multispecies_prep_balanced100_availaudio_20260430T120219Z/ICLISTENHF6016_20251210T230000.000Z.flac,/project/6070467/merileo/data/finwhales/final2025_resnet_20260423/multispecies_calltype_experiments/prep_runs/multispecies_prep_balanced100_availaudio_20260430T120219Z/ICLISTENHF6016_20251210T230000.000Z.flac,26.500000,36.500000,,,,,,,,,,,,,,,,,,,,,,,,,primary_adjacent_gap,primary_adjacent_gap,ONC
ICLISTENHF6016_20251210T230000.000Z_gap_0002_70.1s_80.1s,/project/6070467/merileo/data/finwhales/final2025_resnet_20260423/multispecies_calltype_experiments/prep_runs/multispecies_prep_balanced100_availaudio_20260430T120219Z/ICLISTENHF6016_20251210T230000.000Z.flac,,,,,,10.000000,onc_primary_adjacent_gap,candidate_primary_adjacent_gap,/project/6070467/merileo/data/finwhales/final2025_resnet_20260423/multispecies_calltype_experiments/prep_runs/multispecies_prep_balanced100_availaudio_20260430T120219Z/ICLISTENHF6016_20251210T230000.000Z.flac,,,,1,train,,,,,/project/6070467/merileo/data/finwhales/final2025_resnet_20260423/multispecies_calltype_experiments/prep_runs/multispecies_prep_balanced100_availaudio_20260430T120219Z/ICLISTENHF6016_20251210T230000.000Z.flac,/project/6070467/merileo/data/finwhales/final2025_resnet_20260423/multispecies_calltype_experiments/prep_runs/multispecies_prep_balanced100_availaudio_20260430T120219Z/ICLISTENHF6016_20251210T230000.000Z.flac,70.100000,80.100000,,,,,,,,,,,,,,,,,,,,,,,,,primary_adjacent_gap,primary_adjacent_gap,ONC
ICLISTENHF6016_20251215T000000.000Z_gap_0000_0.0s_10.0s,/project/6070467/merileo/data/finwhales/final2025_resnet_20260423/multispecies_calltype_experiments/prep_runs/multispecies_prep_balanced100_availaudio_20260430T120219Z/ICLISTENHF6016_20251215T000000.000Z.flac,,,,,,10.000000,onc_primary_adjacent_gap,candidate_primary_adjacent_gap,/project/6070467/merileo/data/finwhales/final2025_resnet_20260423/multispecies_calltype_experiments/prep_runs/multispecies_prep_balanced100_availaudio_20260430T120219Z/ICLISTENHF6016_20251215T000000.000Z.flac,,,,1,train,,,,,/project/6070467/merileo/data/finwhales/final2025_resnet_20260423/multispecies_calltype_experiments/prep_runs/multispecies_prep_balanced100_availaudio_20260430T120219Z/ICLISTENHF6016_20251215T000000.000Z.flac,/project/6070467/merileo/data/finwhales/final2025_resnet_20260423/multispecies_calltype_experiments/prep_runs/multispecies_prep_balanced100_availaudio_20260430T120219Z/ICLISTENHF6016_20251215T000000.000Z.flac,0.000000,10.000000,,,,,,,,,,,,,,,,,,,,,,,,,primary_adjacent_gap,primary_adjacent_gap,ONC
ICLISTENHF6016_20251215T000000.000Z_gap_0001_30.0s_40.0s,/project/6070467/merileo/data/finwhales/final2025_resnet_20260423/multispecies_calltype_experiments/prep_runs/multispecies_prep_balanced100_availaudio_20260430T120219Z/ICLISTENHF6016_20251215T000000.000Z.flac,,,,,,10.000000,onc_primary_adjacent_gap,candidate_primary_adjacent_gap,/project/6070467/merileo/data/finwhales/final2025_resnet_20260423/multispecies_calltype_experiments/prep_runs/multispecies_prep_balanced100_availaudio_20260430T120219Z/ICLISTENHF6016_20251215T000000.000Z.flac,,,,1,train,,,,,/project/6070467/merileo/data/finwhales/final2025_resnet_20260423/multispecies_calltype_experiments/prep_runs/multispecies_prep_balanced100_availaudio_20260430T120219Z/ICLISTENHF6016_20251215T000000.000Z.flac,/project/6070467/merileo/data/finwhales/final2025_resnet_20260423/multispecies_calltype_experiments/prep_runs/multispecies_prep_balanced100_availaudio_20260430T120219Z/ICLISTENHF6016_20251215T000000.000Z.flac,30.000000,40.000000,,,,,,,,,,,,,,,,,,,,,,,,,primary_adjacent_gap,primary_adjacent_gap,ONC
ICLISTENHF6016_20251215T000000.000Z_gap_0002_60.0s_70.0s,/project/6070467/merileo/data/finwhales/final2025_resnet_20260423/multispecies_calltype_experiments/prep_runs/multispecies_prep_balanced100_availaudio_20260430T120219Z/ICLISTENHF6016_20251215T000000.000Z.flac,,,,,,10.000000,onc_primary_adjacent_gap,candidate_primary_adjacent_gap,/project/6070467/merileo/data/finwhales/final2025_resnet_20260423/multispecies_calltype_experiments/prep_runs/multispecies_prep_balanced100_availaudio_20260430T120219Z/ICLISTENHF6016_20251215T000000.000Z.flac,,,,1,train,,,,,/project/6070467/merileo/data/finwhales/final2025_resnet_20260423/multispecies_calltype_experiments/prep_runs/multispecies_prep_balanced100_availaudio_20260430T120219Z/ICLISTENHF6016_20251215T000000.000Z.flac,/project/6070467/merileo/data/finwhales/final2025_resnet_20260423/multispecies_calltype_experiments/prep_runs/multispecies_prep_balanced100_availaudio_20260430T120219Z/ICLISTENHF6016_20251215T000000.000Z.flac,60.000000,70.000000,,,,,,,,,,,,,,,,,,,,,,,,,primary_adjacent_gap,primary_adjacent_gap,ONC
ICLISTENHF6016_20251215T020000.000Z_gap_0000_0.0s_10.0s,/project/6070467/merileo/data/finwhales/final2025_resnet_20260423/multispecies_calltype_experiments/prep_runs/multispecies_prep_balanced100_availaudio_20260430T120219Z/ICLISTENHF6016_20251215T020000.000Z.flac,,,,,,10.000000,onc_primary_adjacent_gap,candidate_primary_adjacent_gap,/project/6070467/merileo/data/finwhales/final2025_resnet_20260423/multispecies_calltype_experiments/prep_runs/multispecies_prep_balanced100_availaudio_20260430T120219Z/ICLISTENHF6016_20251215T020000.000Z.flac,,,,1,train,,,,,/project/6070467/merileo/data/finwhales/final2025_resnet_20260423/multispecies_calltype_experiments/prep_runs/multispecies_prep_balanced100_availaudio_20260430T120219Z/ICLISTENHF6016_20251215T020000.000Z.flac,/project/6070467/merileo/data/finwhales/final2025_resnet_20260423/multispecies_calltype_experiments/prep_runs/multispecies_prep_balanced100_availaudio_20260430T120219Z/ICLISTENHF6016_20251215T020000.000Z.flac,0.000000,10.000000,,,,,,,,,,,,,,,,,,,,,,,,,primary_adjacent_gap,primary_adjacent_gap,ONC
ICLISTENHF6016_20251215T020000.000Z_gap_0001_30.0s_40.0s,/project/6070467/merileo/data/finwhales/final2025_resnet_20260423/multispecies_calltype_experiments/prep_runs/multispecies_prep_balanced100_availaudio_20260430T120219Z/ICLISTENHF6016_20251215T020000.000Z.flac,,,,,,10.000000,onc_primary_adjacent_gap,candidate_primary_adjacent_gap,/project/6070467/merileo/data/finwhales/final2025_resnet_20260423/multispecies_calltype_experiments/prep_runs/multispecies_prep_balanced100_availaudio_20260430T120219Z/ICLISTENHF6016_20251215T020000.000Z.flac,,,,1,train,,,,,/project/6070467/merileo/data/finwhales/final2025_resnet_20260423/multispecies_calltype_experiments/prep_runs/multispecies_prep_balanced100_availaudio_20260430T120219Z/ICLISTENHF6016_20251215T020000.000Z.flac,/project/6070467/merileo/data/finwhales/final2025_resnet_20260423/multispecies_calltype_experiments/prep_runs/multispecies_prep_balanced100_availaudio_20260430T120219Z/ICLISTENHF6016_20251215T020000.000Z.flac,30.000000,40.000000,,,,,,,,,,,,,,,,,,,,,,,,,primary_adjacent_gap,primary_adjacent_gap,ONC
ICLISTENHF6016_20251215T020000.000Z_gap_0002_60.0s_70.0s,/project/6070467/merileo/data/finwhales/final2025_resnet_20260423/multispecies_calltype_experiments/prep_runs/multispecies_prep_balanced100_availaudio_20260430T120219Z/ICLISTENHF6016_20251215T020000.000Z.flac,,,,,,10.000000,onc_primary_adjacent_gap,candidate_primary_adjacent_gap,/project/6070467/merileo/data/finwhales/final2025_resnet_20260423/multispecies_calltype_experiments/prep_runs/multispecies_prep_balanced100_availaudio_20260430T120219Z/ICLISTENHF6016_20251215T020000.000Z.flac,,,,1,train,,,,,/project/6070467/merileo/data/finwhales/final2025_resnet_20260423/multispecies_calltype_experiments/prep_runs/multispecies_prep_balanced100_availaudio_20260430T120219Z/ICLISTENHF6016_20251215T020000.000Z.flac,/project/6070467/merileo/data/finwhales/final2025_resnet_20260423/multispecies_calltype_experiments/prep_runs/multispecies_prep_balanced100_availaudio_20260430T120219Z/ICLISTENHF6016_20251215T020000.000Z.flac,60.000000,70.000000,,,,,,,,,,,,,,,,,,,,,,,,,primary_adjacent_gap,primary_adjacent_gap,ONC
ICLISTENHF6016_20251215T070000.000Z_gap_0000_0.0s_10.0s,/project/6070467/merileo/data/finwhales/final2025_resnet_20260423/multispecies_calltype_experiments/prep_runs/multispecies_prep_balanced100_availaudio_20260430T120219Z/ICLISTENHF6016_20251215T070000.000Z.flac,,,,,,10.000000,onc_primary_adjacent_gap,candidate_primary_adjacent_gap,/project/6070467/merileo/data/finwhales/final2025_resnet_20260423/multispecies_calltype_experiments/prep_runs/multispecies_prep_balanced100_availaudio_20260430T120219Z/ICLISTENHF6016_20251215T070000.000Z.flac,,,,1,test,,,,,/project/6070467/merileo/data/finwhales/final2025_resnet_20260423/multispecies_calltype_experiments/prep_runs/multispecies_prep_balanced100_availaudio_20260430T120219Z/ICLISTENHF6016_20251215T070000.000Z.flac,/project/6070467/merileo/data/finwhales/final2025_resnet_20260423/multispecies_calltype_experiments/prep_runs/multispecies_prep_balanced100_availaudio_20260430T120219Z/ICLISTENHF6016_20251215T070000.000Z.flac,0.000000,10.000000,,,,,,,,,,,,,,,,,,,,,,,,,primary_adjacent_gap,primary_adjacent_gap,ONC
ICLISTENHF6016_20251215T070000.000Z_gap_0001_30.0s_40.0s,/project/6070467/merileo/data/finwhales/final2025_resnet_20260423/multispecies_calltype_experiments/prep_runs/multispecies_prep_balanced100_availaudio_20260430T120219Z/ICLISTENHF6016_20251215T070000.000Z.flac,,,,,,10.000000,onc_primary_adjacent_gap,candidate_primary_adjacent_gap,/project/6070467/merileo/data/finwhales/final2025_resnet_20260423/multispecies_calltype_experiments/prep_runs/multispecies_prep_balanced100_availaudio_20260430T120219Z/ICLISTENHF6016_20251215T070000.000Z.flac,,,,1,test,,,,,/project/6070467/merileo/data/finwhales/final2025_resnet_20260423/multispecies_calltype_experiments/prep_runs/multispecies_prep_balanced100_availaudio_20260430T120219Z/ICLISTENHF6016_20251215T070000.000Z.flac,/project/6070467/merileo/data/finwhales/final2025_resnet_20260423/multispecies_calltype_experiments/prep_runs/multispecies_prep_balanced100_availaudio_20260430T120219Z/ICLISTENHF6016_20251215T070000.000Z.flac,30.000000,40.000000,,,,,,,,,,,,,,,,,,,,,,,,,primary_adjacent_gap,primary_adjacent_gap,ONC
ICLISTENHF6016_20251215T070000.000Z_gap_0002_60.0s_70.0s,/project/6070467/merileo/data/finwhales/final2025_resnet_20260423/multispecies_calltype_experiments/prep_runs/multispecies_prep_balanced100_availaudio_20260430T120219Z/ICLISTENHF6016_20251215T070000.000Z.flac,,,,,,10.000000,onc_primary_adjacent_gap,candidate_primary_adjacent_gap,/project/6070467/merileo/data/finwhales/final2025_resnet_20260423/multispecies_calltype_experiments/prep_runs/multispecies_prep_balanced100_availaudio_20260430T120219Z/ICLISTENHF6016_20251215T070000.000Z.flac,,,,1,test,,,,,/project/6070467/merileo/data/finwhales/final2025_resnet_20260423/multispecies_calltype_experiments/prep_runs/multispecies_prep_balanced100_availaudio_20260430T120219Z/ICLISTENHF6016_20251215T070000.000Z.flac,/project/6070467/merileo/data/finwhales/final2025_resnet_20260423/multispecies_calltype_experiments/prep_runs/multispecies_prep_balanced100_availaudio_20260430T120219Z/ICLISTENHF6016_20251215T070000.000Z.flac,60.000000,70.000000,,,,,,,,,,,,,,,,,,,,,,,,,primary_adjacent_gap,primary_adjacent_gap,ONC
ICLISTENHF6016_20251215T090000.000Z_gap_0000_0.0s_10.0s,/project/6070467/merileo/data/finwhales/final2025_resnet_20260423/multispecies_calltype_experiments/prep_runs/multispecies_prep_balanced100_availaudio_20260430T120219Z/ICLISTENHF6016_20251215T090000.000Z.flac,,,,,,10.000000,onc_primary_adjacent_gap,candidate_primary_adjacent_gap,/project/6070467/merileo/data/finwhales/final2025_resnet_20260423/multispecies_calltype_experiments/prep_runs/multispecies_prep_balanced100_availaudio_20260430T120219Z/ICLISTENHF6016_20251215T090000.000Z.flac,,,,1,train,,,,,/project/6070467/merileo/data/finwhales/final2025_resnet_20260423/multispecies_calltype_experiments/prep_runs/multispecies_prep_balanced100_availaudio_20260430T120219Z/ICLISTENHF6016_20251215T090000.000Z.flac,/project/6070467/merileo/data/finwhales/final2025_resnet_20260423/multispecies_calltype_experiments/prep_runs/multispecies_prep_balanced100_availaudio_20260430T120219Z/ICLISTENHF6016_20251215T090000.000Z.flac,0.000000,10.000000,,,,,,,,,,,,,,,,,,,,,,,,,primary_adjacent_gap,primary_adjacent_gap,ONC
ICLISTENHF6016_20251215T090000.000Z_gap_0001_30.0s_40.0s,/project/6070467/merileo/data/finwhales/final2025_resnet_20260423/multispecies_calltype_experiments/prep_runs/multispecies_prep_balanced100_availaudio_20260430T120219Z/ICLISTENHF6016_20251215T090000.000Z.flac,,,,,,10.000000,onc_primary_adjacent_gap,candidate_primary_adjacent_gap,/project/6070467/merileo/data/finwhales/final2025_resnet_20260423/multispecies_calltype_experiments/prep_runs/multispecies_prep_balanced100_availaudio_20260430T120219Z/ICLISTENHF6016_20251215T090000.000Z.flac,,,,1,train,,,,,/project/6070467/merileo/data/finwhales/final2025_resnet_20260423/multispecies_calltype_experiments/prep_runs/multispecies_prep_balanced100_availaudio_20260430T120219Z/ICLISTENHF6016_20251215T090000.000Z.flac,/project/6070467/merileo/data/finwhales/final2025_resnet_20260423/multispecies_calltype_experiments/prep_runs/multispecies_prep_balanced100_availaudio_20260430T120219Z/ICLISTENHF6016_20251215T090000.000Z.flac,30.000000,40.000000,,,,,,,,,,,,,,,,,,,,,,,,,primary_adjacent_gap,primary_adjacent_gap,ONC
ICLISTENHF6016_20251215T090000.000Z_gap_0002_60.0s_70.0s,/project/6070467/merileo/data/finwhales/final2025_resnet_20260423/multispecies_calltype_experiments/prep_runs/multispecies_prep_balanced100_availaudio_20260430T120219Z/ICLISTENHF6016_20251215T090000.000Z.flac,,,,,,10.000000,onc_primary_adjacent_gap,candidate_primary_adjacent_gap,/project/6070467/merileo/data/finwhales/final2025_resnet_20260423/multispecies_calltype_experiments/prep_runs/multispecies_prep_balanced100_availaudio_20260430T120219Z/ICLISTENHF6016_20251215T090000.000Z.flac,,,,1,train,,,,,/project/6070467/merileo/data/finwhales/final2025_resnet_20260423/multispecies_calltype_experiments/prep_runs/multispecies_prep_balanced100_availaudio_20260430T120219Z/ICLISTENHF6016_20251215T090000.000Z.flac,/project/6070467/merileo/data/finwhales/final2025_resnet_20260423/multispecies_calltype_experiments/prep_runs/multispecies_prep_balanced100_availaudio_20260430T120219Z/ICLISTENHF6016_20251215T090000.000Z.flac,60.000000,70.000000,,,,,,,,,,,,,,,,,,,,,,,,,primary_adjacent_gap,primary_adjacent_gap,ONC
ICLISTENHF6016_20251215T140000.000Z_gap_0000_0.0s_10.0s,/project/6070467/merileo/data/finwhales/final2025_resnet_20260423/multispecies_calltype_experiments/prep_runs/multispecies_prep_balanced100_availaudio_20260430T120219Z/ICLISTENHF6016_20251215T140000.000Z.flac,,,,,,10.000000,onc_primary_adjacent_gap,candidate_primary_adjacent_gap,/project/6070467/merileo/data/finwhales/final2025_resnet_20260423/multispecies_calltype_experiments/prep_runs/multispecies_prep_balanced100_availaudio_20260430T120219Z/ICLISTENHF6016_20251215T140000.000Z.flac,,,,1,train,,,,,/project/6070467/merileo/data/finwhales/final2025_resnet_20260423/multispecies_calltype_experiments/prep_runs/multispecies_prep_balanced100_availaudio_20260430T120219Z/ICLISTENHF6016_20251215T140000.000Z.flac,/project/6070467/merileo/data/finwhales/final2025_resnet_20260423/multispecies_calltype_experiments/prep_runs/multispecies_prep_balanced100_availaudio_20260430T120219Z/ICLISTENHF6016_20251215T140000.000Z.flac,0.000000,10.000000,,,,,,,,,,,,,,,,,,,,,,,,,primary_adjacent_gap,primary_adjacent_gap,ONC
ICLISTENHF6016_20251215T140000.000Z_gap_0001_30.0s_40.0s,/project/6070467/merileo/data/finwhales/final2025_resnet_20260423/multispecies_calltype_experiments/prep_runs/multispecies_prep_balanced100_availaudio_20260430T120219Z/ICLISTENHF6016_20251215T140000.000Z.flac,,,,,,10.000000,onc_primary_adjacent_gap,candidate_primary_adjacent_gap,/project/6070467/merileo/data/finwhales/final2025_resnet_20260423/multispecies_calltype_experiments/prep_runs/multispecies_prep_balanced100_availaudio_20260430T120219Z/ICLISTENHF6016_20251215T140000.000Z.flac,,,,1,train,,,,,/project/6070467/merileo/data/finwhales/final2025_resnet_20260423/multispecies_calltype_experiments/prep_runs/multispecies_prep_balanced100_availaudio_20260430T120219Z/ICLISTENHF6016_20251215T140000.000Z.flac,/project/6070467/merileo/data/finwhales/final2025_resnet_20260423/multispecies_calltype_experiments/prep_runs/multispecies_prep_balanced100_availaudio_20260430T120219Z/ICLISTENHF6016_20251215T140000.000Z.flac,30.000000,40.000000,,,,,,,,,,,,,,,,,,,,,,,,,primary_adjacent_gap,primary_adjacent_gap,ONC
ICLISTENHF6016_20251215T140000.000Z_gap_0002_60.0s_70.0s,/project/6070467/merileo/data/finwhales/final2025_resnet_20260423/multispecies_calltype_experiments/prep_runs/multispecies_prep_balanced100_availaudio_20260430T120219Z/ICLISTENHF6016_20251215T140000.000Z.flac,,,,,,10.000000,onc_primary_adjacent_gap,candidate_primary_adjacent_gap,/project/6070467/merileo/data/finwhales/final2025_resnet_20260423/multispecies_calltype_experiments/prep_runs/multispecies_prep_balanced100_availaudio_20260430T120219Z/ICLISTENHF6016_20251215T140000.000Z.flac,,,,1,train,,,,,/project/6070467/merileo/data/finwhales/final2025_resnet_20260423/multispecies_calltype_experiments/prep_runs/multispecies_prep_balanced100_availaudio_20260430T120219Z/ICLISTENHF6016_20251215T140000.000Z.flac,/project/6070467/merileo/data/finwhales/final2025_resnet_20260423/multispecies_calltype_experiments/prep_runs/multispecies_prep_balanced100_availaudio_20260430T120219Z/ICLISTENHF6016_20251215T140000.000Z.flac,60.000000,70.000000,,,,,,,,,,,,,,,,,,,,,,,,,primary_adjacent_gap,primary_adjacent_gap,ONC
ICLISTENHF6016_20251215T150000.000Z_gap_0000_0.0s_10.0s,/project/6070467/merileo/data/finwhales/final2025_resnet_20260423/multispecies_calltype_experiments/prep_runs/multispecies_prep_balanced100_availaudio_20260430T120219Z/ICLISTENHF6016_20251215T150000.000Z.flac,,,,,,10.000000,onc_primary_adjacent_gap,candidate_primary_adjacent_gap,/project/6070467/merileo/data/finwhales/final2025_resnet_20260423/multispecies_calltype_experiments/prep_runs/multispecies_prep_balanced100_availaudio_20260430T120219Z/ICLISTENHF6016_20251215T150000.000Z.flac,,,,1,train,,,,,/project/6070467/merileo/data/finwhales/final2025_resnet_20260423/multispecies_calltype_experiments/prep_runs/multispecies_prep_balanced100_availaudio_20260430T120219Z/ICLISTENHF6016_20251215T150000.000Z.flac,/project/6070467/merileo/data/finwhales/final2025_resnet_20260423/multispecies_calltype_experiments/prep_runs/multispecies_prep_balanced100_availaudio_20260430T120219Z/ICLISTENHF6016_20251215T150000.000Z.flac,0.000000,10.000000,,,,,,,,,,,,,,,,,,,,,,,,,primary_adjacent_gap,primary_adjacent_gap,ONC
ICLISTENHF6016_20251215T150000.000Z_gap_0001_30.0s_40.0s,/project/6070467/merileo/data/finwhales/final2025_resnet_20260423/multispecies_calltype_experiments/prep_runs/multispecies_prep_balanced100_availaudio_20260430T120219Z/ICLISTENHF6016_20251215T150000.000Z.flac,,,,,,10.000000,onc_primary_adjacent_gap,candidate_primary_adjacent_gap,/project/6070467/merileo/data/finwhales/final2025_resnet_20260423/multispecies_calltype_experiments/prep_runs/multispecies_prep_balanced100_availaudio_20260430T120219Z/ICLISTENHF6016_20251215T150000.000Z.flac,,,,1,train,,,,,/project/6070467/merileo/data/finwhales/final2025_resnet_20260423/multispecies_calltype_experiments/prep_runs/multispecies_prep_balanced100_availaudio_20260430T120219Z/ICLISTENHF6016_20251215T150000.000Z.flac,/project/6070467/merileo/data/finwhales/final2025_resnet_20260423/multispecies_calltype_experiments/prep_runs/multispecies_prep_balanced100_availaudio_20260430T120219Z/ICLISTENHF6016_20251215T150000.000Z.flac,30.000000,40.000000,,,,,,,,,,,,,,,,,,,,,,,,,primary_adjacent_gap,primary_adjacent_gap,ONC
ICLISTENHF6016_20251215T150000.000Z_gap_0002_60.0s_70.0s,/project/6070467/merileo/data/finwhales/final2025_resnet_20260423/multispecies_calltype_experiments/prep_runs/multispecies_prep_balanced100_availaudio_20260430T120219Z/ICLISTENHF6016_20251215T150000.000Z.flac,,,,,,10.000000,onc_primary_adjacent_gap,candidate_primary_adjacent_gap,/project/6070467/merileo/data/finwhales/final2025_resnet_20260423/multispecies_calltype_experiments/prep_runs/multispecies_prep_balanced100_availaudio_20260430T120219Z/ICLISTENHF6016_20251215T150000.000Z.flac,,,,1,train,,,,,/project/6070467/merileo/data/finwhales/final2025_resnet_20260423/multispecies_calltype_experiments/prep_runs/multispecies_prep_balanced100_availaudio_20260430T120219Z/ICLISTENHF6016_20251215T150000.000Z.flac,/project/6070467/merileo/data/finwhales/final2025_resnet_20260423/multispecies_calltype_experiments/prep_runs/multispecies_prep_balanced100_availaudio_20260430T120219Z/ICLISTENHF6016_20251215T150000.000Z.flac,60.000000,70.000000,,,,,,,,,,,,,,,,,,,,,,,,,primary_adjacent_gap,primary_adjacent_gap,ONC
ICLISTENHF6016_20251215T200000.000Z_gap_0000_0.0s_10.0s,/project/6070467/merileo/data/finwhales/final2025_resnet_20260423/multispecies_calltype_experiments/prep_runs/multispecies_prep_balanced100_availaudio_20260430T120219Z/ICLISTENHF6016_20251215T200000.000Z.flac,,,,,,10.000000,onc_primary_adjacent_gap,candidate_primary_adjacent_gap,/project/6070467/merileo/data/finwhales/final2025_resnet_20260423/multispecies_calltype_experiments/prep_runs/multispecies_prep_balanced100_availaudio_20260430T120219Z/ICLISTENHF6016_20251215T200000.000Z.flac,,,,1,test,,,,,/project/6070467/merileo/data/finwhales/final2025_resnet_20260423/multispecies_calltype_experiments/prep_runs/multispecies_prep_balanced100_availaudio_20260430T120219Z/ICLISTENHF6016_20251215T200000.000Z.flac,/project/6070467/merileo/data/finwhales/final2025_resnet_20260423/multispecies_calltype_experiments/prep_runs/multispecies_prep_balanced100_availaudio_20260430T120219Z/ICLISTENHF6016_20251215T200000.000Z.flac,0.000000,10.000000,,,,,,,,,,,,,,,,,,,,,,,,,primary_adjacent_gap,primary_adjacent_gap,ONC
ICLISTENHF6016_20251215T200000.000Z_gap_0001_30.0s_40.0s,/project/6070467/merileo/data/finwhales/final2025_resnet_20260423/multispecies_calltype_experiments/prep_runs/multispecies_prep_balanced100_availaudio_20260430T120219Z/ICLISTENHF6016_20251215T200000.000Z.flac,,,,,,10.000000,onc_primary_adjacent_gap,candidate_primary_adjacent_gap,/project/6070467/merileo/data/finwhales/final2025_resnet_20260423/multispecies_calltype_experiments/prep_runs/multispecies_prep_balanced100_availaudio_20260430T120219Z/ICLISTENHF6016_20251215T200000.000Z.flac,,,,1,test,,,,,/project/6070467/merileo/data/finwhales/final2025_resnet_20260423/multispecies_calltype_experiments/prep_runs/multispecies_prep_balanced100_availaudio_20260430T120219Z/ICLISTENHF6016_20251215T200000.000Z.flac,/project/6070467/merileo/data/finwhales/final2025_resnet_20260423/multispecies_calltype_experiments/prep_runs/multispecies_prep_balanced100_availaudio_20260430T120219Z/ICLISTENHF6016_20251215T200000.000Z.flac,30.000000,40.000000,,,,,,,,,,,,,,,,,,,,,,,,,primary_adjacent_gap,primary_adjacent_gap,ONC
ICLISTENHF6016_20251215T200000.000Z_gap_0002_60.0s_70.0s,/project/6070467/merileo/data/finwhales/final2025_resnet_20260423/multispecies_calltype_experiments/prep_runs/multispecies_prep_balanced100_availaudio_20260430T120219Z/ICLISTENHF6016_20251215T200000.000Z.flac,,,,,,10.000000,onc_primary_adjacent_gap,candidate_primary_adjacent_gap,/project/6070467/merileo/data/finwhales/final2025_resnet_20260423/multispecies_calltype_experiments/prep_runs/multispecies_prep_balanced100_availaudio_20260430T120219Z/ICLISTENHF6016_20251215T200000.000Z.flac,,,,1,test,,,,,/project/6070467/merileo/data/finwhales/final2025_resnet_20260423/multispecies_calltype_experiments/prep_runs/multispecies_prep_balanced100_availaudio_20260430T120219Z/ICLISTENHF6016_20251215T200000.000Z.flac,/project/6070467/merileo/data/finwhales/final2025_resnet_20260423/multispecies_calltype_experiments/prep_runs/multispecies_prep_balanced100_availaudio_20260430T120219Z/ICLISTENHF6016_20251215T200000.000Z.flac,60.000000,70.000000,,,,,,,,,,,,,,,,,,,,,,,,,primary_adjacent_gap,primary_adjacent_gap,ONC
ICLISTENHF6016_20251220T010000.000Z_gap_0000_0.0s_10.0s,/project/6070467/merileo/data/finwhales/final2025_resnet_20260423/multispecies_calltype_experiments/prep_runs/multispecies_prep_balanced100_availaudio_20260430T120219Z/ICLISTENHF6016_20251220T010000.000Z.flac,,,,,,10.000000,onc_primary_adjacent_gap,candidate_primary_adjacent_gap,/project/6070467/merileo/data/finwhales/final2025_resnet_20260423/multispecies_calltype_experiments/prep_runs/multispecies_prep_balanced100_availaudio_20260430T120219Z/ICLISTENHF6016_20251220T010000.000Z.flac,,,,1,train,,,,,/project/6070467/merileo/data/finwhales/final2025_resnet_20260423/multispecies_calltype_experiments/prep_runs/multispecies_prep_balanced100_availaudio_20260430T120219Z/ICLISTENHF6016_20251220T010000.000Z.flac,/project/6070467/merileo/data/finwhales/final2025_resnet_20260423/multispecies_calltype_experiments/prep_runs/multispecies_prep_balanced100_availaudio_20260430T120219Z/ICLISTENHF6016_20251220T010000.000Z.flac,0.000000,10.000000,,,,,,,,,,,,,,,,,,,,,,,,,primary_adjacent_gap,primary_adjacent_gap,ONC
ICLISTENHF6016_20251220T010000.000Z_gap_0001_30.0s_40.0s,/project/6070467/merileo/data/finwhales/final2025_resnet_20260423/multispecies_calltype_experiments/prep_runs/multispecies_prep_balanced100_availaudio_20260430T120219Z/ICLISTENHF6016_20251220T010000.000Z.flac,,,,,,10.000000,onc_primary_adjacent_gap,candidate_primary_adjacent_gap,/project/6070467/merileo/data/finwhales/final2025_resnet_20260423/multispecies_calltype_experiments/prep_runs/multispecies_prep_balanced100_availaudio_20260430T120219Z/ICLISTENHF6016_20251220T010000.000Z.flac,,,,1,train,,,,,/project/6070467/merileo/data/finwhales/final2025_resnet_20260423/multispecies_calltype_experiments/prep_runs/multispecies_prep_balanced100_availaudio_20260430T120219Z/ICLISTENHF6016_20251220T010000.000Z.flac,/project/6070467/merileo/data/finwhales/final2025_resnet_20260423/multispecies_calltype_experiments/prep_runs/multispecies_prep_balanced100_availaudio_20260430T120219Z/ICLISTENHF6016_20251220T010000.000Z.flac,30.000000,40.000000,,,,,,,,,,,,,,,,,,,,,,,,,primary_adjacent_gap,primary_adjacent_gap,ONC
ICLISTENHF6016_20251220T010000.000Z_gap_0002_60.0s_70.0s,/project/6070467/merileo/data/finwhales/final2025_resnet_20260423/multispecies_calltype_experiments/prep_runs/multispecies_prep_balanced100_availaudio_20260430T120219Z/ICLISTENHF6016_20251220T010000.000Z.flac,,,,,,10.000000,onc_primary_adjacent_gap,candidate_primary_adjacent_gap,/project/6070467/merileo/data/finwhales/final2025_resnet_20260423/multispecies_calltype_experiments/prep_runs/multispecies_prep_balanced100_availaudio_20260430T120219Z/ICLISTENHF6016_20251220T010000.000Z.flac,,,,1,train,,,,,/project/6070467/merileo/data/finwhales/final2025_resnet_20260423/multispecies_calltype_experiments/prep_runs/multispecies_prep_balanced100_availaudio_20260430T120219Z/ICLISTENHF6016_20251220T010000.000Z.flac,/project/6070467/merileo/data/finwhales/final2025_resnet_20260423/multispecies_calltype_experiments/prep_runs/multispecies_prep_balanced100_availaudio_20260430T120219Z/ICLISTENHF6016_20251220T010000.000Z.flac,60.000000,70.000000,,,,,,,,,,,,,,,,,,,,,,,,,primary_adjacent_gap,primary_adjacent_gap,ONC
ICLISTENHF6016_20251220T050000.000Z_gap_0000_0.0s_10.0s,/project/6070467/merileo/data/finwhales/final2025_resnet_20260423/multispecies_calltype_experiments/prep_runs/multispecies_prep_balanced100_availaudio_20260430T120219Z/ICLISTENHF6016_20251220T050000.000Z.flac,,,,,,10.000000,onc_primary_adjacent_gap,candidate_primary_adjacent_gap,/project/6070467/merileo/data/finwhales/final2025_resnet_20260423/multispecies_calltype_experiments/prep_runs/multispecies_prep_balanced100_availaudio_20260430T120219Z/ICLISTENHF6016_20251220T050000.000Z.flac,,,,1,train,,,,,/project/6070467/merileo/data/finwhales/final2025_resnet_20260423/multispecies_calltype_experiments/prep_runs/multispecies_prep_balanced100_availaudio_20260430T120219Z/ICLISTENHF6016_20251220T050000.000Z.flac,/project/6070467/merileo/data/finwhales/final2025_resnet_20260423/multispecies_calltype_experiments/prep_runs/multispecies_prep_balanced100_availaudio_20260430T120219Z/ICLISTENHF6016_20251220T050000.000Z.flac,0.000000,10.000000,,,,,,,,,,,,,,,,,,,,,,,,,primary_adjacent_gap,primary_adjacent_gap,ONC
ICLISTENHF6016_20251220T050000.000Z_gap_0001_6.1s_16.1s,/project/6070467/merileo/data/finwhales/final2025_resnet_20260423/multispecies_calltype_experiments/prep_runs/multispecies_prep_balanced100_availaudio_20260430T120219Z/ICLISTENHF6016_20251220T050000.000Z.flac,,,,,,10.000000,onc_primary_adjacent_gap,candidate_primary_adjacent_gap,/project/6070467/merileo/data/finwhales/final2025_resnet_20260423/multispecies_calltype_experiments/prep_runs/multispecies_prep_balanced100_availaudio_20260430T120219Z/ICLISTENHF6016_20251220T050000.000Z.flac,,,,1,train,,,,,/project/6070467/merileo/data/finwhales/final2025_resnet_20260423/multispecies_calltype_experiments/prep_runs/multispecies_prep_balanced100_availaudio_20260430T120219Z/ICLISTENHF6016_20251220T050000.000Z.flac,/project/6070467/merileo/data/finwhales/final2025_resnet_20260423/multispecies_calltype_experiments/prep_runs/multispecies_prep_balanced100_availaudio_20260430T120219Z/ICLISTENHF6016_20251220T050000.000Z.flac,6.100000,16.100000,,,,,,,,,,,,,,,,,,,,,,,,,primary_adjacent_gap,primary_adjacent_gap,ONC
ICLISTENHF6016_20251220T050000.000Z_gap_0002_37.6s_47.6s,/project/6070467/merileo/data/finwhales/final2025_resnet_20260423/multispecies_calltype_experiments/prep_runs/multispecies_prep_balanced100_availaudio_20260430T120219Z/ICLISTENHF6016_20251220T050000.000Z.flac,,,,,,10.000000,onc_primary_adjacent_gap,candidate_primary_adjacent_gap,/project/6070467/merileo/data/finwhales/final2025_resnet_20260423/multispecies_calltype_experiments/prep_runs/multispecies_prep_balanced100_availaudio_20260430T120219Z/ICLISTENHF6016_20251220T050000.000Z.flac,,,,1,train,,,,,/project/6070467/merileo/data/finwhales/final2025_resnet_20260423/multispecies_calltype_experiments/prep_runs/multispecies_prep_balanced100_availaudio_20260430T120219Z/ICLISTENHF6016_20251220T050000.000Z.flac,/project/6070467/merileo/data/finwhales/final2025_resnet_20260423/multispecies_calltype_experiments/prep_runs/multispecies_prep_balanced100_availaudio_20260430T120219Z/ICLISTENHF6016_20251220T050000.000Z.flac,37.600000,47.600000,,,,,,,,,,,,,,,,,,,,,,,,,primary_adjacent_gap,primary_adjacent_gap,ONC
ICLISTENHF6016_20251220T070000.000Z_gap_0000_0.0s_10.0s,/project/6070467/merileo/data/finwhales/final2025_resnet_20260423/multispecies_calltype_experiments/prep_runs/multispecies_prep_balanced100_availaudio_20260430T120219Z/ICLISTENHF6016_20251220T070000.000Z.flac,,,,,,10.000000,onc_primary_adjacent_gap,candidate_primary_adjacent_gap,/project/6070467/merileo/data/finwhales/final2025_resnet_20260423/multispecies_calltype_experiments/prep_runs/multispecies_prep_balanced100_availaudio_20260430T120219Z/ICLISTENHF6016_20251220T070000.000Z.flac,,,,1,test,,,,,/project/6070467/merileo/data/finwhales/final2025_resnet_20260423/multispecies_calltype_experiments/prep_runs/multispecies_prep_balanced100_availaudio_20260430T120219Z/ICLISTENHF6016_20251220T070000.000Z.flac,/project/6070467/merileo/data/finwhales/final2025_resnet_20260423/multispecies_calltype_experiments/prep_runs/multispecies_prep_balanced100_availaudio_20260430T120219Z/ICLISTENHF6016_20251220T070000.000Z.flac,0.000000,10.000000,,,,,,,,,,,,,,,,,,,,,,,,,primary_adjacent_gap,primary_adjacent_gap,ONC
ICLISTENHF6016_20251220T070000.000Z_gap_0001_6.9s_16.9s,/project/6070467/merileo/data/finwhales/final2025_resnet_20260423/multispecies_calltype_experiments/prep_runs/multispecies_prep_balanced100_availaudio_20260430T120219Z/ICLISTENHF6016_20251220T070000.000Z.flac,,,,,,10.000000,onc_primary_adjacent_gap,candidate_primary_adjacent_gap,/project/6070467/merileo/data/finwhales/final2025_resnet_20260423/multispecies_calltype_experiments/prep_runs/multispecies_prep_balanced100_availaudio_20260430T120219Z/ICLISTENHF6016_20251220T070000.000Z.flac,,,,1,test,,,,,/project/6070467/merileo/data/finwhales/final2025_resnet_20260423/multispecies_calltype_experiments/prep_runs/multispecies_prep_balanced100_availaudio_20260430T120219Z/ICLISTENHF6016_20251220T070000.000Z.flac,/project/6070467/merileo/data/finwhales/final2025_resnet_20260423/multispecies_calltype_experiments/prep_runs/multispecies_prep_balanced100_availaudio_20260430T120219Z/ICLISTENHF6016_20251220T070000.000Z.flac,6.900000,16.900000,,,,,,,,,,,,,,,,,,,,,,,,,primary_adjacent_gap,primary_adjacent_gap,ONC
ICLISTENHF6016_20251220T070000.000Z_gap_0002_27.4s_37.4s,/project/6070467/merileo/data/finwhales/final2025_resnet_20260423/multispecies_calltype_experiments/prep_runs/multispecies_prep_balanced100_availaudio_20260430T120219Z/ICLISTENHF6016_20251220T070000.000Z.flac,,,,,,10.000000,onc_primary_adjacent_gap,candidate_primary_adjacent_gap,/project/6070467/merileo/data/finwhales/final2025_resnet_20260423/multispecies_calltype_experiments/prep_runs/multispecies_prep_balanced100_availaudio_20260430T120219Z/ICLISTENHF6016_20251220T070000.000Z.flac,,,,1,test,,,,,/project/6070467/merileo/data/finwhales/final2025_resnet_20260423/multispecies_calltype_experiments/prep_runs/multispecies_prep_balanced100_availaudio_20260430T120219Z/ICLISTENHF6016_20251220T070000.000Z.flac,/project/6070467/merileo/data/finwhales/final2025_resnet_20260423/multispecies_calltype_experiments/prep_runs/multispecies_prep_balanced100_availaudio_20260430T120219Z/ICLISTENHF6016_20251220T070000.000Z.flac,27.400000,37.400000,,,,,,,,,,,,,,,,,,,,,,,,,primary_adjacent_gap,primary_adjacent_gap,ONC
ICLISTENHF6016_20251220T080000.000Z_gap_0000_0.0s_10.0s,/project/6070467/merileo/data/finwhales/final2025_resnet_20260423/multispecies_calltype_experiments/prep_runs/multispecies_prep_balanced100_availaudio_20260430T120219Z/ICLISTENHF6016_20251220T080000.000Z.flac,,,,,,10.000000,onc_primary_adjacent_gap,candidate_primary_adjacent_gap,/project/6070467/merileo/data/finwhales/final2025_resnet_20260423/multispecies_calltype_experiments/prep_runs/multispecies_prep_balanced100_availaudio_20260430T120219Z/ICLISTENHF6016_20251220T080000.000Z.flac,,,,1,train,,,,,/project/6070467/merileo/data/finwhales/final2025_resnet_20260423/multispecies_calltype_experiments/prep_runs/multispecies_prep_balanced100_availaudio_20260430T120219Z/ICLISTENHF6016_20251220T080000.000Z.flac,/project/6070467/merileo/data/finwhales/final2025_resnet_20260423/multispecies_calltype_experiments/prep_runs/multispecies_prep_balanced100_availaudio_20260430T120219Z/ICLISTENHF6016_20251220T080000.000Z.flac,0.000000,10.000000,,,,,,,,,,,,,,,,,,,,,,,,,primary_adjacent_gap,primary_adjacent_gap,ONC
ICLISTENHF6016_20251220T080000.000Z_gap_0001_30.0s_40.0s,/project/6070467/merileo/data/finwhales/final2025_resnet_20260423/multispecies_calltype_experiments/prep_runs/multispecies_prep_balanced100_availaudio_20260430T120219Z/ICLISTENHF6016_20251220T080000.000Z.flac,,,,,,10.000000,onc_primary_adjacent_gap,candidate_primary_adjacent_gap,/project/6070467/merileo/data/finwhales/final2025_resnet_20260423/multispecies_calltype_experiments/prep_runs/multispecies_prep_balanced100_availaudio_20260430T120219Z/ICLISTENHF6016_20251220T080000.000Z.flac,,,,1,train,,,,,/project/6070467/merileo/data/finwhales/final2025_resnet_20260423/multispecies_calltype_experiments/prep_runs/multispecies_prep_balanced100_availaudio_20260430T120219Z/ICLISTENHF6016_20251220T080000.000Z.flac,/project/6070467/merileo/data/finwhales/final2025_resnet_20260423/multispecies_calltype_experiments/prep_runs/multispecies_prep_balanced100_availaudio_20260430T120219Z/ICLISTENHF6016_20251220T080000.000Z.flac,30.000000,40.000000,,,,,,,,,,,,,,,,,,,,,,,,,primary_adjacent_gap,primary_adjacent_gap,ONC
ICLISTENHF6016_20251220T080000.000Z_gap_0002_60.0s_70.0s,/project/6070467/merileo/data/finwhales/final2025_resnet_20260423/multispecies_calltype_experiments/prep_runs/multispecies_prep_balanced100_availaudio_20260430T120219Z/ICLISTENHF6016_20251220T080000.000Z.flac,,,,,,10.000000,onc_primary_adjacent_gap,candidate_primary_adjacent_gap,/project/6070467/merileo/data/finwhales/final2025_resnet_20260423/multispecies_calltype_experiments/prep_runs/multispecies_prep_balanced100_availaudio_20260430T120219Z/ICLISTENHF6016_20251220T080000.000Z.flac,,,,1,train,,,,,/project/6070467/merileo/data/finwhales/final2025_resnet_20260423/multispecies_calltype_experiments/prep_runs/multispecies_prep_balanced100_availaudio_20260430T120219Z/ICLISTENHF6016_20251220T080000.000Z.flac,/project/6070467/merileo/data/finwhales/final2025_resnet_20260423/multispecies_calltype_experiments/prep_runs/multispecies_prep_balanced100_availaudio_20260430T120219Z/ICLISTENHF6016_20251220T080000.000Z.flac,60.000000,70.000000,,,,,,,,,,,,,,,,,,,,,,,,,primary_adjacent_gap,primary_adjacent_gap,ONC
ICLISTENHF6016_20251220T100000.000Z_gap_0000_0.0s_10.0s,/project/6070467/merileo/data/finwhales/final2025_resnet_20260423/multispecies_calltype_experiments/prep_runs/multispecies_prep_balanced100_availaudio_20260430T120219Z/ICLISTENHF6016_20251220T100000.000Z.flac,,,,,,10.000000,onc_primary_adjacent_gap,candidate_primary_adjacent_gap,/project/6070467/merileo/data/finwhales/final2025_resnet_20260423/multispecies_calltype_experiments/prep_runs/multispecies_prep_balanced100_availaudio_20260430T120219Z/ICLISTENHF6016_20251220T100000.000Z.flac,,,,1,train,,,,,/project/6070467/merileo/data/finwhales/final2025_resnet_20260423/multispecies_calltype_experiments/prep_runs/multispecies_prep_balanced100_availaudio_20260430T120219Z/ICLISTENHF6016_20251220T100000.000Z.flac,/project/6070467/merileo/data/finwhales/final2025_resnet_20260423/multispecies_calltype_experiments/prep_runs/multispecies_prep_balanced100_availaudio_20260430T120219Z/ICLISTENHF6016_20251220T100000.000Z.flac,0.000000,10.000000,,,,,,,,,,,,,,,,,,,,,,,,,primary_adjacent_gap,primary_adjacent_gap,ONC
ICLISTENHF6016_20251220T100000.000Z_gap_0001_30.0s_40.0s,/project/6070467/merileo/data/finwhales/final2025_resnet_20260423/multispecies_calltype_experiments/prep_runs/multispecies_prep_balanced100_availaudio_20260430T120219Z/ICLISTENHF6016_20251220T100000.000Z.flac,,,,,,10.000000,onc_primary_adjacent_gap,candidate_primary_adjacent_gap,/project/6070467/merileo/data/finwhales/final2025_resnet_20260423/multispecies_calltype_experiments/prep_runs/multispecies_prep_balanced100_availaudio_20260430T120219Z/ICLISTENHF6016_20251220T100000.000Z.flac,,,,1,train,,,,,/project/6070467/merileo/data/finwhales/final2025_resnet_20260423/multispecies_calltype_experiments/prep_runs/multispecies_prep_balanced100_availaudio_20260430T120219Z/ICLISTENHF6016_20251220T100000.000Z.flac,/project/6070467/merileo/data/finwhales/final2025_resnet_20260423/multispecies_calltype_experiments/prep_runs/multispecies_prep_balanced100_availaudio_20260430T120219Z/ICLISTENHF6016_20251220T100000.000Z.flac,30.000000,40.000000,,,,,,,,,,,,,,,,,,,,,,,,,primary_adjacent_gap,primary_adjacent_gap,ONC
ICLISTENHF6016_20251220T100000.000Z_gap_0002_60.0s_70.0s,/project/6070467/merileo/data/finwhales/final2025_resnet_20260423/multispecies_calltype_experiments/prep_runs/multispecies_prep_balanced100_availaudio_20260430T120219Z/ICLISTENHF6016_20251220T100000.000Z.flac,,,,,,10.000000,onc_primary_adjacent_gap,candidate_primary_adjacent_gap,/project/6070467/merileo/data/finwhales/final2025_resnet_20260423/multispecies_calltype_experiments/prep_runs/multispecies_prep_balanced100_availaudio_20260430T120219Z/ICLISTENHF6016_20251220T100000.000Z.flac,,,,1,train,,,,,/project/6070467/merileo/data/finwhales/final2025_resnet_20260423/multispecies_calltype_experiments/prep_runs/multispecies_prep_balanced100_availaudio_20260430T120219Z/ICLISTENHF6016_20251220T100000.000Z.flac,/project/6070467/merileo/data/finwhales/final2025_resnet_20260423/multispecies_calltype_experiments/prep_runs/multispecies_prep_balanced100_availaudio_20260430T120219Z/ICLISTENHF6016_20251220T100000.000Z.flac,60.000000,70.000000,,,,,,,,,,,,,,,,,,,,,,,,,primary_adjacent_gap,primary_adjacent_gap,ONC
ICLISTENHF6016_20251220T110000.000Z_gap_0000_22.3s_32.3s,/project/6070467/merileo/data/finwhales/final2025_resnet_20260423/multispecies_calltype_experiments/prep_runs/multispecies_prep_balanced100_availaudio_20260430T120219Z/ICLISTENHF6016_20251220T110000.000Z.flac,,,,,,10.000000,onc_primary_adjacent_gap,candidate_primary_adjacent_gap,/project/6070467/merileo/data/finwhales/final2025_resnet_20260423/multispecies_calltype_experiments/prep_runs/multispecies_prep_balanced100_availaudio_20260430T120219Z/ICLISTENHF6016_20251220T110000.000Z.flac,,,,1,test,,,,,/project/6070467/merileo/data/finwhales/final2025_resnet_20260423/multispecies_calltype_experiments/prep_runs/multispecies_prep_balanced100_availaudio_20260430T120219Z/ICLISTENHF6016_20251220T110000.000Z.flac,/project/6070467/merileo/data/finwhales/final2025_resnet_20260423/multispecies_calltype_experiments/prep_runs/multispecies_prep_balanced100_availaudio_20260430T120219Z/ICLISTENHF6016_20251220T110000.000Z.flac,22.300000,32.300000,,,,,,,,,,,,,,,,,,,,,,,,,primary_adjacent_gap,primary_adjacent_gap,ONC
ICLISTENHF6016_20251220T110000.000Z_gap_0001_52.3s_62.3s,/project/6070467/merileo/data/finwhales/final2025_resnet_20260423/multispecies_calltype_experiments/prep_runs/multispecies_prep_balanced100_availaudio_20260430T120219Z/ICLISTENHF6016_20251220T110000.000Z.flac,,,,,,10.000000,onc_primary_adjacent_gap,candidate_primary_adjacent_gap,/project/6070467/merileo/data/finwhales/final2025_resnet_20260423/multispecies_calltype_experiments/prep_runs/multispecies_prep_balanced100_availaudio_20260430T120219Z/ICLISTENHF6016_20251220T110000.000Z.flac,,,,1,test,,,,,/project/6070467/merileo/data/finwhales/final2025_resnet_20260423/multispecies_calltype_experiments/prep_runs/multispecies_prep_balanced100_availaudio_20260430T120219Z/ICLISTENHF6016_20251220T110000.000Z.flac,/project/6070467/merileo/data/finwhales/final2025_resnet_20260423/multispecies_calltype_experiments/prep_runs/multispecies_prep_balanced100_availaudio_20260430T120219Z/ICLISTENHF6016_20251220T110000.000Z.flac,52.300000,62.300000,,,,,,,,,,,,,,,,,,,,,,,,,primary_adjacent_gap,primary_adjacent_gap,ONC
ICLISTENHF6016_20251220T110000.000Z_gap_0002_82.3s_92.3s,/project/6070467/merileo/data/finwhales/final2025_resnet_20260423/multispecies_calltype_experiments/prep_runs/multispecies_prep_balanced100_availaudio_20260430T120219Z/ICLISTENHF6016_20251220T110000.000Z.flac,,,,,,10.000000,onc_primary_adjacent_gap,candidate_primary_adjacent_gap,/project/6070467/merileo/data/finwhales/final2025_resnet_20260423/multispecies_calltype_experiments/prep_runs/multispecies_prep_balanced100_availaudio_20260430T120219Z/ICLISTENHF6016_20251220T110000.000Z.flac,,,,1,test,,,,,/project/6070467/merileo/data/finwhales/final2025_resnet_20260423/multispecies_calltype_experiments/prep_runs/multispecies_prep_balanced100_availaudio_20260430T120219Z/ICLISTENHF6016_20251220T110000.000Z.flac,/project/6070467/merileo/data/finwhales/final2025_resnet_20260423/multispecies_calltype_experiments/prep_runs/multispecies_prep_balanced100_availaudio_20260430T120219Z/ICLISTENHF6016_20251220T110000.000Z.flac,82.300000,92.300000,,,,,,,,,,,,,,,,,,,,,,,,,primary_adjacent_gap,primary_adjacent_gap,ONC
ICLISTENHF6016_20251220T120000.000Z_gap_0000_0.0s_10.0s,/project/6070467/merileo/data/finwhales/final2025_resnet_20260423/multispecies_calltype_experiments/prep_runs/multispecies_prep_balanced100_availaudio_20260430T120219Z/ICLISTENHF6016_20251220T120000.000Z.flac,,,,,,10.000000,onc_primary_adjacent_gap,candidate_primary_adjacent_gap,/project/6070467/merileo/data/finwhales/final2025_resnet_20260423/multispecies_calltype_experiments/prep_runs/multispecies_prep_balanced100_availaudio_20260430T120219Z/ICLISTENHF6016_20251220T120000.000Z.flac,,,,1,val,,,,,/project/6070467/merileo/data/finwhales/final2025_resnet_20260423/multispecies_calltype_experiments/prep_runs/multispecies_prep_balanced100_availaudio_20260430T120219Z/ICLISTENHF6016_20251220T120000.000Z.flac,/project/6070467/merileo/data/finwhales/final2025_resnet_20260423/multispecies_calltype_experiments/prep_runs/multispecies_prep_balanced100_availaudio_20260430T120219Z/ICLISTENHF6016_20251220T120000.000Z.flac,0.000000,10.000000,,,,,,,,,,,,,,,,,,,,,,,,,primary_adjacent_gap,primary_adjacent_gap,ONC
ICLISTENHF6016_20251220T120000.000Z_gap_0001_30.0s_40.0s,/project/6070467/merileo/data/finwhales/final2025_resnet_20260423/multispecies_calltype_experiments/prep_runs/multispecies_prep_balanced100_availaudio_20260430T120219Z/ICLISTENHF6016_20251220T120000.000Z.flac,,,,,,10.000000,onc_primary_adjacent_gap,candidate_primary_adjacent_gap,/project/6070467/merileo/data/finwhales/final2025_resnet_20260423/multispecies_calltype_experiments/prep_runs/multispecies_prep_balanced100_availaudio_20260430T120219Z/ICLISTENHF6016_20251220T120000.000Z.flac,,,,1,val,,,,,/project/6070467/merileo/data/finwhales/final2025_resnet_20260423/multispecies_calltype_experiments/prep_runs/multispecies_prep_balanced100_availaudio_20260430T120219Z/ICLISTENHF6016_20251220T120000.000Z.flac,/project/6070467/merileo/data/finwhales/final2025_resnet_20260423/multispecies_calltype_experiments/prep_runs/multispecies_prep_balanced100_availaudio_20260430T120219Z/ICLISTENHF6016_20251220T120000.000Z.flac,30.000000,40.000000,,,,,,,,,,,,,,,,,,,,,,,,,primary_adjacent_gap,primary_adjacent_gap,ONC
ICLISTENHF6016_20251220T120000.000Z_gap_0002_60.0s_70.0s,/project/6070467/merileo/data/finwhales/final2025_resnet_20260423/multispecies_calltype_experiments/prep_runs/multispecies_prep_balanced100_availaudio_20260430T120219Z/ICLISTENHF6016_20251220T120000.000Z.flac,,,,,,10.000000,onc_primary_adjacent_gap,candidate_primary_adjacent_gap,/project/6070467/merileo/data/finwhales/final2025_resnet_20260423/multispecies_calltype_experiments/prep_runs/multispecies_prep_balanced100_availaudio_20260430T120219Z/ICLISTENHF6016_20251220T120000.000Z.flac,,,,1,val,,,,,/project/6070467/merileo/data/finwhales/final2025_resnet_20260423/multispecies_calltype_experiments/prep_runs/multispecies_prep_balanced100_availaudio_20260430T120219Z/ICLISTENHF6016_20251220T120000.000Z.flac,/project/6070467/merileo/data/finwhales/final2025_resnet_20260423/multispecies_calltype_experiments/prep_runs/multispecies_prep_balanced100_availaudio_20260430T120219Z/ICLISTENHF6016_20251220T120000.000Z.flac,60.000000,70.000000,,,,,,,,,,,,,,,,,,,,,,,,,primary_adjacent_gap,primary_adjacent_gap,ONC
ICLISTENHF6016_20251220T130000.000Z_gap_0000_0.0s_10.0s,/project/6070467/merileo/data/finwhales/final2025_resnet_20260423/multispecies_calltype_experiments/prep_runs/multispecies_prep_balanced100_availaudio_20260430T120219Z/ICLISTENHF6016_20251220T130000.000Z.flac,,,,,,10.000000,onc_primary_adjacent_gap,candidate_primary_adjacent_gap,/project/6070467/merileo/data/finwhales/final2025_resnet_20260423/multispecies_calltype_experiments/prep_runs/multispecies_prep_balanced100_availaudio_20260430T120219Z/ICLISTENHF6016_20251220T130000.000Z.flac,,,,1,train,,,,,/project/6070467/merileo/data/finwhales/final2025_resnet_20260423/multispecies_calltype_experiments/prep_runs/multispecies_prep_balanced100_availaudio_20260430T120219Z/ICLISTENHF6016_20251220T130000.000Z.flac,/project/6070467/merileo/data/finwhales/final2025_resnet_20260423/multispecies_calltype_experiments/prep_runs/multispecies_prep_balanced100_availaudio_20260430T120219Z/ICLISTENHF6016_20251220T130000.000Z.flac,0.000000,10.000000,,,,,,,,,,,,,,,,,,,,,,,,,primary_adjacent_gap,primary_adjacent_gap,ONC
ICLISTENHF6016_20251220T130000.000Z_gap_0001_30.0s_40.0s,/project/6070467/merileo/data/finwhales/final2025_resnet_20260423/multispecies_calltype_experiments/prep_runs/multispecies_prep_balanced100_availaudio_20260430T120219Z/ICLISTENHF6016_20251220T130000.000Z.flac,,,,,,10.000000,onc_primary_adjacent_gap,candidate_primary_adjacent_gap,/project/6070467/merileo/data/finwhales/final2025_resnet_20260423/multispecies_calltype_experiments/prep_runs/multispecies_prep_balanced100_availaudio_20260430T120219Z/ICLISTENHF6016_20251220T130000.000Z.flac,,,,1,train,,,,,/project/6070467/merileo/data/finwhales/final2025_resnet_20260423/multispecies_calltype_experiments/prep_runs/multispecies_prep_balanced100_availaudio_20260430T120219Z/ICLISTENHF6016_20251220T130000.000Z.flac,/project/6070467/merileo/data/finwhales/final2025_resnet_20260423/multispecies_calltype_experiments/prep_runs/multispecies_prep_balanced100_availaudio_20260430T120219Z/ICLISTENHF6016_20251220T130000.000Z.flac,30.000000,40.000000,,,,,,,,,,,,,,,,,,,,,,,,,primary_adjacent_gap,primary_adjacent_gap,ONC
ICLISTENHF6016_20251220T130000.000Z_gap_0002_60.0s_70.0s,/project/6070467/merileo/data/finwhales/final2025_resnet_20260423/multispecies_calltype_experiments/prep_runs/multispecies_prep_balanced100_availaudio_20260430T120219Z/ICLISTENHF6016_20251220T130000.000Z.flac,,,,,,10.000000,onc_primary_adjacent_gap,candidate_primary_adjacent_gap,/project/6070467/merileo/data/finwhales/final2025_resnet_20260423/multispecies_calltype_experiments/prep_runs/multispecies_prep_balanced100_availaudio_20260430T120219Z/ICLISTENHF6016_20251220T130000.000Z.flac,,,,1,train,,,,,/project/6070467/merileo/data/finwhales/final2025_resnet_20260423/multispecies_calltype_experiments/prep_runs/multispecies_prep_balanced100_availaudio_20260430T120219Z/ICLISTENHF6016_20251220T130000.000Z.flac,/project/6070467/merileo/data/finwhales/final2025_resnet_20260423/multispecies_calltype_experiments/prep_runs/multispecies_prep_balanced100_availaudio_20260430T120219Z/ICLISTENHF6016_20251220T130000.000Z.flac,60.000000,70.000000,,,,,,,,,,,,,,,,,,,,,,,,,primary_adjacent_gap,primary_adjacent_gap,ONC
ICLISTENHF6016_20251220T160000.000Z_gap_0000_0.0s_10.0s,/project/6070467/merileo/data/finwhales/final2025_resnet_20260423/multispecies_calltype_experiments/prep_runs/multispecies_prep_balanced100_availaudio_20260430T120219Z/ICLISTENHF6016_20251220T160000.000Z.flac,,,,,,10.000000,onc_primary_adjacent_gap,candidate_primary_adjacent_gap,/project/6070467/merileo/data/finwhales/final2025_resnet_20260423/multispecies_calltype_experiments/prep_runs/multispecies_prep_balanced100_availaudio_20260430T120219Z/ICLISTENHF6016_20251220T160000.000Z.flac,,,,1,test,,,,,/project/6070467/merileo/data/finwhales/final2025_resnet_20260423/multispecies_calltype_experiments/prep_runs/multispecies_prep_balanced100_availaudio_20260430T120219Z/ICLISTENHF6016_20251220T160000.000Z.flac,/project/6070467/merileo/data/finwhales/final2025_resnet_20260423/multispecies_calltype_experiments/prep_runs/multispecies_prep_balanced100_availaudio_20260430T120219Z/ICLISTENHF6016_20251220T160000.000Z.flac,0.000000,10.000000,,,,,,,,,,,,,,,,,,,,,,,,,primary_adjacent_gap,primary_adjacent_gap,ONC
ICLISTENHF6016_20251220T160000.000Z_gap_0001_30.0s_40.0s,/project/6070467/merileo/data/finwhales/final2025_resnet_20260423/multispecies_calltype_experiments/prep_runs/multispecies_prep_balanced100_availaudio_20260430T120219Z/ICLISTENHF6016_20251220T160000.000Z.flac,,,,,,10.000000,onc_primary_adjacent_gap,candidate_primary_adjacent_gap,/project/6070467/merileo/data/finwhales/final2025_resnet_20260423/multispecies_calltype_experiments/prep_runs/multispecies_prep_balanced100_availaudio_20260430T120219Z/ICLISTENHF6016_20251220T160000.000Z.flac,,,,1,test,,,,,/project/6070467/merileo/data/finwhales/final2025_resnet_20260423/multispecies_calltype_experiments/prep_runs/multispecies_prep_balanced100_availaudio_20260430T120219Z/ICLISTENHF6016_20251220T160000.000Z.flac,/project/6070467/merileo/data/finwhales/final2025_resnet_20260423/multispecies_calltype_experiments/prep_runs/multispecies_prep_balanced100_availaudio_20260430T120219Z/ICLISTENHF6016_20251220T160000.000Z.flac,30.000000,40.000000,,,,,,,,,,,,,,,,,,,,,,,,,primary_adjacent_gap,primary_adjacent_gap,ONC
ICLISTENHF6016_20251220T160000.000Z_gap_0002_60.0s_70.0s,/project/6070467/merileo/data/finwhales/final2025_resnet_20260423/multispecies_calltype_experiments/prep_runs/multispecies_prep_balanced100_availaudio_20260430T120219Z/ICLISTENHF6016_20251220T160000.000Z.flac,,,,,,10.000000,onc_primary_adjacent_gap,candidate_primary_adjacent_gap,/project/6070467/merileo/data/finwhales/final2025_resnet_20260423/multispecies_calltype_experiments/prep_runs/multispecies_prep_balanced100_availaudio_20260430T120219Z/ICLISTENHF6016_20251220T160000.000Z.flac,,,,1,test,,,,,/project/6070467/merileo/data/finwhales/final2025_resnet_20260423/multispecies_calltype_experiments/prep_runs/multispecies_prep_balanced100_availaudio_20260430T120219Z/ICLISTENHF6016_20251220T160000.000Z.flac,/project/6070467/merileo/data/finwhales/final2025_resnet_20260423/multispecies_calltype_experiments/prep_runs/multispecies_prep_balanced100_availaudio_20260430T120219Z/ICLISTENHF6016_20251220T160000.000Z.flac,60.000000,70.000000,,,,,,,,,,,,,,,,,,,,,,,,,primary_adjacent_gap,primary_adjacent_gap,ONC
ICLISTENHF6016_20251220T220000.000Z_gap_0000_0.0s_10.0s,/project/6070467/merileo/data/finwhales/final2025_resnet_20260423/multispecies_calltype_experiments/prep_runs/multispecies_prep_balanced100_availaudio_20260430T120219Z/ICLISTENHF6016_20251220T220000.000Z.flac,,,,,,10.000000,onc_primary_adjacent_gap,candidate_primary_adjacent_gap,/project/6070467/merileo/data/finwhales/final2025_resnet_20260423/multispecies_calltype_experiments/prep_runs/multispecies_prep_balanced100_availaudio_20260430T120219Z/ICLISTENHF6016_20251220T220000.000Z.flac,,,,1,train,,,,,/project/6070467/merileo/data/finwhales/final2025_resnet_20260423/multispecies_calltype_experiments/prep_runs/multispecies_prep_balanced100_availaudio_20260430T120219Z/ICLISTENHF6016_20251220T220000.000Z.flac,/project/6070467/merileo/data/finwhales/final2025_resnet_20260423/multispecies_calltype_experiments/prep_runs/multispecies_prep_balanced100_availaudio_20260430T120219Z/ICLISTENHF6016_20251220T220000.000Z.flac,0.000000,10.000000,,,,,,,,,,,,,,,,,,,,,,,,,primary_adjacent_gap,primary_adjacent_gap,ONC
ICLISTENHF6016_20251220T220000.000Z_gap_0001_30.0s_40.0s,/project/6070467/merileo/data/finwhales/final2025_resnet_20260423/multispecies_calltype_experiments/prep_runs/multispecies_prep_balanced100_availaudio_20260430T120219Z/ICLISTENHF6016_20251220T220000.000Z.flac,,,,,,10.000000,onc_primary_adjacent_gap,candidate_primary_adjacent_gap,/project/6070467/merileo/data/finwhales/final2025_resnet_20260423/multispecies_calltype_experiments/prep_runs/multispecies_prep_balanced100_availaudio_20260430T120219Z/ICLISTENHF6016_20251220T220000.000Z.flac,,,,1,train,,,,,/project/6070467/merileo/data/finwhales/final2025_resnet_20260423/multispecies_calltype_experiments/prep_runs/multispecies_prep_balanced100_availaudio_20260430T120219Z/ICLISTENHF6016_20251220T220000.000Z.flac,/project/6070467/merileo/data/finwhales/final2025_resnet_20260423/multispecies_calltype_experiments/prep_runs/multispecies_prep_balanced100_availaudio_20260430T120219Z/ICLISTENHF6016_20251220T220000.000Z.flac,30.000000,40.000000,,,,,,,,,,,,,,,,,,,,,,,,,primary_adjacent_gap,primary_adjacent_gap,ONC
ICLISTENHF6016_20251220T220000.000Z_gap_0002_60.0s_70.0s,/project/6070467/merileo/data/finwhales/final2025_resnet_20260423/multispecies_calltype_experiments/prep_runs/multispecies_prep_balanced100_availaudio_20260430T120219Z/ICLISTENHF6016_20251220T220000.000Z.flac,,,,,,10.000000,onc_primary_adjacent_gap,candidate_primary_adjacent_gap,/project/6070467/merileo/data/finwhales/final2025_resnet_20260423/multispecies_calltype_experiments/prep_runs/multispecies_prep_balanced100_availaudio_20260430T120219Z/ICLISTENHF6016_20251220T220000.000Z.flac,,,,1,train,,,,,/project/6070467/merileo/data/finwhales/final2025_resnet_20260423/multispecies_calltype_experiments/prep_runs/multispecies_prep_balanced100_availaudio_20260430T120219Z/ICLISTENHF6016_20251220T220000.000Z.flac,/project/6070467/merileo/data/finwhales/final2025_resnet_20260423/multispecies_calltype_experiments/prep_runs/multispecies_prep_balanced100_availaudio_20260430T120219Z/ICLISTENHF6016_20251220T220000.000Z.flac,60.000000,70.000000,,,,,,,,,,,,,,,,,,,,,,,,,primary_adjacent_gap,primary_adjacent_gap,ONC
ICLISTENHF6016_20251225T000000.000Z_gap_0000_0.0s_10.0s,/project/6070467/merileo/data/finwhales/final2025_resnet_20260423/multispecies_calltype_experiments/prep_runs/multispecies_prep_balanced100_availaudio_20260430T120219Z/ICLISTENHF6016_20251225T000000.000Z.flac,,,,,,10.000000,onc_primary_adjacent_gap,candidate_primary_adjacent_gap,/project/6070467/merileo/data/finwhales/final2025_resnet_20260423/multispecies_calltype_experiments/prep_runs/multispecies_prep_balanced100_availaudio_20260430T120219Z/ICLISTENHF6016_20251225T000000.000Z.flac,,,,1,train,,,,,/project/6070467/merileo/data/finwhales/final2025_resnet_20260423/multispecies_calltype_experiments/prep_runs/multispecies_prep_balanced100_availaudio_20260430T120219Z/ICLISTENHF6016_20251225T000000.000Z.flac,/project/6070467/merileo/data/finwhales/final2025_resnet_20260423/multispecies_calltype_experiments/prep_runs/multispecies_prep_balanced100_availaudio_20260430T120219Z/ICLISTENHF6016_20251225T000000.000Z.flac,0.000000,10.000000,,,,,,,,,,,,,,,,,,,,,,,,,primary_adjacent_gap,primary_adjacent_gap,ONC
ICLISTENHF6016_20251225T000000.000Z_gap_0001_30.0s_40.0s,/project/6070467/merileo/data/finwhales/final2025_resnet_20260423/multispecies_calltype_experiments/prep_runs/multispecies_prep_balanced100_availaudio_20260430T120219Z/ICLISTENHF6016_20251225T000000.000Z.flac,,,,,,10.000000,onc_primary_adjacent_gap,candidate_primary_adjacent_gap,/project/6070467/merileo/data/finwhales/final2025_resnet_20260423/multispecies_calltype_experiments/prep_runs/multispecies_prep_balanced100_availaudio_20260430T120219Z/ICLISTENHF6016_20251225T000000.000Z.flac,,,,1,train,,,,,/project/6070467/merileo/data/finwhales/final2025_resnet_20260423/multispecies_calltype_experiments/prep_runs/multispecies_prep_balanced100_availaudio_20260430T120219Z/ICLISTENHF6016_20251225T000000.000Z.flac,/project/6070467/merileo/data/finwhales/final2025_resnet_20260423/multispecies_calltype_experiments/prep_runs/multispecies_prep_balanced100_availaudio_20260430T120219Z/ICLISTENHF6016_20251225T000000.000Z.flac,30.000000,40.000000,,,,,,,,,,,,,,,,,,,,,,,,,primary_adjacent_gap,primary_adjacent_gap,ONC
ICLISTENHF6016_20251225T000000.000Z_gap_0002_60.0s_70.0s,/project/6070467/merileo/data/finwhales/final2025_resnet_20260423/multispecies_calltype_experiments/prep_runs/multispecies_prep_balanced100_availaudio_20260430T120219Z/ICLISTENHF6016_20251225T000000.000Z.flac,,,,,,10.000000,onc_primary_adjacent_gap,candidate_primary_adjacent_gap,/project/6070467/merileo/data/finwhales/final2025_resnet_20260423/multispecies_calltype_experiments/prep_runs/multispecies_prep_balanced100_availaudio_20260430T120219Z/ICLISTENHF6016_20251225T000000.000Z.flac,,,,1,train,,,,,/project/6070467/merileo/data/finwhales/final2025_resnet_20260423/multispecies_calltype_experiments/prep_runs/multispecies_prep_balanced100_availaudio_20260430T120219Z/ICLISTENHF6016_20251225T000000.000Z.flac,/project/6070467/merileo/data/finwhales/final2025_resnet_20260423/multispecies_calltype_experiments/prep_runs/multispecies_prep_balanced100_availaudio_20260430T120219Z/ICLISTENHF6016_20251225T000000.000Z.flac,60.000000,70.000000,,,,,,,,,,,,,,,,,,,,,,,,,primary_adjacent_gap,primary_adjacent_gap,ONC
ICLISTENHF6016_20251225T020000.000Z_gap_0000_0.0s_10.0s,/project/6070467/merileo/data/finwhales/final2025_resnet_20260423/multispecies_calltype_experiments/prep_runs/multispecies_prep_balanced100_availaudio_20260430T120219Z/ICLISTENHF6016_20251225T020000.000Z.flac,,,,,,10.000000,onc_primary_adjacent_gap,candidate_primary_adjacent_gap,/project/6070467/merileo/data/finwhales/final2025_resnet_20260423/multispecies_calltype_experiments/prep_runs/multispecies_prep_balanced100_availaudio_20260430T120219Z/ICLISTENHF6016_20251225T020000.000Z.flac,,,,1,train,,,,,/project/6070467/merileo/data/finwhales/final2025_resnet_20260423/multispecies_calltype_experiments/prep_runs/multispecies_prep_balanced100_availaudio_20260430T120219Z/ICLISTENHF6016_20251225T020000.000Z.flac,/project/6070467/merileo/data/finwhales/final2025_resnet_20260423/multispecies_calltype_experiments/prep_runs/multispecies_prep_balanced100_availaudio_20260430T120219Z/ICLISTENHF6016_20251225T020000.000Z.flac,0.000000,10.000000,,,,,,,,,,,,,,,,,,,,,,,,,primary_adjacent_gap,primary_adjacent_gap,ONC
ICLISTENHF6016_20251225T020000.000Z_gap_0001_30.0s_40.0s,/project/6070467/merileo/data/finwhales/final2025_resnet_20260423/multispecies_calltype_experiments/prep_runs/multispecies_prep_balanced100_availaudio_20260430T120219Z/ICLISTENHF6016_20251225T020000.000Z.flac,,,,,,10.000000,onc_primary_adjacent_gap,candidate_primary_adjacent_gap,/project/6070467/merileo/data/finwhales/final2025_resnet_20260423/multispecies_calltype_experiments/prep_runs/multispecies_prep_balanced100_availaudio_20260430T120219Z/ICLISTENHF6016_20251225T020000.000Z.flac,,,,1,train,,,,,/project/6070467/merileo/data/finwhales/final2025_resnet_20260423/multispecies_calltype_experiments/prep_runs/multispecies_prep_balanced100_availaudio_20260430T120219Z/ICLISTENHF6016_20251225T020000.000Z.flac,/project/6070467/merileo/data/finwhales/final2025_resnet_20260423/multispecies_calltype_experiments/prep_runs/multispecies_prep_balanced100_availaudio_20260430T120219Z/ICLISTENHF6016_20251225T020000.000Z.flac,30.000000,40.000000,,,,,,,,,,,,,,,,,,,,,,,,,primary_adjacent_gap,primary_adjacent_gap,ONC
ICLISTENHF6016_20251225T020000.000Z_gap_0002_60.0s_70.0s,/project/6070467/merileo/data/finwhales/final2025_resnet_20260423/multispecies_calltype_experiments/prep_runs/multispecies_prep_balanced100_availaudio_20260430T120219Z/ICLISTENHF6016_20251225T020000.000Z.flac,,,,,,10.000000,onc_primary_adjacent_gap,candidate_primary_adjacent_gap,/project/6070467/merileo/data/finwhales/final2025_resnet_20260423/multispecies_calltype_experiments/prep_runs/multispecies_prep_balanced100_availaudio_20260430T120219Z/ICLISTENHF6016_20251225T020000.000Z.flac,,,,1,train,,,,,/project/6070467/merileo/data/finwhales/final2025_resnet_20260423/multispecies_calltype_experiments/prep_runs/multispecies_prep_balanced100_availaudio_20260430T120219Z/ICLISTENHF6016_20251225T020000.000Z.flac,/project/6070467/merileo/data/finwhales/final2025_resnet_20260423/multispecies_calltype_experiments/prep_runs/multispecies_prep_balanced100_availaudio_20260430T120219Z/ICLISTENHF6016_20251225T020000.000Z.flac,60.000000,70.000000,,,,,,,,,,,,,,,,,,,,,,,,,primary_adjacent_gap,primary_adjacent_gap,ONC
ICLISTENHF6016_20251225T030000.000Z_gap_0000_0.0s_10.0s,/project/6070467/merileo/data/finwhales/final2025_resnet_20260423/multispecies_calltype_experiments/prep_runs/multispecies_prep_balanced100_availaudio_20260430T120219Z/ICLISTENHF6016_20251225T030000.000Z.flac,,,,,,10.000000,onc_primary_adjacent_gap,candidate_primary_adjacent_gap,/project/6070467/merileo/data/finwhales/final2025_resnet_20260423/multispecies_calltype_experiments/prep_runs/multispecies_prep_balanced100_availaudio_20260430T120219Z/ICLISTENHF6016_20251225T030000.000Z.flac,,,,1,train,,,,,/project/6070467/merileo/data/finwhales/final2025_resnet_20260423/multispecies_calltype_experiments/prep_runs/multispecies_prep_balanced100_availaudio_20260430T120219Z/ICLISTENHF6016_20251225T030000.000Z.flac,/project/6070467/merileo/data/finwhales/final2025_resnet_20260423/multispecies_calltype_experiments/prep_runs/multispecies_prep_balanced100_availaudio_20260430T120219Z/ICLISTENHF6016_20251225T030000.000Z.flac,0.000000,10.000000,,,,,,,,,,,,,,,,,,,,,,,,,primary_adjacent_gap,primary_adjacent_gap,ONC
ICLISTENHF6016_20251225T030000.000Z_gap_0001_16.9s_26.9s,/project/6070467/merileo/data/finwhales/final2025_resnet_20260423/multispecies_calltype_experiments/prep_runs/multispecies_prep_balanced100_availaudio_20260430T120219Z/ICLISTENHF6016_20251225T030000.000Z.flac,,,,,,10.000000,onc_primary_adjacent_gap,candidate_primary_adjacent_gap,/project/6070467/merileo/data/finwhales/final2025_resnet_20260423/multispecies_calltype_experiments/prep_runs/multispecies_prep_balanced100_availaudio_20260430T120219Z/ICLISTENHF6016_20251225T030000.000Z.flac,,,,1,train,,,,,/project/6070467/merileo/data/finwhales/final2025_resnet_20260423/multispecies_calltype_experiments/prep_runs/multispecies_prep_balanced100_availaudio_20260430T120219Z/ICLISTENHF6016_20251225T030000.000Z.flac,/project/6070467/merileo/data/finwhales/final2025_resnet_20260423/multispecies_calltype_experiments/prep_runs/multispecies_prep_balanced100_availaudio_20260430T120219Z/ICLISTENHF6016_20251225T030000.000Z.flac,16.900000,26.900000,,,,,,,,,,,,,,,,,,,,,,,,,primary_adjacent_gap,primary_adjacent_gap,ONC
ICLISTENHF6016_20251225T030000.000Z_gap_0002_42.9s_52.9s,/project/6070467/merileo/data/finwhales/final2025_resnet_20260423/multispecies_calltype_experiments/prep_runs/multispecies_prep_balanced100_availaudio_20260430T120219Z/ICLISTENHF6016_20251225T030000.000Z.flac,,,,,,10.000000,onc_primary_adjacent_gap,candidate_primary_adjacent_gap,/project/6070467/merileo/data/finwhales/final2025_resnet_20260423/multispecies_calltype_experiments/prep_runs/multispecies_prep_balanced100_availaudio_20260430T120219Z/ICLISTENHF6016_20251225T030000.000Z.flac,,,,1,train,,,,,/project/6070467/merileo/data/finwhales/final2025_resnet_20260423/multispecies_calltype_experiments/prep_runs/multispecies_prep_balanced100_availaudio_20260430T120219Z/ICLISTENHF6016_20251225T030000.000Z.flac,/project/6070467/merileo/data/finwhales/final2025_resnet_20260423/multispecies_calltype_experiments/prep_runs/multispecies_prep_balanced100_availaudio_20260430T120219Z/ICLISTENHF6016_20251225T030000.000Z.flac,42.900000,52.900000,,,,,,,,,,,,,,,,,,,,,,,,,primary_adjacent_gap,primary_adjacent_gap,ONC
ICLISTENHF6016_20251225T050000.000Z_gap_0000_0.0s_10.0s,/project/6070467/merileo/data/finwhales/final2025_resnet_20260423/multispecies_calltype_experiments/prep_runs/multispecies_prep_balanced100_availaudio_20260430T120219Z/ICLISTENHF6016_20251225T050000.000Z.flac,,,,,,10.000000,onc_primary_adjacent_gap,candidate_primary_adjacent_gap,/project/6070467/merileo/data/finwhales/final2025_resnet_20260423/multispecies_calltype_experiments/prep_runs/multispecies_prep_balanced100_availaudio_20260430T120219Z/ICLISTENHF6016_20251225T050000.000Z.flac,,,,1,train,,,,,/project/6070467/merileo/data/finwhales/final2025_resnet_20260423/multispecies_calltype_experiments/prep_runs/multispecies_prep_balanced100_availaudio_20260430T120219Z/ICLISTENHF6016_20251225T050000.000Z.flac,/project/6070467/merileo/data/finwhales/final2025_resnet_20260423/multispecies_calltype_experiments/prep_runs/multispecies_prep_balanced100_availaudio_20260430T120219Z/ICLISTENHF6016_20251225T050000.000Z.flac,0.000000,10.000000,,,,,,,,,,,,,,,,,,,,,,,,,primary_adjacent_gap,primary_adjacent_gap,ONC
ICLISTENHF6016_20251225T050000.000Z_gap_0001_30.0s_40.0s,/project/6070467/merileo/data/finwhales/final2025_resnet_20260423/multispecies_calltype_experiments/prep_runs/multispecies_prep_balanced100_availaudio_20260430T120219Z/ICLISTENHF6016_20251225T050000.000Z.flac,,,,,,10.000000,onc_primary_adjacent_gap,candidate_primary_adjacent_gap,/project/6070467/merileo/data/finwhales/final2025_resnet_20260423/multispecies_calltype_experiments/prep_runs/multispecies_prep_balanced100_availaudio_20260430T120219Z/ICLISTENHF6016_20251225T050000.000Z.flac,,,,1,train,,,,,/project/6070467/merileo/data/finwhales/final2025_resnet_20260423/multispecies_calltype_experiments/prep_runs/multispecies_prep_balanced100_availaudio_20260430T120219Z/ICLISTENHF6016_20251225T050000.000Z.flac,/project/6070467/merileo/data/finwhales/final2025_resnet_20260423/multispecies_calltype_experiments/prep_runs/multispecies_prep_balanced100_availaudio_20260430T120219Z/ICLISTENHF6016_20251225T050000.000Z.flac,30.000000,40.000000,,,,,,,,,,,,,,,,,,,,,,,,,primary_adjacent_gap,primary_adjacent_gap,ONC
ICLISTENHF6016_20251225T050000.000Z_gap_0002_60.0s_70.0s,/project/6070467/merileo/data/finwhales/final2025_resnet_20260423/multispecies_calltype_experiments/prep_runs/multispecies_prep_balanced100_availaudio_20260430T120219Z/ICLISTENHF6016_20251225T050000.000Z.flac,,,,,,10.000000,onc_primary_adjacent_gap,candidate_primary_adjacent_gap,/project/6070467/merileo/data/finwhales/final2025_resnet_20260423/multispecies_calltype_experiments/prep_runs/multispecies_prep_balanced100_availaudio_20260430T120219Z/ICLISTENHF6016_20251225T050000.000Z.flac,,,,1,train,,,,,/project/6070467/merileo/data/finwhales/final2025_resnet_20260423/multispecies_calltype_experiments/prep_runs/multispecies_prep_balanced100_availaudio_20260430T120219Z/ICLISTENHF6016_20251225T050000.000Z.flac,/project/6070467/merileo/data/finwhales/final2025_resnet_20260423/multispecies_calltype_experiments/prep_runs/multispecies_prep_balanced100_availaudio_20260430T120219Z/ICLISTENHF6016_20251225T050000.000Z.flac,60.000000,70.000000,,,,,,,,,,,,,,,,,,,,,,,,,primary_adjacent_gap,primary_adjacent_gap,ONC
ICLISTENHF6016_20251225T100000.000Z_gap_0000_0.0s_10.0s,/project/6070467/merileo/data/finwhales/final2025_resnet_20260423/multispecies_calltype_experiments/prep_runs/multispecies_prep_balanced100_availaudio_20260430T120219Z/ICLISTENHF6016_20251225T100000.000Z.flac,,,,,,10.000000,onc_primary_adjacent_gap,candidate_primary_adjacent_gap,/project/6070467/merileo/data/finwhales/final2025_resnet_20260423/multispecies_calltype_experiments/prep_runs/multispecies_prep_balanced100_availaudio_20260430T120219Z/ICLISTENHF6016_20251225T100000.000Z.flac,,,,1,val,,,,,/project/6070467/merileo/data/finwhales/final2025_resnet_20260423/multispecies_calltype_experiments/prep_runs/multispecies_prep_balanced100_availaudio_20260430T120219Z/ICLISTENHF6016_20251225T100000.000Z.flac,/project/6070467/merileo/data/finwhales/final2025_resnet_20260423/multispecies_calltype_experiments/prep_runs/multispecies_prep_balanced100_availaudio_20260430T120219Z/ICLISTENHF6016_20251225T100000.000Z.flac,0.000000,10.000000,,,,,,,,,,,,,,,,,,,,,,,,,primary_adjacent_gap,primary_adjacent_gap,ONC
ICLISTENHF6016_20251225T100000.000Z_gap_0001_5.4s_15.4s,/project/6070467/merileo/data/finwhales/final2025_resnet_20260423/multispecies_calltype_experiments/prep_runs/multispecies_prep_balanced100_availaudio_20260430T120219Z/ICLISTENHF6016_20251225T100000.000Z.flac,,,,,,10.000000,onc_primary_adjacent_gap,candidate_primary_adjacent_gap,/project/6070467/merileo/data/finwhales/final2025_resnet_20260423/multispecies_calltype_experiments/prep_runs/multispecies_prep_balanced100_availaudio_20260430T120219Z/ICLISTENHF6016_20251225T100000.000Z.flac,,,,1,val,,,,,/project/6070467/merileo/data/finwhales/final2025_resnet_20260423/multispecies_calltype_experiments/prep_runs/multispecies_prep_balanced100_availaudio_20260430T120219Z/ICLISTENHF6016_20251225T100000.000Z.flac,/project/6070467/merileo/data/finwhales/final2025_resnet_20260423/multispecies_calltype_experiments/prep_runs/multispecies_prep_balanced100_availaudio_20260430T120219Z/ICLISTENHF6016_20251225T100000.000Z.flac,5.400000,15.400000,,,,,,,,,,,,,,,,,,,,,,,,,primary_adjacent_gap,primary_adjacent_gap,ONC
ICLISTENHF6016_20251225T100000.000Z_gap_0002_26.0s_36.0s,/project/6070467/merileo/data/finwhales/final2025_resnet_20260423/multispecies_calltype_experiments/prep_runs/multispecies_prep_balanced100_availaudio_20260430T120219Z/ICLISTENHF6016_20251225T100000.000Z.flac,,,,,,10.000000,onc_primary_adjacent_gap,candidate_primary_adjacent_gap,/project/6070467/merileo/data/finwhales/final2025_resnet_20260423/multispecies_calltype_experiments/prep_runs/multispecies_prep_balanced100_availaudio_20260430T120219Z/ICLISTENHF6016_20251225T100000.000Z.flac,,,,1,val,,,,,/project/6070467/merileo/data/finwhales/final2025_resnet_20260423/multispecies_calltype_experiments/prep_runs/multispecies_prep_balanced100_availaudio_20260430T120219Z/ICLISTENHF6016_20251225T100000.000Z.flac,/project/6070467/merileo/data/finwhales/final2025_resnet_20260423/multispecies_calltype_experiments/prep_runs/multispecies_prep_balanced100_availaudio_20260430T120219Z/ICLISTENHF6016_20251225T100000.000Z.flac,26.000000,36.000000,,,,,,,,,,,,,,,,,,,,,,,,,primary_adjacent_gap,primary_adjacent_gap,ONC
ICLISTENHF6016_20251225T180000.000Z_gap_0000_0.0s_10.0s,/project/6070467/merileo/data/finwhales/final2025_resnet_20260423/multispecies_calltype_experiments/prep_runs/multispecies_prep_balanced100_availaudio_20260430T120219Z/ICLISTENHF6016_20251225T180000.000Z.flac,,,,,,10.000000,onc_primary_adjacent_gap,candidate_primary_adjacent_gap,/project/6070467/merileo/data/finwhales/final2025_resnet_20260423/multispecies_calltype_experiments/prep_runs/multispecies_prep_balanced100_availaudio_20260430T120219Z/ICLISTENHF6016_20251225T180000.000Z.flac,,,,1,test,,,,,/project/6070467/merileo/data/finwhales/final2025_resnet_20260423/multispecies_calltype_experiments/prep_runs/multispecies_prep_balanced100_availaudio_20260430T120219Z/ICLISTENHF6016_20251225T180000.000Z.flac,/project/6070467/merileo/data/finwhales/final2025_resnet_20260423/multispecies_calltype_experiments/prep_runs/multispecies_prep_balanced100_availaudio_20260430T120219Z/ICLISTENHF6016_20251225T180000.000Z.flac,0.000000,10.000000,,,,,,,,,,,,,,,,,,,,,,,,,primary_adjacent_gap,primary_adjacent_gap,ONC
ICLISTENHF6016_20251225T180000.000Z_gap_0001_30.0s_40.0s,/project/6070467/merileo/data/finwhales/final2025_resnet_20260423/multispecies_calltype_experiments/prep_runs/multispecies_prep_balanced100_availaudio_20260430T120219Z/ICLISTENHF6016_20251225T180000.000Z.flac,,,,,,10.000000,onc_primary_adjacent_gap,candidate_primary_adjacent_gap,/project/6070467/merileo/data/finwhales/final2025_resnet_20260423/multispecies_calltype_experiments/prep_runs/multispecies_prep_balanced100_availaudio_20260430T120219Z/ICLISTENHF6016_20251225T180000.000Z.flac,,,,1,test,,,,,/project/6070467/merileo/data/finwhales/final2025_resnet_20260423/multispecies_calltype_experiments/prep_runs/multispecies_prep_balanced100_availaudio_20260430T120219Z/ICLISTENHF6016_20251225T180000.000Z.flac,/project/6070467/merileo/data/finwhales/final2025_resnet_20260423/multispecies_calltype_experiments/prep_runs/multispecies_prep_balanced100_availaudio_20260430T120219Z/ICLISTENHF6016_20251225T180000.000Z.flac,30.000000,40.000000,,,,,,,,,,,,,,,,,,,,,,,,,primary_adjacent_gap,primary_adjacent_gap,ONC
ICLISTENHF6016_20251225T180000.000Z_gap_0002_60.0s_70.0s,/project/6070467/merileo/data/finwhales/final2025_resnet_20260423/multispecies_calltype_experiments/prep_runs/multispecies_prep_balanced100_availaudio_20260430T120219Z/ICLISTENHF6016_20251225T180000.000Z.flac,,,,,,10.000000,onc_primary_adjacent_gap,candidate_primary_adjacent_gap,/project/6070467/merileo/data/finwhales/final2025_resnet_20260423/multispecies_calltype_experiments/prep_runs/multispecies_prep_balanced100_availaudio_20260430T120219Z/ICLISTENHF6016_20251225T180000.000Z.flac,,,,1,test,,,,,/project/6070467/merileo/data/finwhales/final2025_resnet_20260423/multispecies_calltype_experiments/prep_runs/multispecies_prep_balanced100_availaudio_20260430T120219Z/ICLISTENHF6016_20251225T180000.000Z.flac,/project/6070467/merileo/data/finwhales/final2025_resnet_20260423/multispecies_calltype_experiments/prep_runs/multispecies_prep_balanced100_availaudio_20260430T120219Z/ICLISTENHF6016_20251225T180000.000Z.flac,60.000000,70.000000,,,,,,,,,,,,,,,,,,,,,,,,,primary_adjacent_gap,primary_adjacent_gap,ONC
ICLISTENHF6016_20251230T000000.000Z_gap_0000_0.0s_10.0s,/project/6070467/merileo/data/finwhales/final2025_resnet_20260423/multispecies_calltype_experiments/prep_runs/multispecies_prep_balanced100_availaudio_20260430T120219Z/ICLISTENHF6016_20251230T000000.000Z.flac,,,,,,10.000000,onc_primary_adjacent_gap,candidate_primary_adjacent_gap,/project/6070467/merileo/data/finwhales/final2025_resnet_20260423/multispecies_calltype_experiments/prep_runs/multispecies_prep_balanced100_availaudio_20260430T120219Z/ICLISTENHF6016_20251230T000000.000Z.flac,,,,1,val,,,,,/project/6070467/merileo/data/finwhales/final2025_resnet_20260423/multispecies_calltype_experiments/prep_runs/multispecies_prep_balanced100_availaudio_20260430T120219Z/ICLISTENHF6016_20251230T000000.000Z.flac,/project/6070467/merileo/data/finwhales/final2025_resnet_20260423/multispecies_calltype_experiments/prep_runs/multispecies_prep_balanced100_availaudio_20260430T120219Z/ICLISTENHF6016_20251230T000000.000Z.flac,0.000000,10.000000,,,,,,,,,,,,,,,,,,,,,,,,,primary_adjacent_gap,primary_adjacent_gap,ONC
ICLISTENHF6016_20251230T000000.000Z_gap_0001_30.0s_40.0s,/project/6070467/merileo/data/finwhales/final2025_resnet_20260423/multispecies_calltype_experiments/prep_runs/multispecies_prep_balanced100_availaudio_20260430T120219Z/ICLISTENHF6016_20251230T000000.000Z.flac,,,,,,10.000000,onc_primary_adjacent_gap,candidate_primary_adjacent_gap,/project/6070467/merileo/data/finwhales/final2025_resnet_20260423/multispecies_calltype_experiments/prep_runs/multispecies_prep_balanced100_availaudio_20260430T120219Z/ICLISTENHF6016_20251230T000000.000Z.flac,,,,1,val,,,,,/project/6070467/merileo/data/finwhales/final2025_resnet_20260423/multispecies_calltype_experiments/prep_runs/multispecies_prep_balanced100_availaudio_20260430T120219Z/ICLISTENHF6016_20251230T000000.000Z.flac,/project/6070467/merileo/data/finwhales/final2025_resnet_20260423/multispecies_calltype_experiments/prep_runs/multispecies_prep_balanced100_availaudio_20260430T120219Z/ICLISTENHF6016_20251230T000000.000Z.flac,30.000000,40.000000,,,,,,,,,,,,,,,,,,,,,,,,,primary_adjacent_gap,primary_adjacent_gap,ONC
ICLISTENHF6016_20251230T000000.000Z_gap_0002_60.0s_70.0s,/project/6070467/merileo/data/finwhales/final2025_resnet_20260423/multispecies_calltype_experiments/prep_runs/multispecies_prep_balanced100_availaudio_20260430T120219Z/ICLISTENHF6016_20251230T000000.000Z.flac,,,,,,10.000000,onc_primary_adjacent_gap,candidate_primary_adjacent_gap,/project/6070467/merileo/data/finwhales/final2025_resnet_20260423/multispecies_calltype_experiments/prep_runs/multispecies_prep_balanced100_availaudio_20260430T120219Z/ICLISTENHF6016_20251230T000000.000Z.flac,,,,1,val,,,,,/project/6070467/merileo/data/finwhales/final2025_resnet_20260423/multispecies_calltype_experiments/prep_runs/multispecies_prep_balanced100_availaudio_20260430T120219Z/ICLISTENHF6016_20251230T000000.000Z.flac,/project/6070467/merileo/data/finwhales/final2025_resnet_20260423/multispecies_calltype_experiments/prep_runs/multispecies_prep_balanced100_availaudio_20260430T120219Z/ICLISTENHF6016_20251230T000000.000Z.flac,60.000000,70.000000,,,,,,,,,,,,,,,,,,,,,,,,,primary_adjacent_gap,primary_adjacent_gap,ONC
ICLISTENHF6016_20251230T010000.000Z_gap_0000_0.0s_10.0s,/project/6070467/merileo/data/finwhales/final2025_resnet_20260423/multispecies_calltype_experiments/prep_runs/multispecies_prep_balanced100_availaudio_20260430T120219Z/ICLISTENHF6016_20251230T010000.000Z.flac,,,,,,10.000000,onc_primary_adjacent_gap,candidate_primary_adjacent_gap,/project/6070467/merileo/data/finwhales/final2025_resnet_20260423/multispecies_calltype_experiments/prep_runs/multispecies_prep_balanced100_availaudio_20260430T120219Z/ICLISTENHF6016_20251230T010000.000Z.flac,,,,1,train,,,,,/project/6070467/merileo/data/finwhales/final2025_resnet_20260423/multispecies_calltype_experiments/prep_runs/multispecies_prep_balanced100_availaudio_20260430T120219Z/ICLISTENHF6016_20251230T010000.000Z.flac,/project/6070467/merileo/data/finwhales/final2025_resnet_20260423/multispecies_calltype_experiments/prep_runs/multispecies_prep_balanced100_availaudio_20260430T120219Z/ICLISTENHF6016_20251230T010000.000Z.flac,0.000000,10.000000,,,,,,,,,,,,,,,,,,,,,,,,,primary_adjacent_gap,primary_adjacent_gap,ONC
ICLISTENHF6016_20251230T010000.000Z_gap_0001_30.0s_40.0s,/project/6070467/merileo/data/finwhales/final2025_resnet_20260423/multispecies_calltype_experiments/prep_runs/multispecies_prep_balanced100_availaudio_20260430T120219Z/ICLISTENHF6016_20251230T010000.000Z.flac,,,,,,10.000000,onc_primary_adjacent_gap,candidate_primary_adjacent_gap,/project/6070467/merileo/data/finwhales/final2025_resnet_20260423/multispecies_calltype_experiments/prep_runs/multispecies_prep_balanced100_availaudio_20260430T120219Z/ICLISTENHF6016_20251230T010000.000Z.flac,,,,1,train,,,,,/project/6070467/merileo/data/finwhales/final2025_resnet_20260423/multispecies_calltype_experiments/prep_runs/multispecies_prep_balanced100_availaudio_20260430T120219Z/ICLISTENHF6016_20251230T010000.000Z.flac,/project/6070467/merileo/data/finwhales/final2025_resnet_20260423/multispecies_calltype_experiments/prep_runs/multispecies_prep_balanced100_availaudio_20260430T120219Z/ICLISTENHF6016_20251230T010000.000Z.flac,30.000000,40.000000,,,,,,,,,,,,,,,,,,,,,,,,,primary_adjacent_gap,primary_adjacent_gap,ONC
ICLISTENHF6016_20251230T010000.000Z_gap_0002_60.0s_70.0s,/project/6070467/merileo/data/finwhales/final2025_resnet_20260423/multispecies_calltype_experiments/prep_runs/multispecies_prep_balanced100_availaudio_20260430T120219Z/ICLISTENHF6016_20251230T010000.000Z.flac,,,,,,10.000000,onc_primary_adjacent_gap,candidate_primary_adjacent_gap,/project/6070467/merileo/data/finwhales/final2025_resnet_20260423/multispecies_calltype_experiments/prep_runs/multispecies_prep_balanced100_availaudio_20260430T120219Z/ICLISTENHF6016_20251230T010000.000Z.flac,,,,1,train,,,,,/project/6070467/merileo/data/finwhales/final2025_resnet_20260423/multispecies_calltype_experiments/prep_runs/multispecies_prep_balanced100_availaudio_20260430T120219Z/ICLISTENHF6016_20251230T010000.000Z.flac,/project/6070467/merileo/data/finwhales/final2025_resnet_20260423/multispecies_calltype_experiments/prep_runs/multispecies_prep_balanced100_availaudio_20260430T120219Z/ICLISTENHF6016_20251230T010000.000Z.flac,60.000000,70.000000,,,,,,,,,,,,,,,,,,,,,,,,,primary_adjacent_gap,primary_adjacent_gap,ONC
ICLISTENHF6016_20251230T040000.000Z_gap_0000_0.0s_10.0s,/project/6070467/merileo/data/finwhales/final2025_resnet_20260423/multispecies_calltype_experiments/prep_runs/multispecies_prep_balanced100_availaudio_20260430T120219Z/ICLISTENHF6016_20251230T040000.000Z.flac,,,,,,10.000000,onc_primary_adjacent_gap,candidate_primary_adjacent_gap,/project/6070467/merileo/data/finwhales/final2025_resnet_20260423/multispecies_calltype_experiments/prep_runs/multispecies_prep_balanced100_availaudio_20260430T120219Z/ICLISTENHF6016_20251230T040000.000Z.flac,,,,1,train,,,,,/project/6070467/merileo/data/finwhales/final2025_resnet_20260423/multispecies_calltype_experiments/prep_runs/multispecies_prep_balanced100_availaudio_20260430T120219Z/ICLISTENHF6016_20251230T040000.000Z.flac,/project/6070467/merileo/data/finwhales/final2025_resnet_20260423/multispecies_calltype_experiments/prep_runs/multispecies_prep_balanced100_availaudio_20260430T120219Z/ICLISTENHF6016_20251230T040000.000Z.flac,0.000000,10.000000,,,,,,,,,,,,,,,,,,,,,,,,,primary_adjacent_gap,primary_adjacent_gap,ONC
ICLISTENHF6016_20251230T040000.000Z_gap_0001_30.0s_40.0s,/project/6070467/merileo/data/finwhales/final2025_resnet_20260423/multispecies_calltype_experiments/prep_runs/multispecies_prep_balanced100_availaudio_20260430T120219Z/ICLISTENHF6016_20251230T040000.000Z.flac,,,,,,10.000000,onc_primary_adjacent_gap,candidate_primary_adjacent_gap,/project/6070467/merileo/data/finwhales/final2025_resnet_20260423/multispecies_calltype_experiments/prep_runs/multispecies_prep_balanced100_availaudio_20260430T120219Z/ICLISTENHF6016_20251230T040000.000Z.flac,,,,1,train,,,,,/project/6070467/merileo/data/finwhales/final2025_resnet_20260423/multispecies_calltype_experiments/prep_runs/multispecies_prep_balanced100_availaudio_20260430T120219Z/ICLISTENHF6016_20251230T040000.000Z.flac,/project/6070467/merileo/data/finwhales/final2025_resnet_20260423/multispecies_calltype_experiments/prep_runs/multispecies_prep_balanced100_availaudio_20260430T120219Z/ICLISTENHF6016_20251230T040000.000Z.flac,30.000000,40.000000,,,,,,,,,,,,,,,,,,,,,,,,,primary_adjacent_gap,primary_adjacent_gap,ONC
ICLISTENHF6016_20251230T040000.000Z_gap_0002_60.0s_70.0s,/project/6070467/merileo/data/finwhales/final2025_resnet_20260423/multispecies_calltype_experiments/prep_runs/multispecies_prep_balanced100_availaudio_20260430T120219Z/ICLISTENHF6016_20251230T040000.000Z.flac,,,,,,10.000000,onc_primary_adjacent_gap,candidate_primary_adjacent_gap,/project/6070467/merileo/data/finwhales/final2025_resnet_20260423/multispecies_calltype_experiments/prep_runs/multispecies_prep_balanced100_availaudio_20260430T120219Z/ICLISTENHF6016_20251230T040000.000Z.flac,,,,1,train,,,,,/project/6070467/merileo/data/finwhales/final2025_resnet_20260423/multispecies_calltype_experiments/prep_runs/multispecies_prep_balanced100_availaudio_20260430T120219Z/ICLISTENHF6016_20251230T040000.000Z.flac,/project/6070467/merileo/data/finwhales/final2025_resnet_20260423/multispecies_calltype_experiments/prep_runs/multispecies_prep_balanced100_availaudio_20260430T120219Z/ICLISTENHF6016_20251230T040000.000Z.flac,60.000000,70.000000,,,,,,,,,,,,,,,,,,,,,,,,,primary_adjacent_gap,primary_adjacent_gap,ONC
ICLISTENHF6016_20251230T050000.000Z_gap_0000_0.0s_10.0s,/project/6070467/merileo/data/finwhales/final2025_resnet_20260423/multispecies_calltype_experiments/prep_runs/multispecies_prep_balanced100_availaudio_20260430T120219Z/ICLISTENHF6016_20251230T050000.000Z.flac,,,,,,10.000000,onc_primary_adjacent_gap,candidate_primary_adjacent_gap,/project/6070467/merileo/data/finwhales/final2025_resnet_20260423/multispecies_calltype_experiments/prep_runs/multispecies_prep_balanced100_availaudio_20260430T120219Z/ICLISTENHF6016_20251230T050000.000Z.flac,,,,1,train,,,,,/project/6070467/merileo/data/finwhales/final2025_resnet_20260423/multispecies_calltype_experiments/prep_runs/multispecies_prep_balanced100_availaudio_20260430T120219Z/ICLISTENHF6016_20251230T050000.000Z.flac,/project/6070467/merileo/data/finwhales/final2025_resnet_20260423/multispecies_calltype_experiments/prep_runs/multispecies_prep_balanced100_availaudio_20260430T120219Z/ICLISTENHF6016_20251230T050000.000Z.flac,0.000000,10.000000,,,,,,,,,,,,,,,,,,,,,,,,,primary_adjacent_gap,primary_adjacent_gap,ONC
ICLISTENHF6016_20251230T050000.000Z_gap_0001_30.0s_40.0s,/project/6070467/merileo/data/finwhales/final2025_resnet_20260423/multispecies_calltype_experiments/prep_runs/multispecies_prep_balanced100_availaudio_20260430T120219Z/ICLISTENHF6016_20251230T050000.000Z.flac,,,,,,10.000000,onc_primary_adjacent_gap,candidate_primary_adjacent_gap,/project/6070467/merileo/data/finwhales/final2025_resnet_20260423/multispecies_calltype_experiments/prep_runs/multispecies_prep_balanced100_availaudio_20260430T120219Z/ICLISTENHF6016_20251230T050000.000Z.flac,,,,1,train,,,,,/project/6070467/merileo/data/finwhales/final2025_resnet_20260423/multispecies_calltype_experiments/prep_runs/multispecies_prep_balanced100_availaudio_20260430T120219Z/ICLISTENHF6016_20251230T050000.000Z.flac,/project/6070467/merileo/data/finwhales/final2025_resnet_20260423/multispecies_calltype_experiments/prep_runs/multispecies_prep_balanced100_availaudio_20260430T120219Z/ICLISTENHF6016_20251230T050000.000Z.flac,30.000000,40.000000,,,,,,,,,,,,,,,,,,,,,,,,,primary_adjacent_gap,primary_adjacent_gap,ONC
ICLISTENHF6016_20251230T050000.000Z_gap_0002_60.0s_70.0s,/project/6070467/merileo/data/finwhales/final2025_resnet_20260423/multispecies_calltype_experiments/prep_runs/multispecies_prep_balanced100_availaudio_20260430T120219Z/ICLISTENHF6016_20251230T050000.000Z.flac,,,,,,10.000000,onc_primary_adjacent_gap,candidate_primary_adjacent_gap,/project/6070467/merileo/data/finwhales/final2025_resnet_20260423/multispecies_calltype_experiments/prep_runs/multispecies_prep_balanced100_availaudio_20260430T120219Z/ICLISTENHF6016_20251230T050000.000Z.flac,,,,1,train,,,,,/project/6070467/merileo/data/finwhales/final2025_resnet_20260423/multispecies_calltype_experiments/prep_runs/multispecies_prep_balanced100_availaudio_20260430T120219Z/ICLISTENHF6016_20251230T050000.000Z.flac,/project/6070467/merileo/data/finwhales/final2025_resnet_20260423/multispecies_calltype_experiments/prep_runs/multispecies_prep_balanced100_availaudio_20260430T120219Z/ICLISTENHF6016_20251230T050000.000Z.flac,60.000000,70.000000,,,,,,,,,,,,,,,,,,,,,,,,,primary_adjacent_gap,primary_adjacent_gap,ONC
ICLISTENHF6016_20251230T090000.000Z_gap_0000_22.9s_32.9s,/project/6070467/merileo/data/finwhales/final2025_resnet_20260423/multispecies_calltype_experiments/prep_runs/multispecies_prep_balanced100_availaudio_20260430T120219Z/ICLISTENHF6016_20251230T090000.000Z.flac,,,,,,10.000000,onc_primary_adjacent_gap,candidate_primary_adjacent_gap,/project/6070467/merileo/data/finwhales/final2025_resnet_20260423/multispecies_calltype_experiments/prep_runs/multispecies_prep_balanced100_availaudio_20260430T120219Z/ICLISTENHF6016_20251230T090000.000Z.flac,,,,1,test,,,,,/project/6070467/merileo/data/finwhales/final2025_resnet_20260423/multispecies_calltype_experiments/prep_runs/multispecies_prep_balanced100_availaudio_20260430T120219Z/ICLISTENHF6016_20251230T090000.000Z.flac,/project/6070467/merileo/data/finwhales/final2025_resnet_20260423/multispecies_calltype_experiments/prep_runs/multispecies_prep_balanced100_availaudio_20260430T120219Z/ICLISTENHF6016_20251230T090000.000Z.flac,22.900000,32.900000,,,,,,,,,,,,,,,,,,,,,,,,,primary_adjacent_gap,primary_adjacent_gap,ONC
ICLISTENHF6016_20251230T090000.000Z_gap_0001_52.9s_62.9s,/project/6070467/merileo/data/finwhales/final2025_resnet_20260423/multispecies_calltype_experiments/prep_runs/multispecies_prep_balanced100_availaudio_20260430T120219Z/ICLISTENHF6016_20251230T090000.000Z.flac,,,,,,10.000000,onc_primary_adjacent_gap,candidate_primary_adjacent_gap,/project/6070467/merileo/data/finwhales/final2025_resnet_20260423/multispecies_calltype_experiments/prep_runs/multispecies_prep_balanced100_availaudio_20260430T120219Z/ICLISTENHF6016_20251230T090000.000Z.flac,,,,1,test,,,,,/project/6070467/merileo/data/finwhales/final2025_resnet_20260423/multispecies_calltype_experiments/prep_runs/multispecies_prep_balanced100_availaudio_20260430T120219Z/ICLISTENHF6016_20251230T090000.000Z.flac,/project/6070467/merileo/data/finwhales/final2025_resnet_20260423/multispecies_calltype_experiments/prep_runs/multispecies_prep_balanced100_availaudio_20260430T120219Z/ICLISTENHF6016_20251230T090000.000Z.flac,52.900000,62.900000,,,,,,,,,,,,,,,,,,,,,,,,,primary_adjacent_gap,primary_adjacent_gap,ONC
ICLISTENHF6016_20251230T090000.000Z_gap_0002_82.9s_92.9s,/project/6070467/merileo/data/finwhales/final2025_resnet_20260423/multispecies_calltype_experiments/prep_runs/multispecies_prep_balanced100_availaudio_20260430T120219Z/ICLISTENHF6016_20251230T090000.000Z.flac,,,,,,10.000000,onc_primary_adjacent_gap,candidate_primary_adjacent_gap,/project/6070467/merileo/data/finwhales/final2025_resnet_20260423/multispecies_calltype_experiments/prep_runs/multispecies_prep_balanced100_availaudio_20260430T120219Z/ICLISTENHF6016_20251230T090000.000Z.flac,,,,1,test,,,,,/project/6070467/merileo/data/finwhales/final2025_resnet_20260423/multispecies_calltype_experiments/prep_runs/multispecies_prep_balanced100_availaudio_20260430T120219Z/ICLISTENHF6016_20251230T090000.000Z.flac,/project/6070467/merileo/data/finwhales/final2025_resnet_20260423/multispecies_calltype_experiments/prep_runs/multispecies_prep_balanced100_availaudio_20260430T120219Z/ICLISTENHF6016_20251230T090000.000Z.flac,82.900000,92.900000,,,,,,,,,,,,,,,,,,,,,,,,,primary_adjacent_gap,primary_adjacent_gap,ONC
ICLISTENHF6016_20251230T110000.000Z_gap_0000_17.0s_27.0s,/project/6070467/merileo/data/finwhales/final2025_resnet_20260423/multispecies_calltype_experiments/prep_runs/multispecies_prep_balanced100_availaudio_20260430T120219Z/ICLISTENHF6016_20251230T110000.000Z.flac,,,,,,10.000000,onc_primary_adjacent_gap,candidate_primary_adjacent_gap,/project/6070467/merileo/data/finwhales/final2025_resnet_20260423/multispecies_calltype_experiments/prep_runs/multispecies_prep_balanced100_availaudio_20260430T120219Z/ICLISTENHF6016_20251230T110000.000Z.flac,,,,1,val,,,,,/project/6070467/merileo/data/finwhales/final2025_resnet_20260423/multispecies_calltype_experiments/prep_runs/multispecies_prep_balanced100_availaudio_20260430T120219Z/ICLISTENHF6016_20251230T110000.000Z.flac,/project/6070467/merileo/data/finwhales/final2025_resnet_20260423/multispecies_calltype_experiments/prep_runs/multispecies_prep_balanced100_availaudio_20260430T120219Z/ICLISTENHF6016_20251230T110000.000Z.flac,17.000000,27.000000,,,,,,,,,,,,,,,,,,,,,,,,,primary_adjacent_gap,primary_adjacent_gap,ONC
ICLISTENHF6016_20251230T110000.000Z_gap_0001_47.0s_57.0s,/project/6070467/merileo/data/finwhales/final2025_resnet_20260423/multispecies_calltype_experiments/prep_runs/multispecies_prep_balanced100_availaudio_20260430T120219Z/ICLISTENHF6016_20251230T110000.000Z.flac,,,,,,10.000000,onc_primary_adjacent_gap,candidate_primary_adjacent_gap,/project/6070467/merileo/data/finwhales/final2025_resnet_20260423/multispecies_calltype_experiments/prep_runs/multispecies_prep_balanced100_availaudio_20260430T120219Z/ICLISTENHF6016_20251230T110000.000Z.flac,,,,1,val,,,,,/project/6070467/merileo/data/finwhales/final2025_resnet_20260423/multispecies_calltype_experiments/prep_runs/multispecies_prep_balanced100_availaudio_20260430T120219Z/ICLISTENHF6016_20251230T110000.000Z.flac,/project/6070467/merileo/data/finwhales/final2025_resnet_20260423/multispecies_calltype_experiments/prep_runs/multispecies_prep_balanced100_availaudio_20260430T120219Z/ICLISTENHF6016_20251230T110000.000Z.flac,47.000000,57.000000,,,,,,,,,,,,,,,,,,,,,,,,,primary_adjacent_gap,primary_adjacent_gap,ONC
ICLISTENHF6016_20251230T110000.000Z_gap_0002_77.0s_87.0s,/project/6070467/merileo/data/finwhales/final2025_resnet_20260423/multispecies_calltype_experiments/prep_runs/multispecies_prep_balanced100_availaudio_20260430T120219Z/ICLISTENHF6016_20251230T110000.000Z.flac,,,,,,10.000000,onc_primary_adjacent_gap,candidate_primary_adjacent_gap,/project/6070467/merileo/data/finwhales/final2025_resnet_20260423/multispecies_calltype_experiments/prep_runs/multispecies_prep_balanced100_availaudio_20260430T120219Z/ICLISTENHF6016_20251230T110000.000Z.flac,,,,1,val,,,,,/project/6070467/merileo/data/finwhales/final2025_resnet_20260423/multispecies_calltype_experiments/prep_runs/multispecies_prep_balanced100_availaudio_20260430T120219Z/ICLISTENHF6016_20251230T110000.000Z.flac,/project/6070467/merileo/data/finwhales/final2025_resnet_20260423/multispecies_calltype_experiments/prep_runs/multispecies_prep_balanced100_availaudio_20260430T120219Z/ICLISTENHF6016_20251230T110000.000Z.flac,77.000000,87.000000,,,,,,,,,,,,,,,,,,,,,,,,,primary_adjacent_gap,primary_adjacent_gap,ONC
ICLISTENHF6016_20251230T120000.000Z_gap_0000_14.0s_24.0s,/project/6070467/merileo/data/finwhales/final2025_resnet_20260423/multispecies_calltype_experiments/prep_runs/multispecies_prep_balanced100_availaudio_20260430T120219Z/ICLISTENHF6016_20251230T120000.000Z.flac,,,,,,10.000000,onc_primary_adjacent_gap,candidate_primary_adjacent_gap,/project/6070467/merileo/data/finwhales/final2025_resnet_20260423/multispecies_calltype_experiments/prep_runs/multispecies_prep_balanced100_availaudio_20260430T120219Z/ICLISTENHF6016_20251230T120000.000Z.flac,,,,1,train,,,,,/project/6070467/merileo/data/finwhales/final2025_resnet_20260423/multispecies_calltype_experiments/prep_runs/multispecies_prep_balanced100_availaudio_20260430T120219Z/ICLISTENHF6016_20251230T120000.000Z.flac,/project/6070467/merileo/data/finwhales/final2025_resnet_20260423/multispecies_calltype_experiments/prep_runs/multispecies_prep_balanced100_availaudio_20260430T120219Z/ICLISTENHF6016_20251230T120000.000Z.flac,14.000000,24.000000,,,,,,,,,,,,,,,,,,,,,,,,,primary_adjacent_gap,primary_adjacent_gap,ONC
ICLISTENHF6016_20251230T120000.000Z_gap_0001_44.0s_54.0s,/project/6070467/merileo/data/finwhales/final2025_resnet_20260423/multispecies_calltype_experiments/prep_runs/multispecies_prep_balanced100_availaudio_20260430T120219Z/ICLISTENHF6016_20251230T120000.000Z.flac,,,,,,10.000000,onc_primary_adjacent_gap,candidate_primary_adjacent_gap,/project/6070467/merileo/data/finwhales/final2025_resnet_20260423/multispecies_calltype_experiments/prep_runs/multispecies_prep_balanced100_availaudio_20260430T120219Z/ICLISTENHF6016_20251230T120000.000Z.flac,,,,1,train,,,,,/project/6070467/merileo/data/finwhales/final2025_resnet_20260423/multispecies_calltype_experiments/prep_runs/multispecies_prep_balanced100_availaudio_20260430T120219Z/ICLISTENHF6016_20251230T120000.000Z.flac,/project/6070467/merileo/data/finwhales/final2025_resnet_20260423/multispecies_calltype_experiments/prep_runs/multispecies_prep_balanced100_availaudio_20260430T120219Z/ICLISTENHF6016_20251230T120000.000Z.flac,44.000000,54.000000,,,,,,,,,,,,,,,,,,,,,,,,,primary_adjacent_gap,primary_adjacent_gap,ONC
ICLISTENHF6016_20251230T120000.000Z_gap_0002_74.0s_84.0s,/project/6070467/merileo/data/finwhales/final2025_resnet_20260423/multispecies_calltype_experiments/prep_runs/multispecies_prep_balanced100_availaudio_20260430T120219Z/ICLISTENHF6016_20251230T120000.000Z.flac,,,,,,10.000000,onc_primary_adjacent_gap,candidate_primary_adjacent_gap,/project/6070467/merileo/data/finwhales/final2025_resnet_20260423/multispecies_calltype_experiments/prep_runs/multispecies_prep_balanced100_availaudio_20260430T120219Z/ICLISTENHF6016_20251230T120000.000Z.flac,,,,1,train,,,,,/project/6070467/merileo/data/finwhales/final2025_resnet_20260423/multispecies_calltype_experiments/prep_runs/multispecies_prep_balanced100_availaudio_20260430T120219Z/ICLISTENHF6016_20251230T120000.000Z.flac,/project/6070467/merileo/data/finwhales/final2025_resnet_20260423/multispecies_calltype_experiments/prep_runs/multispecies_prep_balanced100_availaudio_20260430T120219Z/ICLISTENHF6016_20251230T120000.000Z.flac,74.000000,84.000000,,,,,,,,,,,,,,,,,,,,,,,,,primary_adjacent_gap,primary_adjacent_gap,ONC
ICLISTENHF6016_20251230T170000.000Z_gap_0000_0.0s_10.0s,/project/6070467/merileo/data/finwhales/final2025_resnet_20260423/multispecies_calltype_experiments/prep_runs/multispecies_prep_balanced100_availaudio_20260430T120219Z/ICLISTENHF6016_20251230T170000.000Z.flac,,,,,,10.000000,onc_primary_adjacent_gap,candidate_primary_adjacent_gap,/project/6070467/merileo/data/finwhales/final2025_resnet_20260423/multispecies_calltype_experiments/prep_runs/multispecies_prep_balanced100_availaudio_20260430T120219Z/ICLISTENHF6016_20251230T170000.000Z.flac,,,,1,train,,,,,/project/6070467/merileo/data/finwhales/final2025_resnet_20260423/multispecies_calltype_experiments/prep_runs/multispecies_prep_balanced100_availaudio_20260430T120219Z/ICLISTENHF6016_20251230T170000.000Z.flac,/project/6070467/merileo/data/finwhales/final2025_resnet_20260423/multispecies_calltype_experiments/prep_runs/multispecies_prep_balanced100_availaudio_20260430T120219Z/ICLISTENHF6016_20251230T170000.000Z.flac,0.000000,10.000000,,,,,,,,,,,,,,,,,,,,,,,,,primary_adjacent_gap,primary_adjacent_gap,ONC
ICLISTENHF6016_20251230T170000.000Z_gap_0001_30.0s_40.0s,/project/6070467/merileo/data/finwhales/final2025_resnet_20260423/multispecies_calltype_experiments/prep_runs/multispecies_prep_balanced100_availaudio_20260430T120219Z/ICLISTENHF6016_20251230T170000.000Z.flac,,,,,,10.000000,onc_primary_adjacent_gap,candidate_primary_adjacent_gap,/project/6070467/merileo/data/finwhales/final2025_resnet_20260423/multispecies_calltype_experiments/prep_runs/multispecies_prep_balanced100_availaudio_20260430T120219Z/ICLISTENHF6016_20251230T170000.000Z.flac,,,,1,train,,,,,/project/6070467/merileo/data/finwhales/final2025_resnet_20260423/multispecies_calltype_experiments/prep_runs/multispecies_prep_balanced100_availaudio_20260430T120219Z/ICLISTENHF6016_20251230T170000.000Z.flac,/project/6070467/merileo/data/finwhales/final2025_resnet_20260423/multispecies_calltype_experiments/prep_runs/multispecies_prep_balanced100_availaudio_20260430T120219Z/ICLISTENHF6016_20251230T170000.000Z.flac,30.000000,40.000000,,,,,,,,,,,,,,,,,,,,,,,,,primary_adjacent_gap,primary_adjacent_gap,ONC
ICLISTENHF6016_20251230T170000.000Z_gap_0002_51.5s_61.5s,/project/6070467/merileo/data/finwhales/final2025_resnet_20260423/multispecies_calltype_experiments/prep_runs/multispecies_prep_balanced100_availaudio_20260430T120219Z/ICLISTENHF6016_20251230T170000.000Z.flac,,,,,,10.000000,onc_primary_adjacent_gap,candidate_primary_adjacent_gap,/project/6070467/merileo/data/finwhales/final2025_resnet_20260423/multispecies_calltype_experiments/prep_runs/multispecies_prep_balanced100_availaudio_20260430T120219Z/ICLISTENHF6016_20251230T170000.000Z.flac,,,,1,train,,,,,/project/6070467/merileo/data/finwhales/final2025_resnet_20260423/multispecies_calltype_experiments/prep_runs/multispecies_prep_balanced100_availaudio_20260430T120219Z/ICLISTENHF6016_20251230T170000.000Z.flac,/project/6070467/merileo/data/finwhales/final2025_resnet_20260423/multispecies_calltype_experiments/prep_runs/multispecies_prep_balanced100_availaudio_20260430T120219Z/ICLISTENHF6016_20251230T170000.000Z.flac,51.500000,61.500000,,,,,,,,,,,,,,,,,,,,,,,,,primary_adjacent_gap,primary_adjacent_gap,ONC
ICLISTENHF6016_20251230T220000.000Z_gap_0000_0.0s_10.0s,/project/6070467/merileo/data/finwhales/final2025_resnet_20260423/multispecies_calltype_experiments/prep_runs/multispecies_prep_balanced100_availaudio_20260430T120219Z/ICLISTENHF6016_20251230T220000.000Z.flac,,,,,,10.000000,onc_primary_adjacent_gap,candidate_primary_adjacent_gap,/project/6070467/merileo/data/finwhales/final2025_resnet_20260423/multispecies_calltype_experiments/prep_runs/multispecies_prep_balanced100_availaudio_20260430T120219Z/ICLISTENHF6016_20251230T220000.000Z.flac,,,,1,test,,,,,/project/6070467/merileo/data/finwhales/final2025_resnet_20260423/multispecies_calltype_experiments/prep_runs/multispecies_prep_balanced100_availaudio_20260430T120219Z/ICLISTENHF6016_20251230T220000.000Z.flac,/project/6070467/merileo/data/finwhales/final2025_resnet_20260423/multispecies_calltype_experiments/prep_runs/multispecies_prep_balanced100_availaudio_20260430T120219Z/ICLISTENHF6016_20251230T220000.000Z.flac,0.000000,10.000000,,,,,,,,,,,,,,,,,,,,,,,,,primary_adjacent_gap,primary_adjacent_gap,ONC
ICLISTENHF6016_20251230T220000.000Z_gap_0001_30.0s_40.0s,/project/6070467/merileo/data/finwhales/final2025_resnet_20260423/multispecies_calltype_experiments/prep_runs/multispecies_prep_balanced100_availaudio_20260430T120219Z/ICLISTENHF6016_20251230T220000.000Z.flac,,,,,,10.000000,onc_primary_adjacent_gap,candidate_primary_adjacent_gap,/project/6070467/merileo/data/finwhales/final2025_resnet_20260423/multispecies_calltype_experiments/prep_runs/multispecies_prep_balanced100_availaudio_20260430T120219Z/ICLISTENHF6016_20251230T220000.000Z.flac,,,,1,test,,,,,/project/6070467/merileo/data/finwhales/final2025_resnet_20260423/multispecies_calltype_experiments/prep_runs/multispecies_prep_balanced100_availaudio_20260430T120219Z/ICLISTENHF6016_20251230T220000.000Z.flac,/project/6070467/merileo/data/finwhales/final2025_resnet_20260423/multispecies_calltype_experiments/prep_runs/multispecies_prep_balanced100_availaudio_20260430T120219Z/ICLISTENHF6016_20251230T220000.000Z.flac,30.000000,40.000000,,,,,,,,,,,,,,,,,,,,,,,,,primary_adjacent_gap,primary_adjacent_gap,ONC
ICLISTENHF6016_20251230T220000.000Z_gap_0002_60.0s_70.0s,/project/6070467/merileo/data/finwhales/final2025_resnet_20260423/multispecies_calltype_experiments/prep_runs/multispecies_prep_balanced100_availaudio_20260430T120219Z/ICLISTENHF6016_20251230T220000.000Z.flac,,,,,,10.000000,onc_primary_adjacent_gap,candidate_primary_adjacent_gap,/project/6070467/merileo/data/finwhales/final2025_resnet_20260423/multispecies_calltype_experiments/prep_runs/multispecies_prep_balanced100_availaudio_20260430T120219Z/ICLISTENHF6016_20251230T220000.000Z.flac,,,,1,test,,,,,/project/6070467/merileo/data/finwhales/final2025_resnet_20260423/multispecies_calltype_experiments/prep_runs/multispecies_prep_balanced100_availaudio_20260430T120219Z/ICLISTENHF6016_20251230T220000.000Z.flac,/project/6070467/merileo/data/finwhales/final2025_resnet_20260423/multispecies_calltype_experiments/prep_runs/multispecies_prep_balanced100_availaudio_20260430T120219Z/ICLISTENHF6016_20251230T220000.000Z.flac,60.000000,70.000000,,,,,,,,,,,,,,,,,,,,,,,,,primary_adjacent_gap,primary_adjacent_gap,ONC
ICLISTENHF6016_20251230T230000.000Z_gap_0000_0.0s_10.0s,/project/6070467/merileo/data/finwhales/final2025_resnet_20260423/multispecies_calltype_experiments/prep_runs/multispecies_prep_balanced100_availaudio_20260430T120219Z/ICLISTENHF6016_20251230T230000.000Z.flac,,,,,,10.000000,onc_primary_adjacent_gap,candidate_primary_adjacent_gap,/project/6070467/merileo/data/finwhales/final2025_resnet_20260423/multispecies_calltype_experiments/prep_runs/multispecies_prep_balanced100_availaudio_20260430T120219Z/ICLISTENHF6016_20251230T230000.000Z.flac,,,,1,test,,,,,/project/6070467/merileo/data/finwhales/final2025_resnet_20260423/multispecies_calltype_experiments/prep_runs/multispecies_prep_balanced100_availaudio_20260430T120219Z/ICLISTENHF6016_20251230T230000.000Z.flac,/project/6070467/merileo/data/finwhales/final2025_resnet_20260423/multispecies_calltype_experiments/prep_runs/multispecies_prep_balanced100_availaudio_20260430T120219Z/ICLISTENHF6016_20251230T230000.000Z.flac,0.000000,10.000000,,,,,,,,,,,,,,,,,,,,,,,,,primary_adjacent_gap,primary_adjacent_gap,ONC
ICLISTENHF6016_20251230T230000.000Z_gap_0001_30.0s_40.0s,/project/6070467/merileo/data/finwhales/final2025_resnet_20260423/multispecies_calltype_experiments/prep_runs/multispecies_prep_balanced100_availaudio_20260430T120219Z/ICLISTENHF6016_20251230T230000.000Z.flac,,,,,,10.000000,onc_primary_adjacent_gap,candidate_primary_adjacent_gap,/project/6070467/merileo/data/finwhales/final2025_resnet_20260423/multispecies_calltype_experiments/prep_runs/multispecies_prep_balanced100_availaudio_20260430T120219Z/ICLISTENHF6016_20251230T230000.000Z.flac,,,,1,test,,,,,/project/6070467/merileo/data/finwhales/final2025_resnet_20260423/multispecies_calltype_experiments/prep_runs/multispecies_prep_balanced100_availaudio_20260430T120219Z/ICLISTENHF6016_20251230T230000.000Z.flac,/project/6070467/merileo/data/finwhales/final2025_resnet_20260423/multispecies_calltype_experiments/prep_runs/multispecies_prep_balanced100_availaudio_20260430T120219Z/ICLISTENHF6016_20251230T230000.000Z.flac,30.000000,40.000000,,,,,,,,,,,,,,,,,,,,,,,,,primary_adjacent_gap,primary_adjacent_gap,ONC
ICLISTENHF6016_20251230T230000.000Z_gap_0002_60.0s_70.0s,/project/6070467/merileo/data/finwhales/final2025_resnet_20260423/multispecies_calltype_experiments/prep_runs/multispecies_prep_balanced100_availaudio_20260430T120219Z/ICLISTENHF6016_20251230T230000.000Z.flac,,,,,,10.000000,onc_primary_adjacent_gap,candidate_primary_adjacent_gap,/project/6070467/merileo/data/finwhales/final2025_resnet_20260423/multispecies_calltype_experiments/prep_runs/multispecies_prep_balanced100_availaudio_20260430T120219Z/ICLISTENHF6016_20251230T230000.000Z.flac,,,,1,test,,,,,/project/6070467/merileo/data/finwhales/final2025_resnet_20260423/multispecies_calltype_experiments/prep_runs/multispecies_prep_balanced100_availaudio_20260430T120219Z/ICLISTENHF6016_20251230T230000.000Z.flac,/project/6070467/merileo/data/finwhales/final2025_resnet_20260423/multispecies_calltype_experiments/prep_runs/multispecies_prep_balanced100_availaudio_20260430T120219Z/ICLISTENHF6016_20251230T230000.000Z.flac,60.000000,70.000000,,,,,,,,,,,,,,,,,,,,,,,,,primary_adjacent_gap,primary_adjacent_gap,ONC
